cell_id,y_true,y_pred,y_pred_top_prob,prob_CT,prob_ET,prob_IT,prob_Lamp5,prob_Pvalb,prob_Sncg,prob_Sst,prob_Vip
20171204_sample_2,ET,ET,0.9670615298288185,0.016628686044561802,0.9670615298288185,0.0022682516212884926,9.80008902203012e-09,0.005386470780144044,2.8698839069879197e-10,0.008654942556598252,1.090815113133002e-07
20171204_sample_4,IT,IT,0.7818689955195876,0.21123103094983972,0.006898626952428113,0.7818689955195876,1.7980877375234545e-08,1.9542440583469615e-08,1.9729673480951255e-10,2.1560835915917e-07,1.0932491709477664e-06
20171204_sample_5,IT,ET,0.848958508134859,0.05863917068787583,0.848958508134859,0.09240221796169287,3.222335310266417e-14,8.169396300065436e-10,1.8704747189998988e-14,1.0227596801016584e-07,1.2261370960732502e-10
20171204_sample_6,ET,IT,0.43860510712984024,0.26345428526815934,0.2978780241267573,0.43860510712984024,1.3013281818702965e-08,1.0091029718900942e-05,1.0685290715852659e-15,5.214311110415403e-05,3.363211370451732e-07
20171207_sample_1,ET,ET,0.46441982714911106,0.4101322559419798,0.46441982714911106,0.1248342343668436,1.6748479794448766e-09,0.0003901230233930041,3.924170561426022e-11,0.000223466443061233,9.136152150126412e-08
20171207_sample_2,ET,ET,0.9265334631883873,0.06512895659288796,0.9265334631883873,0.008319828431255297,4.302209792526644e-12,1.367150157517049e-06,1.6210225084819449e-12,1.6383923508897978e-05,7.078798235491948e-10
20171207_sample_6,IT,CT,0.5956962704921308,0.5956962704921308,0.21995711582618857,0.18416443289192455,3.666082252111745e-08,0.00017099996118625686,1.6495047729678754e-10,1.1042245308428895e-05,1.0175748835258869e-07
20171207_sample_7,IT,IT,0.8047579310671763,0.18915743349476585,0.006084618114151961,0.8047579310671763,3.118466381926789e-11,1.592318771609034e-08,2.3245655308670304e-16,1.3094042095681114e-09,6.012901810746765e-11
20171219_sample_1,IT,IT,0.986912351173807,0.012981224089110056,0.00010641277794401408,0.986912351173807,1.7735852905228693e-10,5.5331166975952915e-09,1.7545402695986698e-15,4.85621917683635e-10,5.763040077553905e-09
20171219_sample_2,IT,IT,0.7537007407340115,0.1555956824826959,0.09070357533964302,0.7537007407340115,2.0418323005010368e-13,8.633236565128046e-10,7.561382447891513e-25,5.789067523006671e-10,1.2149827897705935e-12
20171219_sample_3,IT,IT,0.9903406565412761,0.006781688164489262,0.0028776396051346264,0.9903406565412761,8.589558367895026e-11,1.318264318609249e-08,1.0178288758733166e-15,1.1615441031257379e-09,1.2590161080068751e-09
20171219_sample_4,ET,ET,0.9994975865486926,0.0003533573097700936,0.9994975865486926,1.3539239784357973e-05,2.282050603183423e-12,4.923121489440728e-06,4.048241248912816e-13,0.0001305937705214691,7.055329280866735e-12
20171219_sample_6,ET,IT,0.43721478206396386,0.27221344147080756,0.2905238717154371,0.43721478206396386,7.096327891976321e-09,1.2260140671915947e-06,7.430614254518248e-10,4.6367892589851774e-05,3.0300374502792025e-07
20171219_sample_7,IT,IT,0.8728091420982821,0.12566602924579068,0.001524828655587232,0.8728091420982821,8.266688359925723e-15,3.245300562501176e-13,1.6100993470352432e-21,6.739978072951276e-15,5.446175152185256e-16
20171219_sample_8,ET,ET,0.9997876605727339,0.00019652828783048255,0.9997876605727339,2.3313338181502163e-06,1.2346523765369679e-15,1.9458148191812214e-08,2.947015877352611e-14,1.3460342973592043e-05,4.464941501967987e-12
20180102_sample_1,ET,ET,0.9130327899526366,0.050579327603709756,0.9130327899526366,0.03594993932329995,6.058480808544137e-08,0.0003929621318027714,1.0368099364102622e-11,4.487492861142284e-05,4.5464763210795694e-08
20180102_sample_2,IT,IT,0.7308456114502094,0.25314151083636194,0.016012867680844867,0.7308456114502094,7.098387060805171e-13,1.644985107219267e-10,2.7797736160749113e-22,9.368984318914649e-09,4.983912655661089e-10
20180102_sample_3,ET,IT,0.5452068779918313,0.13422596028205674,0.3205632145006623,0.5452068779918313,7.181230953366605e-10,1.5525697574770164e-06,3.9090627770167445e-18,2.3720532496045497e-06,2.188431948326727e-08
20180102_sample_4,ET,ET,0.5454907005023868,0.3394426987892116,0.5454907005023868,0.1149134287550258,1.2158975845062754e-08,5.8048687013460204e-05,1.3069638856740452e-10,9.441638778570396e-05,6.945889043995218e-07
20180102_sample_5,IT,IT,0.34273894293651563,0.25689774961731593,0.2898119915858203,0.34273894293651563,0.0006433047351196737,0.020648767945137377,1.6656952728884463e-08,0.06253664188604503,0.026722584637093295
20180103_sample_1,ET,CT,0.6848427409104729,0.6848427409104729,0.2236878683781964,0.04100858436999966,0.0002799850587257333,0.022809143545540533,8.682780152187827e-06,0.026820137829712334,0.000542857127200274
20180103_sample_2,ET,ET,0.9046707314610786,0.074692937162167,0.9046707314610786,0.02062424576769943,8.109855486956283e-12,1.4347178336272093e-06,1.0749591161237232e-12,1.0650717454540083e-05,1.645821124849057e-10
20180103_sample_3,ET,ET,0.9889562951469776,0.008260205983522234,0.9889562951469776,2.5898157122293175e-05,5.331978025750616e-12,9.616515501615909e-07,5.476053872098302e-11,0.0027566380097149403,9.910203002421137e-10
20180103_sample_5,IT,IT,0.8564415794910585,0.05831612348840008,0.08523932280803309,0.8564415794910585,1.1902314925225608e-08,2.230891312299031e-06,4.640498103317579e-12,7.257453783164726e-07,5.668862426043006e-09
20180103_sample_6,IT,IT,0.9818848520410322,0.015658273923915146,0.0024568739534017586,0.9818848520410322,1.2011841643500934e-13,2.350062431797465e-12,7.218514121181841e-17,7.578117145374304e-11,3.399342985650047e-12
20180103_sample_7,IT,CT,0.797166687101818,0.797166687101818,0.000607753296718806,0.20218437643699758,1.258368789953436e-07,2.5546894871779206e-08,1.5419129728716617e-14,4.573670510036488e-06,3.645811016630255e-05
20180103_sample_8,IT,IT,0.9098699404646663,0.08989811277423736,0.0002319467602076001,0.9098699404646663,1.6266384601290325e-13,6.318366714459847e-13,4.6140024796095735e-20,3.7761694386055444e-14,5.658055234114612e-14
20180104_sample_2,IT,IT,0.7731727504393191,0.2099090734745557,0.01691789031646116,0.7731727504393191,7.516981139067903e-10,2.818275497439855e-07,2.5530953749514253e-16,2.87222585752794e-09,3.18190058281412e-10
20180104_sample_3,IT,IT,0.8428961802579915,0.10207509769569326,0.0550287208944764,0.8428961802579915,1.6454774832388265e-15,8.82897030705929e-13,9.48889543127771e-16,1.1474452428988217e-09,3.5080361970348018e-12
20180104_sample_6,ET,ET,0.5418569280046256,0.15184969667537937,0.5418569280046256,0.27097618624384723,3.1092788668648814e-05,0.01885643198988164,2.870889999859625e-07,0.016243872129913413,0.00018550507868410248
20180105_sample_4,IT,IT,0.7350535683107814,0.26074762967202475,0.00419879064251524,0.7350535683107814,2.757023631885896e-10,3.975555369748209e-09,6.854503890603912e-15,5.635061446994616e-09,1.4883524737981083e-09
20180105_sample_5,IT,ET,0.7105057097655597,0.03462455001116111,0.7105057097655597,0.2544331949305467,3.9443343380875376e-07,0.00020489741108168006,2.8719327884885134e-09,0.00022719981321242443,4.050763071606306e-06
20180105_sample_6,IT,IT,0.983537007453488,0.016088851421680563,0.000374141102017595,0.983537007453488,1.650218554311444e-13,2.633559646149554e-12,1.442881456431532e-15,1.579972284201217e-11,4.214030014771868e-12
20180108_sample_1,IT,IT,0.9874917673201589,0.011541910061576068,0.0009663120115952545,0.9874917673201589,1.3859863591573623e-11,1.0396107057877953e-08,1.5906823506960178e-17,8.190909875847088e-11,1.1479371428744015e-10
20180108_sample_3,IT,IT,0.5299399118238853,0.06362357262510031,0.033341816880942475,0.5299399118238853,0.040163558276865706,0.011782197387955107,0.0003439371761720934,0.03358524990798728,0.2872197559210918
20180108_sample_4,ET,IT,0.401274215203166,0.30303557989072405,0.27176108617266487,0.401274215203166,0.0007482863111079572,0.017565796752057817,6.129517795128201e-07,0.0053821513690134526,0.00023227134948638597
20180108_sample_5,ET,ET,0.764743804565426,0.01543474027315594,0.764743804565426,0.2198190462175596,8.589765539764743e-11,2.144854565371696e-06,2.7118720825406958e-21,2.639504510618116e-07,5.294439889212292e-11
20180108_sample_7,IT,IT,0.8966249772023581,0.10037711890211631,0.0029978568987716957,0.8966249772023581,1.0315008140377681e-09,2.1086456944223722e-08,8.228477824592167e-14,1.2412042361691765e-08,1.2466671458783128e-08
20180108_sample_8,ET,ET,0.5914137304987317,0.1720665389720966,0.5914137304987317,0.2347244422409584,8.977821223558036e-08,0.0014107236995600323,1.9510163913164835e-11,0.00038261081217126294,1.863978759605864e-06
20180108_sample_9,IT,IT,0.9089823449424269,0.0847023031099073,0.006315350007528546,0.9089823449424269,8.172451865099737e-11,1.8111105763499562e-09,2.4116309283199566e-16,3.234983908551875e-11,1.4952114930412882e-11
20180108_sample_10,ET,ET,0.984215821074536,0.002107608634249647,0.984215821074536,4.549022243878914e-06,8.86151241223067e-09,0.00931861510576835,7.099861639879762e-12,0.00435339352670455,3.767885288362513e-09
20180109_sample_1,IT,IT,0.8982514834915599,0.08913095488513147,0.012616503544081703,0.8982514834915599,2.4294209924298743e-08,5.47307959737082e-07,1.7343689039356417e-12,2.267188876406295e-07,2.597564354142687e-07
20180109_sample_2,IT,IT,0.8390076494550641,0.1462181140557373,0.014770476302732418,0.8390076494550641,1.1217487180414535e-09,3.2631927959915264e-06,5.3823776696939655e-15,4.771371712133061e-07,1.873474494026618e-08
20180109_sample_5,IT,IT,0.9214976574178153,0.07380213454634085,0.004700204439932748,0.9214976574178153,1.8930226834745516e-11,2.644129566494038e-09,3.691257344144064e-16,6.776665064661143e-10,2.551842911727661e-10
20180110_sample_1,IT,IT,0.9889832229024684,0.01079421066726821,0.00022256625511432075,0.9889832229024684,4.724993462397806e-11,3.84799249895103e-11,3.893157224150386e-16,4.5501840997105694e-12,8.48685726470037e-11
20180110_sample_2,IT,IT,0.9361596387752845,0.05517677410863581,0.008663112056645548,0.9361596387752845,6.622307500364786e-08,2.0179657083462407e-07,5.267308441529223e-12,6.371596722996666e-08,1.433185537207393e-07
20180110_sample_3,IT,IT,0.7977008814281199,0.19896592573461716,0.0033331921589712598,0.7977008814281199,1.1768704743473575e-13,6.774650550067078e-10,2.905540176875234e-20,7.008136717512991e-13,8.235101510023301e-15
20180110_sample_4,IT,IT,0.8205684616593502,0.12496805510388226,0.05031332308016536,0.8205684616593502,0.00018771127727223237,0.00029189925296056057,4.282515732251374e-06,0.002441646083380988,0.001224621027256256
20180110_sample_5,IT,IT,0.9158853293632941,0.08081573501674383,0.0032989228906614965,0.9158853293632941,4.5763903711610386e-10,1.217237953502761e-08,4.5791500983349825e-16,7.499995712065596e-11,2.428154386992009e-11
20180110_sample_7,IT,IT,0.9576300091449578,0.03903361257912696,0.003336378162945797,0.9576300091449578,7.411875495511167e-13,3.0932068411982854e-12,4.094039570088646e-23,9.137090338104089e-11,1.776417426648731e-11
20180110_sample_8,ET,ET,0.9633463023295065,0.016591417437601223,0.9633463023295065,0.019145378291111785,1.1186701086413913e-06,0.0007685178669840504,1.3591059578870958e-09,0.00014623314093571463,1.0309046461008887e-06
20180111_sample_5,IT,IT,0.9521072518041067,0.04760499463417396,0.0002877525357520693,0.9521072518041067,4.153691601388405e-11,2.182008081967002e-10,3.33677787798764e-23,9.546164358002275e-11,6.707679306280733e-10
20180115_sample_2,IT,ET,0.6917696370551832,0.09628512128849857,0.6917696370551832,0.173627217494918,5.375758308380261e-05,0.015649482956449263,4.326468040476082e-06,0.021079166727798148,0.0015312904260284877
20180115_sample_5,IT,IT,0.9632142879731497,0.03229563693900366,0.00449002674590745,0.9632142879731497,4.375927780359979e-09,1.5498846981813987e-08,6.653960307928834e-14,1.914718851476276e-09,2.6552378930141563e-08
20180115_sample_7,IT,IT,0.85201608147411,0.13477414911452007,0.013209769291999823,0.85201608147411,6.247192005470024e-14,1.19222894342461e-10,1.7322178839383673e-21,8.449335453469294e-14,3.134004219270387e-16
20180115_sample_8,IT,IT,0.9835358235099342,0.013663715399408615,0.0028004451228330683,0.9835358235099342,3.1062992774148666e-09,1.267335841223202e-08,1.7622767661883118e-16,3.0363470115966856e-11,1.5780293864193433e-10
20180115_sample_9,IT,IT,0.9771783207934084,0.018713030661134493,0.004107177277978116,0.9771783207934084,9.524866977355522e-09,8.938652520762446e-07,6.958780324325744e-13,5.770321128056616e-08,5.101734529249467e-07
20180118_sample_1,IT,CT,0.5215599152946353,0.5215599152946353,0.002480425239409146,0.4759596555641464,1.615119112599272e-11,3.1795168098474508e-09,9.566480834733517e-25,6.79723369650422e-10,2.64179247622573e-11
20180118_sample_2,IT,IT,0.8725084626087989,0.1046639439922355,0.022827434618473728,0.8725084626087989,7.1836800075867895e-09,1.504608181852485e-07,1.6195221379300025e-15,9.32142210456168e-10,2.038499829004576e-10
20180118_sample_4,IT,IT,0.9190585494310087,0.0757615425157243,0.0051798833726123365,0.9190585494310087,9.181052952396117e-10,2.372633880103255e-08,1.2328589493119904e-17,2.825829530349957e-11,7.952401158380584e-12
20180118_sample_6,IT,IT,0.9017502860534786,0.06809331914318369,0.03015622354438922,0.9017502860534786,9.80976489702202e-10,3.555830278872166e-08,1.8938276216809108e-12,1.0633075454567801e-07,2.8387020795996437e-08
20180118_sample_7,ET,ET,0.9097862647667682,0.052146832069654626,0.9097862647667682,0.033278735102414074,6.954261411592908e-09,0.00469452600096426,3.5359689603442927e-12,9.362700653272338e-05,8.09586878884337e-09
20180118_sample_10,ET,ET,0.662586118454123,0.17010415028350542,0.662586118454123,0.16529266993110744,9.002257924982479e-08,0.0016491088408456859,3.2552970188387445e-10,0.0003672376172034025,6.245251060342383e-07
20180123_sample_1,ET,ET,0.8777196981781492,0.0408902980949012,0.8777196981781492,0.08138675260347662,4.112266847446823e-10,3.1909395100738276e-06,1.3458037572672681e-14,5.964105917800014e-08,1.3166353363437068e-10
20180123_sample_3,ET,ET,0.9665720045252734,0.01491265744634201,0.9665720045252734,0.012551394829381666,2.861354385196937e-09,0.005832891134565748,2.2508295918120992e-13,0.00013104578804992218,3.4148078282949237e-09
20180123_sample_5,ET,ET,0.7217837042317051,0.01910506344868245,0.7217837042317051,0.01009619200271042,2.5764481007386502e-05,0.15545906087640254,1.2107691035523234e-07,0.09348989598753439,4.0197895047242175e-05
20180123_sample_6,ET,ET,0.9595890941158376,0.02682793291000388,0.9595890941158376,0.013580496390489414,8.4399475146719e-12,2.421250188029929e-06,1.0676359799085058e-16,5.532376470938649e-08,1.2764281410664673e-12
20180123_sample_7,ET,ET,0.8255624184241341,0.02239402771290231,0.8255624184241341,0.005615286215169434,2.0975113987219618e-05,0.04064469569200289,2.787348182590169e-09,0.10565229476433448,0.0001102992901212855
20180208_sample_2,ET,ET,0.9801032434486295,0.008791422842494059,0.9801032434486295,0.008802127706808957,3.6513774527741343e-07,0.0022376468594517635,3.03902771970786e-11,6.512142941428504e-05,7.254506569283017e-08
20180208_sample_3,ET,ET,0.7806458382786279,0.1485925068299022,0.7806458382786279,0.0398469781796399,1.173271733438856e-07,0.020305784865446673,3.4921122536830306e-11,0.010607576259922494,1.198224366352693e-06
20180208_sample_4,IT,IT,0.8117504551952421,0.1848909429632585,0.00335860183368714,0.8117504551952421,2.066152136797411e-12,5.388171467723755e-12,2.7415331556055877e-18,3.040960859142234e-13,5.3774175922274286e-14
20180208_sample_5,IT,IT,0.7695566737295093,0.22111682469197474,0.0093264523921522,0.7695566737295093,1.661559636295794e-09,2.7229999762940717e-08,2.4885007077443744e-13,1.442993903982386e-08,5.864616503237683e-09
20180213_sample_3,ET,IT,0.5698361686802788,0.15081161733077572,0.279350687537204,0.5698361686802788,6.010094595193259e-10,6.17171433413205e-07,1.949195275233092e-18,9.064345539656982e-07,2.2447447401884692e-09
20180213_sample_5,Pvalb,Pvalb,0.9906409610975074,0.00022154614978500255,0.00047381574267803397,1.4079411399379481e-06,0.0006209607803929527,0.9906409610975074,6.999471369944105e-08,0.008040258925797003,9.793679859019483e-07
20180215_sample_1,Pvalb,Pvalb,0.9682285797567642,0.0003417938556054434,6.812870040715169e-05,3.5568082446915607e-06,0.0223443143202319,0.9682285797567642,7.123613938716434e-06,0.008603879498819925,0.0004026234459877367
20180220_sample_1,Sst,Pvalb,0.6429751067129824,0.0006207511844202065,0.0006321984991886061,1.0716009036996692e-05,0.008964434982493847,0.6429751067129824,0.00037710059525304537,0.3364052816337069,0.010014410382918015
20180220_sample_2,IT,CT,0.45828645845403504,0.45828645845403504,0.1945589595891109,0.34668587478727036,2.195827909141921e-07,2.9752838483977267e-05,6.299750068048421e-10,0.00043704513695911804,1.6889813745753292e-06
20180225_sample_1,IT,IT,0.9684517418100602,0.03087707366938031,0.0006710258489843806,0.9684517418100602,2.3542253507176075e-09,1.3889236130483295e-07,1.826026496501152e-14,3.5958026882024754e-09,1.3829167531675953e-08
20180225_sample_2,IT,IT,0.9273792140811675,0.07250290738923006,0.00011779857926206918,0.9273792140811675,3.803212798429669e-09,2.41132176629512e-10,5.637381948925129e-13,1.529270239218506e-08,6.061272925687629e-08
20180225_sample_3,IT,IT,0.9077743172953981,0.06463136129582141,0.027581296765573696,0.9077743172953981,3.416788274212145e-10,1.287474918273556e-05,7.667313587636978e-16,1.4893809804241085e-07,6.142465090025039e-10
20180225_sample_4,IT,IT,0.9884408884124685,0.010847897308019449,0.0007112142790707248,0.9884408884124685,8.578732888554995e-14,3.545231402507265e-13,1.7887715919288312e-22,1.7451803754180732e-16,7.671112162017677e-16
20180225_sample_5,ET,CT,0.8249782680621394,0.8249782680621394,0.14762223080964654,0.02617267841947195,1.1299948360398924e-06,0.0002563823118303719,4.946491779576643e-10,0.0009646332195861471,4.676687840382966e-06
20180225_sample_7,Pvalb,Pvalb,0.9972709351135033,2.914626072331997e-07,1.204881885762279e-05,2.6793359856682827e-09,0.0002258043415353449,0.9972709351135033,1.064078480818065e-07,0.002490586956379158,2.2421993325916387e-07
20180228_sample_3,IT,IT,0.8515436754139805,0.14671892622087027,0.0017010812147292753,0.8515436754139805,1.1728732946168638e-07,4.205089221528837e-08,2.0898324297074663e-10,7.158583147837794e-07,3.544174490032157e-05
20180306_sample_1,Pvalb,Pvalb,0.9850672788378618,1.3827797377274807e-05,2.1094829714791463e-05,1.0252502145714782e-07,0.01224309292072931,0.9850672788378618,6.545368229231883e-07,0.0026354565495931197,1.8492002879198844e-05
20180306_sample_2,IT,IT,0.9696122830388726,0.03020661464742322,0.00018109935555971396,0.9696122830388726,1.3743876702576459e-09,8.032589864136386e-10,5.212861048853788e-15,2.903601839644886e-11,7.514564978858842e-10
20180306_sample_3,IT,IT,0.6606149880527759,0.3354028330140979,0.003980399525193945,0.6606149880527759,3.2535405610212726e-08,8.971802917696307e-07,3.3187580934480926e-19,7.174280142764589e-07,1.3226422066996103e-07
20180306_sample_5,IT,IT,0.8744408040137941,0.12503856086086623,0.0005206118646855412,0.8744408040137941,4.724877300029514e-10,3.624537323731562e-10,1.585334259003361e-18,6.515727323956372e-09,1.5909985209132206e-08
20180309_sample_4,IT,IT,0.6810191025083974,0.2935832632982737,0.02518444673505452,0.6810191025083974,9.465381187150598e-07,4.2225303977375934e-05,2.3243742156525026e-10,0.00015845796004406302,1.1557423696970895e-05
20180309_sample_6,IT,ET,0.4607227735240506,0.18490304341357347,0.4607227735240506,0.3543539534733536,2.9942626869001913e-07,9.510559585899511e-06,1.3368536886741987e-10,9.889997908829497e-06,5.294715736519215e-07
20180309_sample_7,IT,IT,0.9422591295080722,0.05379278351947687,0.0033703512517404286,0.9422591295080722,2.2317562012992978e-07,1.1828384106548576e-06,2.3579214747842123e-09,3.627523796490302e-05,0.0005400521107931825
20180309_sample_8,IT,IT,0.6812340750269755,0.30476704327478826,0.013787128771771158,0.6812340750269755,7.876667576907308e-07,0.00014787406520210976,5.969261263888958e-11,5.7640860266320294e-05,5.450274546261445e-06
20180313_sample_2,ET,ET,0.9440745524932227,0.008885937123051286,0.9440745524932227,0.046827257486669716,1.3301039663005033e-08,6.313675852286976e-05,7.053610119068741e-11,0.00014906122866667433,4.153829101621069e-08
20180313_sample_3,ET,ET,0.5912617450125717,0.38569474138243126,0.5912617450125717,0.020620171212893026,2.3568483092402867e-07,0.001978431104125327,1.2163426746133172e-11,0.00044443137618877557,2.442147955295647e-07
20180313_sample_7,IT,IT,0.9417360156446217,0.055539714040102196,0.0027242314874369854,0.9417360156446217,2.499882997040231e-10,1.9282187318141847e-10,2.1924358443534545e-18,1.641986623027205e-08,2.1965162629638984e-08
20180313_sample_9,Pvalb,Pvalb,0.8780367380177326,8.260085156368553e-06,8.754827889709025e-05,4.883893114828991e-07,0.002155635801550595,0.8780367380177326,4.040310312209023e-09,0.11938724019109209,0.00032408519594942866
20180315_sample_1,ET,IT,0.7917410378054845,0.07890370572134951,0.1282059014619346,0.7917410378054845,5.0979117277712065e-05,0.0006103674223326281,3.432645539049207e-08,0.00045889168185637053,2.9082463309147588e-05
20180315_sample_5,IT,IT,0.9963239340232941,0.00362639076448355,4.967514547880866e-05,0.9963239340232941,1.4482365079042228e-12,2.475526086337605e-13,3.734418689332927e-24,9.39063816570279e-13,6.410866951609065e-11
20180315_sample_6,IT,IT,0.8408455419913895,0.15825581622491927,0.0008927538816038303,0.8408455419913895,8.37887779317887e-08,6.992804283061089e-07,1.9993704146999465e-11,1.0306909421898642e-06,4.074121945458699e-06
20180321_sample_2,IT,CT,0.5251398256077332,0.5251398256077332,0.08334701687509909,0.39148153261183327,1.306688824613306e-10,3.1162050783451145e-05,3.8078432022598307e-16,4.624385269403858e-07,2.8535475587586964e-10
20180321_sample_3,IT,IT,0.6687919758057914,0.2249127786316434,0.10628361961885271,0.6687919758057914,1.0438524247498857e-08,6.769205039954832e-07,8.525173914087521e-11,1.0867958897887787e-05,7.054053465004622e-08
20180321_sample_4,IT,IT,0.9323925606363554,0.0668825889924298,0.0007247278261292304,0.9323925606363554,6.594859274003612e-10,1.1459552853499335e-07,7.452283763292357e-15,3.1021597506475264e-09,4.187903674982266e-09
20180321_sample_8,ET,ET,0.9281656123194905,0.04346232572324618,0.9281656123194905,0.007219417860803859,2.4830232154768803e-07,0.01069186799107983,3.448358234289676e-15,0.010459003253565828,1.5245494889908237e-06
20180321_sample_9,ET,ET,0.6198106219319437,0.09011837975237931,0.6198106219319437,0.0017741163890071115,1.8208033069723964e-05,0.13477774444110027,1.005293402801541e-09,0.15344376808768873,5.716035951781218e-05
20180322_sample_1,IT,IT,0.9867270434530216,0.01325733530368296,1.562022606263706e-05,0.9867270434530216,3.5495715805324165e-12,1.361607563399974e-13,3.977341951273005e-15,1.0370831299990893e-10,9.098345797208427e-10
20180322_sample_2,IT,IT,0.9714512059366236,0.028365444525682574,0.00018333823473626023,0.9714512059366236,1.599351859514199e-10,9.804515979288749e-12,4.370920947525163e-19,8.299534823728508e-10,1.0303264342211349e-08
20180322_sample_3,IT,IT,0.5033144335670299,0.008480735941525422,0.488174826947721,0.5033144335670299,1.432254146516741e-09,2.9763662265016935e-05,3.1017931360910704e-15,2.3792560426974109e-07,5.235971979127431e-10
20180322_sample_4,IT,IT,0.7428083290211303,0.07254684490013327,0.1846438942669877,0.7428083290211303,6.588745672482352e-09,7.431802940986913e-07,3.14439430024493e-13,1.7272562533684348e-07,9.316769039159548e-09
20180322_sample_5,IT,IT,0.8267567383310378,0.04417908441634406,0.1290641367219127,0.8267567383310378,1.397580752078959e-11,3.659656804178945e-08,1.9708258668507904e-22,3.9136380990981076e-09,6.523477277312074e-12
20180322_sample_6,ET,ET,0.8101757841922631,0.019173029517148405,0.8101757841922631,0.052262612159519696,5.153050283818529e-06,0.10829514734780654,3.4174570048626497e-09,0.010044621559812141,4.364875570908821e-05
20180322_sample_7,ET,ET,0.8734764041430255,0.014888346011642864,0.8734764041430255,0.11130649704200751,1.0553564450068179e-08,0.0003039693298408978,7.726580096468006e-13,2.476308601159863e-05,9.833134582889742e-09
20180327_sample_1,Pvalb,Pvalb,0.9763445228564943,1.4950995452981148e-05,0.002186332624722362,6.43904854733807e-07,6.561399080916606e-06,0.9763445228564943,3.4954678308833395e-08,0.021446246523387565,7.067413289220586e-07
20180327_sample_2,Pvalb,Pvalb,0.9956186575541762,2.639895748551331e-07,0.004017262062258339,2.1277138088961834e-09,9.236320702158814e-09,0.9956186575541762,6.754113488774829e-11,0.00036380494367962556,1.8735076362315916e-11
20180327_sample_3,IT,IT,0.5617645012885154,0.1385232578383611,0.2996132455072504,0.5617645012885154,4.092756530723238e-07,8.088755380670351e-05,1.0017805192318848e-10,1.7065448796206185e-05,6.329874390555212e-07
20180327_sample_4,Pvalb,Pvalb,0.9985166566647878,7.523939454676038e-08,0.00019285044845738887,3.4506486441871544e-09,1.3100683887219985e-05,0.9985166566647878,2.754239641445875e-09,0.0012773035499625623,7.208622229449973e-09
20180327_sample_5,Pvalb,Pvalb,0.9987817643378285,1.9494715948214714e-08,0.00014983554057518964,2.3835357925379967e-11,4.181533094702661e-08,0.9987817643378285,7.529437154846742e-12,0.0010683386302179246,1.4996665291434995e-10
20180327_sample_6,IT,IT,0.9878023264213488,0.008652954686374661,0.0035447073892114203,0.9878023264213488,1.2459903518678719e-10,8.111485295868239e-10,6.568460107481298e-14,8.794415404899263e-09,1.772836462977977e-09
20180329_sample_1,IT,IT,0.9252992587894387,0.05870546977721094,0.01599481683725009,0.9252992587894387,3.430070714117744e-09,7.565059355846817e-08,1.847060576429125e-12,3.5904538898158167e-07,1.6468200069306737e-08
20180329_sample_2,IT,IT,0.6185004966350682,0.37025539630331444,0.010882088095189537,0.6185004966350682,9.015424480231764e-06,0.0002827642747514213,1.3772676844043045e-08,3.941779890903837e-05,3.080769561026146e-05
20180329_sample_3,IT,IT,0.5499848741111719,0.07497994240877356,0.3750138255632413,0.5499848741111719,3.441630686924652e-08,2.0439564655691662e-05,2.773258634449153e-12,8.576448246973851e-07,2.6288252662325354e-08
20180329_sample_4,ET,ET,0.9778429512056496,0.001956184515702428,0.9778429512056496,0.0020454813406403033,2.3457295837560273e-07,0.01536373292686529,4.675722774545502e-14,0.0027913207493827762,9.468875457767934e-08
20180329_sample_5,IT,IT,0.9821642716181596,0.017775154356190846,6.057299645198321e-05,0.9821642716181596,6.534863513220335e-12,9.909452738594759e-13,1.9521204868842007e-15,3.6629680121247636e-10,6.55373039689875e-10
20180329_sample_6,IT,IT,0.9616406391233664,0.027989202417584683,0.010370144282891344,0.9616406391233664,5.564861668436585e-11,1.3991450566376249e-08,9.414710431882786e-17,1.1299870456528463e-10,1.6059505886091378e-11
20180329_sample_8,IT,IT,0.8071892036716116,0.03277575262446615,0.16002357425303967,0.8071892036716116,3.38778215270456e-09,1.1427425422084761e-05,1.0842548217765622e-14,3.8122501059005314e-08,5.151664823771535e-10
20180403_sample_5,IT,IT,0.7999571137934618,0.1018051761398653,0.09823593649763515,0.7999571137934618,1.5881297173087237e-10,1.6947855881753395e-06,4.374605082709113e-15,7.805624227772801e-08,5.683899878415435e-10
20180403_sample_6,ET,ET,0.8147566030152108,0.007295055713889081,0.8147566030152108,0.001222850461037052,2.048881247199039e-06,0.104932597256926,9.6744372545983e-09,0.07178967497800819,1.1600192444738699e-06
20180403_sample_7,IT,IT,0.8799879843300942,0.10405143015362736,0.015960563186677188,0.8799879843300942,8.834661831610946e-12,3.338900900975919e-10,4.2818880927737576e-13,2.170129636087609e-08,2.8515185309729577e-10
20180404_sample_1,Pvalb,Pvalb,0.8662518357720093,5.4352678390902405e-06,4.981174863721386e-05,2.0678056009497593e-06,0.007440909211697825,0.8662518357720093,4.1685493192725325e-05,0.1254595729917817,0.0007486817092412325
20180404_sample_2,Pvalb,Pvalb,0.49391312203947246,0.015390795875468316,0.12614146588772046,0.01195389016187395,0.008592068203631854,0.49391312203947246,0.0007040816670286603,0.3158851996994347,0.027419376465369585
20180404_sample_3,IT,IT,0.9951853022420182,0.0047979497735880635,1.6747879530303285e-05,0.9951853022420182,3.002372246622596e-11,1.1816592498974399e-13,5.2530752393592605e-17,4.552132551202809e-14,7.467599666801068e-11
20180404_sample_4,Pvalb,Pvalb,0.6483222504606032,2.9066703284768644e-05,0.00010415062493893178,4.1364825605617155e-07,0.01160924532376988,0.6483222504606032,9.969842498379674e-05,0.3382000161628811,0.0016351586512823436
20180404_sample_5,Pvalb,Pvalb,0.8851982018773784,0.006693549669869186,0.034993583817799795,0.00014360403281909177,4.089118606474566e-05,0.8851982018773784,4.771919423276348e-08,0.07291422870219387,1.5892994680868934e-05
20180404_sample_7,IT,IT,0.8690596795865034,0.1292080896973041,0.001034209955664863,0.8690596795865034,5.34303059871342e-06,2.410933123294278e-07,2.834582091836856e-12,1.1952480398590188e-05,0.0006804841533835166
20180405_sample_1,ET,IT,0.5403584153935094,0.39172571948444224,0.0678875216011611,0.5403584153935094,3.6501462180658627e-09,8.668813012278004e-08,2.0769877645761315e-10,2.773485914184817e-05,5.181157703232386e-07
20180405_sample_2,IT,IT,0.8863623875269377,0.08479798764101461,0.028838423226289947,0.8863623875269377,1.6332119376390112e-09,9.539993459232625e-07,7.826269563463333e-14,2.345718789865597e-07,1.1401242572788579e-08
20180405_sample_3,IT,IT,0.9911350619246636,0.0073516870457242655,0.001513202184424337,0.9911350619246636,2.0250796233857025e-09,5.9571717478574725e-09,1.828365062335252e-12,1.8464034338223624e-08,2.239707348416543e-08
20180410_sample_1,Pvalb,Pvalb,0.9978037177336875,1.8526033064905717e-07,4.000944597704982e-05,1.0060434996844429e-09,4.9961382649204626e-08,0.9978037177336875,2.0745609715618386e-11,0.002156035171396035,1.4004368245092288e-09
20180410_sample_3,IT,IT,0.723126505189763,0.21230084937914917,0.06455927496454812,0.723126505189763,6.179368078121521e-08,2.131551992554089e-06,1.5415236805092143e-12,1.0550385176322926e-05,6.267341487012036e-07
20180410_sample_4,IT,IT,0.9771402810547732,0.022833666749582412,2.605219471910295e-05,0.9771402810547732,1.054157655604595e-13,1.0171789593472443e-15,1.5568247578872691e-18,4.781358577809357e-15,8.138314953738436e-13
20180410_sample_5,IT,IT,0.9717818413089852,0.026804374218661595,0.0014137844723291712,0.9717818413089852,1.4548747066516385e-15,2.11570967452823e-14,7.36952218572082e-22,8.197300971558097e-16,6.940796422475923e-16
20180410_sample_6,IT,IT,0.8446614916947106,0.15452774676589684,0.000809308430448557,0.8446614916947106,1.2253639508237606e-08,7.961668164183871e-08,5.078761762620652e-12,2.402100915392642e-07,1.1210234526192248e-06
20180410_sample_9,Pvalb,Pvalb,0.999851917524081,6.985177560819509e-09,1.3913434938250235e-05,8.900236972733829e-11,8.51720892480936e-08,0.999851917524081,1.0432908798568905e-11,0.00013407675554428917,2.8734182328981434e-11
20180411_sample_1,IT,IT,0.9967139961214102,0.003279500538915001,6.501509430002071e-06,0.9967139961214102,1.050664517062627e-11,1.2717786721418897e-13,6.820941323488973e-22,1.6172060407597228e-12,1.817993713063968e-09
20180411_sample_3,IT,IT,0.9535177458979125,0.042690296506792964,0.003791957584234795,0.9535177458979125,2.374434093694624e-16,1.5691779619830482e-14,1.5603617805039683e-17,1.0953500829346245e-11,9.029752532711185e-14
20180411_sample_4,Pvalb,Pvalb,0.9251255552139154,1.9031842551505342e-05,0.019284269071920556,1.6874294704401377e-05,0.0002250317662602598,0.9251255552139154,1.629162126402854e-05,0.05505627609421616,0.00025667009516777147
20180411_sample_5,Pvalb,Pvalb,0.9908161984679025,1.4136647089783791e-05,0.0012679248324505748,1.5372263022861418e-07,6.221421908472246e-06,0.9908161984679025,4.155672216182612e-09,0.007895316081682542,4.467066386595258e-08
20180412_sample_1,IT,IT,0.7911062077065655,0.20571312797875077,0.00318066408424795,0.7911062077065655,2.2660174630528756e-10,1.85598019147634e-12,2.1571220350355215e-15,1.889756913438099e-13,1.7868071573568504e-12
20180412_sample_2,Pvalb,Pvalb,0.9988974552744321,5.8907568838140565e-08,0.00016890976490681648,5.080071572379676e-10,4.201464000861958e-06,0.9988974552744321,3.3369254105628385e-10,0.00092936875232391,4.995067968265992e-09
20180412_sample_3,IT,IT,0.9154011058073213,0.08334343069185816,0.0012548871278643529,0.9154011058073213,4.975600331296464e-09,4.470878686619164e-07,5.935931035842411e-14,6.055938180970562e-08,6.375004610266111e-08
20180412_sample_4,IT,IT,0.9836910568142795,0.01622064073085894,8.830224811524063e-05,0.9836910568142795,1.5084948911257479e-12,5.4128009765851926e-12,6.714373232773217e-17,1.678546184081005e-11,1.830395733557787e-10
20180412_sample_7,IT,IT,0.9646954038209645,0.0332308280895676,0.0020737414505944463,0.9646954038209645,2.6051963505777887e-08,4.905603962810199e-10,1.1886240256589468e-15,2.687336729913942e-12,9.36607551595061e-11
20180413_sample_2,Pvalb,Pvalb,0.9181545508765333,8.69989466166049e-08,3.696741484756431e-05,2.586850982866074e-10,3.737385936104733e-05,0.9181545508765333,1.3653496437017325e-07,0.08177053000736528,3.5404929685779033e-07
20180413_sample_3,Pvalb,Pvalb,0.9927646992389368,2.3457285858235588e-07,0.00026019659913943715,1.4051835426636772e-09,1.8690824514318043e-06,0.9927646992389368,1.2912677847189641e-09,0.006972992522853708,5.287308678077217e-09
20180413_sample_4,IT,IT,0.9011926000890743,0.09754712467313185,0.00125290838965785,0.9011926000890743,3.967658170406826e-08,4.1678673490372614e-09,4.742013113337399e-10,2.54934653581303e-06,4.773182949881731e-06
20180417_sample_1,Vip,Vip,0.8194915391528523,3.450085236199939e-07,2.228755277048654e-08,6.455794348240981e-07,0.025810339896588663,1.333386119407359e-05,0.15153097144787384,0.003152802765979725,0.8194915391528523
20180417_sample_2,Pvalb,Pvalb,0.9869568616927542,2.5105790656174793e-06,0.0027256189484999634,6.393112090376448e-08,1.5664608072748984e-06,0.9869568616927542,2.0506977540194437e-08,0.010313336161884084,2.1718890488092256e-08
20180417_sample_3,IT,IT,0.897624766816467,0.1012978569511373,0.0010719304093317768,0.897624766816467,5.1366483067502236e-08,8.103643583556734e-07,6.865295207247504e-12,7.550611484835216e-07,3.8290242088255715e-06
20180417_sample_4,Pvalb,Pvalb,0.9632421530855516,1.2591349929803858e-05,0.00023006970024653915,2.2769176165433706e-07,0.0001372388958845004,0.9632421530855516,3.345864971096963e-08,0.03637594799734385,1.7378206323913563e-06
20180417_sample_5,IT,IT,0.925244720454461,0.05739157183198595,0.017188714689982162,0.925244720454461,1.0631455452655276e-05,1.674261560358677e-05,5.6273324398746465e-08,7.389410365102583e-05,7.366857553945481e-05
20180417_sample_6,IT,IT,0.6442154638163202,0.35011863327024534,0.0015031314777235207,0.6442154638163202,0.00016697523601373433,9.04812560501985e-07,3.5691379942239956e-06,5.1115661856500305e-05,0.0039402065872858535
20180417_sample_7,Pvalb,Pvalb,0.9923621996339579,4.95558786743131e-07,6.31011741763175e-05,1.5568859444520537e-09,0.00014895245502453798,0.9923621996339579,7.374155544539886e-08,0.0074245542140586335,6.216655545946849e-07
20180417_sample_8,Sst,Vip,0.46129571477622444,8.047787977931517e-06,4.516151101605886e-06,4.710779978274028e-07,0.04474916844668413,0.0057016549138490325,0.03678884883009914,0.45145157801606584,0.46129571477622444
20180417_sample_9,IT,IT,0.9761186457172476,0.02149888645186942,0.002382467726484279,0.9761186457172476,8.790291766938111e-14,9.681621904898714e-11,2.1129579717764325e-19,7.0057250686462685e-12,4.887663297550866e-13
20180418_sample_1,Pvalb,Pvalb,0.8550045087493602,1.1370766156819153e-05,0.00013476627074741042,1.2760853451509738e-07,0.0020533699347997426,0.8550045087493602,8.78142604740821e-05,0.1414942129620384,0.0012138294478889358
20180418_sample_2,Pvalb,Pvalb,0.899079374325955,2.3613700541766594e-05,0.00014621288547198393,1.358913569307537e-06,0.03133624583301987,0.899079374325955,4.371765655787341e-05,0.0688096198359383,0.0005598568489460843
20180418_sample_3,Pvalb,Pvalb,0.9708749831853282,5.465284000705536e-06,0.0003774235198634739,2.2553263883591336e-07,0.00013352656011983617,0.9708749831853282,3.047211565774018e-09,0.02860301342261488,5.3594482225234195e-06
20180418_sample_5,IT,IT,0.6330257423306738,0.0926492033564576,0.27426991786769145,0.6330257423306738,2.373903027747142e-07,1.1604977406561603e-05,6.413934980364997e-15,4.229009675547953e-05,1.0039807058630135e-06
20180418_sample_6,IT,IT,0.9933763200113044,0.006404943955961564,0.00021873064233566007,0.9933763200113044,2.486224771407525e-09,2.6862686868917514e-11,3.13248268718196e-13,1.392515699787424e-11,2.863072391172832e-09
20180420_sample_3,IT,CT,0.8447542402179219,0.8447542402179219,0.011814446816159521,0.14230063455011804,9.107071858051186e-08,0.0010552431196934526,1.6906162500481184e-12,7.436097773658598e-05,9.832459613361018e-07
20180420_sample_4,IT,CT,0.9561895074004175,0.9561895074004175,0.00011705481206762221,0.04368097492820639,3.1316691652250723e-07,1.5605474948974153e-07,1.6423794817081768e-10,3.6638031270789053e-06,8.32967027737012e-06
20180424_sample_1,IT,IT,0.8410305129965608,0.14994161451922253,0.009008760326474257,0.8410305129965608,3.701358426449214e-08,1.436755289477557e-05,8.282469554850926e-12,3.3445837170588644e-06,1.3629992636251924e-06
20180424_sample_2,IT,IT,0.9230843568703958,0.06626222406085332,0.010652938518895115,0.9230843568703958,2.3586698166227954e-08,2.0925795890665908e-07,8.368860879358252e-20,2.0843973800079124e-07,3.926546069685407e-08
20180424_sample_3,IT,IT,0.9653940878797087,0.03440446385996251,0.00020144755520978608,0.9653940878797087,7.379919038290859e-12,7.77071247381264e-12,2.896688805344389e-22,1.8901470643985894e-10,5.009537366265113e-10
20180424_sample_6,IT,IT,0.9664268943912316,0.03299444495576084,0.0005784983719474904,0.9664268943912316,3.221551660709114e-09,3.615416969486936e-10,7.088837123534749e-17,2.1274008006875242e-08,1.374239586311971e-07
20180425_sample_2,IT,IT,0.8941002688376293,0.10459557115353785,0.0013041414464675116,0.8941002688376293,3.03428679147169e-11,4.8230714746710936e-09,1.172839974161784e-15,9.626351412740296e-09,4.082598465497373e-09
20180425_sample_3,Pvalb,Sst,0.6016083044030738,0.0021011570544929945,0.0020359848841260274,8.86626312053355e-07,0.00014120489037899826,0.394036979232789,9.613270850611382e-08,0.6016083044030738,7.53867761185903e-05
20180425_sample_4,IT,IT,0.8335498027485552,0.16391622737073588,0.0025339523532705863,0.8335498027485552,2.2794998544071005e-10,2.4220108385290504e-09,2.4310292007093204e-20,1.1953925423049977e-08,2.9235520739617805e-09
20180425_sample_5,Sncg,Vip,0.7933603087727538,6.075313107697191e-08,5.0153299595201746e-08,1.7163966508806736e-08,0.009503914070992662,0.00012818945766605307,0.1234278060771092,0.07357965355108106,0.7933603087727538
20180425_sample_7,Pvalb,Pvalb,0.9817313434875027,4.689799790059008e-05,4.424401159417083e-05,6.740200289546657e-07,0.0029615572484921857,0.9817313434875027,1.0042533217706296e-07,0.015152667633868796,6.25151752804943e-05
20180425_sample_8,Vip,Vip,0.865506403197552,1.0275407724572851e-08,1.0080458634149366e-08,5.921985484246574e-09,0.00333497055033639,1.0340211455713903e-05,0.11052587366537373,0.02062238609743027,0.865506403197552
20180425_sample_9,IT,IT,0.6993542583892745,0.27741242870518656,0.020986684667958333,0.6993542583892745,0.00020313566276612175,0.0006185643101726851,9.145406509238673e-07,0.0004711709121562289,0.0009528428118344973
20180426_sample_1,ET,CT,0.6855881902832477,0.6855881902832477,0.09349938025013714,0.18356590030631315,0.0005453855804166978,0.024917120108699318,2.3590505487141788e-05,0.010928835966848457,0.0009315969988504476
20180426_sample_3,IT,IT,0.9853978711171664,0.01445140151068326,0.00015072737129009288,0.9853978711171664,4.911270423194713e-13,1.3818067457698982e-13,3.210601002791576e-19,8.790545713184462e-15,2.2213437414860833e-13
20180426_sample_4,IT,IT,0.9914039755962819,0.006692714549623137,0.0019033086297156952,0.9914039755962819,5.506587047510558e-12,5.174663611720183e-11,9.639874209494636e-15,1.0066565128219997e-09,1.6046021851806703e-10
20180426_sample_5,Pvalb,Pvalb,0.9543098317698832,0.0004227626566434526,0.001161584604748165,6.0462441364725405e-05,0.00045596585032477556,0.9543098317698832,9.562634822992046e-07,0.04308920472095508,0.0004992316925984266
20180426_sample_7,IT,IT,0.9679357911242866,0.029969702553372137,0.0020943661673571267,0.9679357911242866,7.369475651820034e-10,1.3296758933296748e-07,2.230952124942059e-15,3.0831801746624265e-09,3.3672647507118845e-09
20180426_sample_9,Pvalb,Pvalb,0.815951922885326,0.002250672853310485,0.00337158666616087,0.00029695067619647466,0.023331655144560114,0.815951922885326,9.835511205596546e-05,0.1388904853964112,0.01580837126597895
20180501_sample_2,IT,IT,0.7635636073772798,0.23592873455441654,0.0005072136549471177,0.7635636073772798,7.98870729176009e-10,2.333094376396345e-08,1.8231541380558434e-13,1.4338062703121608e-07,2.7690273274457945e-07
20180501_sample_3,IT,IT,0.9769400082914003,0.01554671840757811,0.007513212015753297,0.9769400082914003,2.525678018057715e-10,7.041514756505729e-09,7.981740345148994e-14,5.0534576405572576e-08,3.4565296689290698e-09
20180501_sample_4,IT,IT,0.9568218215239083,0.03811694483826198,0.00506111199160343,0.9568218215239083,4.669311430234527e-10,9.766757826435813e-08,7.717875171139811e-15,1.7150303118810303e-08,6.361406116931703e-09
20180501_sample_5,IT,IT,0.6993705472414763,0.28409721776390523,0.01613433501651759,0.6993705472414763,8.721952608925663e-06,9.768473121250063e-05,7.613405645116238e-08,0.0001597217110124486,0.00013169544921053406
20180501_sample_8,Lamp5,Lamp5,0.9357799488282901,1.3108399406960556e-05,1.3952702856316148e-06,5.549181301744779e-06,0.9357799488282901,0.005885133335621071,0.00891990340458543,0.001563784272433444,0.047831177308075554
20180502_sample_3,IT,IT,0.9424951185064655,0.0429612645563381,0.014543610555356789,0.9424951185064655,1.1459719805792826e-11,8.520169265049951e-11,4.679723367525978e-21,5.889364337118458e-09,3.9581382984594154e-10
20180502_sample_4,IT,IT,0.9176763992910656,0.08146730304130094,0.0008561600928848237,0.9176763992910656,1.9958572175602787e-08,3.3129428077952665e-09,5.7885667114515764e-12,6.720137726741443e-09,1.0757730728137615e-07
20180508_sample_1,Pvalb,Pvalb,0.942474640553361,4.356405869993176e-06,0.00013643812826589604,1.3441184871217686e-07,0.0007056624305666082,0.942474640553361,2.668225476720422e-07,0.056619240733399884,5.926051414031443e-05
20180508_sample_2,IT,CT,0.8011420384115532,0.8011420384115532,0.017621149800084248,0.157348602884262,0.0012751956747542015,0.0067603364194294985,6.457037665037187e-07,0.010206274327383065,0.005645756778767359
20180508_sample_3,IT,IT,0.9240032459388452,0.07477601734022588,0.001220735851329205,0.9240032459388452,3.267227357895215e-11,3.544210568984962e-11,4.885976342442275e-15,1.374878527844742e-10,6.639925023422828e-10
20180508_sample_4,IT,IT,0.6046507513480791,0.39458053239022234,0.0007685298249313194,0.6046507513480791,3.990655140008086e-09,6.01948282335133e-08,2.828860786945494e-12,6.351023721530164e-08,5.873821780337742e-08
20180509_sample_2,IT,IT,0.9845519662534303,0.01528221603737783,0.00016580855389171684,0.9845519662534303,6.280257148878701e-10,1.0947602703828686e-10,9.137309190383343e-14,6.443783883232789e-11,8.353269290876833e-09
20180509_sample_3,IT,IT,0.9375689230069537,0.06084116819404929,0.0015899035123144716,0.9375689230069537,1.2516930426626047e-10,1.8294464009490454e-09,1.1358324527494833e-15,3.6624100473910527e-10,2.9658247036338494e-09
20180509_sample_4,IT,IT,0.6217771898522716,0.31176641509903813,0.0664432806200747,0.6217771898522716,1.1644917149820364e-07,9.117129156961025e-06,3.4500758475255337e-11,3.126090123695371e-06,7.54725662675798e-07
20180509_sample_5,IT,IT,0.9716870414240109,0.0234334001617553,0.004879545602012616,0.9716870414240109,7.044185554464633e-10,1.1141059585622798e-08,3.4156176610559317e-14,2.4171110538539585e-10,7.24997808140465e-10
20180509_sample_7,IT,IT,0.9163217261007645,0.06787920944397041,0.0157990604409302,0.9163217261007645,5.36530618211883e-11,2.324596868082129e-09,1.706417592414015e-21,1.5878958398963373e-09,4.8189104209539096e-11
20180509_sample_9,IT,IT,0.888233323645258,0.11143514621784882,0.00033152457878169453,0.888233323645258,1.4468853789042696e-11,1.5317249267407032e-10,9.122830641025764e-15,1.860876235793679e-09,3.5295850316014142e-09
20180510_sample_2,Pvalb,Pvalb,0.9946261361815282,1.038461511403806e-06,0.003384785657313614,2.484583897438138e-08,6.2401796348489e-08,0.9946261361815282,1.1455309475899013e-12,0.001987951648233851,8.026320950795205e-10
20180510_sample_3,IT,IT,0.9115392284525629,0.08725297875948328,0.0011970524795937823,0.9115392284525629,5.088009075034577e-07,1.8142895991549517e-07,3.0958189556019115e-11,2.0984052641453967e-06,7.951642270195574e-06
20180510_sample_4,IT,IT,0.9337937106822339,0.06583662385536926,0.0003696654605648898,0.9337937106822339,8.706280138755745e-14,9.331432818328163e-13,3.40835081572171e-19,5.079406792017252e-13,3.036408191278392e-13
20180510_sample_5,IT,IT,0.7334165108197371,0.164978928001823,0.1016041015003532,0.7334165108197371,2.62010059466473e-09,3.5957223398275344e-07,6.88688262409642e-13,8.69111178968596e-08,1.0573945414399764e-08
20180510_sample_9,IT,IT,0.9534304528609074,0.03835656571248934,0.008212971443332596,0.9534304528609074,6.030168293638858e-11,4.6209349539741914e-10,1.0395401393627566e-19,8.459607218423028e-09,1.0012683434301807e-09
20180515_sample_1,Pvalb,Pvalb,0.9965883544992279,1.688762034731255e-05,5.53123421224851e-05,4.2669568122074396e-07,2.5304935487242907e-05,0.9965883544992279,1.426757188914626e-13,0.0033130767964235333,6.371105676341777e-07
20180515_sample_6,Pvalb,Pvalb,0.49642714447423153,0.03949218566763154,0.0032221579184030505,0.00443451351036812,0.0028860207879884284,0.49642714447423153,1.2982420130454685e-06,0.4503421593414453,0.0031945200579189003
20180522_sample_1,IT,IT,0.9768314465223856,0.02301619332124957,0.0001522333837220137,0.9768314465223856,4.620188962214758e-09,2.0760232686741602e-10,4.772284779232268e-11,3.5684891840952435e-08,8.621223657526965e-08
20180522_sample_2,IT,IT,0.9324467754211248,0.0666870456621987,0.0008660823729747541,0.9324467754211248,6.934531142770738e-09,7.962023282252438e-09,3.448193666775563e-17,2.8554387373464198e-08,5.309275992990569e-08
20180522_sample_3,IT,IT,0.9769977320117247,0.020621777595439414,0.0023803115218811893,0.9769977320117247,1.8070946936424242e-11,1.777611833484106e-07,6.442499588942598e-18,9.636777773258096e-10,1.2802287927117842e-10
20180522_sample_4,IT,IT,0.9622589011995576,0.036783691566704226,0.0009574038850015895,0.9622589011995576,7.152711015165508e-11,7.24820648430649e-11,5.70077108005712e-14,2.5423076182647867e-09,6.623627805208288e-10
20180522_sample_5,Pvalb,Pvalb,0.9975474247084428,8.543503920345497e-05,0.0005553651103306911,4.410729561476158e-07,0.0005795010063047581,0.9975474247084428,3.138127761097128e-08,0.001231667789923731,1.3389156070902135e-07
20180522_sample_6,ET,IT,0.5070520331667827,0.3318440340820554,0.14807331374620034,0.5070520331667827,0.0023214905239528965,0.0010234568783853701,4.0882641592467074e-05,0.004215927420338704,0.005428861540692233
20180522_sample_7,IT,IT,0.7732950921740959,0.22493581209022376,0.0017689899588497725,0.7732950921740959,1.0809684979859855e-08,1.0670693690646511e-08,1.0139786533934684e-16,4.6187071434407016e-08,3.810938041606621e-08
20180524_sample_8,IT,IT,0.8904252613846919,0.10243575891160875,0.007138911976764585,0.8904252613846919,2.296425713622683e-11,8.245850908085135e-11,5.89169133094359e-13,5.4868925077158176e-08,1.2751997668782756e-08
20180524_sample_9,Pvalb,Pvalb,0.5694101410251509,0.009266008377352074,0.004670455512690184,2.841219286355079e-05,0.00022310051968354918,0.5694101410251509,1.0493426242514586e-07,0.41623439958388825,0.0001673778541091784
20180529_sample_3,IT,IT,0.9659972258758083,0.03275692700834017,0.001245842443136105,0.9659972258758083,2.123028044974226e-13,4.670174366140992e-09,2.3768474662673004e-20,2.1316401474368057e-12,1.9721529723262019e-13
20180608_sample_1,Lamp5,Lamp5,0.958488293829668,1.3704872003649757e-06,1.1193713481329982e-07,7.653869659095656e-08,0.958488293829668,0.021762845330549112,0.002419329170377844,0.00166412652707446,0.015663846179298745
20180608_sample_2,Pvalb,Pvalb,0.9992676413648819,1.2191272293792307e-06,6.259099006770207e-05,2.8433757578023736e-10,1.309757767219554e-07,0.9992676413648819,3.727563247712824e-13,0.000668417028495434,2.2883860876048127e-10
20180608_sample_3,IT,CT,0.7369160748493261,0.7369160748493261,0.01889361424639505,0.20245008167188613,0.015773585062441926,0.012617336601714478,1.1408971529587934e-07,0.003422947598341692,0.00992624588017936
20180608_sample_5,Pvalb,Pvalb,0.9969867253723215,2.418486309165792e-06,0.0023083857849922392,4.2343690339152036e-09,7.394286714712871e-06,0.9969867253723215,1.4984362979979772e-10,0.0006950715948998769,9.055004520123997e-11
20180619_sample_3,Pvalb,Sst,0.8161980113399812,9.547184043844241e-05,0.0003358297548082615,7.973891981466528e-06,0.0022902049814834883,0.1643705397249989,0.00017350971261204372,0.8161980113399812,0.016528458753696365
20180619_sample_5,IT,IT,0.9560131292561332,0.0434885528803741,0.0004982625735588007,0.9560131292561332,3.059993164016658e-09,8.856252885176781e-10,1.0345465575596544e-18,1.0574335123725426e-08,4.07699804485995e-08
20180619_sample_7,Lamp5,Lamp5,0.6694599406051979,0.016331571199037557,0.0012934919665679853,0.00943625417258026,0.6694599406051979,0.08061840122775146,0.00720617878921757,0.030391612587316128,0.18526254945233112
20180621_sample_1,IT,IT,0.8759777878200239,0.12266835568919983,0.001353842281878551,0.8759777878200239,1.4231463440659989e-09,1.073993382004134e-09,1.8857135443274445e-13,1.3338294245206866e-09,1.0377739976732923e-08
20180621_sample_2,IT,IT,0.8756007103512063,0.12277462823477078,0.0015889662178063299,0.8756007103512063,4.1447713049903937e-07,7.347380817977111e-07,5.276972422641987e-10,3.41610530062036e-06,3.112934800633694e-05
20180621_sample_3,Sncg,Vip,0.7858655398760503,7.641451884191755e-05,3.205873678137921e-06,9.953392721019688e-06,0.033543952649904875,0.0004080160179796207,0.13934927571690864,0.040743641953915465,0.7858655398760503
20180621_sample_4,IT,IT,0.9865755476765334,0.013360841788683575,6.360819280923813e-05,0.9865755476765334,3.907325704927474e-11,3.0472746932028494e-12,3.078281828132445e-14,4.396765846463715e-10,1.8601458008127491e-09
20180621_sample_5,Vip,Vip,0.5685772766931981,9.907247985501736e-05,4.360057674496524e-08,7.288416125035037e-07,0.2988052582020948,0.000323605865095489,0.08523084764195114,0.04696316667561616,0.5685772766931981
20180621_sample_7,Pvalb,Pvalb,0.996025116948221,1.3506442977897223e-07,5.819545949743491e-06,2.4816236333132404e-10,5.596815228893684e-05,0.996025116948221,1.2183839157502627e-08,0.003912754562491403,1.9329461760430478e-07
20180621_sample_8,Pvalb,Pvalb,0.9743919785206031,3.1744848589198775e-06,5.549926284177638e-06,7.775960910060921e-10,0.007855660330953225,0.9743919785206031,2.0286988198687337e-06,0.017704743510466803,3.686375041789903e-05
20180628_sample_2,Pvalb,Pvalb,0.5027394442563298,0.0016153492365116792,0.040687709070543136,0.0001683812210951384,0.0014852580185921276,0.5027394442563298,1.7614813515881348e-06,0.44698212947902993,0.006319967236546564
20180628_sample_3,Pvalb,Pvalb,0.8612647684828204,0.007901147724858053,0.007866594377462902,0.00012125533413657525,0.002288307740214517,0.8612647684828204,6.58023899812051e-06,0.12031732902701467,0.00023401707449470925
20180628_sample_6,Pvalb,Pvalb,0.9622946919462931,9.266221166566246e-06,0.0001044699759517114,1.8486977902555398e-07,0.003520752808210747,0.9622946919462931,8.334200626839279e-07,0.0338745647882482,0.00019523597028788965
20180628_sample_7,Lamp5,Vip,0.7421520871198581,5.24141765610807e-06,1.0009000789442665e-06,5.282607191752546e-07,0.06425196231306256,0.0004432758179548573,0.1624548643835878,0.03069103978708255,0.7421520871198581
20180703_sample_1,Pvalb,Lamp5,0.4510562786902911,2.860695328626743e-05,9.907109682187574e-06,1.5673706343446416e-07,0.4510562786902911,0.37834997758583344,0.005286012620049271,0.10514611645917639,0.06012294384461801
20180703_sample_2,IT,IT,0.962328589472841,0.01796165660916469,0.019709582925732702,0.962328589472841,4.1243516545635735e-09,1.1145764788283837e-07,8.49648098127323e-19,4.949676326514602e-08,5.9134989496663914e-09
20180704_sample_1,Pvalb,Pvalb,0.6646569657313647,0.007371040783223502,0.09849167797307694,0.00045433626515443894,0.000214112133053191,0.6646569657313647,3.2189235779576795e-08,0.22876216639676278,4.966852812869418e-05
20180704_sample_2,Pvalb,Pvalb,0.989802063686624,1.6226925593221778e-06,0.0002944880941633577,4.12151567920919e-08,0.0001002685615510966,0.989802063686624,4.99684470558934e-07,0.009799482415660284,1.5336498144330688e-06
20180704_sample_3,Pvalb,ET,0.6017698452195269,0.3896481438774826,0.6017698452195269,0.0001570664515788017,0.0002577509145959166,0.008167180534727599,6.257970732433263e-11,1.2939280648427747e-08,2.277342323080109e-13
20180704_sample_4,IT,IT,0.9618263825351016,0.038135282757813735,8.457483289048074e-06,0.9618263825351016,5.271346895191574e-08,3.362237342721679e-07,2.4675861591005372e-11,1.673899880688155e-06,2.7814362035653147e-05
20180704_sample_5,Pvalb,Pvalb,0.9936803645252372,1.4932342073740674e-08,5.384684122329024e-07,8.491821337318729e-10,0.0031448702926209163,0.9936803645252372,4.284860054126942e-06,0.0031617996347183016,8.126437432813052e-06
20180705_sample_1,Pvalb,Pvalb,0.9571997276977586,3.0431485713579932e-05,4.8788304968313794e-05,3.8465695771036527e-07,0.016778612516546703,0.9571997276977586,1.9595487172979388e-05,0.025766877221583686,0.00015558262929848388
20180705_sample_4,Pvalb,Pvalb,0.9982688789233451,6.436717267090032e-09,2.105712694713722e-05,1.4353421352780257e-12,4.2203899091681704e-08,0.9982688789233451,1.2928480917899354e-11,0.0017100151235003133,1.7122717053812433e-10
20180709_sample_2,IT,IT,0.9895932370226126,0.010346856090769749,5.990688658945332e-05,0.9895932370226126,4.187036781734028e-15,1.965217555375265e-14,1.3085227817591923e-21,7.517405246554618e-16,3.4680012272519416e-15
20180709_sample_3,Lamp5,Lamp5,0.9566765697951032,2.177177637207124e-05,3.8565210843512824e-06,2.6174370647877613e-06,0.9566765697951032,0.00995946082702441,0.007552866499295021,0.0016587059143103049,0.02412415122974598
20180709_sample_4,IT,IT,0.9677637809338057,0.031899548091087186,0.00033666972496295067,0.9677637809338057,3.4597907141781215e-11,2.7728849457082515e-11,3.715031191494077e-21,3.0974263011274884e-10,8.780748456727726e-10
20180709_sample_6,IT,IT,0.9677265482380631,0.01190019711302504,0.02037262857611954,0.9677265482380631,3.4601200552030255e-08,5.88494650621667e-07,1.342429764815841e-13,9.181584690761379e-10,2.058648403167971e-09
20180710_sample_1,Pvalb,CT,0.5499464534519165,0.5499464534519165,0.025418001683484587,0.20916532800288754,0.012448703849874062,0.12275210400921087,0.004270492223150181,0.03472400350118121,0.04127491327829499
20180710_sample_2,Pvalb,Pvalb,0.9857551605546835,3.441785658395199e-09,3.4508402520313275e-07,8.534788243037996e-12,0.00470968762998348,0.9857551605546835,1.8502826832321246e-06,0.009521448024989594,1.1504973314409941e-05
20180710_sample_3,Pvalb,Pvalb,0.8866725356875321,0.002807652755517511,0.026992379298726287,0.0001240322185220509,0.0003717785831996405,0.8866725356875321,1.404213764452784e-07,0.08300835846969215,2.3122565433863522e-05
20180710_sample_5,Pvalb,Pvalb,0.9937231936899414,3.394267114933287e-06,0.00032501048280222396,1.2440240594641484e-08,1.6009120582139517e-05,0.9937231936899414,2.0946886319144914e-08,0.005932310556037967,4.8496394394075924e-08
20180711_sample_1,Pvalb,Pvalb,0.7800228445226116,3.927466945683407e-05,0.0003132505582148066,5.685636569040136e-06,0.0668795422759686,0.7800228445226116,0.0006692820663002837,0.14786686016883155,0.004203260102047308
20180711_sample_2,Sst,Sst,0.6046757043799383,2.632788217312264e-05,1.84333458268176e-05,2.423756166042595e-07,0.020151912093532214,0.0066777025621802604,0.021780770679311577,0.6046757043799383,0.3466689066814211
20180711_sample_3,Sst,Sst,0.9728828393225796,4.44240149655975e-05,0.0006228567688499786,1.1092272313786847e-05,0.0006260343368686627,0.0036973761591628765,0.0014029316463502555,0.9728828393225796,0.020712445478909186
20180711_sample_4,Sst,Sst,0.8248838451665942,9.010554608116272e-09,1.051774946356097e-07,1.3071395262170542e-10,5.489820598960849e-06,4.3112142574723745e-05,0.00515483085550876,0.8248838451665942,0.16991260769596045
20180712_sample_3,Sncg,Vip,0.8717750879423304,2.4991915386765673e-06,1.7102892106807052e-09,7.749361821401456e-08,0.05973302409710329,3.5573379919565434e-06,0.06380037045295714,0.004685381774171093,0.8717750879423304
20180712_sample_5,Pvalb,Pvalb,0.8077614484965288,0.00016014214222098558,2.6880678752102565e-05,2.6762039007098293e-06,0.10643229558503368,0.8077614484965288,8.208748057043554e-06,0.07361475179862377,0.01199359634688302
20180712_sample_11,Pvalb,Pvalb,0.9488425262337278,0.00015946504813987172,0.003630239567391857,1.4496976886112342e-06,5.9924216864140047e-05,0.9488425262337278,4.165812827996693e-07,0.04729974443043374,6.234224471143789e-06
20180712_sample_12,Pvalb,Pvalb,0.9956618765655065,1.1915902647029662e-06,1.5992317331782022e-05,4.0242975336469406e-08,0.0012508860880759893,0.9956618765655065,1.1437939816650059e-08,0.0030692250305804007,7.767273254872601e-07
20180712_sample_13,IT,IT,0.983639464879813,0.016355462922116554,5.072181779282675e-06,0.983639464879813,6.216448585672178e-12,5.293472212576256e-15,8.30011303466231e-18,3.57979738076691e-15,1.0065759367448472e-11
20180712_sample_14,Pvalb,Pvalb,0.9284791197948428,1.0440334393146423e-05,0.0002396533664968423,1.5556235949722415e-07,9.808018773094828e-05,0.9284791197948428,7.158563972269543e-09,0.07117049061648983,2.0529791231179983e-06
20180712_sample_15,Pvalb,Pvalb,0.991944540711902,5.3697441782815197e-08,2.9322788394533476e-05,2.060723434241954e-10,2.749234624502699e-05,0.991944540711902,2.804042722544233e-07,0.007998195009987105,1.1483568500938907e-07
20180717_sample_1,Pvalb,Pvalb,0.8428572067066412,9.400241809292031e-06,0.00020430940332041682,1.1373372267500023e-07,0.0014286514318814626,0.8428572067066412,4.029448189389462e-06,0.15524644322617295,0.0002498458082625727
20180717_sample_2,Lamp5,Vip,0.4905050870260751,0.00024234689418519618,6.303395343164898e-05,4.557689409565638e-06,0.028209089072912627,0.003042815799285301,0.06942893668771632,0.4085041328769842,0.4905050870260751
20180717_sample_3,Pvalb,Pvalb,0.8487830566628606,0.001873676570387528,0.004286710047745056,7.937630799644234e-06,7.948350266049816e-05,0.8487830566628606,6.667859525363999e-08,0.14495739014370168,1.1678763249681475e-05
20180717_sample_4,Pvalb,Pvalb,0.7791773542667875,0.00029740944169705615,0.002020308578943463,8.958290221095973e-06,0.0008469145527271469,0.7791773542667875,5.316022058444649e-07,0.2175774895356023,7.103373181573266e-05
20180717_sample_6,Pvalb,Pvalb,0.9599048669160877,1.9149382013590336e-05,0.0024362519541154446,4.640892840969731e-06,0.0005087295855808618,0.9599048669160877,4.0274840591745446e-08,0.037113429953545024,1.2891040975996744e-05
20180717_sample_7,ET,ET,0.469686838161542,0.07501729403064758,0.469686838161542,0.4552944140275819,2.5896312966615687e-10,6.72178532567209e-07,2.346095447854284e-19,7.807876068436287e-07,5.551259141381396e-10
20180718_sample_2,Pvalb,Pvalb,0.9328950883718459,1.4741169515688707e-06,1.762271707640328e-05,1.1256052984501532e-07,0.004856628273554761,0.9328950883718459,6.829627011449295e-07,0.06214516699004977,8.322400729066043e-05
20180718_sample_3,Pvalb,Pvalb,0.8643693926089202,6.850137116219392e-05,0.003431905895710545,1.5166088597344687e-06,0.00012465488043820845,0.8643693926089202,3.062501529661072e-10,0.1319628999201009,4.1128408558019565e-05
20180718_sample_4,Pvalb,Pvalb,0.9989296668121093,4.7820672218698135e-09,9.035685148121693e-06,4.223539162437838e-11,1.354452753946933e-05,0.9989296668121093,8.407955540812519e-08,0.0010475961103876578,6.796095757370981e-08
20180719_sample_1,Pvalb,Pvalb,0.9989646729416135,3.880425850347623e-09,0.0008696898076281929,1.345522950755118e-10,1.8240311985081046e-09,0.9989646729416135,7.615973188349414e-12,0.00016563139148279143,1.2650405448633602e-11
20180719_sample_4,Pvalb,Pvalb,0.9820460170338055,2.688665861811023e-07,0.00039416799600442977,8.568070694853324e-09,2.1914102124627095e-05,0.9820460170338055,9.165751750662045e-08,0.01753731941100682,2.1236488431374732e-07
20180720_sample_2,Sncg,Vip,0.834630976399145,9.020075133499655e-07,5.8823953585567e-07,1.0681807658734472e-07,0.03239687613630931,0.00019609814789086293,0.09257024258584257,0.04020420966568666,0.834630976399145
20180720_sample_3,Pvalb,Pvalb,0.857555803214714,3.5864543318149603e-07,0.00022098334012686483,6.652309154353252e-09,5.072700786825425e-05,0.857555803214714,1.66019078442658e-06,0.14214983120787425,2.0629740889643813e-05
20180720_sample_5,Lamp5,Lamp5,0.9657991307876319,6.395969072625545e-07,1.8534348833383886e-07,1.7985939280157059e-07,0.9657991307876319,0.02872365095134924,0.0006529740413192489,0.0020941885284131868,0.0027290508914981295
20180725_sample_3,IT,IT,0.9812109911957182,0.018068203542054934,0.0007207509224023747,0.9812109911957182,2.200614487589895e-09,3.6294513496007854e-09,1.0026495116088985e-19,7.176631861279417e-09,4.1333126875834235e-08
20180725_sample_6,Pvalb,Pvalb,0.901030050875929,4.3793472946115506e-06,4.4444666935078875e-06,4.54192865603861e-08,0.05628070609110128,0.901030050875929,1.883409165939863e-05,0.03829952630917578,0.004362013398859779
20180725_sample_7,IT,IT,0.9842545460855966,0.01569384440084879,5.160854606323758e-05,0.9842545460855966,8.071833325915443e-11,3.2184462957115917e-11,9.421837495364403e-16,2.2363593569832543e-11,8.322239947711726e-10
20180725_sample_9,Lamp5,Vip,0.8970069805613602,0.00039114004790699304,7.928816695115045e-05,0.0017946355475680822,0.0318550191736773,0.011515828738474633,0.0075537971850631975,0.04980331057899862,0.8970069805613602
20180726_sample_3,Pvalb,Pvalb,0.9482076097617901,1.2600113131425451e-05,0.0008512405347720317,7.169131774456357e-08,1.787913096455779e-05,0.9482076097617901,5.485683666326364e-07,0.0509023028990843,7.747300573288995e-06
20180726_sample_4,Pvalb,Pvalb,0.9908129158929727,1.2250694136070244e-05,7.861631730546617e-05,7.331634457264821e-08,0.002239577454378758,0.9908129158929727,2.9539722534070942e-06,0.00684087658188711,1.2735770721800785e-05
20180726_sample_5,Pvalb,Pvalb,0.9262176219300066,0.0009447951306648344,0.006040076723357901,9.050763344346026e-05,0.0012041412888630677,0.9262176219300066,4.45559924887372e-10,0.06541584396094009,8.70128871640312e-05
20180726_sample_6,Pvalb,Pvalb,0.84968381943783,0.003805794233933725,0.010420912590034671,0.0005431244005209242,0.003865597213537618,0.84968381943783,8.78586157311913e-05,0.13058488970124643,0.0010080038071655967
20180726_sample_7,Pvalb,Pvalb,0.9201997812672997,7.787521089202579e-05,0.00435605719756555,5.4090868080968904e-06,2.412433326660504e-05,0.9201997812672997,2.122689597617852e-07,0.07532936530181941,7.175333388863492e-06
20180817_sample_2,Pvalb,Pvalb,0.9870001341138455,1.1650177029980556e-07,1.9326201641466797e-05,9.98077456977258e-10,7.212079516840651e-05,0.9870001341138455,5.525624076932829e-11,0.012907469223381079,8.321108596519652e-07
20180817_sample_3,Pvalb,Pvalb,0.9468666604740495,3.2296000436776026e-05,0.00018493704801977743,3.090123416285586e-08,8.152589868964987e-05,0.9468666604740495,2.9559968342420203e-07,0.05283320677041224,1.047307474459755e-06
20180817_sample_4,Pvalb,Pvalb,0.9570820966587491,1.3578281112807687e-06,2.663638550795666e-06,2.3785220382452652e-08,0.03079210194029519,0.9570820966587491,8.69664739786752e-05,0.011697244357885236,0.00033754531720936654
20180817_sample_5,Pvalb,Pvalb,0.540326665290982,0.009248130070374812,0.007776838548277797,6.304093066717238e-05,7.8753607526698e-05,0.540326665290982,2.1091539381205517e-07,0.44237793501785966,0.00012842561891802405
20180817_sample_6,IT,IT,0.9642404321858336,0.018476669452150363,0.017281865541133857,0.9642404321858336,1.687352912960931e-10,1.0141865616499934e-06,3.1058740145449465e-16,1.701142338287032e-08,1.4541616121625183e-09
20180817_sample_7,Pvalb,Pvalb,0.9599559467757152,1.0031092084157339e-06,0.0014087314041203013,6.814039602994996e-10,1.5011896703278447e-07,0.9599559467757152,2.040309288244263e-08,0.03863414533927562,2.168216600817548e-09
20180820_sample_1,Sst,Sst,0.8689496772151346,0.00011952276588772837,0.0003134536050376639,1.3351980268759964e-06,0.009806754552494395,0.08818604764904528,0.006968876661457343,0.8689496772151346,0.02565433235291614
20180820_sample_2,IT,IT,0.5028010349547348,0.3591530579428908,0.13804590449982096,0.5028010349547348,1.785962624684535e-11,1.2899315209145386e-09,9.970603597449011e-16,1.2640084979837262e-09,3.07527633212969e-11
20180820_sample_3,Sst,Sst,0.515901274005404,5.489851247625436e-06,1.1656770837759996e-05,2.1545543694430043e-07,0.02594821312815352,0.004277716230030768,0.03900375743352024,0.515901274005404,0.41485167712536913
20180820_sample_4,Sst,Sst,0.5970142316189854,0.001031747262782779,0.00046344415010220885,0.00031557619150792505,0.017888715193771575,0.005981689055637666,0.016482183028554084,0.5970142316189854,0.3608224134986584
20180820_sample_5,Sst,Sst,0.9014746797616177,0.00042794626745842516,0.004351560081138111,5.049978377622174e-07,3.941734533779888e-06,0.09368112404950933,8.847782759512012e-08,0.9014746797616177,6.015463007732891e-05
20180820_sample_6,IT,IT,0.7651940746098539,0.23413942116133374,0.0006665016439073011,0.7651940746098539,5.373491845923656e-10,5.3501153792691765e-11,6.86417768370365e-13,3.17624932322429e-10,1.6757434230280226e-09
20180820_sample_7,Sst,Pvalb,0.8950071706215119,0.0003192435636188069,0.002094647662795604,5.4480932902356585e-06,0.032963616083021154,0.8950071706215119,0.00010225245568418858,0.06922372622628495,0.0002838952937931686
20180822_sample_1,Pvalb,Pvalb,0.9908949230952211,2.746280001631902e-06,0.0007357950658312419,3.1025149443329323e-07,0.0002125507274838199,0.9908949230952211,2.711979283968131e-07,0.008132710441051311,2.0692940988171332e-05
20180822_sample_2,Pvalb,Pvalb,0.9980222039487765,2.648564449353483e-06,6.84484924327318e-05,1.0626586973774676e-09,1.622890545050624e-05,0.9980222039487765,2.623857372065006e-10,0.0018904592226240496,9.541222452675444e-09
20180822_sample_3,Pvalb,Pvalb,0.8832817054615856,0.000901632467514911,0.021698100012517558,0.00011326012898695939,0.009457749153264023,0.8832817054615856,5.6719517907751594e-05,0.08392658882981348,0.0005642444284097306
20180822_sample_4,Pvalb,Pvalb,0.6555915018996986,0.0005110051131256394,0.012374476906779511,5.019630613273684e-05,0.00043162996731096494,0.6555915018996986,3.0843560553210575e-05,0.32900023273086115,0.0020101135155383403
20180822_sample_6,Pvalb,Pvalb,0.988934118849936,7.602930315582672e-07,5.7300248479897706e-05,1.891907783519123e-09,1.9780440912572668e-05,0.988934118849936,5.7245987723579994e-08,0.010987349402802507,6.31626941849609e-07
20180822_sample_7,Pvalb,Pvalb,0.9897792003494174,1.5104359842198165e-06,5.775926390082218e-05,1.2801863950483653e-09,0.0002675324136902223,0.9897792003494174,2.0452255566033935e-08,0.00989364305965513,3.327449102011957e-07
20180828_sample_2,Pvalb,Pvalb,0.9884138192462941,4.488795202530132e-05,0.0003284081102481093,2.83145258301056e-06,0.008532623720863665,0.9884138192462941,7.440349999306141e-06,0.002613997290356051,5.59918776304386e-05
20180828_sample_3,Pvalb,Pvalb,0.8530542321069452,6.73098953356261e-06,0.0007324749322777979,5.759110375550572e-07,0.00020550039736613122,0.8530542321069452,7.094500605983213e-06,0.14585485324876424,0.00013853791346944645
20180828_sample_4,IT,IT,0.9376033050912782,0.06213152328372049,0.0002651622637247368,0.9376033050912782,7.629749419576827e-10,1.5619120917074448e-10,2.2865619538016086e-20,1.8701059992925143e-09,6.5720045641018444e-09
20180828_sample_5,Pvalb,Pvalb,0.9775182503526719,6.680346238355173e-05,0.009169274794930168,5.194947366939103e-07,7.385952353078808e-07,0.9775182503526719,2.805097755249831e-11,0.013244401203147986,1.2068843328541667e-08
20180828_sample_6,Pvalb,Pvalb,0.9965999984172424,1.0217828190637568e-07,3.509989668155123e-05,1.13597089763678e-09,1.5478951468514802e-05,0.9965999984172424,1.5765838939791838e-08,0.003349280138753005,2.35157628254211e-08
20180828_sample_8,IT,IT,0.9172239805170396,0.08222795956730052,0.0004418509091490935,0.9172239805170396,1.398774870318752e-07,1.5238912320213454e-08,6.456290648838762e-10,7.81965648963384e-07,0.00010527127883336974
20180829_sample_1,Sst,Sst,0.8799431295774256,0.0014574014131318014,0.0026608340573219457,0.0003182009999109283,0.0031787473719129796,0.02155963520660175,0.0017460276574323543,0.8799431295774256,0.08913602371626268
20180829_sample_2,Sst,Sst,0.9679007424419874,4.8649579609731925e-06,6.377198787022722e-06,6.095183311499753e-08,0.00022546233694435952,0.0013502567043668576,0.001183503048433264,0.9679007424419874,0.029328732359687047
20180829_sample_3,Sst,Vip,0.8998442032678741,1.334274722172194e-07,1.0524108745761428e-07,4.406580348131223e-08,0.002497968146136619,6.98796243459648e-05,0.03506019016256606,0.0625274760647143,0.8998442032678741
20180829_sample_4,Sst,Sst,0.8821833035644998,1.1829256174603993e-06,9.077761224643171e-06,4.2289873923139816e-08,0.00011221610365535537,0.0012991932645542447,0.009583634757994555,0.8821833035644998,0.10681134933257999
20180829_sample_5,Sst,Pvalb,0.6575054983239197,0.023460875212456,0.005048714887451096,0.004597522534099338,0.20220090840955793,0.6575054983239197,6.944121303747331e-05,0.09422879372437545,0.012888245695102989
20180829_sample_6,Sst,Sst,0.9361468014677459,2.9934086607118375e-07,2.5358330749903093e-06,3.231567442878502e-09,0.0003035696446303027,0.004371614388196439,0.000777995220954935,0.9361468014677459,0.05839718087296387
20180829_sample_7,Sst,Sst,0.8898489203801875,5.9066935510943e-07,7.242979677165984e-06,3.809661027750084e-08,0.001742033668250543,0.0032276050591541774,0.005272099292741543,0.8898489203801875,0.09990146985402365
20180829_sample_8,IT,IT,0.9512806828852737,0.04858530352273929,0.00012473780925905084,0.9512806828852737,5.138795984235831e-07,3.624638728793042e-09,9.9000989918021e-10,2.1064946487208315e-08,8.73622353446368e-06
20180830_sample_1,Pvalb,Sst,0.6455166367107804,0.007458721614146277,0.0011776993308067105,0.00386646382998385,0.027634496867229737,0.12196218280442052,0.002417961868028407,0.6455166367107804,0.189965836974604
20180830_sample_2,Pvalb,Pvalb,0.9063212818901595,0.00046796040730453153,0.002443033867309048,3.5176820680650724e-06,0.00010860921432564773,0.9063212818901595,3.740114255049911e-08,0.0906394732135486,1.6086324142114606e-05
20180830_sample_5,Pvalb,Pvalb,0.9571472828040795,1.034769367273809e-06,3.411004934474371e-05,6.276707033941899e-09,0.004327345733582423,0.9571472828040795,1.0654763854443307e-05,0.03842367189000977,5.589371305486015e-05
20180830_sample_6,Pvalb,Pvalb,0.999001764137419,1.570272562876017e-07,0.00012609703628483715,1.138485924268338e-09,1.912849168679991e-06,0.999001764137419,2.0135031096811084e-09,0.0008700397571298891,2.6040752193336887e-08
20180904_sample_1,Pvalb,Pvalb,0.8444777333819455,0.00010800854884111523,0.0003810918840774131,1.614874704555403e-07,0.002747640566497092,0.8444777333819455,4.074424878297979e-07,0.15222407577697852,6.088091170228476e-05
20180904_sample_2,Pvalb,Pvalb,0.9955501291648853,4.234337686170834e-08,4.4435866702662185e-05,3.9262164250805577e-10,1.0712003445584433e-05,0.9955501291648853,4.541079702584437e-09,0.004394615146898829,6.054098960815635e-08
20180904_sample_3,Pvalb,Pvalb,0.9073056691503765,3.109459401637591e-07,4.8188134825456196e-06,8.413589178600104e-10,0.0038878529038573464,0.9073056691503765,9.597130436265078e-05,0.08868164535591531,2.3730684706713726e-05
20180904_sample_4,Pvalb,Pvalb,0.9113172813123173,8.326095463714434e-06,0.00013107377922923138,3.258852925997457e-08,0.0008871717474753849,0.9113172813123173,2.555164150720272e-06,0.08763237289492422,2.1186417910152403e-05
20180904_sample_5,Pvalb,Pvalb,0.9148268008426987,0.0018007478637395327,0.06214474468562351,5.625006920556518e-05,2.8778568244653722e-05,0.9148268008426987,2.8494793908020347e-09,0.0211405513502584,2.123770750326053e-06
20180904_sample_6,Pvalb,Pvalb,0.9670424375101083,7.691929897133827e-08,1.7750000054443762e-05,4.1393267505235e-11,2.602195805655575e-05,0.9670424375101083,1.0218717756150919e-08,0.03291293583931393,7.675130566179343e-07
20180904_sample_7,Pvalb,Pvalb,0.9172219950798369,7.252631052102779e-06,0.0021370865381297806,1.0425115293133015e-07,5.246229182094582e-06,0.9172219950798369,1.4629163056809705e-11,0.0806277852878345,5.299681824527998e-07
20180904_sample_9,Pvalb,Pvalb,0.8942448969392675,2.1241564340974273e-07,8.349036241815132e-05,4.6847758060538395e-09,0.000788003532580462,0.8942448969392675,3.6084536024501744e-05,0.10481022997952154,3.7077549768457556e-05
20180905_sample_1,Sst,Sst,0.943047026945391,0.00023118934987880434,0.0006815064433710593,8.937936897916257e-06,0.0015415128309005704,0.0440794213371713,6.0719383036861776e-05,0.943047026945391,0.010349685773352657
20180905_sample_2,Sst,Sst,0.9318654905937244,1.05536512655706e-05,0.0009641196521610581,3.7369352843859503e-07,0.0003004410304888084,0.06611198855838432,0.00031721286450059154,0.9318654905937244,0.00042981995594676295
20180910_sample_2,Sst,Sst,0.9989194815374125,2.1891045371138813e-05,0.00046249131588915163,9.476131536454833e-09,3.594203046489524e-07,0.0003735479938569725,2.277384530476097e-05,0.9989194815374125,0.00019944536572933982
20180910_sample_3,Sst,Sst,0.9878068612741494,2.71077337849123e-06,0.0004793336256060755,3.1486775353732103e-07,0.0003406657185322816,0.004393873607046272,0.0003856252351189471,0.9878068612741494,0.006590614898414966
20180911_sample_1,Sst,Sst,0.9492164727651272,1.1408269063749052e-06,1.5126739595062022e-05,2.128613461675583e-08,0.0013813586398865568,0.03732374759099889,0.0041770463182992205,0.9492164727651272,0.007885085833052113
20180911_sample_2,Sst,Sst,0.8819015983743367,0.0004108605320564528,0.005399327809174736,1.3482693181900587e-06,9.159705070049175e-05,0.11164365248487684,4.606391809159649e-06,0.8819015983743367,0.0005470090877276015
20180911_sample_3,Sst,Sst,0.985742201628802,1.3891175512730632e-05,0.00043702391169543056,2.8864266667233463e-07,1.3535926182237095e-05,0.013293813564701218,5.429496256189058e-05,0.985742201628802,0.00044495018787767956
20180911_sample_5,Sst,IT,0.3537765228957544,0.31397817098021047,0.02883697220185929,0.3537765228957544,0.013347178960801674,0.027381559736041273,0.00012712964463503025,0.05147006434934912,0.21108240123134883
20180911_sample_6,Sst,Sst,0.9361806982502108,2.1592983338452936e-06,0.00011037672820495975,2.87627807393682e-07,0.0014290012342499867,0.05984381156453883,0.00011770109868093006,0.9361806982502108,0.002315964197973293
20180912_sample_2,Pvalb,Pvalb,0.98390189621531,5.09099220353212e-05,0.0009583804974859542,3.764729589629932e-06,0.0020989797525943488,0.98390189621531,1.1390182036397965e-06,0.012970363654102403,1.456621067857601e-05
20180912_sample_3,Pvalb,Pvalb,0.9719182025235903,7.489092145928852e-05,0.0035201732797915403,1.5814691218874755e-06,2.9717413135480216e-05,0.9719182025235903,5.262383183960656e-09,0.024454913941433665,5.151890848280386e-07
20180912_sample_6,Pvalb,Pvalb,0.9853257447326493,5.965485351915859e-07,5.384989165213962e-06,3.531613902811208e-10,0.0026177910363886785,0.9853257447326493,1.60754310416118e-06,0.012039684770575343,9.190026420838623e-06
20180917_sample_1,Sst,Sst,0.7842503624044357,7.829869660299241e-06,4.4309723567434246e-05,1.2491185411209542e-06,0.0009295611965033148,0.00489664716759505,0.013301600029267125,0.7842503624044357,0.19656844049042993
20180917_sample_2,Pvalb,Pvalb,0.9739085239250109,8.143710877966786e-08,6.911146548100203e-05,1.8313048610355955e-10,1.4239863338386377e-06,0.9739085239250109,6.074222415122086e-10,0.026020574483215857,2.8391229688809326e-07
20180917_sample_3,IT,IT,0.9745347233180381,0.024758073341681036,0.0007072024331839421,0.9745347233180381,8.286051502405163e-11,9.945652087163407e-11,2.9376542491473282e-21,2.0546902060049114e-10,5.193106761046393e-10
20180917_sample_4,Pvalb,Sst,0.692775193622047,1.3219188558499038e-08,1.0392014891176665e-05,6.390680652150591e-10,2.265202761965397e-05,0.3069410364430409,1.5428103568249976e-05,0.692775193622047,0.00023528393057638237
20180917_sample_5,Sst,Sst,0.9602594245640445,2.3977478304901898e-05,0.000344687903140118,1.5924545984578426e-05,7.055130981036278e-05,0.0186558889597722,2.988120393705791e-05,0.9602594245640445,0.020599664035006314
20180918_sample_1,Vip,Sst,0.8284807070656043,2.1064413967522703e-05,0.00044162200719645005,4.5189097314420045e-06,0.013647361582591907,0.07619097115670412,0.015038143748895005,0.8284807070656043,0.06617561111530917
20180918_sample_2,Vip,Sst,0.6851278962784776,7.740316748010932e-05,3.0302036408880923e-06,2.0783277371607012e-07,0.002002985628706161,0.0003775784973244096,0.0012233458395023134,0.6851278962784776,0.3111875525520948
20180918_sample_3,Vip,Vip,0.8019174634552014,1.0277620333755276e-06,1.962619039785291e-06,2.729705991361973e-07,0.0009687941978115857,3.9106664470027735e-05,0.10041911611353871,0.09665225621730612,0.8019174634552014
20180920_sample_2,Pvalb,Pvalb,0.9322191888328342,8.73905810129825e-07,7.920475287078427e-05,3.842060592813275e-08,0.0002776550808117889,0.9322191888328342,1.4494530411883959e-06,0.0674027863031302,1.880325089596354e-05
20180920_sample_3,Pvalb,Pvalb,0.9980374453146229,9.996491314790767e-07,0.000977904287623187,4.871456911783038e-09,1.024188692045277e-07,0.9980374453146229,2.2778510864260585e-12,0.000983543368816627,8.720157285391674e-11
20180920_sample_4,Pvalb,Pvalb,0.979893675002447,4.193975839250676e-07,3.036448904190626e-05,4.435272549855799e-09,1.0388591592402856e-05,0.979893675002447,1.4612923825334524e-08,0.020065033957841642,9.951329684228779e-08
20180921_sample_2,Pvalb,Pvalb,0.999582561148583,3.1652405330029333e-10,6.360334624659322e-06,6.664150877719515e-12,4.961167444618342e-07,0.999582561148583,5.156880981438568e-10,0.0004105798922641679,1.6689073401802308e-09
20180921_sample_3,Pvalb,Pvalb,0.89652990611108,8.738924579108856e-05,0.0012116144525246776,1.182654990186075e-06,1.3676615016105649e-05,0.89652990611108,3.573860858245774e-08,0.1021509864930436,5.208688945848985e-06
20180925_sample_9,Pvalb,Pvalb,0.8512192123932981,0.0004172907833316988,0.00839943758629903,5.175381407514298e-05,0.0009994688015969523,0.8512192123932981,1.0179209421985606e-07,0.13884966286014877,6.307196915618829e-05
20180926_sample_1,Pvalb,Pvalb,0.9943804140299146,3.479647804995293e-07,0.0007599970161608322,1.0214239891212364e-09,6.515851009028743e-07,0.9943804140299146,1.1797346979967645e-08,0.004858572209184676,4.3760877241483556e-09
20180926_sample_3,Pvalb,Pvalb,0.8211201116456271,0.00010130130627637004,0.0010401230204017593,1.649755919780941e-05,0.000500585369975584,0.8211201116456271,8.61651620812476e-06,0.1766776324855317,0.0005351320967814438
20180926_sample_7,Pvalb,Pvalb,0.9620434603264072,7.549417467026203e-08,1.3761676395120846e-05,1.4285084065858505e-09,4.274135933203615e-05,0.9620434603264072,6.301885259765123e-09,0.03789957987991973,3.735333774730186e-07
20180926_sample_9,IT,IT,0.9745284495680073,0.02521128585028951,0.0002602643744128505,0.9745284495680073,1.8855841857324363e-12,3.247148410870443e-13,7.803613122908569e-23,1.530019296531249e-11,1.897797400509339e-10
20180927_sample_1,Pvalb,Pvalb,0.9849174160634615,1.842041397643827e-05,5.068872489430481e-05,1.8578356398417806e-07,0.006551036487802916,0.9849174160634615,1.78164673008144e-06,0.008443379641205295,1.7091238365459626e-05
20180927_sample_2,Pvalb,Pvalb,0.9738137927165625,3.119959337578926e-05,0.0035588978443664254,2.2687756274282497e-06,8.882412432547255e-06,0.9738137927165625,5.8930229367468677e-08,0.022583414875013686,1.4848523922804287e-06
20180927_sample_4,Pvalb,Pvalb,0.9767411180677241,2.821231115338231e-06,0.0010610888342416991,3.396497809526679e-09,8.094245542176341e-08,0.9767411180677241,1.7453142927254984e-10,0.02219488584848199,1.5049521322648861e-09
20180927_sample_5,Pvalb,Pvalb,0.9641900313476442,1.256763096461419e-07,4.5901673699653335e-05,2.416651416909679e-10,6.89593614754061e-05,0.9641900313476442,1.4828021630801262e-07,0.03569294274836872,1.8906706208724288e-06
20180927_sample_7,Pvalb,Pvalb,0.9985541476733665,1.806325497631905e-07,0.0004661757590996438,1.2303116600897736e-08,2.7215706710437383e-05,0.9985541476733665,5.270633153165191e-09,0.0009522539989040163,8.655619769025255e-09
20180927_sample_9,IT,CT,0.7502719255175544,0.7502719255175544,0.0015518959148383812,0.248161185376971,1.3260334740087907e-08,3.443323055630486e-09,7.589012167817144e-11,1.0070954293997533e-05,4.905456794225471e-06
20181002_sample_2,Pvalb,Pvalb,0.991332162667507,5.045901325836969e-08,0.00015733871033539421,1.437912615277832e-10,3.2573310169676195e-06,0.991332162667507,4.4312007522367924e-10,0.008507148815311975,4.142990408915011e-08
20181002_sample_3,Pvalb,Pvalb,0.9746051496593232,3.7000843859180007e-06,2.4810844100669778e-05,6.435997609491999e-08,0.005794643933332589,0.9746051496593232,5.587109208876632e-05,0.01942062857336798,9.513145342483936e-05
20181002_sample_4,Pvalb,Lamp5,0.5327947232546567,3.1994071654535535e-05,3.3048718558257385e-06,1.1316656336302118e-07,0.5327947232546567,0.06583339002950538,0.0015695752345956696,0.281950855655808,0.1178160437153604
20181002_sample_5,Pvalb,Pvalb,0.9965865891047987,7.976083827405859e-08,2.314522021808954e-05,3.853895252035893e-10,1.225988471832678e-07,0.9965865891047987,3.7628246283572926e-11,0.003390062372880331,5.193997880217495e-10
20181002_sample_6,Pvalb,Pvalb,0.8180454024698197,1.8398261557433257e-06,1.3679885769879986e-05,4.390915797355387e-07,0.16116776603430713,0.8180454024698197,1.3567567065470929e-05,0.019997663685868264,0.0007596414394340077
20181002_sample_7,IT,IT,0.9432011134553197,0.05677823130762566,2.06551946026775e-05,0.9432011134553197,7.983790335831296e-13,1.2126722119283086e-13,1.7960453854439696e-23,2.753882816193399e-12,3.8778452640465785e-11
20181002_sample_8,Pvalb,Pvalb,0.9513248082856778,2.274605851668254e-05,0.0023310560282560574,1.545556095156525e-06,0.00015560924864150308,0.9513248082856778,3.581728280239087e-07,0.046156843045964756,7.033604020158697e-06
20181002_sample_9,Sst,Pvalb,0.9495129941878743,1.9555062625110313e-06,0.0019951832643542297,5.215562024569895e-09,1.575766028678007e-06,0.9495129941878743,1.8467911825910658e-09,0.04848827422511739,9.988009742929775e-09
20181002_sample_10,Pvalb,Pvalb,0.9951245292096047,4.776416196547543e-06,0.001138736588480789,3.9170913184403774e-08,6.029555786283716e-07,0.9951245292096047,3.848041291541655e-10,0.003731311892396812,3.3820253599941913e-09
20181003_sample_2,Sst,Sst,0.7125302896670153,0.022692436904044197,0.011479713576315711,0.010720762343131844,0.002677508170325712,0.00512165781435817,0.0029191278620781633,0.7125302896670153,0.231858503662731
20181003_sample_3,Sst,Pvalb,0.38488921088831424,0.006476025050603135,0.2251179046546844,0.00760386703016342,0.011551551619604005,0.38488921088831424,0.00018617535300394274,0.35545988062134815,0.008715384782278738
20181003_sample_4,Sst,Sst,0.9221869772910314,1.619416955702718e-06,3.343080447688071e-05,1.3044897804598452e-08,0.000589081421386854,0.07637439290085732,0.00018796518217951963,0.9221869772910314,0.0006265199382146639
20181003_sample_5,Sst,Sst,0.9703553375406724,4.146713540386439e-06,2.101546059803448e-05,6.617847041598918e-08,0.00010540634498447516,0.0005951722111573908,0.0002737016402883319,0.9703553375406724,0.02864515391028854
20181003_sample_6,Sst,Sst,0.8355155658389383,7.892714090982298e-07,4.173702822110754e-06,1.1917253794291139e-07,0.007087612459799523,0.013276813700546994,0.0018970055137737811,0.8355155658389383,0.14221792034017236
20181003_sample_7,Sst,Sst,0.9429591483599543,1.5377697476367594e-05,0.00013737534814738464,5.552957851223365e-07,0.0011622941510965477,0.05116407661652736,0.00029353668475877643,0.9429591483599543,0.004267635846254076
20181003_sample_8,Sst,Pvalb,0.9089894720456975,0.0012046218494680616,0.0005632009429261788,0.00012496719951841627,0.005145288084210486,0.9089894720456975,1.1070814143254742e-09,0.08163466679341767,0.0023377819776802928
20181003_sample_9,Sst,Pvalb,0.8497935722989785,5.22766988256689e-07,1.4984149553831988e-05,3.411871168992603e-11,4.8227670041024554e-05,0.8497935722989785,1.516067500079891e-07,0.15013936017787907,3.181295690434117e-06
20181003_sample_10,Sst,Sst,0.5052148046567091,0.00012883208944313175,0.006999277769853882,6.356810817314723e-07,5.3616935479116035e-05,0.4875335009845463,3.0124877502933823e-06,0.5052148046567091,6.63193951363942e-05
20181004_sample_3,Sst,Sst,0.8574020896000352,0.0005491831718494156,0.0010097150798081239,3.073754450376625e-06,6.914114709937522e-06,0.14101573199710005,3.7034464798635736e-08,0.8574020896000352,1.3255247582350975e-05
20181004_sample_5,Sst,Sst,0.9477822219504975,6.185340746454079e-06,0.0011132119331848033,2.1168389305896942e-07,5.486981050637542e-06,0.05102078699236323,2.0638761263218817e-06,0.9477822219504975,6.983124213809749e-05
20181004_sample_6,Sst,Sst,0.955811021621169,0.0013302496437244166,0.0005994670593717736,1.7153883620676388e-05,0.0007412089267875678,0.03178225493686746,2.4148030232232363e-05,0.955811021621169,0.009694495898226846
20181004_sample_8,Sst,Pvalb,0.988031054585153,1.3503165720032056e-09,1.033059897526457e-05,1.968033845670458e-11,6.255761122180544e-06,0.988031054585153,8.044534198580717e-08,0.011952132950629807,1.442887808972444e-07
20181009_sample_2,Sst,Sst,0.75714477787329,0.0001941282003910435,0.00028293141453334433,1.1644139746303027e-06,0.001160073795691192,0.2349754974971402,0.00017443759236554127,0.75714477787329,0.006066989212613892
20181009_sample_3,Sst,Sst,0.8080242260133003,8.253603980421228e-05,0.00016604516374983533,2.196140810220413e-05,0.004488310044208975,0.0032532899660967078,0.016386313105188795,0.8080242260133003,0.167577318259549
20181009_sample_4,Sst,Sst,0.9506608982919118,1.4394392570197246e-05,0.00048619887093532654,5.308527093958545e-07,0.0018029906713733354,0.025118788254222972,0.001689996350569238,0.9506608982919118,0.02022620231570779
20181009_sample_5,Sst,Sst,0.8886084830225913,0.002867278271905914,0.00115511637600399,9.481029916266049e-05,0.008084386367163137,0.030879829230527255,0.0021586224531110637,0.8886084830225913,0.06615147397953455
20181009_sample_6,IT,IT,0.9915128777747771,0.008452334539365983,3.478650744391412e-05,0.9915128777747771,2.5219931563121527e-12,7.239073122298275e-14,1.7551072438743936e-14,1.4044395486816995e-10,1.0353570937865029e-09
20181009_sample_7,Sst,Sst,0.8902914987259426,3.5849310556006123e-06,4.691130543087645e-05,6.759001763543613e-07,0.001558551954063591,0.09895589155138998,7.5180658876455675e-06,0.8902914987259426,0.009135367566053574
20181010_sample_1,Sst,Pvalb,0.8333998357954722,4.002371154460264e-05,0.00036141548631325423,1.6839139939987373e-06,0.0012392004981571793,0.8333998357954722,3.945851803363701e-09,0.1646893887699846,0.00026844787868249547
20181010_sample_3,Sst,Sst,0.8172427889146355,0.0003252148327048123,0.0005704860403318969,2.24651976069957e-05,0.0008935736986231548,0.003852932399627488,0.003599598455428749,0.8172427889146355,0.17349294046104133
20181010_sample_4,Sst,Sst,0.9988158683616939,7.25952718509656e-08,4.620919809593243e-06,2.8555256181063737e-11,1.6712066995283337e-06,0.0009250440337980668,3.118691185972074e-05,0.9988158683616939,0.00022153594231191833
20181010_sample_5,IT,IT,0.9929594161350578,0.007037272670309817,3.311194159679887e-06,0.9929594161350578,1.812166533905035e-13,1.804777600071641e-15,4.101790249983527e-19,7.214870533860329e-16,2.8890625536724893e-13
20181010_sample_6,Sst,Sst,0.5329276256822582,0.004955629296354682,0.00028389350424225343,7.68391152499205e-05,5.4602531934610234e-05,0.4615125385354141,1.1234348206521142e-07,0.5329276256822582,0.00018875899106424342
20181010_sample_8,Sst,Sst,0.9367288401410921,1.6734413391189504e-05,0.00019972951604827705,1.639990780748405e-06,0.001487877154455274,0.033358212144930156,0.001677724644388862,0.9367288401410921,0.02652924199491333
20181010_sample_10,Sst,Sst,0.9260177697361271,3.348416979565052e-06,1.1724687619572045e-05,1.1060864632142433e-07,0.011696802588970063,0.017692995159221764,0.007305306763132662,0.9260177697361271,0.03727194203930292
20181011_sample_3,Sst,Pvalb,0.8683453017238417,0.0001944062786131435,0.00019738669170273003,1.23706728314028e-06,0.009932304799537238,0.8683453017238417,1.6153757372517187e-06,0.12070559256989438,0.000622155493390434
20181011_sample_4,Sst,Sst,0.7083320919235172,0.008568397183250436,0.00020521872815178476,0.0008089326926555844,0.005039264067998381,0.09268335509281031,0.0032747702193902948,0.7083320919235172,0.18108797009222588
20181011_sample_8,Sst,Sst,0.9352465778761038,1.1733050672467146e-05,3.4295981121544145e-05,8.312734096519569e-08,0.0006964363060661003,0.059857326871690604,5.995539616916735e-06,0.9352465778761038,0.004147551247387674
20181011_sample_9,Sst,Pvalb,0.5107342402447297,0.0002723845062913303,0.005779280406551987,2.111144991250327e-05,3.377955980791875e-05,0.5107342402447297,2.314143732924157e-07,0.4831111160130767,4.7856405256511384e-05
20181011_sample_10,Sst,Pvalb,0.9031824693525219,2.177179837971835e-07,1.0383234510205648e-05,1.7613351570534453e-09,0.00013497236123770546,0.9031824693525219,2.2467141820695253e-06,0.09666123501851279,8.473839716445409e-06
20181109_sample_1,Sst,Sst,0.9758893107001009,3.235459335765577e-06,3.780820014751453e-05,2.3777394611600117e-07,0.0006974204480512271,0.014172929484019528,1.043680553019987e-05,0.9758893107001009,0.009188621128868715
20181109_sample_2,Sst,Sst,0.7486270652069036,0.0015865180949699508,0.08520512235949514,9.66156098036252e-05,3.4203528218637454e-05,0.16344672201568297,1.00265048009133e-06,0.7486270652069036,0.001002750534445767
20181109_sample_3,Sst,Sst,0.63965549823212,0.00028172877129841915,3.111984974899157e-05,4.338341724530708e-06,0.008723787969578147,0.00888593963550552,0.0014593572723941672,0.63965549823212,0.3409582299276302
20181109_sample_5,Sst,Sst,0.7100634266972377,0.00047225367081352886,0.004421728644971419,0.0002128167094148309,0.017478794816754906,0.23413052807668375,4.624425382474269e-05,0.7100634266972377,0.03317420713029917
20181109_sample_7,Sst,Sst,0.9198591948815192,0.00022862502184808995,0.0004692310440494897,1.2979533241299948e-05,0.0031999385458671126,0.01873018926987533,0.00038948922242989945,0.9198591948815192,0.0571103524811697
20181109_sample_8,Sst,Sst,0.84707277463716,3.5900857158683596e-05,5.19593637298488e-06,1.2549979848833649e-06,0.02225303796890424,0.0031869456306830445,0.01772101069607181,0.84707277463716,0.10972387927566438
20181109_sample_9,Sst,Sst,0.956566439472555,4.0018372481723405e-05,0.0004520693643336166,8.120700122799725e-06,0.0007765672831326471,0.006971972736967143,0.0009479562264332494,0.956566439472555,0.03423685584397367
20181109_sample_10,Sst,Pvalb,0.8387327050113468,0.000675448306451264,0.010861754368119514,0.00010160021844988903,0.006133928109005815,0.8387327050113468,3.562828814634664e-05,0.1425446381163414,0.0009142975821389478
20181112_sample_4,Sst,Pvalb,0.7209031132481644,0.00014168598362687693,0.00046887692422236695,3.592249747677278e-06,0.0033624880375120194,0.7209031132481644,2.1777445051717794e-06,0.2749486577093498,0.00016940810287176706
20181112_sample_6,Sst,Sst,0.9676242568286711,3.5379750022702116e-05,0.00014281089981703883,1.7439062948038524e-06,0.0008272424635690699,0.012224438701478432,0.0009064709175239108,0.9676242568286711,0.018237656532622996
20181112_sample_8,Sst,Sst,0.5095371327964778,1.3055566333052664e-06,6.619278064998342e-05,1.0174937706475062e-07,0.01682332898513968,0.47030097771385626,0.0007676901730440776,0.5095371327964778,0.002503270244821836
20181112_sample_11,Sst,Sst,0.9607892368754627,3.465089363801144e-08,9.298478673651427e-07,3.176117542250594e-10,0.0006237373628837868,0.03285846897690301,0.002074395442570286,0.9607892368754627,0.0036531965258072966
20181114_sample_1,Pvalb,Pvalb,0.7739866614083629,0.0005277573741931525,0.004309139989098858,6.87973343680759e-05,0.0010834230643582971,0.7739866614083629,4.092004034354845e-09,0.21932710295757454,0.0006971137800401987
20181114_sample_2,Pvalb,Pvalb,0.9819532552057916,2.2530177162181967e-06,8.764613986474299e-06,9.00179028638724e-08,6.127985842345188e-05,0.9819532552057916,3.926334558783623e-08,0.017971187033035452,3.130989798460221e-06
20181114_sample_4,Pvalb,Pvalb,0.9254886442559881,0.0005786955693200118,0.00014771602543024902,0.0003692308017963699,8.428038356432491e-05,0.9254886442559881,7.19825698338583e-08,0.07324513390496071,8.622707637038177e-05
20181116_sample_2,Pvalb,Pvalb,0.9896232733337246,9.160716790341715e-07,0.0007127995618957192,1.6437337640475905e-08,4.011592754529479e-06,0.9896232733337246,1.1465161677024816e-08,0.009658877625284145,9.391216280381216e-08
20181116_sample_3,Pvalb,Pvalb,0.9088353158021605,3.501521147726014e-05,0.0002702344688105592,3.2996575873345233e-06,0.00568061921885098,0.9088353158021605,1.8157475221158448e-05,0.08296265997102646,0.0021946981948656238
20181116_sample_4,Pvalb,Pvalb,0.9767160711505675,1.2342856361706367e-05,1.7847060727452947e-05,1.0665708499709983e-08,0.012921701093802123,0.9767160711505675,3.874658634119538e-07,0.010320718754948308,1.0920952021013752e-05
20181116_sample_5,Pvalb,Pvalb,0.9241652350496079,0.0019168203116883317,0.000608856789173571,0.001858673236859695,0.001282598843099791,0.9241652350496079,1.380670489005456e-06,0.06963816332993161,0.0005282717691499874
20181116_sample_12,Pvalb,Pvalb,0.9326362033355348,3.6712186049077756e-06,0.01620595425358181,2.0557631972874234e-07,6.295065977735144e-07,0.9326362033355348,2.572096652445005e-10,0.05115319442032553,1.4143182577459818e-07
20181121_sample_1,Sst,Sst,0.744649287241403,0.008953583799641484,5.029018944894016e-05,0.002375393335224157,0.0023455779632526636,0.012866898260394347,2.8998836062662565e-05,0.744649287241403,0.22872997037457254
20181121_sample_2,Sst,Vip,0.5709306364403636,2.1208940770936894e-06,6.185230704152441e-07,7.469810882100372e-07,0.38371364163764293,0.0018853767829616727,0.03451728738645503,0.008949571354341067,0.5709306364403636
20181121_sample_3,Pvalb,Pvalb,0.7434685479694674,3.2808722341489416e-08,1.2802797406559854e-08,8.342602933003644e-11,0.2408176289003382,0.7434685479694674,0.0009191063502513826,0.014323911307346126,0.000470759777651199
20181121_sample_5,Sst,Sst,0.8553478636499892,1.4670098187575617e-07,5.571883001309465e-07,7.905727771921782e-09,0.023474547987070132,0.053933185475525065,0.005999672594612249,0.8553478636499892,0.06124401849779357
20181121_sample_6,Sst,Sst,0.5473756405715823,4.948232497162478e-05,0.0006929189353659331,4.569300022330031e-07,7.170896667093747e-05,0.45170581104594115,4.99687420857195e-10,0.5473756405715823,0.00010398072577841289
20181121_sample_7,Sst,Sst,0.7746974137887803,4.381976786844479e-05,0.00251684967361152,3.955619740989838e-05,0.00305921942710894,0.1150675327144638,5.575512735220403e-06,0.7746974137887803,0.10457003291802189
20181126_sample_2,Sst,Pvalb,0.5274586350132651,3.19384739581598e-05,5.452453467151317e-05,2.2894111946848615e-08,0.006082918919332719,0.5274586350132651,7.536307866228985e-05,0.46540467653969514,0.0008919205463033261
20181126_sample_6,Sst,Sst,0.9867726356523207,6.099219344035194e-05,0.0008955810765781725,1.608567103894168e-06,5.262216117703552e-05,0.010798462200915302,0.00020236185062437562,0.9867726356523207,0.0012157362978401484
20181127_sample_1,Sst,Sst,0.9740207648720446,6.392557994242988e-05,0.00012922654178877484,3.9488305325254415e-07,0.0004628519740756928,0.00808707630769638,0.0001287904466046763,0.9740207648720446,0.01710696939479427
20181127_sample_3,Sst,Vip,0.7524888596041857,6.807526215115645e-07,2.185345369763864e-07,8.113040372733015e-08,0.011083934437974237,0.0008814201092007864,0.0007542253091419981,0.23479058012193518,0.7524888596041857
20181127_sample_4,Sst,Sst,0.9858093105077617,4.82539883951234e-06,1.8140615556745156e-05,4.338351599235138e-08,9.983985773655937e-05,0.008239563594676086,0.0003414448660832997,0.9858093105077617,0.0054868317758300185
20181127_sample_5,Sst,Vip,0.5833291318202909,6.631510135689352e-05,1.2745792437525418e-05,1.2732014676357315e-05,0.0742723704980035,0.03647320866363002,0.004099146787826694,0.3017343493217781,0.5833291318202909
20181127_sample_7,Sst,Sst,0.8500211929019981,1.5551449113593958e-06,2.013541062870603e-05,2.1888558733802295e-07,0.0017154804874942179,0.13892381737306123,0.0005406165691245712,0.8500211929019981,0.008776983227194581
20181129_sample_1,Sst,Sst,0.9743744791451605,3.5532699103754756e-06,2.6260141481156166e-05,1.4828597547280731e-08,0.0001507191645241134,0.024090762584361672,1.971013671048776e-06,0.9743744791451605,0.001352239852293742
20181129_sample_3,Sst,Sst,0.9365686705466625,0.0004748242042850143,0.00231278837386168,8.00460353487152e-05,0.0016990182028331162,0.03679478625510801,0.0003201953162538472,0.9365686705466625,0.021749671065647038
20181129_sample_4,Sst,Vip,0.7036998039950392,3.375115646026456e-05,3.872263919004369e-06,2.490026676759714e-06,0.0061650711586963055,0.0015044676898002707,0.0015793825971677897,0.2870111611122405,0.7036998039950392
20181129_sample_5,Sst,Sst,0.82976820422247,0.000505506276603212,0.007245254319685405,5.6721027914015156e-06,0.00012784534322527158,0.16204771149610972,1.2493775848457591e-05,0.82976820422247,0.00028731246326648856
20181129_sample_6,Sst,Sst,0.8696826230267958,3.988109877075518e-05,4.556615073309915e-05,4.711841145084268e-06,0.0029682030688579744,0.003288137523815664,0.002168579377393341,0.8696826230267958,0.12180229791248835
20181203_sample_2,Sst,Vip,0.4273864513488731,2.6811401348998655e-06,1.9113391295372767e-05,2.50835903004768e-06,0.18601971395571218,0.05357340970271314,0.025291222297424615,0.3077048998048166,0.4273864513488731
20181203_sample_3,Sst,Sst,0.994567288980802,3.643732877377366e-06,1.4319477384340698e-05,1.888726614184709e-08,0.00012581264780148595,0.0012060190028819204,0.0006188334500923921,0.994567288980802,0.0034640638208943116
20181203_sample_4,Sst,Vip,0.6502612495572941,0.0006570156169482163,0.0037354279089279237,0.0015529683933019063,0.005244487165807114,0.009688615973556523,7.202521364179512e-07,0.32885951513202777,0.6502612495572941
20181203_sample_5,Sst,Vip,0.7012949012655589,4.9080113128208176e-09,2.691815452477487e-08,6.459292494226248e-10,0.0019221938138401496,0.00026873888823827295,0.03664765762024317,0.2598664759400243,0.7012949012655589
20181203_sample_6,Pvalb,Sst,0.4833953538361872,4.507923291310104e-06,5.013790809768174e-06,4.7263618336148965e-08,0.09197293135926356,0.27732488617055795,0.0009481860673781566,0.4833953538361872,0.1463490735888938
20181203_sample_7,Sst,Sst,0.7622348257241397,0.0043239456938783455,0.011504944308544818,0.001110734696264183,0.013772720612543244,0.11708609370579258,0.0005435894933847883,0.7622348257241397,0.08942314576545227
20181203_sample_8,Sst,Sst,0.7775338209712706,1.958347877937659e-05,5.312785435535758e-06,2.0832473955167832e-07,0.019113802385575526,0.10147565724940429,0.008218818594927929,0.7775338209712706,0.09363279620986731
20181203_sample_9,Sst,Sst,0.5374428040955422,8.907884932129984e-08,1.7281659059358157e-06,1.3477762737043772e-08,0.0008529294359758569,0.0015078945571714067,0.0034700702377266275,0.5374428040955422,0.45672447095106594
20181205_sample_1,Sst,Sst,0.9031472990927212,0.000937678393980515,0.0008439589404386247,2.12433909460086e-06,0.001577704148101051,0.07764650411844282,2.4509714172229186e-05,0.9031472990927212,0.015820221253049
20181205_sample_2,Sst,Sst,0.6684701907232656,3.512902674123284e-05,0.0018338344674160274,3.2254446828358823e-06,0.0009654103757420519,0.32254352782849866,0.00031854398053217636,0.6684701907232656,0.00583013815312151
20181207_sample_1,Pvalb,Pvalb,0.9950628314305077,3.1623341238322477e-07,5.090103892975175e-06,2.1689644961529287e-09,6.793315422381319e-05,0.9950628314305077,1.1077621292506644e-11,0.004863259526163508,5.673717574185906e-07
20181207_sample_2,Pvalb,Pvalb,0.5881971351697498,0.00015800268522589065,0.0018767784355091031,1.658344306170773e-06,6.515684743611925e-05,0.5881971351697498,3.455241179772064e-07,0.40962208821775364,7.88347759012964e-05
20181207_sample_3,Pvalb,Pvalb,0.8977808046315331,0.00011790554784579337,0.0003030202885743136,8.670781370855422e-06,0.008936775963701269,0.8977808046315331,4.611658781790883e-06,0.09177298043211767,0.0010752306960751922
20181207_sample_4,Pvalb,Pvalb,0.9727202494784527,1.972398996145199e-08,2.659369405885486e-07,7.539829281306432e-10,0.020642221414393827,0.9727202494784527,2.1349770654228334e-05,0.006451218681256274,0.00016467424032940762
20181207_sample_5,Pvalb,Pvalb,0.9203552740683362,8.640532873538911e-06,0.00020889539737637268,6.187398512864862e-08,6.395384831643709e-06,0.9203552740683362,1.0133737314173305e-08,0.07941942431315849,1.2982957012990519e-06
20181207_sample_7,Pvalb,Pvalb,0.9693212892064818,2.9370848419500624e-05,2.134081865454403e-06,9.857110364454573e-07,0.007407829220105682,0.9693212892064818,1.2402120862952302e-06,0.023022400552464847,0.00021475016754016207
20181208_sample_2,Sst,Vip,0.5778374720601879,0.04192662180630115,0.013589555675845482,0.09218859424550296,0.00713359739054929,0.09208142361401592,1.3672859823066743e-07,0.17524259847899923,0.5778374720601879
20181208_sample_3,Sst,IT,0.5742477509086267,0.23679516162615838,0.009923630705612536,0.5742477509086267,0.013170622038512585,0.000604922162064784,0.00010279940406386471,0.004473713074361856,0.16068140008059928
20181208_sample_4,Sst,Sst,0.9559483506843994,1.949929198416264e-05,2.4975433152523386e-06,2.986175063125186e-07,0.00033091080920572463,0.005755409159444825,4.597028686636085e-05,0.9559483506843994,0.03789706360727799
20181208_sample_5,Sst,Vip,0.7222781762480346,0.00033114111915196186,3.235143007908222e-05,1.004619888013186e-05,0.1530493740086526,0.0008203285877394072,0.07571024710155143,0.047768335305910924,0.7222781762480346
20181208_sample_6,Sst,Sst,0.8438151306489702,5.370570108963594e-06,0.0001573938527039367,2.4894397494310154e-07,0.0059456284740957155,0.11337147673753725,0.0032324284331385735,0.8438151306489702,0.03347232233947037
20181208_sample_7,Sst,Sst,0.9975986792823248,8.248994329587091e-06,3.293032225033962e-05,7.1705387815199575e-09,1.5029975633804092e-05,0.0004168168455588948,0.00043378318124862324,0.9975986792823248,0.0014945042281152524
20181208_sample_8,Sst,Sst,0.9678169131089377,5.968991319823857e-06,5.9464489758673157e-05,1.509948432853647e-07,0.00043109879892572596,0.029729281671083237,0.0001953621423768001,0.9678169131089377,0.0017617598027546612
20181208_sample_9,Sst,Sst,0.8236982478561232,2.915609197442398e-06,0.0003091802165713386,1.358898675301872e-07,0.0031889391369406598,0.16059990317203593,0.0007988999456706752,0.8236982478561232,0.011401778173593228
20181208_sample_10,Sst,Sst,0.9957366616185056,1.0423021306391012e-05,0.00016038423080263573,2.49120364472381e-07,1.1288875466502472e-05,0.002697066837061452,0.00031345114394141127,0.9957366616185056,0.0010704751525515725
20181211_sample_1,CT,ET,0.6382815255250912,0.20577843274874455,0.6382815255250912,0.15443847229065263,1.6010364419249743e-08,0.0015015281320129054,5.98473310096481e-15,2.5280959850912586e-08,1.2168438607861242e-11
20181211_sample_2,Pvalb,Pvalb,0.7428572330224015,2.9564478001225546e-05,5.321349011531899e-05,3.2609082628124406e-07,0.019157857691459695,0.7428572330224015,0.00042381137968362353,0.23588462792825463,0.001593365919257792
20181211_sample_4,Pvalb,Pvalb,0.7966440525093558,0.014655585215233063,0.08591804788645101,0.00038544005501852795,0.00026400003722275615,0.7966440525093558,6.828315786514227e-07,0.1020882829071292,4.390855801094151e-05
20181211_sample_6,Pvalb,Pvalb,0.8552283010028926,1.1391957586756453e-05,0.00015848770212182942,8.161723055848613e-08,3.477010639254487e-05,0.8552283010028926,4.0752208269155446e-07,0.14454107595280916,2.5484138883810822e-05
20181211_sample_7,Pvalb,Pvalb,0.9105342968598805,2.7508183569866042e-05,3.518759770889814e-05,4.14182809001155e-06,0.07249675374982292,0.9105342968598805,4.3769186042667455e-07,0.015217282021626054,0.0016843920674413533
20181211_sample_8,Pvalb,Sst,0.7711914161776539,4.88238922523025e-07,1.931404096073524e-06,1.6870459889328752e-10,0.0022893268827367595,0.22297082170667373,0.0005268262008349401,0.7711914161776539,0.0030191892203774145
20181211_sample_9,Pvalb,Pvalb,0.9029858265681793,1.706723412254842e-05,0.0001596144367391815,2.1843176580760536e-07,0.0017284998863502903,0.9029858265681793,4.942984022028967e-05,0.09481249400556607,0.0002468495970563229
20181213_sample_1,Sst,Sst,0.8882239881970506,0.000216022793569077,0.00023125233447522615,5.787338951727215e-07,0.0032347519134183016,0.03682808343130428,0.0002559453435398642,0.8882239881970506,0.0710093772527475
20181213_sample_2,Sst,Sst,0.872817110207225,3.6168665996627945e-06,3.1307404956600205e-05,1.4437278379800303e-07,0.0049803593149035956,0.11068151752149179,0.0012393446654355047,0.872817110207225,0.010246599646604002
20181213_sample_3,Sst,Sst,0.9730388162641305,4.786064794856711e-05,1.2177420850150848e-05,3.325068879832434e-07,0.0016613132813349874,0.0033166456744270606,0.005981474348522226,0.9730388162641305,0.015941379855898614
20181213_sample_4,Sst,Pvalb,0.5819423126164541,0.003947956882671804,0.033401157467442606,0.0012606554011379597,0.001763086531773205,0.5819423126164541,8.751575584659798e-05,0.3549628594611607,0.022634455883513097
20181213_sample_5,IT,IT,0.9008328851153423,0.08976203484414506,0.009390086261964995,0.9008328851153423,1.8272602189640606e-07,4.398512271542664e-06,5.934298599651366e-11,4.841189223891482e-06,5.571291687430016e-06
20181213_sample_6,Sst,Sst,0.7099932785061308,5.7477300087579e-07,5.7150632579399195e-05,2.568013229615827e-10,2.8910198378263123e-05,0.2899014217893174,1.3428924677368358e-05,0.7099932785061308,5.2349191146064436e-06
20181213_sample_7,Sst,Lamp5,0.8444191074861795,6.17400563296994e-06,4.547548643720034e-06,3.1651978392913044e-07,0.8444191074861795,0.03616066448328842,0.00965612150670184,0.03411374219582537,0.07563932625394403
20181214_sample_2,Sst,Sst,0.8619649970422923,4.912128086703586e-05,0.000791733353645119,5.908951498415728e-05,0.009056234310645814,0.02788328335410133,0.00035875719586017516,0.8619649970422923,0.09983678394760405
20190108_sample_1,Pvalb,Pvalb,0.9952322109730046,4.483410187199948e-08,2.6784944998536776e-05,5.761869735122985e-10,1.4712164173693222e-06,0.9952322109730046,4.078016828942263e-09,0.004739467035998914,1.6341274761865017e-08
20190108_sample_2,Vip,Vip,0.739895105075369,6.697690405552265e-05,2.2135093081000354e-08,7.276664130954539e-07,0.024300907164254027,3.2637698257900176e-06,0.2129491391969856,0.022783858088003806,0.739895105075369
20190108_sample_3,IT,Vip,0.5440822040282209,0.19230741791020858,0.0029822513551887603,0.22023641627028362,0.0031019758763753823,4.292372792447412e-05,0.00026753271899752196,0.03697927811280076,0.5440822040282209
20190108_sample_5,Vip,Sst,0.9543554335522575,0.00012909337815043462,1.2389405491754043e-05,7.901295852187853e-08,0.0032597976849233494,0.011926334169502598,0.0011905113295466623,0.9543554335522575,0.029126361467169206
20190108_sample_6,Lamp5,Lamp5,0.9575804034928082,5.327831240214894e-07,9.082425665216918e-09,1.1244239677448523e-07,0.9575804034928082,0.000410168627368938,0.0032215751634809588,0.00013003375562588952,0.038657164652769714
20190109_sample_2,Sst,Sst,0.8100816405735184,4.271735628577608e-05,0.0015253368682237374,9.750362455511271e-07,0.00018187268026853247,0.18799217451902409,2.6076053073989594e-06,0.8100816405735184,0.00017267536112648775
20190110_sample_1,Sst,Sst,0.6691881084832831,0.0011263709393106562,0.002684164822642715,1.8700216510216016e-05,0.0013176650645307945,0.32243705628038893,7.380192827068552e-06,0.6691881084832831,0.0032205540005064764
20190110_sample_3,Sst,Sst,0.6256203960105695,0.0008902967899586967,0.013004351924667486,0.0002968543010770581,0.006621488531979615,0.3490457015270142,1.888909024009771e-05,0.6256203960105695,0.004502021824493404
20190110_sample_4,Sst,Sst,0.9641027656121219,0.005297083394347317,0.018458556141882552,7.91689931685239e-05,7.211535668957964e-05,0.010921579132946817,7.969395690643767e-06,0.9641027656121219,0.0010607619731525996
20190110_sample_6,IT,IT,0.9886352972009679,0.011105249784006076,0.0002594530147768864,0.9886352972009679,9.398359595668369e-14,3.761208367904273e-14,2.801276422298064e-19,6.570074594610138e-15,1.1096051465868964e-13
20190110_sample_7,IT,IT,0.9786007826186464,0.01792169477803097,0.0034325666469402056,0.9786007826186464,1.9238323658644375e-06,3.8375600242188863e-07,8.526394000585263e-09,4.338945072934394e-06,3.830089654727268e-05
20190117_sample_1,Vip,Sst,0.4190110347590723,1.6925549742988434e-05,1.695313318319676e-05,3.6083039132388753e-07,0.20985206112369983,0.12531705261268633,0.027682741469599897,0.4190110347590723,0.21810287052162428
20190117_sample_2,IT,IT,0.9716585969091331,0.026195544859712334,0.0021458581922143808,0.9716585969091331,6.478637265239451e-13,3.7128222674784126e-11,4.504044901473434e-19,9.388770452865518e-13,2.2517146545095987e-13
20190117_sample_3,Sst,Sst,0.8245139461131462,2.93341265814079e-06,0.00012419649581019658,1.0169010556381294e-07,0.01856500749922716,0.00854480764133618,0.03848062904633672,0.8245139461131462,0.10976837810137983
20190117_sample_4,IT,IT,0.9743035503625082,0.013250921567472271,0.012443859405179747,0.9743035503625082,1.9258335714269748e-08,8.648541164088399e-07,3.3499514265821783e-12,2.9115321561310937e-07,4.933958221096765e-07
20190117_sample_5,Sst,Sst,0.8175158179892476,0.0001248225607367675,0.0055731278026624935,1.3520441081748977e-05,0.0002136493941472594,0.17556650110040686,2.6381201242529083e-06,0.8175158179892476,0.0009899225915932178
20190122_sample_1,Pvalb,Pvalb,0.9976548488610817,9.033896051174433e-07,0.00035916627684858633,8.367823142158751e-10,5.261114835853114e-08,0.9976548488610817,1.8547298946999554e-12,0.00198502723080434,7.918748693721507e-10
20190122_sample_2,IT,IT,0.9772242730141327,0.022573801544720905,0.00020191705105588437,0.9772242730141327,5.1325342404652456e-11,7.398724143354145e-12,1.3111021866136287e-13,2.3186235156903956e-09,6.012611997627721e-09
20190122_sample_3,Pvalb,Pvalb,0.961592917307451,0.00035240869440333677,0.008588905327842877,4.654602653147072e-05,0.0004312087886550811,0.961592917307451,1.749057952506612e-08,0.028975501821053944,1.2494543482820264e-05
20190122_sample_5,Pvalb,Pvalb,0.971081186078875,0.0001142113059145651,0.011179979476255323,9.719637135980744e-06,6.117786789319754e-05,0.971081186078875,3.828978021338249e-07,0.0175519093110533,1.4334250704692423e-06
20190122_sample_6,IT,IT,0.9403267275965497,0.05812240263892774,0.0015508693117845366,0.9403267275965497,1.5480613982666282e-11,9.225277994811906e-11,6.60967490703598e-16,1.0890238697382428e-10,2.3610155833474647e-10
20190122_sample_9,Pvalb,Pvalb,0.34561086502823835,0.24385454723078573,0.062306691581355295,0.04906978658815961,0.004089143359767198,0.34561086502823835,0.0007780697662065299,0.263424100272822,0.030866796172665363
20190122_sample_10,Pvalb,Pvalb,0.4525195027522891,0.011966233115687829,0.03314112001513571,0.0019670755478996254,0.03896440228069928,0.4525195027522891,0.0005515117412475338,0.429913430096589,0.030976724450451742
20190122_sample_12,Pvalb,Pvalb,0.9743158201883135,3.7248032858136864e-06,2.0050122918550812e-07,1.1110172892704504e-06,0.0013362806427461237,0.9743158201883135,8.58814764411545e-07,0.02416090597090152,0.00018109806147027283
20190122_sample_13,Pvalb,Pvalb,0.973461009616667,2.373794355342707e-06,0.0005356344555031996,9.82466084949071e-09,2.880831148980679e-06,0.973461009616667,1.2126192009174918e-09,0.02599806447228388,2.579276158831627e-08
20190122_sample_14,Pvalb,Pvalb,0.9152837278654185,0.0002791950398629353,0.017524083179940256,2.4310449211569153e-05,9.406938719522155e-05,0.9152837278654185,2.9059486392704433e-09,0.06675722133621254,3.738983621025181e-05
20190122_sample_16,Pvalb,Pvalb,0.9340200636589137,7.885076654895987e-07,8.895674077669446e-07,5.936637579010241e-08,0.06397243817002364,0.9340200636589137,2.2270123691246983e-07,0.001981437033175581,2.410099520092922e-05
20190122_sample_17,Pvalb,Pvalb,0.8931913405523947,0.00016124899856895274,0.06332285669333486,9.663022372245382e-06,2.918022046141898e-05,0.8931913405523947,4.548831382880186e-08,0.043284329648548434,1.3353760056264879e-06
20190123_sample_5,Pvalb,Pvalb,0.9091289795370223,0.00013134324675963732,0.00608484846076064,9.026261443818915e-06,0.00011698929873355935,0.9091289795370223,6.47812752179528e-09,0.08451744013994823,1.1366577204215435e-05
20190123_sample_7,Pvalb,Sst,0.5077613197551146,3.238026694147729e-05,0.00018241080248568468,6.925004501400417e-08,0.0014005740168513967,0.4900788489185822,1.4493068819641417e-06,0.5077613197551146,0.0005429476830977185
20190123_sample_8,Pvalb,Pvalb,0.9945630770317889,1.5317268968126103e-07,8.402792113639505e-05,2.8922703256988945e-09,1.4398764159256838e-05,0.9945630770317889,2.076844534912829e-07,0.005337984607511419,1.4792599058335812e-07
20190124_sample_4,Pvalb,Pvalb,0.6967940561113736,0.007772131909469546,0.049253566031169274,0.001543787803262509,0.004629077697592169,0.6967940561113736,7.418578941080343e-05,0.23690887482018808,0.003024319837534153
20190128_sample_2,Pvalb,Pvalb,0.9278229604286268,2.2517143666985686e-06,0.0005966084214368392,1.3092653930438773e-08,1.3442981100328138e-05,0.9278229604286268,4.737501852804668e-08,0.07156443374470259,2.4224209416426696e-07
20190128_sample_4,Pvalb,Pvalb,0.8968050935694616,0.0006899215342115386,0.0037559445279602547,2.8330676311177537e-06,0.0002487023038137111,0.8968050935694616,3.3029683330621815e-08,0.09845458683041097,4.2885136827411414e-05
20190128_sample_6,Lamp5,Vip,0.6030511931633344,4.8254822901752434e-08,2.6027861166895617e-07,7.216107977330513e-09,0.07438878551938768,0.0014023350657426025,0.21308666230849072,0.10807070819350192,0.6030511931633344
20190128_sample_7,Pvalb,Pvalb,0.979083518417303,2.90958552368958e-06,0.0006455557331986254,1.3457260406878093e-06,0.002033231371196396,0.979083518417303,1.4665826121558249e-08,0.018224584264186928,8.840236724399887e-06
20190128_sample_11,Pvalb,Vip,0.33140232157866384,0.00493329999097751,0.0005532581485536252,0.0005826605680010141,0.08366407615275084,0.2704093026644174,0.00016050865375999795,0.3082945722428757,0.33140232157866384
20190128_sample_12,Pvalb,Pvalb,0.9975563046454506,1.5831870614463143e-06,5.906039125717041e-05,3.9516616553234e-10,1.778683225316126e-05,0.9975563046454506,2.393030432095205e-09,0.0023652402023214957,2.195345939487575e-08
20190130_sample_3,Lamp5,Lamp5,0.5207904129682702,4.7830543870746434e-05,7.438796024724466e-06,3.6745225467411585e-06,0.5207904129682702,0.013690468171881517,0.08311488608389614,0.06954051831043595,0.31280477060307393
20190130_sample_6,Pvalb,Pvalb,0.711407345329882,0.0002548772219115318,0.007380582553141447,5.6783129205099495e-05,0.0010397951957198334,0.711407345329882,9.137806958039469e-07,0.2796367968436616,0.00022290594578258888
20190130_sample_8,CT,IT,0.956810799144137,0.042450449643966964,0.0007387075663124201,0.956810799144137,1.4203666236672934e-09,1.1831356898366578e-09,5.1537018461878695e-12,1.5365436917866434e-08,2.567149066246186e-08
20190130_sample_9,Sst,Sst,0.8791997382655429,6.318424961905889e-05,0.0029157810202201247,9.710740950151768e-06,0.0023658575880187026,0.10059996531763551,0.0009461702654074695,0.8791997382655429,0.013899592552606114
20190130_sample_10,Sst,Vip,0.675717735563657,0.00041709824621627943,1.6552342500780763e-06,1.2499309633647967e-05,0.09683093719922896,0.00039311056948251774,0.11295004006810912,0.1136769238094223,0.675717735563657
20190130_sample_15,Pvalb,Pvalb,0.9715562274380855,1.1496768674578949e-05,0.013324823979876431,2.9542774163603445e-07,2.709498258166252e-07,0.9715562274380855,6.745307418775051e-12,0.015106875999820168,9.429230552659319e-09
20190130_sample_17,Sst,Sst,0.9622801096608905,0.00019645570965085162,7.359738591770802e-05,1.8552110609913388e-08,4.041805948710108e-05,0.03648741246663181,2.9003210982209e-05,0.9622801096608905,0.0008929849543291119
20190130_sample_18,Sst,Pvalb,0.8993147216287548,6.316894607148136e-06,1.0227212051395347e-05,8.806389909880421e-07,0.002646253781535013,0.8993147216287548,3.2072778784900115e-05,0.09278341510589225,0.005206111959383529
20190131_sample_1,Sst,Sst,0.9034829117737772,0.0006972992201687815,0.006060401895303991,0.0002889846410008056,0.0024763370902625603,0.06775506800047958,2.302959323948034e-05,0.9034829117737772,0.019215967785767684
20190131_sample_3,Pvalb,ET,0.6153767326840065,0.18266465169336374,0.6153767326840065,0.013474670829324326,0.00017369663652208215,0.0858008413119974,1.1574319098617736e-06,0.10217722009032952,0.00033102932254658145
20190131_sample_4,Sst,Sst,0.995671671507902,4.430024279047872e-07,1.697285319894603e-05,4.3803878680711903e-10,4.0107455526369235e-06,0.003916889555807724,4.919215587347644e-05,0.995671671507902,0.0003408197411983774
20190131_sample_5,Sst,Pvalb,0.6547795326758847,2.1908993300817173e-07,3.433014915415083e-05,6.104960408287786e-11,1.9247791800643004e-05,0.6547795326758847,9.365260256598266e-07,0.3451604304683977,5.303237754518217e-06
20190131_sample_6,Sst,Sst,0.9719302009612297,0.001993356773765387,0.0007012960000382171,3.7181435198489524e-06,2.1592595708548356e-05,0.02489283045690317,1.5852740789433434e-06,0.9719302009612297,0.0004554197947561253
20190131_sample_10,Sst,Sst,0.8402264161491932,1.4239036042814809e-05,0.0001178096042570085,1.8677995277353866e-06,0.005285050231264736,0.10032975095110312,0.0014618885543108049,0.8402264161491932,0.05256297767430063
20190201_sample_2,Pvalb,Pvalb,0.6555133065767799,0.00020647472634665936,0.002789970036848858,2.2586937978049324e-06,4.232831048953484e-05,0.6555133065767799,2.0217616713238026e-07,0.34141363489553594,3.1824584034092436e-05
20190201_sample_3,Pvalb,Pvalb,0.9840199549672892,2.4264614198751945e-07,8.329466550208301e-05,4.476485208452882e-10,7.98009475576045e-06,0.9840199549672892,4.241745383947163e-08,0.015888101981778473,3.8277943021738136e-07
20190201_sample_4,Pvalb,Pvalb,0.9461755908238644,4.189733623214669e-07,1.78634472294961e-05,1.7437117209024958e-08,2.7274442881735378e-05,0.9461755908238644,1.1022929599393308e-07,0.053777632706442084,1.091939806958389e-06
20190201_sample_7,Pvalb,Sst,0.5168564730921439,0.0017635852751392612,5.0141945934716746e-05,6.6830721688488814e-06,0.0014805333259231323,0.47847980851905014,5.711198427369474e-06,0.5168564730921439,0.001357063571212601
20190201_sample_8,Pvalb,Pvalb,0.899940756764576,2.584821407135911e-05,0.004286106942706369,7.233082460288104e-07,6.93979758613324e-05,0.899940756764576,4.317039320175242e-06,0.09566333587923347,9.513875985473661e-06
20190201_sample_10,Pvalb,Pvalb,0.9524214482965851,0.0001082304059054084,0.0006114965688495067,1.275885209027589e-05,0.0005870383315369479,0.9524214482965851,1.7470269382416715e-11,0.04617444165429764,8.458587326453812e-05
20190204_sample_1,Sst,Pvalb,0.4720581827359466,0.005205319470813956,0.13720697134700974,0.0007325646046353178,8.289197705874831e-05,0.4720581827359466,4.808395706101629e-06,0.384566384022698,0.00014287744613152768
20190204_sample_2,CT,IT,0.8809717260113546,0.1187853915031137,0.00014306967697445664,0.8809717260113546,1.4791484120465409e-06,3.7714819122911405e-05,5.096878046147682e-10,3.924158606233537e-05,2.1376745272153124e-05
20190204_sample_4,Sst,Sst,0.941823055035188,0.0005840893715464553,0.00017137639603992492,4.201352097314108e-06,0.001320711344008087,0.003934538551938956,0.00024862760885177105,0.941823055035188,0.05191340034032931
20190204_sample_5,Sst,Sst,0.9496727425532578,0.00027729086417590827,0.00011948273728081678,3.601167871416659e-06,0.0018450115007902803,0.0023074549312691083,0.010709342896264072,0.9496727425532578,0.03506507334909048
20190204_sample_6,Sst,Sst,0.9921859810351148,1.0810996640993141e-06,9.599951585026699e-05,8.650370302260916e-08,0.00014618455467360725,0.0022313798877502716,0.001025736897154884,0.9921859810351148,0.004313550506089
20190204_sample_7,Pvalb,Pvalb,0.8732928791397507,3.059931926558439e-06,0.0002227740146115062,4.288443321044896e-09,8.505938172058548e-05,0.8732928791397507,2.1143449596395395e-06,0.12639048690301347,3.6219955742734435e-06
20190204_sample_8,Pvalb,Pvalb,0.9758003495479143,0.00011072302624693525,0.00272289002207662,3.3840527860839532e-06,4.161796411796277e-05,0.9758003495479143,2.960318636357933e-07,0.021317085127065923,3.6542279286795446e-06
20190204_sample_9,Pvalb,Pvalb,0.8999383201686367,3.0223663575374224e-06,0.0015065034785662703,8.459960201283534e-08,9.324977233031735e-06,0.8999383201686367,1.1267078153586034e-07,0.09853982984130145,2.801897521477167e-06
20190204_sample_10,Pvalb,Pvalb,0.9857109880630981,4.3993850345457206e-05,0.002382734257957476,5.553790227080402e-08,4.1984758629625035e-06,0.9857109880630981,1.3871303127580219e-09,0.011858018927637909,9.500065504522378e-09
20190204_sample_11,Sst,Sst,0.6539886095481598,5.407107626625501e-05,0.004269219949516505,6.916386318830601e-06,0.0006022844146264578,0.3401003857836258,1.844886402114202e-05,0.6539886095481598,0.0009600639774650792
20190204_sample_14,Sst,Sst,0.7984788004315725,8.178318250049075e-06,0.00013622886551914825,2.592012715652109e-07,0.0007375962481094882,0.20017213868116332,5.539791778997907e-05,0.7984788004315725,0.00041140033632388126
20190204_sample_15,Sst,Sst,0.9339607159060597,0.0007357416352914255,0.00031702383375709824,1.525682112571176e-05,0.002651924746693479,0.02596247367051758,3.1075605000966245e-07,0.9339607159060597,0.036356552630505225
20190204_sample_16,Sst,Sst,0.9706433116783867,3.570832013380548e-05,0.00015921650509571965,3.365091312889317e-07,0.00010036620449730877,0.028121607701149683,2.5482134243354027e-05,0.9706433116783867,0.0009139709473622754
20190204_sample_17,Sst,Pvalb,0.6410620235707867,0.0024507067862389034,0.0009210137669682198,3.60033552222115e-05,0.012425707611690831,0.6410620235707867,0.0007809312184150354,0.32333324315999146,0.01899037053068683
20190204_sample_18,Sst,Sst,0.9495564636129967,0.0009238305023701917,0.001129016583953925,1.901311093148808e-05,0.0016980175734761542,0.03307737007170004,0.00016830729476344873,0.9495564636129967,0.013427981249808011
20190204_sample_21,Pvalb,Pvalb,0.9020372730037964,2.882543109300896e-06,0.0025790236602336444,1.2789210438388489e-07,1.2721796228655062e-05,0.9020372730037964,2.0552571400570707e-07,0.09536219932849958,5.566250313970144e-06
20190204_sample_22,IT,IT,0.9158781986493981,0.05529297201672506,0.02870951906162259,0.9158781986493981,6.367101406797146e-08,1.4313670020505092e-07,1.2557885964905595e-12,3.017166279682483e-05,8.893180048730442e-05
20190204_sample_24,CT,CT,0.8407974417272344,0.8407974417272344,0.00024064825695071333,0.15895707432010492,1.2184301711995395e-06,7.761226147128179e-08,1.4644699556482026e-13,1.7757591072506546e-07,3.362077219929264e-06
20190205_sample_1,Pvalb,Sst,0.8155360726743729,0.0001361564727500708,4.648595634310889e-05,5.573206562356751e-07,0.024251701325519813,0.08346380627154187,0.00015388657378255895,0.8155360726743729,0.07641133340503335
20190205_sample_2,Sst,Sst,0.9443414855904667,1.8372496830592697e-07,5.0718409730354616e-05,2.6932081813643417e-08,0.0008276455285483307,0.04661071964363639,0.001099395584010597,0.9443414855904667,0.007069824586557484
20190205_sample_4,Sst,Sst,0.9775187954816109,9.10617359521565e-06,0.0005988533545505086,2.022465823117258e-06,0.00013988460247245756,0.019915881391180352,1.2396623004515264e-05,0.9775187954816109,0.0018030599077629526
20190205_sample_5,Sst,Vip,0.5152947622738691,0.0028240083328892277,0.0012445803872941608,0.0003513061621048655,0.0013876715437473254,0.0008234961156157877,9.9222874983037e-05,0.4779749523094966,0.5152947622738691
20190205_sample_6,Sst,Sst,0.947798720753854,2.735496138539682e-07,1.7077743983318998e-06,6.926160664580109e-09,0.004948765491819687,0.036754326292795673,0.0014816237538939373,0.947798720753854,0.009014575457463649
20190205_sample_7,Pvalb,Pvalb,0.9807338352106051,6.53656432413902e-06,0.0009696421942619488,3.4633758412704905e-08,6.082737436127559e-06,0.9807338352106051,1.5839262781744224e-09,0.018283846285684625,2.0790003422029945e-08
20190211_sample_1,Pvalb,Pvalb,0.9824617196427311,9.468738700656054e-05,0.002340309041685821,1.7517766594689618e-07,2.8250923909289016e-06,0.9824617196427311,3.576229293242061e-09,0.015100257396629884,2.2685660547145614e-08
20190211_sample_2,IT,IT,0.878045443902671,0.12162436517786863,0.00033019075058307145,0.878045443902671,5.391256690337468e-12,2.1823580215264204e-11,9.768099090218938e-17,7.262963723022947e-11,6.903282967637943e-11
20190211_sample_3,Pvalb,Pvalb,0.7302107858332535,0.0038463566810773547,0.00652225160427491,2.6567475863592914e-06,1.9530287594449047e-05,0.7302107858332535,1.3350466253530337e-08,0.25939540781677645,2.9976789707367106e-06
20190211_sample_4,IT,IT,0.9267743317891126,0.05401108038051244,0.01921376256451376,0.9267743317891126,3.185550711524672e-09,5.018478999450049e-07,1.0772100050992343e-12,2.485011363052136e-07,7.173019686951634e-08
20190211_sample_6,Pvalb,Pvalb,0.9951258067354862,3.0190533194804966e-07,0.00066984655767717,1.2264108558713624e-08,2.7285499058741815e-06,0.9951258067354862,2.8365594923104254e-09,0.004201288724165903,1.2426764752490907e-08
20190211_sample_8,Pvalb,Sst,0.4480892765933254,0.014746042631499052,0.0009943143569656014,0.0009297123603082118,0.1072683172642471,0.11742749743752869,0.004720146583747448,0.4480892765933254,0.3058246927723784
20190211_sample_9,Pvalb,Pvalb,0.9390350777848224,7.002712450859615e-09,7.962786980256355e-07,1.88746766695474e-11,0.0004188159402149608,0.9390350777848224,9.318616807347515e-07,0.06051478622598456,2.958488701221417e-05
20190211_sample_10,CT,CT,0.9620740308440844,0.9620740308440844,0.002406138103134671,0.035517167472653925,1.2641845038883535e-07,6.410136672885813e-08,2.426151309329375e-12,1.6683817923908009e-06,8.046760911756962e-07
20190211_sample_11,Pvalb,Pvalb,0.9567450777285935,0.00021592883312739256,4.687007916222263e-05,0.0002832578569603931,0.0025827937842276606,0.9567450777285935,1.711845684100599e-06,0.03961324511807067,0.0005111147541739823
20190212_sample_1,Sst,Sst,0.9896404774781599,5.4558755754210835e-06,0.00010061747093669737,7.0902542241946e-09,2.3664251444150964e-05,0.009452236741369075,0.000154257625884579,0.9896404774781599,0.0006232834663759901
20190212_sample_4,Sst,Sst,0.3609857337611941,0.26416753971879753,0.23245472732692288,0.07150406380077105,0.002554242520370061,0.024746967445766717,0.001746748381321329,0.3609857337611941,0.041839977044856425
20190212_sample_5,Sst,Sst,0.8567331740950648,0.0020354800293721827,0.00012639291146879732,0.00022596414288499997,0.0001432301181042381,0.0008292533517409643,3.8154019646521674e-05,0.8567331740950648,0.13986835133171752
20190212_sample_6,Sst,Sst,0.9155176121100094,0.00128880672034756,0.0003246924652325099,8.36136898412458e-05,0.004148811534566119,0.030720147865771156,8.590741346881758e-05,0.9155176121100094,0.047830408200763286
20190212_sample_7,Sst,Sst,0.9102702818876874,8.768383266111673e-05,0.0004625297922948355,2.574622361031723e-05,7.34797061834906e-05,0.0003602470179334306,0.000805355900950912,0.9102702818876874,0.08791467563867834
20190212_sample_8,Sst,Sst,0.9201743002702213,5.696259031166386e-07,1.9034337294622138e-05,4.580826419296577e-08,0.00012819436750827594,0.07577375115850095,3.89646509115644e-05,0.9201743002702213,0.003865139781396024
20190213_sample_1,Pvalb,Pvalb,0.9561987215175922,1.9542622198437334e-05,0.024186723497624955,3.4198931905119057e-07,3.2442943389217965e-07,0.9561987215175922,1.147136729978097e-11,0.019594332548225363,1.3384134626754514e-08
20190213_sample_4,Pvalb,Pvalb,0.9807132703364084,7.027337755061178e-07,0.0015077461836138846,1.394249577195253e-07,2.5823091431188084e-05,0.9807132703364084,1.422436482967842e-09,0.017751666918773352,6.498886035686849e-07
20190213_sample_7,Pvalb,Pvalb,0.978567420591118,1.8884533452714112e-07,2.6952667188713005e-05,3.0462221621569905e-11,0.0002814326069447952,0.978567420591118,3.1365267040850294e-08,0.021123521182852326,4.527108323346887e-07
20190213_sample_8,Pvalb,Pvalb,0.9743252284433235,1.416621543122768e-07,1.859904149705057e-05,2.9118177767280826e-09,0.0008062039192379509,0.9743252284433235,7.0763004299106935e-06,0.024833956749011003,8.790972528431793e-06
20190214_sample_1,Pvalb,Sst,0.6029592966986337,0.0002959412722209287,0.00011190633279295562,2.7464127994965467e-05,0.04060583492300225,0.3396590080221202,0.0006109324245922961,0.6029592966986337,0.01572961619864268
20190214_sample_2,Pvalb,Pvalb,0.5322728774300622,0.0016168939911315832,0.06011802615916859,9.807352145487506e-06,4.9065326140517925e-05,0.5322728774300622,1.4292788259776954e-07,0.4059022211144987,3.096569897047317e-05
20190214_sample_3,Pvalb,ET,0.5954122993315875,0.0015548032910580225,0.5954122993315875,7.101283509608186e-05,6.652137456464563e-06,0.4009307065575623,3.3328809462713773e-10,0.002024517787701476,7.726250173631555e-09
20190214_sample_6,Pvalb,Pvalb,0.9345167661670132,0.00027605987234289166,0.002085111460289403,0.0005337140061974451,0.02838585763069451,0.9345167661670132,9.007602923132961e-08,0.03170745434050746,0.0024949464469260075
20190214_sample_9,Pvalb,Pvalb,0.8824077539385728,0.010372936444122903,0.05738859070107868,0.00012034249276641916,1.4571797815963652e-05,0.8824077539385728,1.7413471410700388e-09,0.04969428230196503,1.5205823310440185e-06
20190218_sample_3,Sst,Sst,0.9565612644586813,0.00039424007020679916,0.001173343807644931,3.389814985134969e-06,0.00022892088948415988,0.027042688906340536,0.00019602514202133773,0.9565612644586813,0.014400126910635889
20190218_sample_4,Sst,Sst,0.9865710221642519,0.00011232260401075125,0.0011226301398434672,1.1540736441895226e-05,9.872954745878278e-05,0.003250869947951655,0.0002925026533251242,0.9865710221642519,0.008540382206716466
20190218_sample_5,Sst,Sst,0.7081376531599999,6.619546394135055e-05,0.008868283597644164,7.294140395764991e-06,0.007938432768778265,0.27328402236541244,0.00029311056358799866,0.7081376531599999,0.0014050079402401971
20190219_sample_1,Vip,CT,0.47883551313560263,0.47883551313560263,0.005434982287096084,0.006154386842388249,0.0030036979874172066,0.009124935931335317,0.0008865375771195166,0.37174993371326603,0.12481001252577482
20190219_sample_3,Sncg,Vip,0.5620898308735085,6.849617902916648e-07,9.511109889425761e-06,3.221440603069506e-07,0.08461219314462459,0.0011105373412818372,0.14812563775029583,0.2040512826745491,0.5620898308735085
20190219_sample_4,Vip,Vip,0.9302638748045968,0.00030928495793619315,3.655769353915491e-05,0.00018981279969360878,0.010359037265097366,0.0011011117009282847,0.022603560048038207,0.03513676073017044,0.9302638748045968
20190219_sample_7,Vip,Vip,0.9860605065936596,0.00014342418888926798,4.054258048710699e-06,5.272471840256993e-05,0.0022751007574031497,2.1553727451290884e-05,0.0039081929085997,0.007534442847545674,0.9860605065936596
20190219_sample_8,IT,IT,0.7486007477706872,0.2444183793713938,0.006911371498021333,0.7486007477706872,6.745349742766267e-08,2.757573821725037e-05,2.4534717239636713e-09,3.9973106416592245e-05,1.8826082947258626e-06
20190221_sample_1,Sst,Sst,0.8975791636283765,0.0010278931819728463,0.00041020141870451454,4.098059396113427e-05,0.0012989734005496446,0.022051436445322942,0.00016187218444676775,0.8975791636283765,0.07742947914666566
20190221_sample_2,Sst,Sst,0.6689642972472652,0.0025689931253860547,0.01325199592436143,0.00046148432584827134,0.07576908164980642,0.21192792220928258,4.896476140433769e-05,0.6689642972472652,0.027007260756645605
20190221_sample_4,Sst,Sst,0.5417119993166886,8.726636874086904e-05,0.00015360736591380042,1.3987368238433818e-05,0.09485942398873089,0.09067959879698134,0.012768613418803827,0.5417119993166886,0.2597255033759021
20190221_sample_10,Sst,Sst,0.8703965208417491,1.1168258836368513e-06,1.228838659157905e-06,8.26147952875016e-09,0.04789876567315988,0.056704998477068835,0.010256666467597084,0.8703965208417491,0.014740694614402635
20190221_sample_11,Pvalb,Pvalb,0.9901360903682529,1.6612293811287484e-05,0.00018589888707210456,2.794483253850691e-07,0.0001248457524715951,0.9901360903682529,1.0878541908970869e-07,0.009535298460212362,8.660044355699008e-07
20190222_sample_2,CT,CT,0.8650906120389434,0.8650906120389434,5.699230056821112e-05,0.1348523697196483,2.8168722613630984e-12,3.5500804353774093e-13,3.207632131514813e-11,2.392161121750072e-08,1.9839807090790238e-09
20190222_sample_3,IT,CT,0.5633990369845061,0.5633990369845061,0.00011119809247510441,0.43648976492192365,6.45761894679624e-13,2.6680963345438208e-14,8.592977873983702e-18,4.8676454144911156e-14,3.740717253522161e-13
20190222_sample_4,CT,CT,0.42005215410910085,0.42005215410910085,0.014606045203453079,0.0494461446066699,0.0003028832778536648,0.008345399283169555,1.2479674065302567e-07,0.3603492749498125,0.14689797377319969
20190222_sample_5,CT,CT,0.6246621561158097,0.6246621561158097,0.0011344373050063067,0.37420340655025275,5.89214649023711e-12,9.917606035082939e-12,1.9288382488233153e-16,1.100283003959887e-11,2.118419042379763e-12
20190222_sample_7,Vip,Sst,0.7403882687679,0.00018062131186258941,0.0012114483312800843,0.00013419961012195797,0.048152466641804746,0.14878737182190652,0.0013381722120685904,0.7403882687679,0.059807451303055564
20190222_sample_8,IT,IT,0.9638564271889686,0.03612588398184045,1.768399766274655e-05,0.9638564271889686,6.816737082119957e-11,1.5076449154252463e-11,1.802161954833478e-14,4.356476789200717e-11,4.7047016631771325e-09
20190226_sample_1,Pvalb,Sst,0.8966113011366267,0.00021810674069143869,0.0015417332349024339,2.2252204640727737e-06,0.0012168543964492385,0.09723288395069885,0.000999975595289,0.8966113011366267,0.0021769197248784626
20190226_sample_2,Lamp5,Lamp5,0.8858526429977154,8.450757947992316e-07,1.9470658687217656e-09,1.1225774977107252e-08,0.8858526429977154,0.0004926739124627253,0.026231973532673977,0.00036998893890480327,0.08705186236960732
20190226_sample_3,CT,CT,0.8861764131417513,0.8861764131417513,0.00041434539909872433,0.011066670022447501,0.09029527929781647,0.0002579080916271852,0.00039960553907526905,0.00014207594084790777,0.011247702567335607
20190226_sample_5,IT,IT,0.9690077896727031,0.03097330062680101,1.8909683879351716e-05,0.9690077896727031,2.084432814356567e-13,1.4945318502031867e-12,4.141019561109643e-18,9.070539898826941e-13,1.4006587167454527e-11
20190226_sample_6,IT,IT,0.9281774630923845,0.06882761808157589,0.002994576050704365,0.9281774630923845,4.3220468417807825e-09,2.761802780204433e-07,3.234823471793036e-14,3.931682536325265e-08,2.2956152664089755e-08
20190226_sample_7,Lamp5,Lamp5,0.6272326538234755,7.513451181774169e-08,9.139490670537386e-10,2.897145751082132e-08,0.6272326538234755,8.480438598298393e-05,0.17236362568777025,0.0003654938551241747,0.19995331722772863
20190226_sample_9,Pvalb,Pvalb,0.8464772739529077,0.0014970676052870468,0.001272814299430225,2.199249845059184e-06,0.0004738542767951283,0.8464772739529077,1.6126489421855416e-06,0.1501992320049524,7.594596184037923e-05
20190227_sample_1,Sst,Sst,0.9448726339499562,5.234606564369655e-05,0.0019388352237387637,2.70726725639099e-05,0.001319990739154685,0.04064460695513053,7.123054539080494e-05,0.9448726339499562,0.011073283848421501
20190227_sample_2,Sst,Sst,0.7976671183064719,3.0698808560516055e-06,1.3198628366931272e-05,1.4988366824378706e-08,0.006049831375489955,0.18296323725991212,0.00028715596524067036,0.7976671183064719,0.013016373595295644
20190227_sample_3,Sst,Sst,0.9795654971017278,1.0321742904426947e-06,5.4142529650231386e-05,9.130533253088664e-08,0.00030591570431306737,0.018207774185320925,0.00026071417723795174,0.9795654971017278,0.0016048328221270228
20190227_sample_4,Sst,Sst,0.9639837154040095,7.042674439312136e-06,4.726063484609537e-05,8.202005556147504e-07,0.00010912250872052861,0.0012291823887535666,3.865658275465642e-06,0.9639837154040095,0.034618990530399886
20190227_sample_5,Sst,Sst,0.9579198525145242,3.6968711234058573e-07,2.224868878904592e-05,5.676373222468431e-08,0.0006954085100878813,0.02045494513126316,0.0013287447565215526,0.9579198525145242,0.01957837394796974
20190227_sample_6,Sst,Sst,0.5608293943910467,2.7850527183804347e-06,1.4088256308164686e-07,2.1629056772951103e-06,0.020655753122698184,0.10097486497639473,0.002534983084954989,0.5608293943910467,0.3149999155839466
20190227_sample_7,Pvalb,Pvalb,0.749301271057643,5.796051899576513e-07,0.005790089184488155,8.236485542952241e-09,1.145967360365769e-06,0.749301271057643,1.650353607046452e-07,0.24490589728062181,8.436328503986189e-07
20190318_sample_3,Sst,Sst,0.713872974658411,2.0986675692351326e-05,1.599236366071949e-05,3.7386670448436034e-08,0.014410167103763817,0.26584564474492567,0.001275284531324689,0.713872974658411,0.004558912535551353
20190318_sample_4,Sst,Sst,0.5488488375252717,1.6500429940593221e-07,2.8799479318484984e-06,8.025745075513571e-10,0.04863897162927651,0.3908790022542865,0.0012085682348532902,0.5488488375252717,0.010421574601506155
20190318_sample_5,Sst,Sst,0.9297633623934916,6.537412686886977e-07,0.00027469235129835764,4.569369101129739e-08,0.0002782344539914294,0.06611851360804383,0.0002171992589301119,0.9297633623934916,0.0033472984992849136
20190318_sample_6,Sst,Sst,0.9431909967442903,1.0513362495150114e-07,3.4762505355659966e-06,1.685088631111147e-08,0.00046816818851910504,0.0028920956583695905,0.006131898731502087,0.9431909967442903,0.04731324244227218
20190320_sample_4,IT,IT,0.7891030975833943,0.21081130906284426,8.557913673475076e-05,0.7891030975833943,7.144129044215586e-09,2.2094624731565457e-11,2.4739899952464673e-12,1.1885864158680252e-10,6.929470289926752e-09
20190320_sample_5,CT,IT,0.510204010064828,0.48979286988453197,3.118552564263494e-06,0.510204010064828,1.0576110857934951e-09,9.295123040444785e-13,6.700117752537153e-14,1.3777004018975633e-12,4.380905008921692e-10
20190320_sample_6,CT,CT,0.8529893120437195,0.8529893120437195,0.02953390062797868,0.1174696400499582,3.590947989633775e-10,2.067459693707577e-07,4.999680130324093e-19,6.870269290502181e-06,6.990398905883124e-08
20190320_sample_9,IT,CT,0.8560381359397236,0.8560381359397236,0.02978158846309238,0.11250021246047136,3.298417694729082e-05,9.945571554754496e-06,1.7207120953099559e-06,0.0006565621936270142,0.0009788504824882725
20190321_sample_4,IT,IT,0.9561423829571216,0.04380333593156259,5.3989230643051466e-05,0.9561423829571216,1.0799344411043375e-09,3.0002572480456784e-12,9.331977256172237e-12,3.0650364516758253e-10,2.9048190241063915e-07
20190321_sample_6,CT,IT,0.8253079351336707,0.17438566134186895,0.0003063774746706868,0.8253079351336707,7.483802355912263e-12,1.3732929397861603e-11,9.272999188921455e-13,2.4363287915698848e-08,1.6643577908667442e-09
20190322_sample_1,IT,IT,0.8914296606066807,0.10852425687566233,4.608227966780696e-05,0.8914296606066807,2.3825491626769183e-14,2.568664482561374e-16,9.210724943625128e-15,8.404048374657298e-11,1.5391543618543544e-10
20190322_sample_2,IT,IT,0.9906631376015357,0.008351206185988379,0.000985656102370272,0.9906631376015357,3.5658310611285085e-13,1.8657165394117572e-12,4.910157739314333e-17,9.075760137198831e-11,1.7125574643426767e-11
20190322_sample_3,CT,CT,0.5365380166629178,0.5365380166629178,5.693213242538446e-05,0.4631034552697605,7.507235605106576e-07,2.813028496597808e-08,6.473001981189342e-07,4.9181784575572515e-05,0.00025098799627715977
20190322_sample_4,CT,IT,0.7803410687041509,0.219639711456601,1.909611758048948e-05,0.7803410687041509,2.504470358071042e-09,3.388602074281522e-12,1.6128531141041017e-16,1.6969261802168134e-10,1.2104411598920412e-07
20190325_sample_1,Lamp5,Lamp5,0.8087730855753671,1.4411940521050455e-05,6.337553999797503e-07,5.508176385327024e-06,0.8087730855753671,0.0028501858936865513,0.006269308455358674,0.0023864807969536414,0.17970038540632766
20190325_sample_3,IT,IT,0.922724692646437,0.0770123971097951,0.00025730752228187895,0.922724692646437,1.4367435888494388e-08,1.948413718292239e-10,1.819527625377892e-14,1.0260934448791977e-07,5.4855498461819274e-06
20190325_sample_4,CT,CT,0.709008679890048,0.709008679890048,2.0022742524577264e-05,0.29097129736071353,8.41315586596044e-14,5.889415606223092e-12,3.230707101499972e-18,5.131143857443595e-13,2.2723059258859634e-13
20190325_sample_5,CT,IT,0.9761076947078747,0.021389692456088828,0.0025025614984810866,0.9761076947078747,1.3580357279630336e-09,3.0997002432921923e-09,3.914986074517151e-12,2.9274270904193114e-08,1.760163348161725e-08
20190325_sample_6,CT,IT,0.5138526169676421,0.4167525028272235,0.06939371506783201,0.5138526169676421,5.791571842096969e-09,3.424570911635249e-07,4.847981800224997e-13,7.459792196297709e-07,7.090893494579129e-08
20190325_sample_7,IT,IT,0.6149926418204013,0.38372528901287845,0.001267448572932583,0.6149926418204013,1.4886422185039809e-08,6.043960858590106e-09,3.01665320750926e-11,1.737881648297227e-06,1.2861751589812081e-05
20190325_sample_9,CT,CT,0.9311230904464811,0.9311230904464811,0.00348133184217719,0.06538276068502183,2.544638498885336e-07,4.942011400899071e-07,4.87861819681559e-10,1.1053722127649575e-05,1.014151340365134e-06
20190326_sample_1,CT,IT,0.7493519715451136,0.22752750260569377,0.023119641218901785,0.7493519715451136,2.8220761642106773e-10,2.86916995351979e-07,1.2137113371291569e-14,5.86409306263948e-07,1.1021769579575996e-08
20190326_sample_2,Vip,Vip,0.8689564185386588,4.3919312916343434e-08,1.917611151636296e-09,3.145561251521101e-08,0.02150999608249852,2.9032062208077156e-05,0.10634049564613281,0.003163980377965153,0.8689564185386588
20190326_sample_3,Vip,Vip,0.8883229210183274,4.342777435393202e-07,9.15239774313739e-09,1.2985496341907963e-07,0.08399120251692835,9.84710942118958e-06,0.0270874255178316,0.000588030552386689,0.8883229210183274
20190326_sample_4,CT,ET,0.49514968358091876,0.36470418377340474,0.49514968358091876,0.13998810281594662,6.523851715252119e-10,6.772939795706831e-07,1.0220440213567588e-11,0.000157198002465969,1.5387067873446697e-07
20190327_sample_1,CT,Sst,0.958748060823227,0.002791433381494043,0.007037034631784243,0.00028780492945147993,5.891183774515649e-06,0.00020511423158640216,2.2670847046141837e-05,0.958748060823227,0.030901989971636255
20190327_sample_2,IT,IT,0.9457611693548024,0.04869791291334767,0.005540861982326346,0.9457611693548024,2.9774382039395524e-11,4.824894836264617e-08,1.203567592334071e-16,6.373132330143678e-09,1.0976684147669318e-09
20190327_sample_4,CT,CT,0.5959575434075634,0.5959575434075634,6.290753557322067e-06,0.40403569726196775,4.607497314533191e-07,1.2715958279997607e-10,4.374403430365824e-12,1.978736117834897e-11,7.67585873640435e-09
20190327_sample_7,Vip,Vip,0.9015654473677732,1.9585431889348228e-06,2.349273006550645e-08,1.7775522289034423e-07,0.023235088112416556,0.0001031230286436185,0.06970644236767863,0.0053877393323462945,0.9015654473677732
20190328_sample_1,CT,Pvalb,0.4067178813977213,0.39564659307946676,0.010641187433120614,0.17614715768242467,0.008633194576993677,0.4067178813977213,2.4237451795377413e-07,0.001394499246087218,0.0008192442096678288
20190328_sample_2,CT,CT,0.9098260520611657,0.9098260520611657,0.009692652848368627,0.07695871782065072,6.208861913026197e-07,0.0034372566975485533,4.083857892233945e-10,8.23272113365029e-05,2.372066352575355e-06
20190328_sample_3,CT,CT,0.7541102860644537,0.7541102860644537,0.0007696278421942972,0.24511886453676793,2.5336844867945327e-11,6.835010262166097e-12,2.41097274427206e-10,1.1188444742881807e-06,1.0243884051335987e-07
20190328_sample_4,CT,IT,0.7953183412548726,0.1979136720872938,0.006767607377757183,0.7953183412548726,1.7367683561940602e-09,1.5726517078971042e-07,3.692004889659348e-14,1.760405443329447e-07,4.423755601912536e-08
20190328_sample_5,CT,IT,0.6302569562558683,0.36973836352234135,4.680180750206844e-06,0.6302569562558683,5.054208138032081e-12,5.667782008954685e-12,2.6438224024717897e-16,6.534287244131688e-13,2.9664445990968576e-11
20190328_sample_6,CT,IT,0.5506781572131934,0.44497577532065463,0.004343338654548793,0.5506781572131934,4.01003361554708e-07,1.722752110024274e-07,5.7768243220117574e-11,6.46666353046364e-07,1.5088089093811427e-06
20190328_sample_8,IT,IT,0.864626885784718,0.12868962610126772,0.006682611696093513,0.864626885784718,4.000880299805541e-08,4.8541450748513005e-08,5.560080847234368e-16,5.233352546911296e-07,2.645324117504611e-07
20190328_sample_9,CT,CT,0.43073135696916354,0.43073135696916354,0.23130587444370562,0.17273389128013053,0.0011546984353576393,0.09574687828488951,4.890795224768628e-11,0.06653424298785973,0.0017930575499855415
20190329_sample_3,CT,IT,0.5723315517607941,0.369436079359569,0.0581982537485114,0.5723315517607941,3.439304905558475e-08,1.6487370526504336e-06,1.0238523996360675e-10,3.21365909439547e-05,2.9530769449638334e-07
20190329_sample_4,CT,IT,0.9575975968734026,0.04205739258358951,0.00034414366944659575,0.9575975968734026,4.965898289150066e-07,3.131585572347721e-09,3.7397327293057744e-10,2.9480786143194865e-09,3.638300950539622e-07
20190329_sample_5,CT,IT,0.7638478682307411,0.2307975991525762,0.005354335430050081,0.7638478682307411,1.1446475844632042e-11,1.8508656384067567e-07,6.16023504648538e-17,1.162487548332325e-08,4.6374684413184126e-10
20190402_sample_2,CT,IT,0.8769130526133062,0.11189556296291042,0.011172239433113566,0.8769130526133062,2.963799812370735e-08,3.5367196942644962e-06,2.2930283526201034e-11,8.013892571176247e-06,7.564717475995414e-06
20190402_sample_3,IT,CT,0.5551785221553109,0.5551785221553109,0.03872476786438298,0.1566506827826582,0.0005258038088930549,0.011405610514316447,5.066087980795007e-05,0.16179406393279194,0.07566988806183832
20190402_sample_6,Vip,Vip,0.9323376026130745,0.00014721553643389862,5.93602927034023e-06,0.00023659718375982218,0.021648400251074257,0.004832710385176281,1.0355185549866311e-05,0.040781182815661204,0.9323376026130745
20190403_sample_5,IT,CT,0.5159814449107138,0.5159814449107138,9.333119827988507e-05,0.4839252238571732,1.5673917963748368e-12,9.396616880236018e-14,2.3695924510792523e-15,3.748264223748713e-12,2.8421196876325154e-11
20190403_sample_6,Sst,Sst,0.9554626102882992,0.0005546266205200087,0.00032420403319942067,7.448691084218391e-06,0.0011369122128699611,0.040108021529376196,0.00016014203452519488,0.9554626102882992,0.0022460345901257925
20190403_sample_7,Sst,Sst,0.962115331661112,0.0003973531967020843,7.261149129679127e-05,1.003870151898499e-06,0.0004333828799227842,0.0006120839240900756,0.0001699504761892692,0.962115331661112,0.03619828250053523
20190408_sample_1,Pvalb,Pvalb,0.9735451214670143,4.443732790442051e-06,0.0015081832905516695,2.754340439640144e-08,1.1204274461671676e-06,0.9735451214670143,3.90062079623009e-12,0.024941046318584643,5.7216307857688625e-08
20190408_sample_2,Sst,Sst,0.5133645641974987,1.211425874404187e-05,7.138306275121813e-05,3.849835937452774e-06,0.051472182059721636,0.012819458117559157,0.028260815757408027,0.5133645641974987,0.39399563271037985
20190408_sample_5,Sst,Vip,0.5491508198818499,0.01177401044728418,0.0016548067074416283,0.003258318238971968,0.018681932396357567,0.01680872852168107,0.002955811285268804,0.39571557252114503,0.5491508198818499
20190408_sample_6,Sst,Sst,0.8064162502845301,0.0027226777157459588,0.035565504260033534,0.0008422320782166191,0.003778158848163405,0.09523695298214044,0.002200181734614153,0.8064162502845301,0.053238042096555895
20190409_sample_4,Sst,Sst,0.9874643383505236,7.143978359571401e-07,6.849391263725792e-05,2.0948391729434244e-08,0.0001410869620770118,0.00043452767944776247,0.001803471484005585,0.9874643383505236,0.010087346265081192
20190409_sample_5,CT,CT,0.7875013012785707,0.7875013012785707,0.0066603372371011205,0.20583791395816825,8.274077100679628e-12,3.695335708976126e-07,1.2622369136817228e-16,7.760882138785659e-08,3.7549357992163243e-10
20190409_sample_7,Sst,Sst,0.861443388956691,0.024015294395715994,0.01103049275840645,0.0039081608787726735,0.00031291154456372335,0.07911423863876837,1.4352601563421177e-09,0.861443388956691,0.020175511391821645
20190409_sample_8,CT,IT,0.5145152369605059,0.39140879205485235,0.09227446768939168,0.5145152369605059,5.741157156357545e-07,6.0719610250222296e-06,2.4153032416035803e-12,0.001442716499520008,0.0003521407165741168
20190409_sample_9,IT,IT,0.6122827885175728,0.38766324561700805,5.396586483889075e-05,0.6122827885175728,5.648841194513568e-13,1.1764291627747588e-14,3.198062084088123e-19,2.9579749264962606e-16,3.474525980634314e-15
20190409_sample_10,CT,IT,0.7614485433836157,0.21991554501620697,0.018561025496172435,0.7614485433836157,1.2634640349773765e-06,3.203215208679058e-05,1.8268839917399337e-09,3.217576583475892e-05,9.41289516444751e-06
20190409_sample_11,IT,IT,0.9087856374124605,0.09022967205038804,0.0009845972117249993,0.9087856374124605,1.1791624325348664e-09,2.3278683009892644e-08,4.061051364225251e-14,2.260461131893649e-08,4.6262929185009475e-08
20190410_sample_3,CT,IT,0.6185813739290819,0.1924286210875619,0.18896408500319195,0.6185813739290819,1.6720680700386188e-08,2.1678603496629973e-05,3.401179312632404e-18,4.190422286036368e-06,3.423370081028743e-08
20190410_sample_4,Sst,Vip,0.674552628464382,0.00021683127220042616,0.00035369115083790244,0.0004981369762781697,0.05032953291805599,0.026384690616257558,0.0005256111060779784,0.24713887749591001,0.674552628464382
20190410_sample_6,IT,IT,0.9831928804503433,0.016522147270143075,0.0002849722433733804,0.9831928804503433,1.231599233709854e-11,1.8332480200322955e-12,5.782591987706749e-16,1.1424150691574982e-12,2.0847914735620658e-11
20190410_sample_7,CT,CT,0.8925787950686249,0.8925787950686249,0.0017373467146679599,0.1056838536401832,3.812345445418198e-11,2.4252055023620245e-09,2.904253632146193e-21,1.933673499112858e-09,1.795214762047163e-10
20190410_sample_10,CT,CT,0.989977066575495,0.989977066575495,0.000837949835589236,0.0064420004600268446,6.43031975781698e-08,0.0027428620105541678,1.493371531199928e-12,5.6697254575487674e-08,1.163893027848e-10
20190411_sample_1,CT,CT,0.984670855933251,0.984670855933251,0.000717540919291927,0.012707428413835795,1.0707451743762314e-05,0.001547482281213473,2.3464765535959516e-11,0.00016388964592480178,0.00018209533127441338
20190411_sample_5,CT,CT,0.7087704297090679,0.7087704297090679,0.016457866106140806,0.2746321506366453,2.0954946390508655e-07,1.6058301577237586e-05,3.07562177543191e-14,0.00010230631643809642,2.0979380635999943e-05
20190411_sample_6,Pvalb,Pvalb,0.9431875145127285,3.1188749245395125e-06,8.619840857362436e-05,1.4286104378214036e-08,2.115694547671752e-05,0.9431875145127285,7.851952582250358e-08,0.05670062930901193,1.289143654518146e-06
20190411_sample_8,CT,CT,0.88448047567194,0.88448047567194,0.004722095818450528,0.11079699120121282,2.81745918696655e-09,3.223986008500456e-07,6.440957946859801e-12,1.0985628132818006e-07,2.229614497773657e-09
20190412_sample_1,Pvalb,Pvalb,0.9874548219559424,1.7314358635406457e-06,0.00023031024933300662,1.1988256104124464e-07,6.557364967779269e-05,0.9874548219559424,8.960682924317095e-09,0.01224650661389471,9.272520445289274e-07
20190412_sample_3,IT,CT,0.9565323935926712,0.9565323935926712,0.010209662486629353,0.033257197852169455,4.0930296601916645e-08,3.5893265384049575e-07,3.177692192872143e-14,3.1956157028598227e-07,2.6643977465349925e-08
20190412_sample_6,Pvalb,Pvalb,0.6289208994101471,8.125357194987902e-06,1.9607650021292108e-07,9.849744589976354e-07,0.1326648340128001,0.6289208994101471,0.000485311456877547,0.21164091571808422,0.026278732993936744
20190415_sample_1,Pvalb,Pvalb,0.9450632562920248,4.195841326934514e-08,4.041189060618124e-05,5.375418843923856e-10,7.978530740107435e-06,0.9450632562920248,6.729445737529417e-09,0.05488808051504339,2.2354618488248185e-07
20190415_sample_3,CT,CT,0.5798130387385682,0.5798130387385682,0.0010025508789664466,0.4190917971280477,1.714314783406497e-05,3.2953498351300616e-05,3.4419592076600216e-08,8.363979601223182e-06,3.411820903900044e-05
20190415_sample_4,IT,IT,0.7128461957317015,0.28711841102995456,3.5370549941521726e-05,0.7128461957317015,2.9013142471576373e-10,1.3955469728668903e-12,3.0383410917668004e-18,1.1651491850788019e-10,2.228036057253883e-08
20190415_sample_6,CT,CT,0.9825110524171955,0.9825110524171955,1.107284929398401e-06,0.017487839962534685,1.050824528584446e-14,4.845701195902824e-15,1.8377502350205916e-11,3.1508090293237827e-10,1.8666652858341542e-12
20190415_sample_8,Sst,Sst,0.5106243150968703,0.005051775137188716,0.0241778687746228,3.300320961035921e-06,1.3968709894349102e-05,0.4601109927318087,4.4109733796720583e-07,0.5106243150968703,1.733813131622328e-05
20190415_sample_10,IT,IT,0.6842488898152668,0.31570227279482,4.883715805966518e-05,0.6842488898152668,1.4800696752288757e-10,1.3916825936795234e-13,7.309549480215564e-15,1.408787956898213e-12,8.229132940860139e-11
20190416_sample_3,CT,IT,0.5812731237196543,0.35964183559062896,0.059084843967362244,0.5812731237196543,7.561246012339841e-10,1.763859990253249e-07,1.3488131614272578e-13,1.8445051294629003e-08,1.1350448220645005e-09
20190416_sample_4,Pvalb,Pvalb,0.9488419954952946,4.1687574479388245e-07,4.4729108090159e-06,1.1808274768242393e-08,0.02313845043925606,0.9488419954952946,7.405763758050521e-05,0.02737001846629505,0.0005705763667452933
20190416_sample_5,Sst,Sst,0.905125118547903,0.00028184770005481414,5.823757242635471e-05,4.785908925815193e-06,0.00022798161446595697,0.08694054579947444,0.00017930279603474612,0.905125118547903,0.0071821800607148436
20190416_sample_6,IT,IT,0.7963347316481291,0.19564983401212624,0.0080152525066703,0.7963347316481291,9.16694170138403e-11,1.6639620635331069e-07,1.3311925413794056e-16,1.4833400629982162e-08,5.11797886854197e-10
20190416_sample_7,Sncg,Vip,0.476511853237628,0.00010523441106541004,1.758175306325586e-06,1.8346748061527728e-06,0.018486219294551576,0.0001533392919580478,0.25236316798573116,0.2523765929289534,0.476511853237628
20190416_sample_8,Pvalb,Pvalb,0.9935205930870614,4.5510922246515135e-09,8.635902180088244e-07,1.6680878031148567e-10,9.194175040373986e-05,0.9935205930870614,1.3022572115834523e-08,0.006386108135178093,4.7569666578894023e-07
20190416_sample_9,IT,IT,0.9560616431295308,0.043843366337069097,9.377699934217926e-05,0.9560616431295308,1.0432080776405032e-09,4.945653639372194e-10,7.95832799794576e-12,8.92098873291649e-09,1.203067337356998e-06
20190416_sample_10,CT,CT,0.9016515171934979,0.9016515171934979,0.04961159207698071,0.03689993527597653,4.2704412998944434e-05,0.010272704355183711,9.218070888741358e-09,0.0015009142024695076,2.0623264821796608e-05
20190417_sample_2,CT,CT,0.9002679572719313,0.9002679572719313,0.02779721166874716,0.07146210036267903,1.1491001693625845e-07,2.914699137574948e-07,3.1743290877687127e-07,0.00038491087156447643,8.709601223854147e-05
20190417_sample_3,CT,Pvalb,0.8256241325314801,0.00022628333444859238,1.2888158874296174e-06,3.957640925007803e-06,0.1734790345054615,0.8256241325314801,8.709682367385075e-07,0.00010919743773867021,0.0005552347658220045
20190417_sample_4,Sst,Sst,0.6840502851717788,0.0030479306681662666,0.0011023352064083378,9.449086134424304e-06,0.001718144120664261,0.30886010593540775,0.00014006969035757738,0.6840502851717788,0.0010716801210826883
20190417_sample_5,Sst,Vip,0.880089346561968,1.4721836421865282e-05,6.35187564765908e-07,3.1010531286083544e-06,0.09017953326932888,0.00375907582075443,0.0007675079376945041,0.02518607833313873,0.880089346561968
20190417_sample_9,CT,IT,0.7842955600490644,0.21544059025275472,0.0002619382911342149,0.7842955600490644,2.975549062948148e-07,7.648241236639033e-08,1.4985734537617755e-10,3.48326675407574e-07,1.1888931952358353e-06
20190417_sample_10,Sst,Sst,0.8651922112399704,4.483559829560688e-06,5.9718218917704e-05,1.2531155543277886e-06,0.0009159920722365771,0.0006310315109429845,0.014290514740146368,0.8651922112399704,0.11890479554240221
20190418_sample_2,Sst,Pvalb,0.7732026560388728,0.008052940933772523,0.00016361031745018882,0.009291379493491852,0.034143321358897326,0.7732026560388728,5.218773640975289e-05,0.1471270526734346,0.02796685144767102
20190418_sample_4,CT,CT,0.795061675898415,0.795061675898415,3.472216133367297e-06,0.20493485021211214,1.0631753504454427e-12,3.023048365671805e-14,6.539226811436028e-11,1.2544408109063597e-09,3.5241310335282853e-10
20190418_sample_5,IT,IT,0.9750524942912716,0.024203673398795547,0.0007437909153564926,0.9750524942912716,8.448680480116688e-11,3.939147982025876e-11,2.618663742262451e-19,1.7913471413532632e-09,3.947935091858332e-08
20190418_sample_7,CT,CT,0.8907351134296091,0.8907351134296091,0.00014661949024079415,0.10911647046032788,1.1171594448152662e-07,1.6435656293057125e-09,3.1916723863664887e-13,6.929842328152175e-08,1.6139615696028924e-06
20190418_sample_8,Pvalb,Pvalb,0.8165788097000923,1.1768595812931764e-05,3.4462787475613285e-05,3.397948786780352e-06,0.1413857156481114,0.8165788097000923,7.285909197270133e-05,0.02853858880160541,0.013374397426142742
20190418_sample_9,CT,Sst,0.5022472353010153,0.18465186817278403,0.1275851504114897,0.046760178277785634,0.006069804706852795,0.09847140110776963,0.0011060332740205942,0.5022472353010153,0.03310832874828226
20190418_sample_10,CT,CT,0.887730476326164,0.887730476326164,0.00027304627887946676,0.0904717616712638,0.008083574782759891,0.013004046189405127,1.4822644699200567e-06,0.0002456827945840721,0.00018992969247378996
20190422_sample_1,Pvalb,Pvalb,0.9038126875694674,2.1532154162127433e-05,0.0037578435561875395,1.2481076998869232e-06,6.950382733054583e-05,0.9038126875694674,2.585281800429508e-08,0.09232442310048572,1.273583184883291e-05
20190422_sample_4,Pvalb,Pvalb,0.6200429569057935,0.0006633931807784296,0.00014639237575383895,0.00025855399685403526,0.014193406901694457,0.6200429569057935,0.0010579610103635727,0.32719865097733697,0.0364386846514252
20190422_sample_5,Pvalb,Pvalb,0.9070333991990932,1.3335462903494384e-05,0.0002775336559520708,6.520976297968605e-08,0.0021755819265663434,0.9070333991990932,1.592542236377614e-05,0.09039507208800009,8.908703535810323e-05
20190422_sample_6,CT,CT,0.7028418302047054,0.7028418302047054,0.002303619409309468,0.2948545149401743,2.5063718689867827e-10,3.103702859374856e-09,7.786069660286969e-14,2.1779157319613913e-08,1.0312235573249287e-08
20190422_sample_7,IT,IT,0.7517077585203735,0.2481424863221658,0.00014975502817527467,0.7517077585203735,1.2698336007349943e-10,1.475222220569362e-12,4.721760497275988e-16,5.721182313591652e-14,7.692170384384199e-13
20190422_sample_8,Pvalb,Pvalb,0.8063357642733116,9.835577272564587e-06,0.00023926031173501162,1.1304791856518039e-07,0.0004984602044407216,0.8063357642733116,3.239594088458658e-05,0.19283744900961325,4.672163482371612e-05
20190422_sample_10,CT,CT,0.9108187448899105,0.9108187448899105,0.002758538927553253,0.08638965742846541,9.204408803764338e-10,4.5226680785321264e-09,8.379702036942646e-12,3.122895395194442e-05,1.8243486301473813e-06
20190423_sample_1,IT,IT,0.9462213264204378,0.021983062396380693,0.03179512401085077,0.9462213264204378,8.23947276180185e-10,4.449171653138627e-07,2.3921636033699926e-14,3.820024116557412e-08,3.230953052830434e-09
20190423_sample_3,CT,CT,0.7285052657424919,0.7285052657424919,0.004105942490619727,0.0015933413919712557,1.604897111706748e-05,0.26576422436973085,6.154428676732794e-11,1.517443488185503e-05,2.537643197743495e-09
20190423_sample_5,CT,Lamp5,0.32979511167705405,0.08611490112949044,0.155330957436367,0.05636577186126272,0.32979511167705405,0.03456080848067074,0.00785394123840487,0.0944938972153824,0.23548461096136777
20190423_sample_7,CT,CT,0.7422897472878189,0.7422897472878189,0.013244195437445507,0.2444660568481665,1.5331734716506535e-11,2.7554884472482004e-10,1.0377141870111596e-15,1.324474907781726e-10,3.240092781757754e-12
20190423_sample_8,Pvalb,Sst,0.5923569352747552,0.0014678523433681824,0.06588818592922054,0.0002721264509613979,0.00042852086412955784,0.3384312655598098,6.551652038740825e-07,0.5923569352747552,0.0011544584125514966
20190423_sample_10,Pvalb,Pvalb,0.9719567534749043,3.2642050246138554e-06,0.0004579993467286944,3.14580197691885e-08,9.021229603607386e-06,0.9719567534749043,5.356266540512623e-08,0.027572623468059474,2.5325499401590657e-07
20190424_sample_1,CT,CT,0.9983789910392358,0.9983789910392358,0.00027328962648759733,0.0013467017596913886,1.4346340702169879e-11,1.0174307438517181e-06,6.79133735354976e-18,1.2949076883038502e-10,4.411715951831453e-15
20190424_sample_2,Pvalb,Pvalb,0.9727827791294675,9.269785917233714e-08,1.1195669839647359e-05,7.579192209044805e-10,0.00013622711171364324,0.9727827791294675,1.1044643932412385e-06,0.02706656584446524,2.034324342291407e-06
20190424_sample_3,CT,CT,0.5958438345756474,0.5958438345756474,0.0077087491435354795,0.39644654287568887,1.112783035143394e-10,5.040855979275359e-07,5.480269569966085e-15,3.635947091422747e-07,5.613537393451632e-09
20190424_sample_4,CT,CT,0.7336205348740101,0.7336205348740101,0.000707521984335887,0.26567194313066084,1.0412566758227471e-11,5.064324863579688e-13,2.73107363722379e-17,2.9958057852070583e-14,4.391903690060979e-14
20190424_sample_5,CT,CT,0.7399317940410159,0.7399317940410159,0.09337748781736985,0.16664494719818662,3.776327328608163e-07,3.079312559094332e-05,3.694393289894362e-11,1.4360339180501493e-05,2.398089795343534e-07
20190424_sample_6,IT,IT,0.95902438649972,0.03977154000321999,0.0012040510217677205,0.95902438649972,7.187035647746086e-10,6.827465714793725e-09,6.976560117135349e-14,5.840673383523486e-09,9.08837987741211e-09
20190424_sample_7,Lamp5,Lamp5,0.9618307218212595,5.560726997048698e-07,2.93527791426188e-09,2.9617728728130985e-09,0.9618307218212595,0.007416665977587817,0.0005394592304485318,0.00659480579992285,0.023617785201030812
20190425_sample_1,IT,CT,0.6224721018214077,0.6224721018214077,0.0009687215526835779,0.3765591762411427,4.160288582367475e-11,2.7699565892044267e-11,6.963826837456816e-14,1.6830791642891044e-10,1.4708599903823519e-10
20190425_sample_4,Lamp5,Lamp5,0.3924020982322709,0.002694390894569824,3.3538719944978555e-05,2.0248072951117874e-05,0.3924020982322709,0.07165792274488755,0.05066250251802901,0.2063988991116745,0.2761303997056719
20190425_sample_6,Sst,Sst,0.9245892051903674,0.000384745935553186,0.01083125125432435,1.9849981012495328e-06,1.0042435116026007e-05,0.06409742301712486,4.0451333105971594e-05,0.9245892051903674,4.4895836306861195e-05
20190425_sample_7,IT,IT,0.8157146923163526,0.1820290044548804,0.002254830251299551,0.8157146923163526,2.4807572893514173e-09,1.1775824909440717e-09,4.830637057282161e-11,1.1763645080589354e-06,2.929063132539122e-07
20190425_sample_8,CT,IT,0.6760100574719957,0.1153736751170358,0.20860908120298097,0.6760100574719957,1.1039108399350756e-10,3.540879577422992e-06,1.0667194551982331e-13,3.6217788815373007e-06,2.3439030726734154e-08
20190425_sample_9,CT,ET,0.553125705764281,0.4377119515221248,0.553125705764281,0.008938292026334045,1.0811469829918231e-10,2.6811290774255142e-05,2.2017955057159364e-10,0.0001972376499357543,1.418255921823777e-09
20190425_sample_12,CT,CT,0.8470765140746059,0.8470765140746059,0.0013333436237490358,0.151564138990982,9.561900593344812e-06,1.6429890892587175e-05,5.1065638882337494e-11,1.010593995616338e-08,1.3621713523664404e-09
20190425_sample_13,CT,IT,0.5304980745892187,0.4642203370105273,0.005281469732842063,0.5304980745892187,8.762178860059722e-10,1.5604832947839006e-08,4.054769809439984e-12,5.450122114801e-08,4.7681085131836125e-08
20190425_sample_14,CT,CT,0.9342776204685974,0.9342776204685974,0.00019632575325493864,0.06552604765674858,6.058144457758475e-09,4.0824609806528936e-11,2.032090891231173e-13,6.247722478542098e-12,1.597900574399362e-11
20190425_sample_16,IT,IT,0.9681772090239925,0.031793295811640046,2.944980429053661e-05,0.9681772090239925,1.543926435736393e-09,3.9830332489693104e-12,6.074070038607373e-13,3.871038647063297e-11,4.377284944517907e-08
20190429_sample_1,Pvalb,Pvalb,0.9958173735302785,4.631443193593057e-08,7.06092199829261e-05,4.2315913015365615e-09,2.4537505150340183e-05,0.9958173735302785,1.1335088940046414e-07,0.004087093524920226,2.2232275530432854e-07
20190429_sample_4,Pvalb,Pvalb,0.8610436109953288,9.738735581437023e-06,0.024891375485293785,3.099591772359662e-08,7.494731002314416e-07,0.8610436109953288,9.175762417139236e-08,0.1140543447990567,5.775809726159394e-08
20190429_sample_5,Pvalb,Pvalb,0.8764610359736544,0.00045480776149725056,0.0016546836769557281,6.530343265693006e-06,6.9441817793047595e-06,0.8764610359736544,4.293284083823165e-09,0.12141009062132146,5.903148242149537e-06
20190429_sample_6,Pvalb,Pvalb,0.8475438537400097,1.0740431847013704e-05,0.0005269660927216804,2.510140904613364e-06,0.0015823787413117092,0.8475438537400097,1.6259643023698153e-07,0.15007257201948057,0.0002608162372944927
20190429_sample_7,CT,IT,0.9252349297576138,0.07367634722805684,0.00108846725203829,0.9252349297576138,1.7629510089454575e-10,2.6269429039022407e-11,4.7827329472036534e-17,1.9054508391823773e-08,2.3650521798409752e-07
20190430_sample_1,Vip,Sst,0.9025773471788069,3.3443220595475715e-05,5.3995662859551354e-05,7.309254453224888e-07,0.01093896794636455,0.040942462719648756,0.003997385570635724,0.9025773471788069,0.04145566677564387
20190430_sample_3,Vip,Vip,0.5423049084567846,7.688331958392928e-06,5.347114850444678e-05,9.52500738112411e-06,0.24674605518758067,0.014638450709805425,0.06760820507637447,0.1286316960816108,0.5423049084567846
20190430_sample_4,Vip,Vip,0.8623857617733458,6.405396818621069e-08,2.2647764117068112e-08,1.2708141098588491e-08,0.0048743982546795945,5.0918847133675355e-06,0.12454120686680951,0.008193441810578373,0.8623857617733458
20190430_sample_5,Vip,Vip,0.8721860383295984,0.00011729931486013174,2.1502858626909215e-06,8.247184391643018e-06,0.010783392121833815,0.00011924473698675698,0.07716478978485625,0.03961883824161042,0.8721860383295984
20190430_sample_6,Vip,Pvalb,0.9811641919360996,8.642557474354114e-05,0.00023787806273509694,1.99411461875384e-06,0.0018500424588785743,0.9811641919360996,4.346340459010486e-06,0.016485679460366245,0.00016944205209914806
20190430_sample_7,IT,IT,0.9868663886450272,0.004963665168315199,0.008169930212188517,0.9868663886450272,3.0951556318131964e-11,1.5685875893273927e-08,3.703993639294769e-17,2.170963601453759e-10,4.0545043614082356e-11
20190430_sample_8,Vip,CT,0.814160908701296,0.814160908701296,0.0013511135256600777,0.05712788898709919,0.0015017489133584273,0.0006759934361729861,0.0004526067552679623,0.01504727058412172,0.10968246909702362
20190430_sample_9,IT,IT,0.9804141809539875,0.018772627096955225,0.0008131911666669552,0.9804141809539875,7.083876916742607e-12,2.6276005163632827e-10,2.51628864291624e-16,2.594172355529136e-10,2.531287903408291e-10
20190430_sample_10,IT,IT,0.9866351106104315,0.01273776034062801,0.0006271288192469931,0.9866351106104315,1.6490478673644691e-12,4.919404184738948e-11,3.843304290782943e-24,6.259334945173575e-11,1.1625703798329195e-10
20190501_sample_1,Vip,Vip,0.7692120521050413,2.8156098212657415e-07,5.987086306392389e-07,1.285947434320113e-07,0.013236084360910439,0.00011404544896728061,0.14738828923944275,0.07004851998128192,0.7692120521050413
20190501_sample_3,Vip,Sst,0.5346019348076456,0.005697361283995506,6.900106624901475e-05,0.0012102443034439892,0.01876648004630932,0.08989772599319601,7.811803371689507e-05,0.5346019348076456,0.34967913446544363
20190501_sample_4,Vip,Vip,0.8290764759756803,0.00015862308353618544,1.5199071178742394e-05,1.4882178946066733e-05,0.027709911568776044,0.0007611206978568528,0.04233116044495699,0.09993262697906874,0.8290764759756803
20190501_sample_5,CT,IT,0.9489783735834498,0.03210320929863229,0.01891778181547388,0.9489783735834498,4.077710565505846e-09,5.735969294018988e-07,3.647558116063807e-12,5.269492968752918e-08,4.929226747539859e-09
20190501_sample_6,Vip,Vip,0.9506305216920546,4.934326598497942e-07,1.39094860702893e-08,6.691121131457023e-07,0.044744880868024965,7.434197322693686e-05,0.0027761494004438165,0.0017729296119906855,0.9506305216920546
20190501_sample_7,Pvalb,Pvalb,0.9430704062893116,5.819324194994506e-05,0.04387453226961792,7.169540191043272e-07,5.651057641235069e-08,0.9430704062893116,1.878848741620596e-12,0.012996090575823342,4.1568228494931105e-09
20190501_sample_8,Vip,Vip,0.6271988846365988,1.6007775789307846e-06,9.559783893165998e-10,1.2946406582749436e-07,0.2614669031065712,1.0439671481821902e-05,0.1088469352994254,0.0024751060882995833,0.6271988846365988
20190501_sample_9,Pvalb,Sst,0.5375885844747301,4.6427388198501e-07,0.00017066701972930844,2.0184230550131445e-09,6.668106758389487e-05,0.4621663396846536,1.5090885653480105e-06,0.5375885844747301,5.752372432607318e-06
20190501_sample_11,Pvalb,Pvalb,0.7077907489473779,5.900894635973139e-05,0.00012101845225460894,7.970006471716616e-07,0.07685378162869011,0.7077907489473779,0.004547988771620958,0.19563084687201793,0.014995809381031473
20190501_sample_12,IT,IT,0.9384599336260597,0.05937841286847039,0.002161651164060369,0.9384599336260597,2.8802390759778423e-13,1.0479858489669515e-12,4.633329294925288e-14,2.2682588656356515e-09,7.176816167511281e-11
20190501_sample_14,Pvalb,Pvalb,0.9899481481668988,1.4694987590870295e-08,0.0008880842390398268,5.327288990030857e-11,9.611391312972642e-08,0.9899481481668988,3.934091215506444e-09,0.009163649525885475,3.2719110343921694e-09
20190503_sample_1,Vip,Sst,0.5443633448389555,2.6592303732425004e-08,5.165657156806327e-07,1.9636503581097192e-08,0.0017439403207649695,0.000665084278288305,0.029327976223545868,0.5443633448389555,0.42389909154392236
20190503_sample_3,Vip,Lamp5,0.6045999309611957,0.0024370750660758656,3.7978180208839985e-05,0.0002667634002544449,0.6045999309611957,0.08110761399653554,0.0013631782261070034,0.0863204574663576,0.22386700270326496
20190506_sample_1,Vip,Vip,0.6975779883818226,2.169038152349e-06,2.3578292346337513e-08,8.763780041846213e-08,0.1627375145146001,0.0008677407276644233,0.08629002627583703,0.0525244498458307,0.6975779883818226
20190506_sample_2,Vip,Vip,0.8929195541289389,3.058459325112408e-05,9.303188961546236e-07,3.737190888943052e-06,0.0394715492223916,0.00035121028085883973,0.04720281724429732,0.020019617020477186,0.8929195541289389
20190506_sample_3,Vip,Vip,0.6444597341172876,5.610577585065796e-06,6.24518921162703e-08,1.9782715309533085e-06,0.28652256226165784,0.00054677834734621,0.06233793071485831,0.0061253432578420195,0.6444597341172876
20190506_sample_4,CT,CT,0.6458756218553521,0.6458756218553521,0.004085138729113051,0.35003861193624225,1.2532434255834484e-07,1.7161710918746176e-08,2.70871134953735e-10,1.701059514953624e-07,3.1461641632249955e-07
20190506_sample_5,Vip,Lamp5,0.45751339504774113,2.974812972200549e-06,3.969205638679661e-07,1.5331549668600003e-06,0.45751339504774113,0.0008443885196817842,0.10083520314090384,0.0032766241011572754,0.437525484302013
20190506_sample_6,CT,CT,0.7924350578249698,0.7924350578249698,0.0928640947294164,0.1140749746563132,0.0002986686215774493,4.934413278364241e-05,7.535550488218621e-07,0.00020947118220616904,6.763529768455558e-05
20190506_sample_7,Vip,Sst,0.7889952677683186,5.2894515046051976e-05,4.4134488985589075e-05,1.241277246052081e-06,0.041953951748680045,0.0956448112460649,0.002361776501047052,0.7889952677683186,0.07094592245461158
20190507_sample_2,Vip,Vip,0.5950034546187619,2.7863231298255683e-08,4.4402692425270725e-07,2.0891273293538837e-08,0.07713186784348187,0.004009023534392253,0.16471402160163534,0.15914113962029983,0.5950034546187619
20190507_sample_3,CT,CT,0.7789844514035529,0.7789844514035529,0.02935043971498676,0.19164527203766593,3.6942101896705954e-08,2.7754209616289345e-06,2.230518909570542e-16,1.646375111833688e-05,5.607296123467377e-07
20190507_sample_4,Vip,Vip,0.7406913854894157,1.4916868029227e-09,9.818297472757701e-09,3.5220733616171896e-10,0.004560172268294494,5.380219658232718e-06,0.24147900417422008,0.013264046186219835,0.7406913854894157
20190507_sample_5,Vip,Vip,0.6333540360772077,8.2368281240977e-07,1.2561269047690165e-06,1.1607520587164563e-07,0.13139117048980095,0.01652529646703251,0.01671746653115105,0.20200983454988458,0.6333540360772077
20190507_sample_6,Vip,Sncg,0.7681220349444273,2.424604373817937e-07,1.3163032412385115e-07,4.302116735342253e-08,0.0010302796994013804,4.192888957639682e-05,0.7681220349444273,0.05574948055508296,0.17505585879958308
20190508_sample_1,Lamp5,Lamp5,0.7837624614745619,3.5434894764801635e-07,6.461486339810823e-08,7.644797749302626e-07,0.7837624614745619,0.00017552073102303418,0.012161405316227602,0.00019868173668448441,0.20370074729791715
20190508_sample_2,Sst,Sst,0.8220666328189142,9.691007091378485e-06,4.203300259965757e-06,5.887098075813096e-06,0.009860936343143289,0.08127781352761103,0.0005697753777125783,0.8220666328189142,0.08620506052719154
20190508_sample_3,Lamp5,Lamp5,0.9008839182464903,5.3523331281344454e-05,3.533680011570107e-07,4.850753683147917e-07,0.9008839182464903,0.0014398251338314924,0.031079864543263246,0.0023991258314506212,0.06414290447031344
20190508_sample_4,Sst,Sst,0.9249212026699658,0.000500268979058253,0.0030151929596342764,4.300586030201053e-05,4.5328057061464146e-05,0.0011338034120144955,0.0007350283317785741,0.9249212026699658,0.06960616973018519
20190508_sample_6,Pvalb,Pvalb,0.7222244150983741,0.0001946645761750118,0.004282909027911886,8.357375040187851e-06,0.001534430820468867,0.7222244150983741,4.295933572577188e-05,0.27147481468004425,0.00023744908625998742
20190508_sample_7,Sst,Sst,0.9669438998005953,0.004438388597596553,0.026072366660189143,4.7661145641701624e-05,4.32308488327722e-06,0.0019961582787109177,0.00011926591647578356,0.9669438998005953,0.00037793651590748415
20190509_sample_2,Vip,Vip,0.920308280899424,2.3501670376190313e-08,4.067228241424105e-09,3.139830041675075e-08,0.017132836411194105,1.1941912197349344e-05,0.06037299478956064,0.0021738870204247654,0.920308280899424
20190509_sample_3,Lamp5,CT,0.30709558280053184,0.30709558280053184,0.08666784150085113,0.08307478586781596,0.010798681918338668,0.2927355469285367,9.808786678511089e-05,0.19389209738709967,0.02563737573004095
20190509_sample_4,Vip,Vip,0.9138644468926252,2.3309645969039935e-06,4.457034995801103e-07,3.7004535371872724e-07,0.03136127399800503,0.0009802553724500935,0.02009703629606841,0.03369384072740105,0.9138644468926252
20190509_sample_5,Lamp5,Lamp5,0.7636445912772605,0.0010979917790646873,9.651168675368721e-06,4.080333727975017e-05,0.7636445912772605,0.14231037379312467,0.0019109673919633172,0.006569509516127942,0.08441611173650376
20190509_sample_9,Vip,Vip,0.6827003842970989,0.0006887218854221928,0.0001531667673488102,8.591715567802868e-05,0.01689948044514848,0.025103069482244333,0.0017520589344226954,0.27261720103263665,0.6827003842970989
20190513_sample_1,Lamp5,Lamp5,0.47670801864910384,0.00018492723729640647,0.00022399570402857613,0.00012142249312168325,0.47670801864910384,0.18295088922218936,0.013924326308127311,0.12062140891668922,0.20526501146944362
20190513_sample_2,Vip,Vip,0.8462309585918488,0.0001389054300772805,7.754341374441585e-06,3.6350537661766145e-05,0.05373387130162956,0.0038256036126091512,0.014789896589864715,0.08123665959493429,0.8462309585918488
20190513_sample_3,Vip,Vip,0.8906108417816492,6.695166498283175e-07,2.2986457859406148e-07,3.117379560048858e-07,0.011435245798874132,3.198615819213619e-05,0.08419988178217727,0.013720833359922812,0.8906108417816492
20190513_sample_4,Vip,Lamp5,0.5632636237593583,3.637261542220105e-07,1.3770820138281753e-10,6.14864463646249e-08,0.5632636237593583,1.7797590165307976e-05,0.03723459646376221,0.00046123069826766144,0.3990223261381377
20190513_sample_5,Lamp5,Lamp5,0.9014506067087013,3.098646905962553e-06,7.757306639433563e-07,4.954877454085639e-07,0.9014506067087013,0.005073174066776216,0.009887561984119173,0.006244626008240629,0.07733966136684765
20190514_sample_2,Pvalb,Pvalb,0.9911768709171578,6.41087178381048e-07,0.00014414433294637394,2.662081201098086e-09,4.943841913131978e-06,0.9911768709171578,3.2621303050367225e-09,0.00867337602875237,1.786784039732167e-08
20190514_sample_4,Lamp5,Lamp5,0.8826480175936133,1.4106430071146612e-05,7.15832274393631e-07,4.009752430108365e-06,0.8826480175936133,0.00506999580433302,0.0031496301633895532,0.007838073693437761,0.10127545073045055
20190514_sample_7,Lamp5,Lamp5,0.5298487818712427,2.8302557383644984e-05,1.0236157953057297e-05,1.1105324172103494e-06,0.5298487818712427,0.21751639341769446,0.013338108364801126,0.1083758616654185,0.1308812054330893
20190514_sample_8,Pvalb,Pvalb,0.8054426973308517,2.888967713283982e-06,0.0017290936952580641,1.0090527920608374e-08,3.771627966556798e-07,0.8054426973308517,1.4071029915026595e-08,0.19282485592449705,6.275732511455836e-08
20190515_sample_1,Lamp5,Lamp5,0.905901340624559,6.789288648245895e-06,7.980890915184516e-08,4.7595814754443516e-08,0.905901340624559,0.00602851024361622,0.0013164716995734869,0.009160355270894618,0.0775864054679846
20190515_sample_4,Vip,Vip,0.8564871617654806,4.729989464647812e-07,4.561150880338051e-09,4.052579911274153e-07,0.06094478197496666,0.005055161468661015,0.006171626786904759,0.07134038518589854,0.8564871617654806
20190515_sample_5,Lamp5,Lamp5,0.6993927114944954,3.6452856028803007e-07,4.124876576046809e-08,2.801573744569043e-07,0.6993927114944954,0.002388695277737287,0.03145353169143775,0.003535348744246134,0.26322902685738286
20190515_sample_6,Vip,Vip,0.8503889974829478,3.1516558376608714e-07,2.6881076736460323e-07,3.625604833531515e-07,0.12314756673975595,0.0006474907580327275,0.0172416139962913,0.008573384486137686,0.8503889974829478
20190515_sample_7,Lamp5,Sst,0.42591398028870775,1.0654067587942714e-06,1.0916154652774008e-05,7.1968489034136e-08,0.04145606831006477,0.004786115373629525,0.20934039663817663,0.42591398028870775,0.3184913858595208
20190515_sample_8,Vip,IT,0.4129637554095738,0.3267281660267713,0.08047262923175459,0.4129637554095738,0.004598694386660725,0.08701522030653756,1.5652706147970276e-05,0.04534493759555444,0.0428609443369996
20190515_sample_9,Lamp5,Vip,0.522377862301871,5.362709001588492e-07,8.518651456858281e-10,1.80304760525384e-08,0.45877055687943324,0.0001411922552132084,0.017901754405579874,0.0008080790046612937,0.522377862301871
20190515_sample_10,Vip,IT,0.5072108282661527,0.27829364767919673,0.20992304783737067,0.5072108282661527,1.1127037852822946e-05,0.0018847784786531483,2.6770240041254047e-06,0.0025248960708411402,0.00014899760592858592
20190515_sample_11,Lamp5,Lamp5,0.8475380281707057,4.404436846575822e-06,8.455991193415667e-09,1.7974894077229203e-07,0.8475380281707057,0.0007009970165212069,0.022095556368450075,0.004222505616936751,0.12543832018560772
20190515_sample_12,Vip,Vip,0.5406644039309743,4.053166606176646e-05,1.4005288526403723e-05,3.6689571248294646e-05,0.39231712217993914,0.020757923978338137,0.006563037250848959,0.03960628613406299,0.5406644039309743
20190515_sample_13,Vip,Vip,0.7075642862528602,2.911910581289161e-05,1.5708020031840086e-07,1.2292977532918213e-06,0.05754490888103002,0.00014175658977023435,0.16538573442320637,0.06933280836936674,0.7075642862528602
20190515_sample_14,Vip,Vip,0.9141130027723507,8.361901312656218e-06,1.0992676492736761e-07,4.055934150083417e-06,0.06290602938605928,0.006817650214429069,6.728424621209632e-06,0.01614406144031201,0.9141130027723507
20190515_sample_15,Lamp5,Lamp5,0.6528135995959714,8.745227476597816e-05,2.2336859669651408e-05,1.3723423354642436e-06,0.6528135995959714,0.04583824450769118,0.007046376676420026,0.17590140129453571,0.1182892164486105
20190516_sample_2,Sst,Sst,0.9795676002318557,3.82373338915671e-06,0.00012636959591192984,3.0845742049165e-07,4.712464734445684e-05,0.0004377217992088637,0.004624016835274925,0.9795676002318557,0.015193034699594515
20190516_sample_3,Lamp5,Lamp5,0.8095545837238151,5.471353479391854e-06,1.1201036571288107e-06,2.3020106858328704e-06,0.8095545837238151,0.17993873102176988,2.4213049423897687e-05,0.003377525447291586,0.007096053289877203
20190516_sample_4,Sst,Sst,0.9961050533989004,3.53711567644675e-07,2.531462368559271e-05,2.817145100756426e-09,3.358825527176027e-06,0.0009720385598024837,0.0003819843031686938,0.9961050533989004,0.002511893760202934
20190516_sample_5,Lamp5,Lamp5,0.5707792290317464,1.0611111891394148e-06,1.3433817283370918e-07,7.617806220123317e-07,0.5707792290317464,0.0035102691443724193,0.06986175469627784,0.010974172381017186,0.3448726175166022
20190516_sample_6,Sst,Sst,0.7977949422651647,0.0005807161425569981,0.001171488937450833,2.317805321727032e-05,0.002734562523066581,0.18121576888572347,0.001776923720658148,0.7977949422651647,0.014702419472162198
20190522_sample_1,Lamp5,Lamp5,0.7205596537715384,1.4361631132883978e-06,8.154128069337165e-06,4.7017188594818757e-07,0.7205596537715384,0.02031139049400701,0.08303761609103683,0.04608568151516477,0.12999559766518437
20190528_sample_2,Vip,Lamp5,0.7106486468260885,0.00011077481857980273,9.017888521162795e-07,1.2230481764405338e-05,0.7106486468260885,0.01166138798033918,0.0011085409066410525,0.008890531449465075,0.26756698574827004
20190528_sample_4,Vip,Vip,0.47376021880771263,9.297622226686185e-07,2.0954956650088767e-07,1.432400251160089e-07,0.3689787016145097,0.007222150825666171,0.0876930393209174,0.0623446068793798,0.47376021880771263
20190528_sample_6,Vip,Vip,0.8535743344899959,0.000425566457368747,5.73024097154116e-07,5.027684856274959e-05,0.12335539631439209,0.0003000737095524728,0.01851543408524405,0.0037783450707867964,0.8535743344899959
20190528_sample_7,Lamp5,Lamp5,0.9348197314490332,0.00046243332397956854,0.00010684548413256585,0.00018211698258683936,0.9348197314490332,0.021994619857872044,0.005454631808117355,0.003142685528842057,0.033836935565436495
20190528_sample_8,Vip,Vip,0.6437544916849528,0.00023996262432347828,9.667533844845543e-06,3.7388570866162765e-06,0.22675273866311235,0.0148118900718538,0.03308481520831657,0.08134269535650963,0.6437544916849528
20190528_sample_9,Vip,Lamp5,0.8029440702827104,5.95132237595649e-06,2.0838074576154694e-08,1.718107912725124e-06,0.8029440702827104,0.00021932225581169614,0.005265882398492112,0.00020056321444051605,0.1913624715801821
20190529_sample_2,Vip,Vip,0.8618322307694347,4.748625633254787e-06,3.1093995934475937e-06,1.5977700600388996e-05,0.021593523206021457,0.0025510260662527967,0.025091210504762224,0.08890817372770171,0.8618322307694347
20190529_sample_3,Sncg,Vip,0.5437317031225419,0.00047502658877275183,5.6763369991984253e-05,0.0005933798786083901,0.16968816061030295,0.17784726795228822,7.698150674074708e-06,0.10760000032681967,0.5437317031225419
20190529_sample_6,Vip,Vip,0.8582708493433687,3.069384588398637e-10,3.7411704741933467e-10,5.345578677310783e-11,0.017862107826189338,4.107311673047084e-05,0.11949151970297851,0.004334449276221834,0.8582708493433687
20190603_sample_1,Lamp5,Vip,0.5563707789606256,5.388422933915732e-05,2.6861520926621964e-05,7.401542102279835e-06,0.2248866201078648,0.013288281950748977,0.10677619516220038,0.09858997652619214,0.5563707789606256
20190603_sample_2,Vip,Vip,0.6938564765674833,1.6469403244817953e-06,1.2394549674973696e-07,6.1995129229461e-07,0.18070481099491198,0.00025895177916487785,0.12230853348772444,0.0028688363336021212,0.6938564765674833
20190603_sample_3,Vip,Sst,0.41522352243688254,7.790531105197935e-05,1.4197488503674026e-06,0.00010292172993420441,0.017732678525369437,0.19399645541176888,0.00035261514110708904,0.41522352243688254,0.3725124816950353
20190603_sample_4,Vip,Vip,0.9438400314041542,6.341010330118905e-07,4.826428988811211e-10,6.565458990275222e-08,0.04605918446178952,3.0363628422469505e-05,0.007134952157877701,0.0029347681094905667,0.9438400314041542
20190603_sample_5,Lamp5,Lamp5,0.8874364323985275,2.5059571322529527e-05,2.7087295184752943e-09,1.8476240407673222e-07,0.8874364323985275,0.00016779676324186335,0.03578764541960191,0.003027130190988479,0.07355574818518398
20190603_sample_6,Lamp5,Lamp5,0.7803774121141944,1.0121497816671813e-05,6.592823393949545e-07,1.6698103827382278e-06,0.7803774121141944,0.003119406377630193,0.02098312440960525,0.005368487802998164,0.19013911870503297
20190603_sample_7,Lamp5,Vip,0.39001137318128615,0.0007077166279875768,2.5872135930201274e-05,4.673601222533492e-06,0.36521722478711166,0.0077172170339809346,0.10154521897116839,0.13477070366131258,0.39001137318128615
20190603_sample_9,Sncg,Lamp5,0.7154670085298422,6.8426525945525335e-06,6.006385704158007e-07,5.789606471553943e-07,0.7154670085298422,0.01257997199572926,0.039472811089474945,0.013038555670485246,0.21943363046265638
20190603_sample_10,Vip,Vip,0.980748244961109,4.0451241980180694e-05,5.07624795582033e-07,1.0821574180932931e-05,0.003349305828748004,2.481292418941748e-05,0.011454370944794018,0.004371484900202834,0.980748244961109
20190604_sample_2,Pvalb,Pvalb,0.9937778299027029,7.321862547062631e-07,0.001663738464395139,8.006675643655434e-09,8.395256320968108e-07,0.9937778299027029,2.4227306035325933e-09,0.004556841461590679,8.030018129555252e-09
20190604_sample_4,Lamp5,Lamp5,0.8800957202002311,8.918192156442794e-06,1.146286309368991e-06,2.5420491997133783e-07,0.8800957202002311,0.11823640579367374,0.0002533014653017132,0.0006228615737749424,0.0007813922836327684
20190604_sample_6,Lamp5,Lamp5,0.9973930624974041,7.668367334273235e-06,1.0747149324194669e-08,8.642976304934422e-08,0.9973930624974041,0.0006767532007392392,0.00023088479811606168,3.0272350559983664e-05,0.0016612616089339944
20190604_sample_8,Pvalb,Pvalb,0.9916214613927534,8.141199942562911e-07,3.702480252266264e-06,5.553280360743942e-09,0.002724198556928547,0.9916214613927534,7.646254899516974e-09,0.005640057585499629,9.752665036588125e-06
20190604_sample_12,IT,IT,0.8972356015085908,0.1026583472102051,0.00010604964219624537,0.8972356015085908,1.0817603269170606e-11,1.9909756836149605e-12,1.0295741511062575e-21,7.508339906153265e-11,1.5511159797992875e-09
20190605_sample_2,Vip,Lamp5,0.447162225360841,7.5062565096978655e-06,1.962757517506286e-05,5.3038040158188486e-06,0.447162225360841,0.04940836055781911,0.03983354033941072,0.17060774182878521,0.2929556942774434
20190605_sample_4,Vip,Vip,0.9279711883581003,6.662138884780158e-07,3.401119370137392e-07,1.945121441445904e-07,0.023743688711431718,0.0008738057443147318,0.010077892968783713,0.03733222337939994,0.9279711883581003
20190605_sample_5,Lamp5,Lamp5,0.9849157507977069,3.616539580314221e-05,5.930342356615289e-08,1.141034183112507e-06,0.9849157507977069,0.0014210599481034216,0.0027937381306110762,0.00012025868922413152,0.010711826700944711
20190605_sample_6,Vip,Sst,0.9453097453469391,0.00020275517078002767,0.0008303070422070362,1.478096996608314e-05,0.0011226477871167549,0.029596916443812817,3.793298762780548e-05,0.9453097453469391,0.022884914251550263
20190606_sample_1,Pvalb,Pvalb,0.9392641264808532,4.4596503764552234e-05,9.729947981439128e-05,3.315074309529545e-08,0.00043594268538028793,0.9392641264808532,6.069823229447877e-08,0.06014744842403974,1.0492577172398688e-05
20190606_sample_2,Pvalb,Pvalb,0.6716214853286806,7.2110441876664645e-06,1.2887758721883015e-05,3.743641224383682e-08,0.031076492158361467,0.6716214853286806,0.000507334263857744,0.29491990693019077,0.0018546450795876412
20190606_sample_3,Pvalb,CT,0.32468749703152244,0.32468749703152244,0.11280778882827659,0.15067334868939672,0.005744862108931982,0.04122027563394133,1.9902048268510245e-05,0.0738101980974572,0.29103612756220537
20190606_sample_5,Pvalb,Pvalb,0.9224689830026769,2.69061861455558e-05,7.341796220192381e-06,7.280086214830684e-06,0.010990281561624404,0.9224689830026769,1.8755023607742577e-05,0.06539387800465295,0.001086574338857289
20190606_sample_6,IT,IT,0.9939106760825275,0.006077896422342117,1.1427494174710964e-05,0.9939106760825275,1.2871249299376311e-13,9.880521874275165e-16,9.604395173074364e-19,1.4713940534105887e-15,8.247736336069429e-13
20190606_sample_9,Sst,Sst,0.416804411306848,0.007597703534850345,0.0002387390174790366,7.032757349117787e-05,0.04218909738592554,0.35386648269928794,0.013474106908415174,0.416804411306848,0.16575913157370287
20190607_sample_2,Sst,Sst,0.9924699198879768,3.998892195581008e-05,0.0002047544464812204,4.9104835475261054e-08,1.5182013635342788e-05,0.0016330249201540136,1.7451707341043742e-05,0.9924699198879768,0.00561962899762025
20190607_sample_3,Lamp5,Lamp5,0.9302695308487932,0.0015430352497111458,7.669789180447192e-06,5.868783961758393e-06,0.9302695308487932,0.03905340236237481,0.00011827078692575542,0.014072323654857026,0.01492989852419591
20190610_sample_1,Sst,Pvalb,0.9097135488228311,7.84463630780131e-06,6.690937443312678e-05,9.634757862862164e-08,0.004025250011072467,0.9097135488228311,4.423058328184194e-05,0.08578709869581687,0.00035502152867807323
20190610_sample_2,Pvalb,Lamp5,0.34447497332136867,8.024976183526075e-07,2.207796375961367e-07,2.8596403528464815e-08,0.34447497332136867,0.031850130141603185,0.06347100530389116,0.2709145336479558,0.2892883057115218
20190610_sample_3,Lamp5,Lamp5,0.8840598900796011,0.0012181580213029713,2.2653774594128552e-05,1.4634956533362807e-05,0.8840598900796011,0.10406797307588658,0.00032619800976117536,0.005438996697759722,0.0048514953845610635
20190610_sample_4,Pvalb,Pvalb,0.6388123315318421,6.793158078990654e-06,0.00011260115322174001,6.618298117660117e-07,0.030626354940234038,0.6388123315318421,0.001721607620027518,0.32607142551176127,0.0026482242550224487
20190610_sample_8,Pvalb,Pvalb,0.58109986500958,0.00045447064094119005,0.0015542501210905864,0.00010957728640449437,0.18029763877202806,0.58109986500958,0.002051156337322219,0.19945732001583721,0.034975721816796215
20190610_sample_9,Lamp5,Vip,0.4857530927702609,9.950824507405194e-05,7.350847980210271e-06,8.944857170498328e-05,0.32290878867338507,0.145377573293578,1.8085800178373327e-05,0.045746151797838426,0.4857530927702609
20190610_sample_10,Pvalb,Sst,0.4898854321895988,0.004250588434870114,0.002208800134760922,0.0005724893898470953,0.0544179750446016,0.4042294320254655,4.430121022860518e-07,0.4898854321895988,0.044434839768753724
20190610_sample_12,Pvalb,Sst,0.5613328151139632,1.9934650158894166e-05,0.000730362841550576,2.6591655022890105e-06,0.0017954202401040688,0.43533854904905234,2.471507879983666e-06,0.5613328151139632,0.0007777874317886856
20190610_sample_16,Lamp5,Sst,0.6662420417695312,3.144269336462897e-05,9.685586775642824e-06,9.015639695275299e-07,0.05159387591736264,0.0403369541954356,0.0031094852265572937,0.6662420417695312,0.2386756130470034
20190610_sample_18,Vip,Vip,0.843030410160931,2.3786184739938417e-08,2.569764561089666e-08,1.99176167490791e-08,0.008756028682886819,8.932369608581393e-06,0.14159499955140958,0.00660955983371686,0.843030410160931
20190611_sample_1,IT,IT,0.5941431286780393,0.37440525538076813,0.013958014903458158,0.5941431286780393,0.0022301450496810447,7.096613812281665e-05,4.704591696434346e-05,0.0009250083700402094,0.01422043556292603
20190611_sample_3,Lamp5,Lamp5,0.9457472873038237,6.576420903062057e-08,4.686705312856541e-08,7.402241529622564e-08,0.9457472873038237,0.0036499102606888925,0.004665250872458986,0.0035969981009577852,0.04234036680839316
20190611_sample_4,Sst,Sst,0.9381037515622447,7.039761447728208e-05,0.00011077685721452215,1.8527188838651127e-06,0.0031327492302370727,0.052662281989922365,0.0005052564816001127,0.9381037515622447,0.005412933545420046
20190611_sample_7,Lamp5,Lamp5,0.9639097301499284,2.5411558711089225e-05,2.570334640193424e-07,3.059514177034887e-06,0.9639097301499284,0.0006694042179248949,0.001745151943416118,0.0002899709640283298,0.03335701461835008
20190611_sample_8,Sst,Sst,0.8548621693826429,0.00015342814076350791,0.0009325415196198629,1.2347168273669391e-05,0.0025427847456844883,0.08628600405031327,0.0041289198034365395,0.8548621693826429,0.05108180518926584
20190611_sample_10,Sst,Sst,0.4113027889930654,2.009152056191861e-06,6.823949321825074e-07,3.0872346406390637e-08,0.18488989396807198,0.3862182969132864,0.0055457380749205365,0.4113027889930654,0.012040559631320785
20190611_sample_11,IT,Pvalb,0.9850283391807904,6.101151900428753e-06,0.003960137507831108,2.2904911973458243e-08,4.114713306413359e-06,0.9850283391807904,5.279673386161058e-09,0.011001199073857078,8.018772926505076e-08
20190611_sample_14,Sncg,Vip,0.9518962143632729,2.0152218548559465e-10,4.876796398483297e-10,1.4482894513341669e-11,0.0003440814965497012,5.980728766687918e-06,0.018423039513573398,0.029330683194152597,0.9518962143632729
20190611_sample_15,Lamp5,Sst,0.39451994890191766,7.904631047506477e-05,5.501954577873833e-07,6.27352199913352e-08,0.23126129428863484,0.10053920546920182,0.0006583102637359825,0.39451994890191766,0.2729415818353568
20190612_sample_1,Lamp5,Lamp5,0.6859287494364383,3.3607542154265053e-07,8.485935372437584e-09,4.340953354784297e-08,0.6859287494364383,0.001282016086024905,0.023867170405073933,0.008693950995956904,0.28022772510561544
20190612_sample_2,Pvalb,Pvalb,0.8934402034336718,1.0075261677601679e-06,6.172385105471202e-05,2.710519521939535e-07,0.013484603619485443,0.8934402034336718,0.00021009707245260754,0.09204850094914195,0.000753592496073541
20190612_sample_4,Vip,Vip,0.5888879200106184,0.000337588822287854,6.050685753928666e-07,1.3489283884703284e-05,0.2561222717794479,0.0009034744470919173,0.1067735114068143,0.046961139181279546,0.5888879200106184
20190612_sample_6,Pvalb,Pvalb,0.91105297038646,4.57109320192242e-06,0.0001909511206410514,3.2338964204387505e-07,0.002203796003389397,0.91105297038646,1.2776800174920158e-05,0.08632101758487451,0.000213593621616109
20190612_sample_7,Lamp5,Lamp5,0.6181115484445666,0.00010341209660393643,5.743332816304607e-07,3.478519652368026e-07,0.6181115484445666,0.007592775886585672,0.09200512719263014,0.18819239026603876,0.09399382392832792
20190612_sample_8,Lamp5,Lamp5,0.8641089367195064,3.1469763957408415e-05,1.55974146662639e-07,3.860492668645958e-07,0.8641089367195064,0.0071900094996711905,0.02192939962941321,0.004468894926096561,0.10227074743794166
20190613_sample_2,Sst,Sst,0.872893036090919,8.10046481959737e-05,0.00024952769505623743,1.4723429030225295e-05,0.004399504476239421,0.0946993755372649,0.00117541664270139,0.872893036090919,0.026487411480593033
20190613_sample_3,Sst,Sst,0.9854929927072837,1.0492897632044264e-06,3.489358995254278e-05,5.1501128173433985e-09,3.437528608911753e-05,0.011443609644652868,0.00024475851188193634,0.9854929927072837,0.002748315820263741
20190613_sample_4,Sst,Sst,0.864915490770846,0.00036105784627383125,7.538787190078146e-05,2.775610531258058e-06,0.006560286183114021,0.005402132736569353,0.024074914508665345,0.864915490770846,0.09860795447209944
20190613_sample_6,Pvalb,Pvalb,0.533526818696077,4.46237649192968e-05,0.012119435032466387,2.649244077033605e-08,2.7867536801596444e-06,0.533526818696077,2.4728324375988266e-06,0.454288217391207,1.5619036771821933e-05
20190613_sample_7,Sst,Sst,0.9838158508940011,0.0002235677728378452,0.0003103854786514213,4.938382746779878e-07,1.4574379237318794e-05,0.015177904892161797,3.387182487113783e-05,0.9838158508940011,0.0004233509199646356
20190613_sample_8,Pvalb,Pvalb,0.9563931579076801,1.5658027696764336e-06,0.0004572256282402828,5.7021369123897486e-11,4.065709814792552e-07,0.9563931579076801,2.3267350150424416e-10,0.043147628911869636,1.4888763997171402e-08
20190613_sample_9,Sst,Sst,0.5901553712283097,0.009934567452646008,0.024504481026537316,0.0020838837036934593,0.03433521731019025,0.2309751668887331,0.005895517377902471,0.5901553712283097,0.10211579501198764
20190613_sample_10,Sst,Sst,0.9979919558128457,0.00014033565764843037,0.00030912936039193364,1.3679108054012053e-07,7.652997857189512e-06,0.000752948125487652,6.498985098383472e-06,0.9979919558128457,0.0007913422695900676
20190614_sample_2,Vip,Vip,0.7958120171318274,9.993179397861696e-08,1.1719280753076369e-08,5.729277884335455e-09,0.08728966898011606,0.00012474032004377802,0.10489996861895576,0.011873487568704247,0.7958120171318274
20190614_sample_3,Lamp5,Lamp5,0.3012277445394314,0.005877550102953092,0.000531294646779447,0.0003644746687946061,0.3012277445394314,0.2214334648468304,0.0015676325235354771,0.24232986724881664,0.22666797142285888
20190614_sample_4,Vip,Vip,0.8366492895097059,8.556306355256189e-07,1.6142998604619872e-07,9.198297368933718e-07,0.07836049060458983,0.005893576188383085,0.014822175328663806,0.06427253147829887,0.8366492895097059
20190614_sample_6,Vip,Vip,0.917287842858828,9.917467813900406e-06,5.676895526139447e-07,7.905973451650576e-07,0.0023192562403926845,1.2104328187395352e-05,0.05919214365401671,0.021177377163863517,0.917287842858828
20190614_sample_8,Vip,Sst,0.8144032878845162,3.466933799262098e-05,0.0005404342157358537,5.4915918373570407e-05,0.0011104373095807403,0.0019819714275831316,0.0004593425818068903,0.8144032878845162,0.18141494132441088
20190617_sample_1,Lamp5,Vip,0.4701946407537164,9.173098794624972e-05,2.3578253477191585e-05,3.78519038490021e-05,0.44743467261703157,0.04180838422285693,0.00791846425119311,0.032490677009929345,0.4701946407537164
20190617_sample_2,CT,ET,0.5277344772115179,0.07611367897984858,0.5277344772115179,0.39611094188933427,9.028199662362759e-10,2.0096851991122298e-05,1.5939685006183152e-12,2.0759371197252568e-05,4.479169701077896e-08
20190617_sample_3,Sst,Vip,0.5649601154505315,2.4188131279198415e-05,7.927688830419986e-06,1.132312756042371e-07,0.021326915267054786,0.006850472901364193,0.03388922405472292,0.37294104327494126,0.5649601154505315
20190617_sample_4,Sst,Sst,0.923712482558121,6.623635715190565e-06,6.896627504956365e-05,1.2516970507542927e-06,0.004574933395515592,0.01820467472459872,0.013052581969064895,0.923712482558121,0.04037848574488437
20190617_sample_5,Sncg,Vip,0.5758132914473152,5.746944538552927e-07,4.038448425348809e-06,1.6774665610796006e-07,0.09061680387570151,0.001770315408082322,0.19502769501694264,0.13676711336242303,0.5758132914473152
20190617_sample_6,Sst,Sst,0.9691094352337445,7.510725636661039e-05,0.002579887285271512,1.5714041255789792e-05,2.850966678984968e-05,0.0143869791028076,0.0002703346082444406,0.9691094352337445,0.013534032805519727
20190618_sample_2,Vip,Vip,0.792955337867156,0.00023916163193913817,8.009597594970759e-07,2.5672877497268723e-05,0.030209769964895928,3.989775239905519e-05,0.13082728172329408,0.04570207722305897,0.792955337867156
20190618_sample_4,Vip,Vip,0.8617791088606457,2.601783353907699e-05,2.701319778984486e-06,1.4465243481550852e-05,0.004006304938218064,0.0033186232504628017,1.0221136365974655e-06,0.1308517564402374,0.8617791088606457
20190618_sample_5,Vip,Vip,0.8470283908188968,6.616060241464512e-06,3.941916245364237e-06,9.677240425893025e-06,0.007269573333506568,0.00019143052831487552,0.08216523429391304,0.06332513580845585,0.8470283908188968
20190618_sample_7,Lamp5,Lamp5,0.5967148992886815,3.673128026069328e-07,2.1014078964497695e-07,2.3595600422488e-08,0.5967148992886815,0.3493825943060741,0.00030356215266633623,0.026817114489097797,0.026781228714287557
20190618_sample_8,Lamp5,Lamp5,0.43880175183612163,2.1579249021434106e-07,1.8823106639180487e-07,7.036299223994844e-08,0.43880175183612163,0.0002039034621480104,0.2629890396549497,0.004113745044135524,0.2938910856160962
20190619_sample_1,Lamp5,Lamp5,0.590976597201672,3.664693687293552e-05,1.370917061449479e-06,9.018292295600009e-07,0.590976597201672,0.05039849348118241,0.010977882518985911,0.030667389983292544,0.31694071713170313
20190619_sample_3,Pvalb,Pvalb,0.9981652107297746,2.8668316223048907e-09,1.821147585786298e-05,8.103476868436191e-11,6.511880716309979e-06,0.9981652107297746,2.1494795920384526e-09,0.0018100405879499736,2.022835503144364e-08
20190619_sample_4,Pvalb,Sst,0.6116807400255587,0.012827413411225135,0.025777715653406287,0.014301261725337624,0.00214526743996844,0.10422995005254311,0.001962501253933561,0.6116807400255587,0.227075150438027
20190619_sample_5,Pvalb,Sst,0.7988610026039734,4.88399800829527e-05,0.0008916840636956787,2.479850779667112e-07,2.1164746396499277e-05,0.20013923830568067,1.3708225886111693e-07,0.7988610026039734,3.768523283392804e-05
20190619_sample_6,Lamp5,Lamp5,0.726067955767224,3.7447656852745056e-05,7.135726264948352e-07,1.895610193747362e-07,0.726067955767224,0.25606859227063994,0.0002540645477616517,0.012444463868965982,0.005126572754909708
20190620_sample_1,Lamp5,Lamp5,0.55669753637836,0.0001826274931749285,3.6894342193061926e-06,4.621207593710558e-06,0.55669753637836,0.012502345669429966,0.10749449620824147,0.16083266670825241,0.16228201690072835
20190620_sample_2,Sst,Sst,0.5692163914141886,4.355907238707895e-05,1.095260494355587e-05,7.067720229039805e-07,0.10702992927062038,0.25704155028130393,0.005035796907597483,0.5692163914141886,0.061621113676936096
20190620_sample_5,Sst,Sst,0.8021333780402145,1.3345209242957925e-05,0.00022282991040770914,8.354398594414759e-07,0.0251400120916527,0.09029016184728299,0.004906165718425296,0.8021333780402145,0.07729327174291445
20190620_sample_6,Sst,Sst,0.8913498999575982,0.0005916711983414437,8.299582170337944e-05,3.5586228866411763e-06,0.0015266898204134185,0.010316949844367472,0.0010437047867934146,0.8913498999575982,0.09508452994789604
20190620_sample_8,Pvalb,Pvalb,0.9948607379332879,2.7897945754230373e-06,0.0006575738884433665,2.3229219319529544e-08,3.684664702283115e-06,0.9948607379332879,1.4624448601001192e-09,0.004475117583315601,7.14440110275079e-08
20190624_sample_1,Sst,Sst,0.9959695354573982,2.7000204499912833e-08,6.388049418087549e-05,1.9146941353041815e-10,1.214425088919967e-06,0.003923327347180628,1.157323015858417e-05,0.9959695354573982,3.0441854318852117e-05
20190624_sample_2,Sst,Sst,0.6948408810549204,0.0005388816749526387,0.01968243235151207,8.926750316108005e-05,0.00019206585370109668,0.2831243845971688,7.441187321255445e-05,0.6948408810549204,0.0014576750913713858
20190624_sample_3,Sst,Sst,0.9093809873042797,9.246042197405573e-06,0.0002528157509362584,6.830168817088039e-07,0.001449227598573327,0.023096385987556534,0.0062060730950102795,0.9093809873042797,0.05960458120456468
20190624_sample_4,Pvalb,Pvalb,0.9885883377607377,1.627440627787838e-07,4.04643104735779e-05,3.609105656936008e-10,2.063281188948908e-05,0.9885883377607377,8.66881234390881e-09,0.01135011862780333,2.747153101107844e-07
20190624_sample_5,Sst,Sst,0.9318115266409714,3.435592182359818e-06,3.392886771249614e-05,1.6545701358534755e-08,0.000778699034496375,0.051584073480676625,0.00013012251859072203,0.9318115266409714,0.01565819731966866
20190624_sample_6,Sst,Sst,0.5561118559522252,0.001742188289007246,0.0019546377621926262,4.072748672350292e-06,0.0045417212182557905,0.4342633802269405,2.2142719648428593e-05,0.5561118559522252,0.0013600010830579492
20190625_sample_1,Vip,Vip,0.7121446908486398,7.904415988571586e-05,9.895372616158463e-06,6.739133165092154e-06,0.08171067698774787,0.003325364403238636,0.09909752068639953,0.10362606840830714,0.7121446908486398
20190625_sample_3,Vip,Sst,0.7615621141916857,0.0005271578684690883,0.00023946758303923916,3.6701960717418386e-05,0.0038314683513473494,0.005983495554931851,0.012666366067877369,0.7615621141916857,0.215153228421932
20190625_sample_4,Vip,Vip,0.5427470372565286,3.7280985019681135e-08,1.1349687741882608e-08,5.353620009561877e-08,0.0010511345525108413,1.3128034539114522e-06,0.45363560260665425,0.00256481061397944,0.5427470372565286
20190625_sample_5,Vip,Sst,0.826074286457172,0.00016712648758319902,0.004475915005902166,0.00013171303719817473,0.02641812013002352,0.056017471275926586,0.009045886789527172,0.826074286457172,0.07766948081666719
20190625_sample_6,Lamp5,Lamp5,0.33671580352048325,4.915769649818381e-05,1.9301123579505994e-06,1.1459377996298227e-06,0.33671580352048325,0.037633980301786434,0.02668610048783263,0.26350197407199044,0.3354099078712516
20190625_sample_7,Vip,Sst,0.6338044252149378,4.470413867324464e-07,1.8906258297627703e-05,1.601227617682456e-07,0.003099789111389076,0.040022522088697325,0.008160061647356389,0.6338044252149378,0.3148936885151733
20190625_sample_8,Vip,Vip,0.7931204487535336,1.4441719670540531e-06,2.675911095727769e-07,1.2201966643775969e-06,0.11913831592280746,0.00011091910922843599,0.08435395976820212,0.003273424486487255,0.7931204487535336
20190625_sample_10,Vip,Sst,0.8725947659652189,2.3885271716431797e-06,0.00010446194627120712,6.67002184073059e-07,0.010138288061873993,0.05252758291788736,0.01609556092138038,0.8725947659652189,0.04853628465801243
20190625_sample_11,Vip,Vip,0.5442729510434404,1.7820714813466806e-05,2.1742842277840203e-05,2.0813592389836253e-06,0.07763147197159612,0.017231873697353565,0.009004092376045901,0.3518179659952338,0.5442729510434404
20190625_sample_12,Vip,Vip,0.9316435098411343,0.0005861483564611537,7.2897076514858265e-06,0.0003566562471142837,0.04948731475676475,0.00018583829189135835,0.005429439475499873,0.0123038033234829,0.9316435098411343
20190625_sample_13,Vip,Lamp5,0.8754186714802619,3.657449591352541e-05,2.6961923586414597e-10,6.302863643441212e-06,0.8754186714802619,3.218443399198876e-07,0.046943230515061246,2.7619540465338568e-05,0.07756727899069535
20190626_sample_1,Vip,Vip,0.8307553869403951,0.00023391438500501897,5.795534930808504e-06,2.1399658232951018e-05,0.05081458069178731,0.004752685807504092,0.0035712223572611813,0.10984501462488369,0.8307553869403951
20190626_sample_5,Vip,Vip,0.9526340415511184,2.1826238741761204e-08,2.044717088116517e-10,2.5334336202495847e-08,0.02495212446545337,1.6980855423770386e-05,0.021227452069638827,0.0011693536933190067,0.9526340415511184
20190627_sample_1,CT,CT,0.8758392527812284,0.8758392527812284,0.008292208023877297,0.11580339528029931,1.0549474080287866e-09,2.545037346402429e-08,4.135313950307514e-09,6.475028495582773e-05,3.629890042831227e-07
20190627_sample_2,Lamp5,Lamp5,0.9416077533896543,8.766519937920748e-07,2.6861011420909956e-08,8.102425393819756e-08,0.9416077533896543,0.021944446890291992,0.000823982643723006,0.0006277626253610891,0.034995069913710306
20190627_sample_6,Pvalb,Lamp5,0.7119787616555591,5.48520900142273e-06,6.062205370269962e-07,1.9334425189843845e-07,0.7119787616555591,0.20340616973107645,0.0005051938365596125,0.04603483035551834,0.03806875964749624
20190627_sample_8,IT,IT,0.8847006939120102,0.1106082494144835,0.004690809429352834,0.8847006939120102,1.456622727413853e-10,4.972433084014719e-08,8.547643165603766e-13,1.938691922885922e-07,3.5041131605896266e-09
20190628_sample_1,Sst,Sst,0.9796404525450234,0.0007628833510675977,0.0008330137930462832,7.986145904534796e-06,0.00010110089290090193,0.0018386645145313334,0.0014866704350062025,0.9796404525450234,0.015329228322519801
20190628_sample_2,Pvalb,Pvalb,0.9443622023605367,2.6879551855203487e-05,0.0013065825789632755,2.807224367046168e-07,0.00022865273281352853,0.9443622023605367,9.63555330514314e-07,0.05406559378955455,8.844708509484774e-06
20190628_sample_3,Sst,Sst,0.8953094871689014,0.016296187105675607,0.005387998674782854,1.6728290543675358e-05,0.00014516553380273563,0.08117784627210911,1.0772084198769412e-06,0.8953094871689014,0.0016655097457646967
20190628_sample_4,Sst,Sst,0.92886479123516,0.0004746784632855687,0.00020475859036762076,4.269732191264897e-06,0.00017444493824443313,0.0002377072571445695,0.012309684686057804,0.92886479123516,0.05772966509754881
20190628_sample_5,Sst,Sst,0.5336010247608048,0.017940303851240093,0.01054910266185475,0.0035741774715766545,0.022868268788187145,0.12020816611609421,6.335951246517769e-05,0.5336010247608048,0.2911955968377772
20190628_sample_6,Pvalb,Pvalb,0.7866984892577438,2.2206472430455396e-05,0.002513661451000817,1.3605889731877186e-07,0.000169573581650809,0.7866984892577438,3.594653512335716e-06,0.21056738330076996,2.4955223994674626e-05
20190628_sample_7,Sst,Sst,0.9708157137767213,0.0009568982274464915,0.00598497377242438,3.591439637556088e-05,7.957343554037588e-05,0.02119214797817178,1.342470378184757e-05,0.9708157137767213,0.0009213537095382476
20190703_sample_1,Pvalb,Pvalb,0.9993159500820205,2.7463088263918414e-08,3.382959024305416e-05,2.5989147811953e-10,6.775448041869613e-05,0.9993159500820205,4.3526635223007385e-09,0.0005824186912503874,1.5080424311536107e-08
20190703_sample_2,Pvalb,Pvalb,0.9769134421185852,9.286155495642113e-06,0.0005519034116636027,2.7527299183090226e-07,0.00013826933775785445,0.9769134421185852,1.0980801705456756e-07,0.022384054847959325,2.6590475296634714e-06
20190703_sample_3,Pvalb,Pvalb,0.9195771100590648,0.00041429955769078805,0.03678655398337383,7.099959616399667e-05,0.00014723611124960677,0.9195771100590648,1.3156905345762769e-06,0.042991186653392126,1.1298348530181736e-05
20190703_sample_5,Pvalb,Pvalb,0.9877750295090195,0.000125034648379328,0.0017126926221303755,2.6591971015681608e-06,0.0033970248663525555,0.9877750295090195,9.450086623899728e-07,0.006974125182113339,1.2488966240788447e-05
20190703_sample_6,Pvalb,Pvalb,0.7119820852747847,1.1742569541988938e-06,9.829510406441571e-05,1.4027797447646632e-07,0.00023545071853551703,0.7119820852747847,4.223214392664116e-06,0.28762640410738105,5.222704591284794e-05
20190703_sample_8,Pvalb,Pvalb,0.9978886459413395,2.4325909782594126e-06,0.0004169354692056086,3.213018286272179e-08,2.1992811676363412e-05,0.9978886459413395,8.800630942853994e-09,0.0016698744231326734,7.783285364262971e-08
20190703_sample_10,Pvalb,Pvalb,0.8273715975247682,1.7592834234137323e-06,0.00038949875697521076,5.325628627582306e-09,1.6027442067691086e-06,0.8273715975247682,2.381706888054769e-08,0.17223533063352658,1.819144025154328e-07
20190703_sample_12,Pvalb,Pvalb,0.7973454191236816,4.952529779048459e-06,0.0006320251896368998,2.2740855464250048e-08,8.781173636169215e-05,0.7973454191236816,9.038781143121426e-06,0.2019154611868925,5.268711649721622e-06
20190703_sample_13,Sst,Sst,0.975480013174285,0.00017110500544277422,0.0007732998638352826,1.0942449777197757e-05,0.0004049718243885814,0.005633374100753757,0.0007293382755104156,0.975480013174285,0.01679695530600709
20190703_sample_15,Sst,Sst,0.9942224242572055,2.2279708990905096e-05,6.803962844068727e-05,7.00928287642675e-08,1.2269821320405157e-05,0.00016888899117693075,0.0013485562719822584,0.9942224242572055,0.004157471228054615
20190704_sample_2,Sst,Pvalb,0.8128922579250292,0.0003669380972368389,0.0023077839586455144,2.4593508775302144e-06,0.00011837802905071555,0.8128922579250292,5.748205306021167e-07,0.18408507122489232,0.00022653659373713495
20190704_sample_12,Vip,Vip,0.9466123954886302,7.291384637949871e-08,1.3620077074379463e-09,1.604746869166888e-07,0.02358618270141332,0.00048805114627142177,0.008183970922274473,0.021129164990869687,0.9466123954886302
20190704_sample_14,Vip,Vip,0.7322095563225901,0.0003470274231965161,8.617923105527073e-06,9.458928826962656e-06,0.028366113771552282,0.003203499912237569,0.0024329753850897513,0.23342275033340118,0.7322095563225901
20190705_sample_1,Vip,Vip,0.9012762113486615,4.697342964758127e-06,3.1314067855970835e-08,7.088682028065336e-07,0.050515239502943836,0.001309211069412591,0.02056974513563314,0.02632415541811337,0.9012762113486615
20190705_sample_3,Vip,Vip,0.44049621181572546,0.003697434120039751,7.95890887718691e-05,0.0005946683143322733,0.2487486716434108,0.016253429416237784,0.047428038131419596,0.24270195747006235,0.44049621181572546
20190705_sample_4,Vip,Vip,0.8088987592728267,7.968731410258361e-05,1.8916153523492662e-07,3.136754212606943e-06,0.021151049152582025,0.005800628724056885,0.02339336351802187,0.14067318610266208,0.8088987592728267
20190705_sample_5,Vip,Vip,0.9271487570349224,0.00015189540705425235,4.793379550888577e-07,1.0541323169039495e-05,0.012897097452746505,8.526724912401314e-06,0.055631137212686796,0.004151565506553657,0.9271487570349224
20190705_sample_9,Vip,Sst,0.42852370064981754,0.0011467890254279888,4.169364180686625e-05,0.0003891006834256452,0.025079747485194183,0.13370751203902057,0.006614616364653515,0.42852370064981754,0.40449684011065357
20190708_sample_4,Pvalb,Pvalb,0.7190509168856637,8.836197719187098e-05,0.0006662779854985653,4.377532635293311e-07,0.0009285723418275893,0.7190509168856637,5.575473704522949e-05,0.2791182250888618,9.145323064779815e-05
20190708_sample_6,Vip,Vip,0.513260349151829,0.090817031141897,0.0002721688658305801,0.0007427294335357439,0.0904095612960564,0.009423174975614089,0.003010323774498127,0.29206466136073905,0.513260349151829
20190708_sample_7,Vip,Vip,0.8857414215569591,0.00026569629544508636,0.0001109388197796659,0.00048060873577358533,0.02720211751544644,0.0022308338936433856,0.01207667502703273,0.07189170815592008,0.8857414215569591
20190708_sample_8,IT,IT,0.9874843755012006,0.01160488551997094,0.0009107360071298607,0.9874843755012006,2.055165888083379e-12,2.8669989329416794e-09,8.817257186192517e-19,6.50946255648603e-11,3.7550061650608524e-11
20190708_sample_12,Vip,Vip,0.7856145176352767,0.00329265239663233,1.350568343777238e-05,0.000180371351020846,0.18580911775227615,0.0029221416078742475,0.008791361226173675,0.01337633234730846,0.7856145176352767
20190709_sample_1,Vip,Sst,0.7959549163414745,0.0005916171821147904,8.036766481040772e-05,1.3297678156336364e-05,0.001764812976216492,0.004296069504134492,0.0004415415747558463,0.7959549163414745,0.1968573770783373
20190709_sample_2,Vip,Sst,0.6005002025004949,0.00022109644638157393,0.001007485519041797,0.0004012801813247757,0.006474936357296908,0.028739080090655827,1.366886525890468e-05,0.6005002025004949,0.3626422500395453
20190709_sample_3,Vip,Vip,0.765146552215217,0.00012112730075051509,1.5820735214340648e-06,2.2600820159012445e-05,0.024677728019085212,8.972798415872053e-05,0.19299963966716774,0.016941041919940263,0.765146552215217
20190709_sample_8,Sncg,Vip,0.871223063418226,5.408831345996906e-06,1.2684281547062472e-09,3.1139597989145037e-07,0.09311927614080859,4.168160293757005e-06,0.0340464080777571,0.001601362707160386,0.871223063418226
20190709_sample_10,Vip,Vip,0.8597488246310092,3.213299128434229e-05,2.1325902742389485e-08,7.725512275284468e-06,0.12271144022001058,0.00022119910518935969,0.013151658212422436,0.004126998001905862,0.8597488246310092
20190709_sample_11,Vip,Vip,0.5126419622492402,2.8763851861350637e-05,5.617268591094811e-05,3.8086306868114385e-06,0.00804171837411386,0.039304917076203594,0.003703271048316216,0.436219386083667,0.5126419622492402
20190709_sample_12,Vip,Vip,0.9145146826879119,2.0562903610027376e-07,5.4561355009683865e-09,1.0675061977750361e-07,0.02704073385535091,6.6061196711414325e-06,0.05706563410983746,0.0013720253914368914,0.9145146826879119
20190709_sample_13,Vip,Vip,0.9764082802313463,1.2504718621058043e-06,1.0853503771494748e-07,8.887016602860737e-07,0.006071687287896362,1.7425636506638242e-05,0.013841894738923506,0.0036584643967671345,0.9764082802313463
20190709_sample_14,Vip,Vip,0.712778471112085,1.0643361573290893e-06,5.687323229529511e-10,1.40971850639771e-07,0.23380541099184196,0.0007401078535239157,0.048693819625242094,0.00398098454056682,0.712778471112085
20190710_sample_3,Sst,Sst,0.9651944691220158,0.00012764034349871525,0.003587902399168685,3.6715964011722273e-06,5.53241367380144e-05,0.024467660271883854,0.0006121128891543028,0.9651944691220158,0.005951219241139453
20190710_sample_4,Sst,Sst,0.6177330650323881,1.770337394817491e-05,1.1586564604033457e-05,9.021902232849812e-07,6.576164171599493e-05,0.0001882633965813213,0.003197635350025224,0.6177330650323881,0.3787850824505139
20190710_sample_5,Sst,Pvalb,0.5830063053081675,5.678404122060118e-07,0.0001668519261131128,1.9463725485072336e-08,0.0001235394394333307,0.5830063053081675,1.5487319063687095e-05,0.41634329058082215,0.000343938122262639
20190710_sample_6,Sst,Sst,0.9922109862162337,3.917987447519144e-07,4.1846382243102376e-05,4.53516636975513e-09,1.1351260792087107e-05,0.004184748962267029,0.0001174032440437616,0.9922109862162337,0.003433267600509119
20190710_sample_8,Vip,Sst,0.5331191450818205,3.1179805190992136e-05,3.655195173039027e-05,1.5748267882595041e-06,0.040097996058003293,0.286196021987256,0.002972058488144688,0.5331191450818205,0.1375454718010659
20190710_sample_10,Vip,Vip,0.7253062821137115,6.27438919062543e-08,4.7279396094003316e-08,1.20126543624184e-07,0.2634473471031875,0.0003819379711348827,0.006926976297299127,0.003937226364835408,0.7253062821137115
20190712_sample_1,CT,IT,0.9344306567464327,0.06355303459491136,0.0020163028211373935,0.9344306567464327,5.472675483029424e-10,1.0195218668299032e-09,9.504701428776311e-15,3.300105791115623e-10,3.94070913817749e-09
20190712_sample_3,Sst,Sst,0.7869165884814027,6.267575375230085e-06,2.1495110799538262e-05,5.175725654549412e-09,0.0005943509504329374,0.2114073319025875,0.00012828495250771484,0.7869165884814027,0.0009256758511685093
20190712_sample_5,Lamp5,Lamp5,0.9582404658411519,1.2115695207985649e-08,1.8678392498007e-09,6.0851869375668836e-09,0.9582404658411519,0.012657330275837786,0.0007574840876314078,0.0017310256068668176,0.026613674119790775
20190712_sample_6,Lamp5,Lamp5,0.4649381137981423,0.0007420818841922732,9.982027519385894e-05,0.00013918780334992525,0.4649381137981423,0.09879051856939616,0.006548259889487788,0.04395147396141994,0.38479054381881767
20190712_sample_7,Lamp5,Lamp5,0.9817892418063892,1.9422157027490763e-06,1.7493235053191242e-08,3.9221481795318835e-08,0.9817892418063892,0.0037842684153594364,0.0005633355109020703,0.00022909209266665183,0.013632063244263285
20190715_sample_1,Lamp5,Lamp5,0.6533794006617886,3.50101934242018e-05,1.2608555454145049e-08,1.3336975870979701e-05,0.6533794006617886,3.406016873331874e-05,0.007076248624620531,0.0001237511533690389,0.33933817961363777
20190715_sample_4,Lamp5,Lamp5,0.9831992857730194,0.000383616780913028,3.733361896863805e-06,2.9339146158797426e-06,0.9831992857730194,0.012373063276359099,0.0002058284511120936,0.0012235751736446078,0.002607963268438904
20190715_sample_5,Vip,Vip,0.6081475274704927,1.8726215941622723e-06,1.4212002318293138e-05,2.3672711936368788e-06,0.03336374777916008,0.005082858020141894,0.04820885036936694,0.30517856446573216,0.6081475274704927
20190715_sample_6,Lamp5,Lamp5,0.9318093844070127,6.202004024840092e-05,3.4223011566447693e-08,1.388066975690724e-06,0.9318093844070127,0.0010513424323075032,0.0053145200770908846,0.00026641755938888284,0.0614948931939646
20190715_sample_7,Vip,Sst,0.5927827817444922,1.0579000216244965e-06,3.4150139755692666e-06,2.653185126512358e-07,0.008753422635535406,0.002063895151701202,0.0015119334673079294,0.5927827817444922,0.39488322876845344
20190715_sample_8,Lamp5,Lamp5,0.8683109495981738,6.220090828284457e-07,8.801101090940355e-07,1.3116106373476123e-07,0.8683109495981738,0.08521669408312364,0.01078985883454677,0.021497626279459326,0.014183237924440642
20190715_sample_9,Vip,Vip,0.45255021538092993,7.052132442901842e-05,1.6613335502913304e-06,6.847336904420122e-06,0.3547206204615308,0.004329434381934967,0.10154395442792294,0.08677674535279764,0.45255021538092993
20190715_sample_10,Sncg,Vip,0.6539801138557702,0.0001533148529539133,4.972380875388268e-05,0.00015166356927411788,0.21860546403941178,0.006257599239624266,0.025789709000453305,0.09501241163375854,0.6539801138557702
20190715_sample_11,Lamp5,Lamp5,0.7875510941359802,2.428233855080365e-06,3.734178183628194e-07,8.776641878471302e-08,0.7875510941359802,0.1766039824446211,0.00013023676513498788,0.022747128499038052,0.012964668737133445
20190716_sample_3,Sst,Sst,0.7853219800413133,9.496445594745193e-05,9.394747244983651e-05,1.0856006221411779e-05,0.0017356405826303239,0.015016167515612624,0.002588775408761185,0.7853219800413133,0.19513766851706388
20190716_sample_5,Sst,Sst,0.7836393606676381,0.00016984331758920746,4.234525345780176e-05,5.873279756426636e-07,0.06317255105462415,0.12141312640612978,0.01024819279308269,0.7836393606676381,0.021313993179502815
20190716_sample_7,Vip,Vip,0.5899881419439805,0.001566687049486353,0.0007552339666057741,0.0004276406745214671,0.04221226016260405,0.02493243831941608,0.017428119270375433,0.32268947861301034,0.5899881419439805
20190716_sample_8,Lamp5,Lamp5,0.7584830149013829,2.627087206798359e-06,7.86198844243866e-08,2.00222951591279e-08,0.7584830149013829,0.1252922471278598,0.00019383180947746238,0.021441170414924916,0.09458701001696843
20190716_sample_9,Vip,Vip,0.8435656487875024,1.059099966752907e-05,8.74965383473736e-08,6.564576953767208e-07,0.0025654943518578547,0.0001734952650070698,0.0008874707095385319,0.15279655593219274,0.8435656487875024
20190717_sample_1,Sst,Sst,0.9196398362553518,6.431547176378843e-05,0.002658249797184238,1.0538941838269958e-05,0.0004639763322490279,0.07216157083744773,0.00022164747094770258,0.9196398362553518,0.004779864893217319
20190717_sample_2,Sst,Sst,0.981149540977022,0.0002572493130011142,0.0026275015585230134,2.741412232482795e-06,2.5270466068939885e-05,0.015183048101554466,0.00012329183171225493,0.981149540977022,0.0006313563398858938
20190717_sample_3,Sst,Sst,0.9170713645653318,2.919811228923723e-05,0.002723631053878896,5.667375730665864e-06,0.0009176175857435848,0.07644437969601602,0.0002895626940989278,0.9170713645653318,0.002518578916910922
20190718_sample_1,Vip,Lamp5,0.9349193157060448,4.556665822549854e-07,1.4008254259945867e-11,4.163155674043416e-09,0.9349193157060448,2.868088458971634e-05,0.004491592721001277,0.00014691731821062518,0.06041303352640739
20190718_sample_2,CT,Vip,0.6016576216513506,0.04007657698851952,0.04437969069539124,0.03612383952383026,0.0062703406139390004,0.03145523789019752,0.0008167123865789686,0.23921998025019295,0.6016576216513506
20190718_sample_3,CT,ET,0.8733226260277017,0.11820294002535929,0.8733226260277017,0.006645178453181599,4.40021346438924e-10,1.53290293531243e-05,6.526159777605805e-10,0.0018139110389489863,1.4332817971848216e-08
20190718_sample_4,Vip,Vip,0.812014819643041,3.755121411243278e-06,3.931480524393016e-07,2.8646115347724587e-06,0.04173866426273325,7.33955544012066e-05,0.12952556502809223,0.01664054263073397,0.812014819643041
20190718_sample_5,Vip,Vip,0.4938200952682667,0.0006251030308718727,1.1806442717405547e-05,1.3719692136868618e-05,0.004652092731284778,0.00015228911397793696,0.05223729432658142,0.4484875993941631,0.4938200952682667
20190718_sample_6,Vip,Sncg,0.526381085362986,3.706573915575788e-10,1.717087755731625e-10,2.584828815505844e-10,7.562784393268993e-05,2.797956748919896e-07,0.526381085362986,0.0014767112301086486,0.47206629496644875
20190718_sample_7,Vip,Vip,0.9673025446061734,4.179695523468676e-05,1.0137627754651572e-07,1.3014497794417635e-06,0.020672586223352635,2.066457079048334e-05,0.001155788210428699,0.010805216607963072,0.9673025446061734
20190718_sample_8,Vip,Sst,0.5752281038468857,0.0006481969111114802,8.433368736466217e-05,5.081597011478194e-05,0.06098037033648019,0.025271770100022073,0.0016383361922960625,0.5752281038468857,0.33609807295572514
20190718_sample_9,Vip,Vip,0.7521871064345134,0.00011502770228058184,6.341054853555847e-06,1.541979350422807e-05,0.06916016031075488,0.00018220195120435806,0.16676269892791618,0.011571043824972805,0.7521871064345134
20190719_sample_1,CT,ET,0.5614617467353008,0.1558594033339084,0.5614617467353008,0.28230953911576,5.263849190020797e-09,0.0001637432373825021,3.5819515386914912e-12,0.00020538973138663896,1.725788304582403e-07
20190719_sample_2,IT,IT,0.9881225728714625,0.008886517845388887,0.002990567952042201,0.9881225728714625,9.527129911880195e-10,3.375936280003815e-07,3.8120600415371e-16,1.3071973459910983e-09,1.4775676292587147e-09
20190719_sample_4,IT,IT,0.9895385941721826,0.0064082626610700265,0.004052810525680574,0.9895385941721826,1.1514627200605742e-09,3.2946245482499044e-07,3.1195752087580404e-15,1.2051218666938132e-09,8.220240519502871e-10
20190719_sample_5,IT,IT,0.8990496892433154,0.09861905339662744,0.002331253579727611,0.8990496892433154,7.258537603240367e-10,9.223215481609475e-10,2.156653402363317e-14,4.7254951018029e-10,1.659583252767211e-09
20190719_sample_6,IT,IT,0.8400977578392378,0.15959710890172973,0.00030513323774889085,0.8400977578392378,5.398474837078074e-14,2.0418778442424922e-11,2.3870840991326895e-19,6.910819336388446e-13,1.1987133517293693e-13
20190719_sample_9,IT,IT,0.9832642168613742,0.016406340818220295,0.00032910403498913424,0.9832642168613742,9.443339974977005e-09,7.018575002737871e-08,2.5241794470110026e-13,8.363716691683649e-09,2.5029235733258137e-07
20190719_sample_10,IT,IT,0.9719484467624506,0.02800115686657803,5.039636939685261e-05,0.9719484467624506,1.2844185148717238e-12,2.208522370743622e-14,2.5227873537272777e-19,1.377776249949639e-15,2.66866243595303e-13
20190722_sample_1,CT,CT,0.9116777224476492,0.9116777224476492,0.013665885077622385,0.0732689682907489,9.97093104718381e-07,6.612630973852631e-06,5.651348570533111e-07,0.001267935609541065,0.00011131371550286405
20190722_sample_6,CT,CT,0.868168370572067,0.868168370572067,0.0012087380841193512,0.1306068742195967,9.532589373193817e-08,3.594058212250479e-06,6.80637347832674e-11,6.839039483807648e-06,5.488632563318744e-06
20190724_sample_1,Vip,Vip,0.9512397396528289,0.0003326550610802851,4.388403538211859e-05,0.0008988494171467835,0.008947186565579903,0.0010198078730477107,0.01997951800306612,0.017538359391868097,0.9512397396528289
20190724_sample_2,CT,CT,0.9727975696666964,0.9727975696666964,0.001223206663175107,0.025946472268870376,1.6270536066713577e-05,1.1786674746431355e-05,1.5349764771718172e-11,3.384778806503825e-06,1.3093962887107938e-06
20190724_sample_4,Vip,Vip,0.8097577638342248,3.0928781731554925e-08,9.049254812828641e-08,2.3191037930145796e-08,0.032951917661173946,3.695472060713899e-05,0.14742703453104383,0.009826184640582429,0.8097577638342248
20190724_sample_5,Vip,Vip,0.6845972742424391,1.313527498958996e-06,1.1573008015490027e-06,1.8206310445463068e-07,0.07312821833920766,0.01386076101782982,9.88901792685364e-05,0.22831220332984994,0.6845972742424391
20190724_sample_6,IT,CT,0.3199451828919937,0.3199451828919937,0.24119233890176867,0.14152151548212735,0.0043973259658993845,0.0016129633669579287,0.0022571636913461105,0.15857443739361232,0.13049907230629454
20190724_sample_9,Vip,Vip,0.9144260410698621,3.979449355582831e-06,3.0243348839622427e-07,1.263011295606074e-06,0.03444046781744951,3.088382346897189e-05,0.04323135548422134,0.007865706910858443,0.9144260410698621
20190724_sample_10,Vip,Vip,0.7874347626542578,0.00047116769644147115,1.5649259149340211e-07,1.5598639782021475e-05,0.02707005614725353,0.007514146536130256,0.02071284723315584,0.15678126460038758,0.7874347626542578
20190724_sample_12,Vip,Vip,0.6088228882730258,0.0007821107024877749,4.245303477260632e-05,0.0019305919121110331,0.022988948003128333,0.08512348208544085,0.002354174500403203,0.2779553514886304,0.6088228882730258
20190725_sample_1,Vip,Vip,0.7766632004388531,2.7716186159402e-06,5.182470586548963e-07,1.2304620208818417e-07,0.02610575147448542,0.0009484907787427817,0.10277138170909207,0.09350776268694988,0.7766632004388531
20190725_sample_3,Vip,Vip,0.9109244746108776,3.642522800220604e-05,2.0825489315300966e-06,2.8592469043182024e-05,0.05145514617769323,0.00012008928297749798,0.032474884030103804,0.004958305652371025,0.9109244746108776
20190725_sample_4,Sst,Sst,0.9883413532282593,5.7570022447951077e-05,6.862915226402976e-05,3.085015933084945e-06,3.057534328961199e-05,0.003062508245851046,8.553764336050878e-06,0.9883413532282593,0.008427725227618744
20190725_sample_5,CT,CT,0.8869901226445034,0.8869901226445034,0.0013120709471048533,0.10233245422850691,1.6054425510479813e-05,6.524297809338045e-06,4.85779645069739e-06,0.0014897943577161028,0.007848121302398193
20190725_sample_6,Vip,Vip,0.8628909447579518,3.4727098276076784e-06,2.4352190125157335e-07,1.9722197031851313e-06,0.0565382851563725,3.216745247955867e-05,0.07677983346925796,0.00375308071250598,0.8628909447579518
20190725_sample_7,Vip,Vip,0.8874668466278635,2.6437396220025906e-05,5.9939685914916524e-06,2.7695897604825337e-06,0.00716207478274407,0.0005864852013277964,0.01893980055149632,0.08580959188199629,0.8874668466278635
20190725_sample_8,Vip,Vip,0.77582402179437,0.0036552200993236056,6.0039122142878886e-05,0.000269499474726918,0.09902930780636976,0.003812736572901998,0.06083181982507067,0.05651735530509408,0.77582402179437
20190725_sample_9,Vip,Vip,0.9168527029941607,1.0094565783720114e-08,2.867864803497222e-09,8.64939081868028e-09,0.06676568457609629,0.00034569381537964905,0.005912807102976901,0.010123089899565303,0.9168527029941607
20190726_sample_1,Lamp5,Lamp5,0.6597412070266283,7.860919655240726e-07,1.0004467138032538e-09,2.4190434195953505e-08,0.6597412070266283,0.0013139702495609596,0.03585092872488924,0.004880174973808424,0.29821290774226666
20190726_sample_2,Pvalb,Pvalb,0.936706054524584,1.4170328064988937e-06,0.0001609260036372253,4.717749913952115e-08,0.0003021300035829158,0.936706054524584,3.278342167706981e-06,0.06281207861036675,1.406830535573422e-05
20190726_sample_3,Lamp5,Lamp5,0.8601509809472067,2.6558322248379786e-07,1.599822183206043e-09,1.2619906713346554e-08,0.8601509809472067,0.00151418242921807,0.00809036729964546,0.002879528193548583,0.12736466132742985
20190726_sample_4,IT,IT,0.9844159663527426,0.004686424876058033,0.010897407018850275,0.9844159663527426,2.51184903295763e-09,1.7871087983619612e-07,1.848209532154395e-13,1.848248795549748e-08,2.046947286173469e-09
20190726_sample_5,Lamp5,Lamp5,0.9266497716960469,8.762068942340201e-07,1.9977043160728735e-08,2.4249481352990136e-07,0.9266497716960469,0.006015489895091457,9.674503318393898e-06,0.0018627359665565795,0.06546118926023597
20190726_sample_6,Sst,Sst,0.929050538991387,0.0009933255824573573,0.001569960198157447,8.1120471452101e-05,0.0018502282141046734,0.019888751309286665,0.0006066209660388302,0.929050538991387,0.045959454267115854
20190726_sample_7,Lamp5,Lamp5,0.984542341988082,4.164538630008091e-06,1.467821834186506e-07,4.209244125447272e-07,0.984542341988082,0.004068468781862702,0.0032951408714271394,0.000277388483835354,0.007811927629566982
20190729_sample_2,Sst,Sst,0.9703866772616189,0.0002525212856924202,0.0015265432401082467,2.692833234089576e-05,5.449877778557766e-05,0.007013311331161154,0.00021709239044648122,0.9703866772616189,0.020522427380846333
20190729_sample_3,Sst,Pvalb,0.8360042647908162,0.00458254027749233,0.011388981514780273,0.0004855298476830976,0.00408702349454907,0.8360042647908162,3.8172061467147595e-05,0.14177075389499896,0.0016427341182129536
20190729_sample_5,Pvalb,Pvalb,0.7012346516120366,5.901278686051708e-05,0.0007218262538303921,2.5538063991333583e-05,0.03017236363188078,0.7012346516120366,0.00017210843070365904,0.2615496885512168,0.006064810669479919
20190730_sample_1,Vip,Sst,0.52093628984192,0.0010092812359567933,0.002685497069588463,0.0005276987358678244,0.06675898856433983,0.10206648364333397,0.026134589448306423,0.52093628984192,0.2798811714606868
20190730_sample_2,Vip,Vip,0.8957543183953863,0.0012194259014256354,8.060375232418526e-06,7.632750537391604e-05,0.014652586660296209,0.00032500025710562855,0.03555933234335147,0.05240494856182833,0.8957543183953863
20190730_sample_5,Vip,Vip,0.709804420934965,0.00028446141678596545,6.446244604913097e-06,0.00018853675475425088,0.15587573892239615,0.034148239957804104,0.012140323482206155,0.08755183228648349,0.709804420934965
20190730_sample_6,Vip,Vip,0.7085877697333778,1.0478941304319223e-06,2.026837181227998e-07,8.946897875916097e-07,0.20469626058802365,0.00017668825184328547,0.08394284379940525,0.002594292359713861,0.7085877697333778
20190730_sample_7,Vip,Vip,0.8818411153449177,9.333226753596568e-05,4.284227454232023e-06,2.3205353456077028e-05,0.08865827874114825,0.0005525829370362524,0.010951159669171012,0.01787604145928055,0.8818411153449177
20190730_sample_9,Lamp5,Lamp5,0.4603678543909053,0.00017580141599492948,1.7139344885672423e-06,0.00011059926138879848,0.4603678543909053,0.3130389958973471,0.0017863869215939744,0.07328551095377982,0.15123313722450163
20190731_sample_1,Pvalb,Pvalb,0.9480263116239878,2.7858643817898067e-06,4.189697324422736e-05,2.3303165351437146e-09,0.00030612333237255504,0.9480263116239878,6.672966180229424e-07,0.05161498833332022,7.224245758906554e-06
20190731_sample_2,Lamp5,Lamp5,0.719081168099498,5.801722785551523e-05,3.072439889758649e-06,2.6600753177304805e-05,0.719081168099498,0.02369945590795472,0.009404264431095726,0.01524083669321802,0.23248658444731113
20190731_sample_4,Vip,Sst,0.8425340150586784,0.00020628489717134556,7.457103863336973e-05,1.383286554033392e-05,0.01662773210309234,0.015286195556782085,0.015133901977576324,0.8425340150586784,0.11012346650252577
20190731_sample_5,Pvalb,Pvalb,0.9012411118382971,0.00019655672438323416,0.0008057725678467979,2.1403764773364203e-05,0.03825373598325793,0.9012411118382971,0.00012698756009249553,0.05788458359747137,0.0014698479638776299
20190731_sample_8,Pvalb,Pvalb,0.9701284919895802,1.447905598633018e-06,1.0880126776804635e-05,2.216832144809143e-09,0.007439045867469445,0.9701284919895802,2.3543928457572433e-05,0.022363910944127704,3.267702115731721e-05
20190801_sample_1,IT,IT,0.9902159438927601,0.0085613081945484,0.0012227477470994183,0.9902159438927601,5.240372088558273e-13,9.766092466792886e-11,1.2326052076464328e-26,5.473506745609174e-11,1.2672106480167139e-11
20190801_sample_2,Sst,Sst,0.803755006738118,5.207903885636852e-05,8.51220558441861e-06,1.8687130942373595e-07,0.004657957167475113,0.16571458316134424,0.0012074441452778442,0.803755006738118,0.024604230672034596
20190801_sample_3,Sst,Sst,0.8523498303418254,1.0758855781517937e-06,1.6150226853797255e-05,1.3534027488779178e-07,0.004991648001107842,0.057711712287988284,0.0042009982188429065,0.8523498303418254,0.0807284496975286
20190801_sample_4,Sst,Sst,0.6741956468946978,0.02477079745742152,0.0030871452594179215,0.0015748461084230919,0.0010161218258020722,0.2605507039587001,9.015560112457764e-06,0.6741956468946978,0.03479572293542508
20190801_sample_7,Sst,Sst,0.8401222916433734,0.006597594469765185,0.001613557040481282,5.019304423790453e-05,0.00888556663835394,0.12866379960164775,0.0010591304424054939,0.8401222916433734,0.013007867119735067
20190820_sample_1,Sst,Sst,0.9825082103443905,2.7163871542730777e-05,4.787027896116777e-05,2.792309362719981e-07,0.0006299137447133708,0.013342276713841503,0.0008015526050006829,0.9825082103443905,0.0026427332106137833
20190820_sample_2,CT,CT,0.8565764603243887,0.8565764603243887,0.0004592555758365849,0.14296401910933093,3.966422677032555e-12,6.689257872757043e-12,4.255150380063488e-11,2.516581825956093e-07,1.3279054078170623e-08
20190820_sample_3,Pvalb,Pvalb,0.9942361398197923,5.4527404553227935e-05,0.002875922757371132,1.1498022981388074e-05,0.00031609819380582833,0.9942361398197923,4.2897955267181283e-10,0.0025044819135293253,1.3314589872328825e-06
20190820_sample_5,Sst,Sst,0.8465879706420689,0.0045099878242556065,0.0005428515300583802,0.00010508529296498283,0.004381495836241536,0.07979548597733713,5.9399115678376686e-05,0.8465879706420689,0.06401772378139516
20190820_sample_6,CT,IT,0.6566418202259428,0.3408862156421743,0.0024719621705651517,0.6566418202259428,8.571449857418288e-14,3.0966240235203198e-12,2.3277963930989432e-17,1.9381299070576057e-09,2.0005385326433464e-11
20190821_sample_1,IT,CT,0.5766661550427664,0.5766661550427664,0.09465847314273541,0.32867178050309714,9.457596075811508e-11,1.5666004693975306e-06,1.3210140073166186e-13,2.02198753438339e-06,2.6286891672357404e-09
20190821_sample_2,IT,IT,0.8825442950969057,0.11294851726831454,0.004507146750703658,0.8825442950969057,2.046261217780242e-12,4.0802411923536783e-08,2.486885476187431e-18,7.743518570809996e-11,2.18273861220907e-12
20190821_sample_3,CT,CT,0.7973543969645304,0.7973543969645304,0.00033724589711007184,0.20230774956292202,5.747560345023218e-10,6.061418833833994e-07,4.2220020702257817e-16,8.536711114009252e-10,5.1266025805870075e-12
20190821_sample_4,IT,IT,0.98771471506533,0.011534682908084681,0.0007506012631314601,0.98771471506533,3.611056586751336e-11,1.9754351661423567e-10,6.70238851398965e-23,2.5197352427122953e-10,2.7782634859099247e-10
20190821_sample_5,IT,IT,0.9064207457216087,0.09179429359160841,0.001784931929930169,0.9064207457216087,2.1786976344939696e-09,9.43364093874273e-10,2.767495625935047e-13,3.42608779799453e-09,2.2208426475090767e-08
20190821_sample_6,IT,IT,0.9895940964318215,0.009455093648042017,0.0009508096268991903,0.9895940964318215,3.942283964387027e-12,7.78905925517626e-11,1.1462567861582611e-16,1.9147228646717651e-10,1.993208552747926e-11
20190821_sample_7,IT,IT,0.8827857978422414,0.11420891419839092,0.0030052876215075014,0.8827857978422414,1.7607533057511653e-11,2.642356030787749e-11,4.890801456075676e-15,7.50848521794683e-11,2.1873927490725686e-10
20190823_sample_1,IT,IT,0.9735071461482143,0.013524745750486896,0.012968108004724845,0.9735071461482143,3.768739068995635e-14,6.139473526492833e-11,3.280567450138415e-26,3.4505994801197545e-11,6.355447136188424e-13
20190823_sample_3,Pvalb,Sst,0.8040071363268737,1.2287277179698103e-05,0.001039817670338018,1.0798345133314756e-07,1.5456718572413614e-05,0.19469489581565314,3.3852437250500303e-06,0.8040071363268737,0.0002269129642067316
20190823_sample_6,IT,IT,0.977994059068737,0.01442928430301782,0.007576185637380909,0.977994059068737,5.0614433790667666e-09,4.298539930397967e-07,3.458588448886824e-14,2.1565083050934644e-08,1.4510310020489361e-08
20190823_sample_7,IT,IT,0.9297451489591669,0.06818770652857943,0.0020671444539033966,0.9297451489591669,5.944719685455378e-13,1.2394019090106481e-11,8.374015904733528e-25,4.21313078413098e-11,3.230365678247091e-12
20190827_sample_1,Sst,Sst,0.3844141461321679,0.0006397614656043146,0.0001171991751891847,4.072608256276308e-05,0.2552394386360678,0.07501818648871576,0.0876190740976022,0.3844141461321679,0.19691146792208997
20190827_sample_3,Sst,Sst,0.9004020812809586,2.040303506988964e-05,7.823234875613937e-05,4.6409558934094195e-07,0.0016559377189855854,0.00958327223016963,0.003512903793770902,0.9004020812809586,0.08474670549670021
20190827_sample_4,Sst,Sst,0.934206440504264,0.000836801048268371,0.002879148225138058,0.0001379993405512145,0.00043152838305653244,0.04408687735118571,0.000312693938162793,0.934206440504264,0.017108511209373175
20190827_sample_5,CT,CT,0.7662521244119452,0.7662521244119452,0.00012302171708810947,0.23325410045750722,3.5403188600980157e-06,0.00011870508457678386,6.892299862212674e-10,0.00022480522088634807,2.370209990622056e-05
20190827_sample_6,Sst,Sst,0.9725726134844503,0.00013450636503639583,0.0028057686824632115,5.82783421365617e-06,4.550015994785617e-05,0.02293143727549055,4.9686999229923425e-05,0.9725726134844503,0.0014546591991682137
20190827_sample_7,Pvalb,Sst,0.9967506662596126,1.6523076160072397e-06,1.8212274715287022e-05,1.0157314176597122e-09,6.208051445988678e-06,0.002787888412156477,2.586414428785483e-05,0.9967506662596126,0.00040950753443437906
20190827_sample_8,Sst,CT,0.3976782164860438,0.3976782164860438,0.05665509444553716,0.00917984666333876,0.020772758363921392,0.15228220315261046,0.0005294012825044986,0.3333618999924905,0.02954057961355355
20190827_sample_9,Sst,Sst,0.8975247184712052,0.0064951135384054845,0.0009127862125094288,1.5615158633112545e-05,0.006355256195846029,0.0719002812633905,0.0012653359483844212,0.8975247184712052,0.015530893211625969
20190828_sample_1,Vip,Lamp5,0.5841704966228183,6.735537936512578e-06,3.574534031758995e-08,3.3098044735479165e-06,0.5841704966228183,0.00031736296689305126,0.05980587955735332,0.000928153828698743,0.3547680259364862
20190828_sample_3,Vip,Vip,0.619657374641336,0.00033962959156802583,0.00010220407963928203,9.78657645040846e-05,0.026448551844131234,0.007653128877529433,6.510503685098972e-05,0.34563614016444094,0.619657374641336
20190828_sample_4,Vip,Vip,0.8647374682256611,0.00010049421582547237,6.00365664428167e-06,6.30953064501201e-05,0.018913042645653078,0.00022550693230834372,0.030465988913098548,0.08548840010435893,0.8647374682256611
20190828_sample_5,Vip,Vip,0.8093779186080603,0.00013464056326932712,0.0001131729345921514,0.0001337358279900969,0.07652559070200765,0.0018310393431858944,0.03461040640316473,0.07727349561772968,0.8093779186080603
20190828_sample_6,Vip,Lamp5,0.7934126478319558,1.5907262324892355e-07,2.9764417767384555e-08,4.807804782827848e-07,0.7934126478319558,0.0005842412948752507,0.00026988437612583184,0.0007523339356730764,0.20498022294385085
20190828_sample_7,Vip,Lamp5,0.6219759723440543,0.0002869251794376838,8.463430086361424e-06,1.0771431596148714e-06,0.6219759723440543,0.08084695760192986,0.005296655225703911,0.18737520659585602,0.1042087424797721
20190829_sample_2,Lamp5,Lamp5,0.8786929652376606,0.00018745396398546325,1.9512254668859726e-06,1.660169565337471e-05,0.8786929652376606,0.0017660476759714845,0.012798798023981782,0.0010653491653034746,0.10547083301197688
20190829_sample_3,IT,IT,0.611834777211687,0.38779583542015694,0.0003692172060899735,0.611834777211687,6.062876041107697e-11,5.923168754582558e-12,4.125391422932062e-11,9.727379475530924e-08,7.278046525880831e-08
20190829_sample_4,Lamp5,Vip,0.5184110639453314,3.01199438820289e-06,6.06690981335942e-07,1.946107157017406e-06,0.21716018785754485,0.17711858656278046,2.495778211007025e-05,0.08727963905970669,0.5184110639453314
20190829_sample_6,Lamp5,Vip,0.3093380531962051,0.0443922827397733,0.01830459586505321,0.05863905333052524,0.17070477367838305,0.25863485529284513,0.007523472123644695,0.13246291377357036,0.3093380531962051
20190829_sample_9,Pvalb,Pvalb,0.9324143935438651,2.5521148429277355e-05,0.00142865726407005,2.915406561823871e-07,0.00013293834518846254,0.9324143935438651,2.5479852405839325e-06,0.06598648368484189,9.166487708306393e-06
20190830_sample_1,IT,IT,0.9606141602546937,0.03782962137850466,0.0015562131710906966,0.9606141602546937,1.3015935078068492e-11,7.455870834604088e-11,1.2879627730483173e-21,1.6451292874898218e-09,3.4630068866542852e-09
20190830_sample_2,IT,IT,0.7739938095963081,0.2231431088079679,0.002862705101556095,0.7739938095963081,1.2252761663572033e-09,1.2343916856240997e-07,1.5585042115135317e-12,1.2831875091808145e-07,1.2350941378819162e-07
20190830_sample_6,IT,IT,0.9890233205510218,0.010293087525146778,0.0006835743656639334,0.9890233205510218,3.513863034541301e-11,2.0512122308821896e-09,1.114149893496079e-15,2.6812714788051473e-09,1.2790543840170928e-08
20190830_sample_8,IT,IT,0.9654544978253766,0.03445283811131885,9.253878863994106e-05,0.9654544978253766,4.344362711879628e-09,1.630253267299438e-10,1.3500902974120903e-13,4.405666309161754e-10,1.2032657512053372e-07
20190904_sample_2,Vip,Sst,0.7410578416320216,0.00023193193056049395,0.0001146427718913605,1.489104904018119e-05,0.0007342262615592482,0.0007969244560045009,0.0016141658164293684,0.7410578416320216,0.2554353760824933
20190904_sample_3,Vip,Vip,0.9355465926536064,1.2650253581796499e-07,7.911867759328017e-09,5.2980796242033356e-08,0.019336204396104586,1.9567901324588242e-05,0.04205942313808952,0.003038024515675048,0.9355465926536064
20190904_sample_4,Vip,Vip,0.7320205733921267,6.552413643439012e-05,5.593796753276219e-06,7.082781774057337e-06,0.15906299525176207,0.0007458457927039789,0.05788612349870952,0.050206261349735985,0.7320205733921267
20190904_sample_5,Vip,Vip,0.4549810406321795,0.001071604892054961,0.0004990413731226619,0.0003663727327356648,0.32075110520149075,0.04474059357018951,0.012905030445042069,0.16468521115318488,0.4549810406321795
20190904_sample_7,Vip,Vip,0.9649662077142149,3.868189065938704e-06,3.605489573374229e-06,3.236113403401829e-05,0.016275351579294075,0.0001163705567644293,0.0028371266932587717,0.015765108643794642,0.9649662077142149
20190905_sample_3,Sst,Sst,0.9917918743324545,1.0620691745372309e-05,4.024207356092091e-05,7.562437459743656e-09,0.0003424524120744605,0.003784533685405384,0.0006311631918399323,0.9917918743324545,0.0033991060504819925
20190906_sample_1,Lamp5,Vip,0.5881745196411174,1.973792004741512e-06,3.584012462492047e-08,2.7556908859500825e-07,0.39323667866818757,0.0007732932286995003,0.014222019289706256,0.003591203971071324,0.5881745196411174
20190906_sample_5,CT,IT,0.8613117771875374,0.12073757304358128,0.0179442808735067,0.8613117771875374,1.2637930745420039e-08,1.2006111614276662e-06,5.352280737654094e-12,3.720160340151619e-06,1.435480590156703e-06
20190906_sample_6,Lamp5,Pvalb,0.3803714771631615,0.033241454494161736,0.0002597222725650965,0.0004861755877102078,0.27936686385524606,0.3803714771631615,0.000277414022509838,0.21088669965963863,0.09511019294500696
20190910_sample_1,Lamp5,Lamp5,0.753435484272918,2.3201622017191967e-07,4.002205193843691e-09,4.771922026225224e-08,0.753435484272918,0.002400162944692577,0.026770299992878582,0.006852768197793867,0.2105410008540714
20190910_sample_2,Vip,Vip,0.9457186051185166,3.289737235983275e-06,8.098787840667212e-09,1.7420723073488884e-07,0.02763854187813192,1.751266727677802e-05,0.016895528769004,0.009726339523816106,0.9457186051185166
20190910_sample_3,Vip,Vip,0.8645769111782389,0.0011966758148292719,1.747056508633067e-05,0.000122195067412957,0.04998625599575966,0.0018834107320150075,0.012450499554942686,0.06976658109171519,0.8645769111782389
20190910_sample_4,Vip,Vip,0.7328231045394421,1.9877541279194978e-07,1.158999564155514e-08,2.4517570125840512e-08,0.004291419625728449,1.3490249344612657e-06,0.25917247978609215,0.003711412140824203,0.7328231045394421
20190910_sample_6,Vip,Sst,0.7382198371148617,3.5761585221374945e-06,1.689498905829868e-05,7.163370315325206e-07,0.0016194425126697014,0.008422596583534862,0.0051472079729759255,0.7382198371148617,0.24656972833134586
20190911_sample_4,IT,CT,0.5045694293352351,0.5045694293352351,0.0009783702391379125,0.49443333552246,4.2610338109018764e-07,1.5550216749703447e-05,2.2928597238717426e-16,5.455792764008085e-07,2.3430037594908184e-06
20190911_sample_9,CT,IT,0.7570564453472721,0.21801937451377768,0.024917219965613312,0.7570564453472721,2.9819497348958715e-08,4.098907946439654e-06,9.974783775463258e-12,2.64352533719435e-06,1.8791058123525637e-07
20190912_sample_1,CT,CT,0.9068996064443133,0.9068996064443133,0.00012471005727171392,0.09297398752555974,2.3172680957930115e-09,1.6744386089106912e-06,2.295382113885024e-14,1.9019305942527552e-08,1.9764927351058863e-10
20190912_sample_2,CT,CT,0.6807376492512547,0.6807376492512547,0.02703815156260758,0.2921127457465529,4.97084714979464e-07,4.6329601999271645e-06,4.827363035119903e-13,5.775868212258492e-05,4.8564712064437495e-05
20190912_sample_3,CT,CT,0.7246441694669136,0.7246441694669136,0.0144705368454064,0.2608803203611309,3.111804969525725e-10,4.557095233079811e-06,1.64640902539928e-15,4.1476952171597314e-07,1.1506122960664623e-09
20190912_sample_4,Lamp5,Lamp5,0.5236849106778163,2.0054407747142255e-05,4.811932761281743e-08,3.235999934007737e-08,0.5236849106778163,0.014834086765241278,0.014269381757015491,0.05745265249839384,0.389738833414459
20190912_sample_8,CT,CT,0.9843228435562714,0.9843228435562714,5.933346828214905e-05,0.015616787144386832,1.714762948568339e-11,3.358516820913672e-11,5.6010785606446624e-09,1.026444598061231e-06,3.7346502140746214e-09
20190912_sample_10,Pvalb,Lamp5,0.9215093293674784,9.00139172259673e-05,3.7884015711723406e-06,2.315955157554566e-05,0.9215093293674784,0.03155111308862188,0.0006413348865503096,0.008454790431060516,0.03772647035591632
20190917_sample_1,CT,CT,0.9573069379629132,0.9573069379629132,0.002031885691541109,0.026836546623730702,9.730986455819192e-05,0.010237488872786775,9.112868746960338e-11,0.002105711655201298,0.0013841192381400741
20190917_sample_2,Lamp5,Lamp5,0.9933619816036517,1.8205115002111427e-05,2.7357930970391135e-09,3.077990117466265e-07,0.9933619816036517,0.00023254917765706362,0.002925577105723006,0.0002064512504955585,0.003254925212665702
20190917_sample_3,IT,Vip,0.8237671313057067,0.0077161908007327955,0.00038421569219334353,0.010074964196225911,0.006224766906464588,0.01573619646626715,0.0020927179342749304,0.1340038166981346,0.8237671313057067
20190919_sample_4,Lamp5,Lamp5,0.8527388713711368,3.525363481796176e-06,1.8422982672972305e-06,1.5718363907532288e-07,0.8527388713711368,0.0018129658225677508,0.053491202399020416,0.009890782416485739,0.08206065314540098
20190919_sample_5,CT,IT,0.8272933125040424,0.15818818006751786,0.014518123320504782,0.8272933125040424,8.577399951922684e-09,6.941120906926882e-08,7.619357757511815e-17,2.730761441329444e-07,3.304318177077885e-08
20190924_sample_1,Sst,Sst,0.36313697219534113,1.050949459935088e-05,0.00012749124792193242,1.849357996380094e-06,0.17187647403147185,0.05703695173493569,0.050717118983703624,0.36313697219534113,0.35709263295403
20190924_sample_2,Sst,Sst,0.5959444053084535,0.004138812736602997,0.1515432526339426,0.0020621927510354574,0.00098340768185371,0.2435893913925651,1.8933548208807366e-05,0.5959444053084535,0.001719603947337937
20190924_sample_3,IT,IT,0.8485890035182937,0.145919360083772,0.005491518187909459,0.8485890035182937,2.6798231724140057e-10,3.876526996907215e-10,1.0000343018215206e-17,9.542008853707394e-08,2.2134301203103467e-08
20190924_sample_4,Sst,Sst,0.8532238656744145,0.00708338979972371,0.002371013691324235,0.0010475441491636253,0.006760265046083333,0.023811938033694868,0.0005935251182462128,0.8532238656744145,0.10510845848734962
20190924_sample_5,Sst,Sst,0.8238088084201605,0.019613976041236644,0.00420857388019142,0.00031571566803040687,0.0159110155574452,0.11334577847912893,0.00023630176583050436,0.8238088084201605,0.02255983018797647
20190924_sample_6,Sst,Sst,0.9885340887436913,0.001840942669500493,0.00336980106684494,3.0967663293088438e-06,2.7389339391904346e-05,0.0047857366251611785,0.00017880127398892123,0.9885340887436913,0.001260143515092013
20190924_sample_7,Pvalb,Sst,0.625165617973795,0.0001060295166818941,0.0006464119648358799,8.905127580024182e-07,0.004089305393420273,0.3667570785279479,0.0008433951532402657,0.625165617973795,0.0023912709573206976
20190924_sample_8,CT,ET,0.7149044832814843,0.2273169393144219,0.7149044832814843,0.05760925855096121,8.821759909986873e-10,1.5649711174497664e-06,5.923087834817861e-11,0.00016762385216349417,1.2908844488816248e-07
20190925_sample_2,Pvalb,Lamp5,0.810570359425969,6.65742851755019e-05,2.893455019149616e-06,1.8850990448518895e-06,0.810570359425969,0.09223724641888201,0.005399108167378546,0.029333656711310194,0.062388276437220926
20190925_sample_3,Sst,Sst,0.8789313417563839,2.3319881323699717e-05,0.010957443332942678,2.967401827907247e-06,0.0008202921915718287,0.10514747074050236,0.0003801044496269664,0.8789313417563839,0.003737060245820844
20190925_sample_4,CT,Pvalb,0.7831186665870986,0.022204855591061348,0.00018299052429556915,0.02701290689271708,0.022607257757803017,0.7831186665870986,3.0460873604149185e-05,0.1160210689812862,0.02882179279213418
20190925_sample_5,Sst,Pvalb,0.5828388050307588,0.00023144307639715167,0.003204020568795318,0.00010270652798795883,0.01939138874744634,0.5828388050307588,0.0005053817454735553,0.37495384018144673,0.018772414121694028
20190925_sample_6,Pvalb,Pvalb,0.9943832437028823,1.0715689694977473e-06,0.00016739506906097754,1.139233373768273e-08,0.001697812319075198,0.9943832437028823,3.942201978334021e-07,0.0037485393198710497,1.532407609212256e-06
20190925_sample_7,Sst,Sst,0.9927017763044257,3.334796223750854e-05,5.12099612115901e-05,8.458221838093867e-08,1.6942413725522853e-05,0.00020747532123401274,0.00014721604285472293,0.9927017763044257,0.006841947412092503
20190926_sample_2,ET,IT,0.6610788280694098,0.13581544725113104,0.20306520096541586,0.6610788280694098,1.143583745123656e-08,4.884707819015246e-07,1.3521056751957948e-09,3.9210699903026776e-05,8.117554150823949e-07
20190926_sample_3,Sst,Sst,0.8645312858201959,0.025491982529420688,0.08926514997573196,0.0008179119929666261,1.6041246913541955e-05,0.018083594545815814,2.2662312243558353e-06,0.8645312858201959,0.0017917676577310674
20190926_sample_4,ET,Pvalb,0.9595476396185013,0.0011221455026254727,0.004281556250515202,0.000779577895729182,5.089251348430714e-05,0.9595476396185013,3.248820599155189e-08,0.034190647642382846,2.750808855563957e-05
20190926_sample_5,Pvalb,Pvalb,0.9405024050239458,2.9844676894234234e-05,0.0005945995637859925,3.359742148252931e-07,0.0029975527489775394,0.9405024050239458,3.0168867221282233e-05,0.05570415305760658,0.00014094008735384406
20190926_sample_6,Sst,Sst,0.919398981600674,2.4327113349407625e-05,0.00028451526264602255,5.193375562608352e-06,0.0006140348153679227,0.013456663009720841,0.0013635506937180939,0.919398981600674,0.06485273412896118
20190927_sample_1,IT,IT,0.9347105431265251,0.06383232854889379,0.0012625890903473905,0.9347105431265251,5.371540550997078e-07,1.740851626521444e-06,4.072819796087578e-09,9.362640668954201e-06,0.00018289451506327574
20190927_sample_2,CT,IT,0.8202373040446154,0.15014307806009586,0.029615366767828267,0.8202373040446154,2.3112484256067078e-09,3.5055894739202862e-06,1.6450462883307104e-14,7.238327569531288e-07,1.939396478042444e-08
20190927_sample_3,Pvalb,Pvalb,0.996145426583803,7.276221685163834e-07,1.5260725504128287e-05,3.031867791946858e-08,0.0007455109821924526,0.996145426583803,2.2642190230568972e-10,0.003090925739634364,2.1178015977005696e-06
20190927_sample_4,IT,IT,0.8902264102161965,0.10583656554154137,0.00393702299420927,0.8902264102161965,1.6197821799365585e-10,9.741967322461617e-10,1.6217700806689337e-16,7.709734914200063e-11,3.478027702660868e-11
20190927_sample_5,Pvalb,Pvalb,0.9741769171267075,1.948436647214693e-05,0.02384256960448001,8.182355516772317e-07,1.0355602225029197e-05,0.9741769171267075,1.4307073916631799e-09,0.001949847785439587,5.848416571834331e-09
20190927_sample_6,Vip,Lamp5,0.699746190203177,7.270631167714836e-05,1.3313853332209739e-06,5.0469752782325415e-05,0.699746190203177,0.00026945052018453945,0.00845418986534044,0.0009874434249666768,0.2904182185365389
20190927_sample_7,CT,CT,0.9380245732472939,0.9380245732472939,3.1710260281370954e-06,0.06197225572542638,3.371743953051254e-14,1.1917630217120698e-12,4.5586189638134966e-21,2.462103868349746e-14,1.4072522084452697e-15
20191001_sample_1,Sst,Sst,0.8435583352388102,1.3267482962515212e-05,0.0001850669111504812,1.8633939582882505e-06,0.04753809772854049,0.03839723199289233,0.007214960300598121,0.8435583352388102,0.06309117695108783
20191001_sample_3,Sst,Sst,0.6061548487309908,0.00014483239310997097,5.470188673301721e-05,6.741118638733176e-06,0.00570771356105124,0.007758577556275811,0.0032073663172621563,0.6061548487309908,0.37696521843593844
20191001_sample_4,Pvalb,Sst,0.6126138534917944,0.0006994470292250844,6.650804134418591e-05,7.86135220628159e-06,0.140652276189933,0.030543754977602814,0.03769694709949197,0.6126138534917944,0.17771935181840226
20191001_sample_5,Sst,Sst,0.8198393410651083,0.00024712631019491735,0.0004570297753611296,4.310882082500123e-05,0.0018816478021076392,0.00478237527705256,0.013511783269294003,0.8198393410651083,0.1592375876800566
20191001_sample_6,Sst,Sst,0.9541628835216588,1.3316992647801909e-05,0.0007365581510996387,2.770972904432713e-06,0.0024071462781039784,0.03371188351947958,0.0005109886556678494,0.9541628835216588,0.008454451908438097
20191003_sample_3,Sst,Sst,0.7990279631319009,2.8153321027189376e-05,0.0008215595692755414,1.229342714250466e-06,0.004176261013261793,0.17840643237088621,0.0020188651881660725,0.7990279631319009,0.01551953606276799
20191003_sample_4,Sst,Sst,0.6496935474079313,0.00019640787662542796,9.567578999068948e-05,2.063341758146129e-06,0.015769695228066552,0.32073310620147427,7.167072155445304e-05,0.6496935474079313,0.01343783343259915
20191003_sample_5,Sst,Sst,0.9913076724382085,3.642252771091751e-05,2.9168761046897434e-05,6.059055513013812e-08,6.876857093773218e-05,0.00047192636012351814,0.0022479307082032217,0.9913076724382085,0.00583805004321413
20191003_sample_6,CT,Sst,0.5554296048706641,0.28894319437647986,0.12805020609939963,0.01022679119648142,4.36058251838999e-06,0.015939018878407717,1.3513186373964876e-07,0.5554296048706641,0.0014066888641852925
20191010_sample_1,IT,IT,0.8226008514761557,0.15407451352043228,0.023321277456695808,0.8226008514761557,2.6767653134243678e-08,2.8559285010544196e-07,1.739596741829255e-10,2.581735927252307e-06,4.6327632626693684e-07
20191010_sample_2,Sst,Sst,0.5071109386405461,7.64797723513699e-06,0.0008388980697609717,1.18367857659821e-08,1.5583059418184396e-05,0.49200748966375524,1.6119071387694295e-05,0.5071109386405461,3.311681110785982e-06
20191010_sample_3,IT,IT,0.7830155584826584,0.19640666967674017,0.02057777181433163,0.7830155584826584,6.442243328087881e-14,1.3942898420773612e-11,4.525147400371899e-19,1.1852886702319964e-11,4.096357032982671e-13
20191010_sample_4,Pvalb,Sst,0.509739213570028,0.0010306081362969528,0.0012153926800871522,1.1249660788384344e-05,0.01478741592473672,0.4701003837958872,5.0950151495086914e-05,0.509739213570028,0.003064786080680617
20191010_sample_6,Pvalb,Pvalb,0.972302654401321,1.0331171151866864e-05,0.0015098708237012543,7.419580657273597e-08,4.627437452084058e-05,0.972302654401321,5.688322553617398e-08,0.02613054881774009,1.8933253260975847e-07
20191010_sample_7,ET,CT,0.6354571629175163,0.6354571629175163,0.041149960817176694,0.2806360658703721,0.010406048060493158,0.00659468346715915,1.3653244239420885e-06,0.015894289471518597,0.009860424071340156
20191028_sample_1,Sst,Sst,0.8372204103696859,0.04849276979877781,0.01637323193601235,0.004375917224567015,0.0006714461818664783,0.08800379823968733,4.458703029000582e-06,0.8372204103696859,0.004857967546374081
20191028_sample_2,Sst,Sst,0.6713560338236784,0.0027068636250336463,9.808249501850087e-06,5.8099043698880405e-05,0.0007499726588354105,0.0014966187298628853,0.012918277909268455,0.6713560338236784,0.31070432596012054
20191028_sample_3,Pvalb,Pvalb,0.7475603151090545,0.006876183570140066,0.007416383286423865,0.0013337981960379662,0.06531582389459052,0.7475603151090545,1.9771524736020522e-05,0.1669799909591295,0.004497733459887452
20191030_sample_2,Sst,Sst,0.5624832141604419,0.0009160764296436592,0.0014966170326463502,0.0004532155321636654,0.001626504434761016,0.3727719189607971,4.3157966039204014e-07,0.5624832141604419,0.060252021869886076
20191030_sample_3,ET,ET,0.9713916774778306,0.012958207221417906,0.9713916774778306,0.015523186241443698,3.189627345832143e-10,9.222539436558825e-06,1.0061411876248048e-16,0.00011770191379795792,4.287110479697063e-09
20191030_sample_5,Sst,Sst,0.4527260660149196,2.02062106845674e-05,2.6175911097441138e-06,2.7228023983825876e-07,0.30994265765701284,0.206184020606367,0.0009295433534649833,0.4527260660149196,0.03019461628620147
20191101_sample_1,Lamp5,Lamp5,0.9934536397176789,1.0305826053340594e-05,1.3706362932324209e-07,1.075865001214072e-07,0.9934536397176789,0.00046655830410409065,0.003244920732737466,6.191662675853867e-05,0.002762414142538208
20191101_sample_2,CT,CT,0.5707342321870504,0.5707342321870504,0.0008849839431817061,0.42838047851669386,4.9657639715878314e-08,3.218339774142789e-08,4.215631704935906e-11,7.272109451869756e-08,1.5074878571503256e-07
20191101_sample_3,Lamp5,Vip,0.4969839590926862,3.0510470922607036e-05,6.55831238959461e-07,3.605942724024033e-06,0.44464156359363916,0.003915108115962791,0.007889429012958823,0.04653516793986748,0.4969839590926862
20191101_sample_4,CT,IT,0.6453341737190595,0.32101326936614516,0.03364762845722427,0.6453341737190595,1.570793038816347e-09,7.089884007477271e-08,2.8350965839962347e-13,4.664563955845499e-06,1.9142369867085618e-07
20191101_sample_5,CT,CT,0.9921077754467006,0.9921077754467006,0.0036069448923063047,0.00428499559748683,8.948970502715882e-10,1.2874823791428093e-07,2.1179266836046144e-12,1.5396969116534595e-07,4.4856230475566804e-10
20191101_sample_6,CT,IT,0.8545359064437301,0.13812974947488887,0.007105936848768566,0.8545359064437301,2.209289644809708e-05,3.7498943130526515e-05,2.1620566133506576e-08,4.963916480265033e-05,0.00011915460766504655
20191104_sample_1,Sst,Sst,0.9267486779527913,4.621528448216672e-06,8.418177951398115e-06,1.4290886794171352e-07,0.0002013855548873407,0.04069801806980943,0.00029053334166252156,0.9267486779527913,0.03204820246558189
20191104_sample_2,Lamp5,Vip,0.5241645747518721,1.4133718025261391e-05,2.0904215025875933e-06,1.457910471057651e-05,0.3638304378286849,0.08254558381142751,1.8904432764328192e-05,0.02940969593101298,0.5241645747518721
20191104_sample_4,Pvalb,Pvalb,0.9870328012675935,1.9748890961655164e-06,0.000838531389075826,1.619009860349197e-08,0.00017579127969062893,0.9870328012675935,1.7941645545352593e-07,0.011949979182084354,7.263859055369749e-07
20191105_sample_1,Pvalb,Sst,0.43124222785172156,3.655971271886165e-06,5.1312056815627524e-06,9.902209798385829e-08,0.0694476913983476,0.362318768796701,0.0017577548378102372,0.43124222785172156,0.13522467091636817
20191105_sample_2,IT,CT,0.4718524145614101,0.4718524145614101,0.067440170522419,0.456756881949581,1.7047304549215932e-05,0.0030436681245843413,3.323269428204548e-08,0.0007806899593812522,0.00010909434538081352
20191105_sample_3,Sst,Sst,0.967399105184673,0.0004879450098573659,0.0011293175248769226,1.992938196552342e-05,0.0006206376059988415,0.011998454130106062,5.9697041772366024e-05,0.967399105184673,0.018284914120749868
20191105_sample_4,Pvalb,Sst,0.7931118638983843,2.6702987316644466e-05,0.00020402666919489094,1.1310369664170323e-06,0.0034627691371938176,0.1826357987681535,0.0004316482461768389,0.7931118638983843,0.020126059256613503
20191105_sample_5,Sst,Sst,0.977404945799341,5.808378954021613e-06,4.9465821205105905e-05,1.759954222575959e-08,0.0001654078803308799,0.02195314358023636,8.069524675376041e-05,0.977404945799341,0.00034051569363663067
20191106_sample_2,Lamp5,Lamp5,0.9168910443416924,1.591583730155682e-05,1.641581423009905e-10,1.507221275114933e-07,0.9168910443416924,1.3131509901971058e-05,0.02370509544965203,0.0003344323949411706,0.05904022958022536
20191106_sample_3,IT,IT,0.8293815344410719,0.1688845670444946,0.0017338757089855206,0.8293815344410719,9.696942673084287e-11,7.526297687987843e-10,1.6604889091452021e-21,1.4232991300276407e-08,7.722857332815166e-09
20191106_sample_5,Lamp5,Lamp5,0.9383969783495841,0.0004667874530323419,7.473667252038939e-06,4.750071085187142e-06,0.9383969783495841,0.04045173260751507,0.003042345917298024,0.0038821472021877083,0.013747784732045373
20191107_sample_2,Sst,Sst,0.6663014447387773,0.0013899036005149213,0.0015959181209984751,7.597279852920328e-06,0.003043907500697576,0.3259491564845229,0.00011072945760582277,0.6663014447387773,0.0016013428170301434
20191107_sample_3,Sst,Sst,0.8884740380698851,2.327329037974966e-05,7.976145035720796e-05,2.8404966558853663e-06,0.005957053545865335,0.008274501634901643,0.005486221113186178,0.8884740380698851,0.09170231039876883
20191107_sample_4,Sst,Sst,0.9396051564799289,0.00019767282334271988,0.0019563429520068724,1.3807966509967252e-05,0.0018697466481999968,0.0456175525497448,0.00035463066677393103,0.9396051564799289,0.010385089913492893
20191108_sample_1,CT,CT,0.7641458727509625,0.7641458727509625,0.043358888196618525,0.04973382285293249,0.003511490670258403,0.10751044041643402,1.4102536716510156e-07,0.027598145865647915,0.004141198221779137
20191108_sample_4,CT,CT,0.8412685155966136,0.8412685155966136,0.009289052797687668,0.1494172647128351,6.288997800762491e-07,1.2945462152182697e-06,9.515638953574597e-09,1.8699594345244202e-05,4.534336884179434e-06
20191108_sample_5,IT,IT,0.9493880245960072,0.03959530306043811,0.011016664865696432,0.9493880245960072,4.6724797258845885e-11,2.593948471038693e-09,6.689379100089504e-21,4.596331162268805e-09,2.408537263471739e-10
20191114_sample_1,Lamp5,Lamp5,0.6247982322197606,0.00029897852090905383,0.00013723265456908884,8.130172608599622e-05,0.6247982322197606,0.03377719999793554,0.021162459662239244,0.02782968347603326,0.2919149117424672
20191114_sample_2,CT,CT,0.9261350201813198,0.9261350201813198,0.0025520640937709118,0.06543281603446911,6.78493251444523e-06,0.0004162067594151129,2.0940689839583172e-06,0.0039792501959997496,0.0014757637335266517
20191114_sample_3,IT,IT,0.865805526762674,0.12523102129803185,0.008958420772338617,0.865805526762674,5.459911858282427e-08,9.237870237887682e-08,4.269414883022153e-10,2.6969450342048495e-06,2.1868171587507026e-06
20191114_sample_4,Sst,Sst,0.7795140714144037,0.00032418517639965015,0.0001221572071938981,1.6775575709090227e-05,0.014001986084266591,0.02842630155058173,0.0017763032312321145,0.7795140714144037,0.1758182197602132
20191114_sample_7,IT,IT,0.6734533232048031,0.04847014393176252,0.2778376480102627,0.6734533232048031,7.609724287450694e-08,0.00023466540956305028,3.0005786474285053e-12,4.103124119298984e-06,4.021924578458011e-08
20191114_sample_8,IT,IT,0.9532076652134817,0.036493118591752007,0.010298576142129484,0.9532076652134817,1.4623095017204863e-07,2.7731664598135787e-07,1.0009164319628794e-11,5.4032912050508366e-08,1.6246211949262364e-07
20191114_sample_9,ET,CT,0.5690406512560323,0.5690406512560323,0.056864337890683445,0.3677050730792964,7.594493887376498e-05,0.0031526969482388242,6.273695316359817e-08,0.0030682587225964743,9.297442732559999e-05
20200106_sample_1,Lamp5,Lamp5,0.9949555554358902,1.7157854692103563e-06,5.665336240582817e-10,2.033249839165215e-08,0.9949555554358902,0.00018059507386819178,0.0008549171370536216,1.1399926128112261e-05,0.003995795742558489
20200106_sample_4,IT,IT,0.8773638312188596,0.12095731926057023,0.0016787833675478744,0.8773638312188596,8.255571776673273e-11,2.364291086435673e-10,1.7625958215563754e-14,5.321429665815764e-08,1.2619723116464464e-08
20200106_sample_5,IT,CT,0.7213623264849107,0.7213623264849107,0.009952760248505806,0.2684982342260387,7.800500870455019e-09,0.0001862460639206284,5.333093218873753e-13,4.1775608344209385e-07,7.41950668239188e-09
20200106_sample_6,IT,IT,0.9896947169261312,0.009993214681777622,0.00031206769045224,0.9896947169261312,6.853722992242485e-11,4.5324561929134237e-10,2.7589158828196694e-16,2.2737963721616114e-11,1.5711775658211038e-10
20200225_sample_2,IT,IT,0.9850405460031423,0.013256640595972273,0.001702792217948728,0.9850405460031423,1.434862226145681e-09,1.470241640332545e-08,4.701340144464101e-13,4.125044577287562e-09,9.201433910286955e-10
20200225_sample_5,Sncg,Lamp5,0.5625140954765475,1.0563432765439383e-06,2.721360030255227e-08,8.547791454468207e-09,0.5625140954765475,0.0006510885376196982,0.07143449483586038,0.01120598935274029,0.3541932396925638
20200316_sample_1,ET,CT,0.4998476342106853,0.4998476342106853,0.0009051654136335527,0.4992460424587413,5.432707004081393e-11,1.1292356413366923e-06,2.754346076570503e-17,2.8533409156963956e-08,9.356229100388639e-11
20200316_sample_3,Pvalb,Pvalb,0.9850093857377448,2.6369044268075578e-08,1.7050415545135446e-06,8.358367060463322e-09,0.0020316353999477667,0.9850093857377448,6.434592966624726e-08,0.012928971631076753,2.8203116335336405e-05
