cell_id,y_true,y_pred,y_pred_top_prob,prob_CT,prob_ET,prob_IT,prob_Lamp5,prob_Pvalb,prob_Sncg,prob_Sst,prob_Vip
20171204_sample_2,ET,ET,0.9961005286234152,6.227618643037552e-05,0.9961005286234152,4.34813240983183e-05,2.1567582808967772e-10,0.00026753312336551765,2.548458151492506e-08,0.003526154539544145,5.028889870262601e-10
20171204_sample_4,IT,IT,0.9988602993449422,0.0006833832866171816,0.0004550319353738686,0.9988602993449422,1.5077847842980181e-10,1.1283113269245791e-11,5.949742267961826e-08,1.2154355786235824e-06,1.0338003695404382e-08
20171204_sample_5,IT,IT,0.886062010229141,3.517800320965691e-07,0.11393758308171571,0.886062010229141,5.057187558330634e-12,1.9151219349417288e-08,1.0218700291618566e-09,3.471717746668379e-08,1.3787295128343928e-11
20171204_sample_6,ET,ET,0.6108559945034049,0.004230384168043558,0.6108559945034049,0.3828261980061198,8.547369573918951e-07,1.109749177988897e-05,3.256095893656615e-06,0.002072195548751595,1.944904921270603e-08
20171207_sample_1,ET,ET,0.9003467941104097,0.00023137406748960655,0.9003467941104097,0.09390250711198432,3.881137759156184e-10,1.7619901143098573e-07,4.472602410529128e-06,0.005514675074282302,4.4629806573231154e-10
20171207_sample_2,ET,ET,0.9910454184239901,9.262845968483802e-07,0.9910454184239901,0.008832056293651795,4.1613809490299217e-13,2.026441146876519e-08,1.2267818354665935e-09,0.00012157750591787795,2.339935007827145e-13
20171207_sample_6,IT,IT,0.9973139930298239,0.0002671394574777819,0.002396297612559252,0.9973139930298239,7.154755579614494e-08,4.622856200169456e-06,2.3272450807881742e-07,1.7627791978345324e-05,1.497989659824684e-08
20171207_sample_7,IT,IT,0.9997323871850735,2.2023434953052978e-05,0.0002446083602432774,0.9997323871850735,2.75225715748403e-11,1.4454097096019369e-11,3.805100394204023e-08,9.425201221562444e-07,4.0662740904501695e-10
20171219_sample_1,IT,IT,0.999996382918712,3.4508775290065755e-06,1.6059287617565522e-07,0.999996382918712,1.480110826014372e-13,7.34471700066191e-13,7.830332586071283e-10,1.0507241619587667e-10,4.721894584524015e-09
20171219_sample_2,IT,IT,0.9996892696221749,2.286865349699998e-05,0.00028785934973402143,0.9996892696221749,2.5103289013002663e-11,6.386398568391397e-11,1.8789309235045563e-10,2.0973216711220016e-09,4.1205797676625316e-13
20171219_sample_3,IT,IT,0.9999932658671531,2.02652617518799e-06,4.635608587456814e-06,0.9999932658671531,4.5661898509764894e-11,8.372714854448315e-12,7.814647584318298e-10,8.332028079897986e-10,7.032938206777384e-08
20171219_sample_4,ET,ET,0.9947850563931252,2.624167055684797e-08,0.9947850563931252,1.580041327939451e-06,6.784845557601362e-13,1.1140067260798243e-09,1.167701709081419e-11,0.0052133361975105754,3.4588696231130993e-15
20171219_sample_6,ET,ET,0.8805997721102724,0.0133041904157663,0.8805997721102724,0.10594450080548126,5.3787522792845455e-08,4.6377904382248414e-07,3.247518161395482e-06,0.00014775679430853615,1.4789443462059176e-08
20171219_sample_7,IT,IT,0.9997932453751566,5.2813738788026826e-05,0.00015394052843976187,0.9997932453751566,3.932314834251545e-11,1.2521724548425707e-11,1.3643549152239153e-10,1.6800450418705304e-10,1.3309531440922788e-12
20171219_sample_8,ET,ET,0.9999969531387903,5.276293986169832e-10,0.9999969531387903,4.0158589788697185e-07,1.3315081940968882e-13,8.506892989076214e-12,6.387084472741175e-14,2.644738978311877e-06,3.2057597175067415e-17
20180102_sample_1,ET,ET,0.9987772700402161,0.00035036100523144683,0.9987772700402161,0.0007708908119123568,2.3929837611827334e-09,7.465980783355462e-08,4.985495425669665e-08,0.00010135113936005511,9.553418458415038e-11
20180102_sample_2,IT,IT,0.9967412075973533,0.002614010734725586,0.0006447483909998752,0.9967412075973533,1.05663995889047e-11,6.5282941582821e-11,1.18795009672568e-08,2.1313691639642236e-08,7.879456039043354e-12
20180102_sample_3,ET,ET,0.9560909655956299,8.2988002188844e-05,0.9560909655956299,0.04382144874244699,9.506896783913026e-10,3.4598287260181514e-08,1.3838319769334672e-08,4.548266626040531e-06,5.811496115386198e-12
20180102_sample_4,ET,ET,0.7562789940548433,2.2554905635077992e-05,0.7562789940548433,0.24311389354344745,9.674121141966763e-11,9.678616460277866e-09,9.713381912151753e-09,0.000584516997089733,2.1010244899439093e-08
20180102_sample_5,IT,IT,0.9750938531414454,8.608098866273225e-06,0.007389280240839566,0.9750938531414454,1.8300991730789593e-05,0.00010373754780155485,8.560493027126509e-05,0.01729886033621708,1.7547128278830055e-06
20180103_sample_1,ET,ET,0.9967242675647461,0.0015637611815704246,0.9967242675647461,0.0015487192770138154,2.829497330135607e-07,2.3393264738389005e-05,4.1905111583709435e-05,4.8542674234296836e-05,4.912797638038477e-05
20180103_sample_2,ET,ET,0.9968242171339577,4.374592155421048e-05,0.9968242171339577,0.003097115154841937,8.301252088032871e-13,8.065694035217154e-09,5.054826991406472e-09,3.490866510411847e-05,3.190760863125097e-12
20180103_sample_3,ET,ET,0.9471808461487463,7.473227473773327e-09,0.9471808461487463,3.819369226209413e-07,9.023295975920586e-13,2.618912756794436e-13,1.9989546838946224e-13,0.052818764439739624,1.5771275082540887e-18
20180103_sample_5,IT,IT,0.9853565367518213,2.6910780793610087e-05,0.014614797953466863,0.9853565367518213,1.6485622773878765e-09,6.071070330245256e-09,7.012807553940691e-08,1.6718694730722118e-06,4.7967369697884e-09
20180103_sample_6,IT,IT,0.9997633438110662,5.737028998831841e-05,0.00017928201106325435,0.9997633438110662,1.016952945894935e-12,1.3168454305597983e-11,2.416029081662196e-09,1.3880306330580937e-09,6.963729490414837e-11
20180103_sample_7,IT,IT,0.9475422784129854,0.051086378030366295,0.0002705071959743774,0.9475422784129854,3.768251315735237e-06,5.401195713287199e-07,6.818154958441052e-06,0.0010882692715231182,1.4405633052900264e-06
20180103_sample_8,IT,IT,0.9999798779772177,1.9781145134807285e-05,3.408407194678172e-07,0.9999798779772177,1.0588004727618296e-12,2.9450708391727536e-11,5.498073998621702e-12,6.901512350050551e-13,2.302300869481205e-13
20180104_sample_2,IT,IT,0.9944006431999599,0.004605377565025464,0.0009673456695381184,0.9944006431999599,2.769394118979115e-09,2.6567491638071178e-05,9.457008065912806e-09,4.383923156318633e-08,1.0008204754010244e-08
20180104_sample_3,IT,IT,0.9994974573337753,3.306184978347479e-07,0.0005022111118723331,0.9994974573337753,7.209881016225547e-13,2.7976210489219284e-11,3.71000875191474e-10,5.349694385270276e-10,1.1871468191448891e-12
20180104_sample_6,ET,IT,0.8249324576313796,0.004639288883784557,0.15805120810845555,0.8249324576313796,8.287595473202154e-07,0.008245972712846078,0.0014405100214051382,0.0022824921823913443,0.00040724170019037077
20180105_sample_4,IT,IT,0.9871982267293399,0.008696540845587901,0.004102605217330586,0.9871982267293399,5.762351664192469e-09,6.259778706420434e-10,3.392979022882334e-08,2.5822900820826866e-06,4.599539619354551e-09
20180105_sample_5,IT,ET,0.5336509938134237,0.005964971743354642,0.5336509938134237,0.4594968863668196,1.9173246643886047e-06,7.278532103367367e-05,1.6550037110151674e-06,0.000810771777986634,1.8649006377138378e-08
20180105_sample_6,IT,IT,0.9999995270917428,7.532678195572405e-08,3.971033388536447e-07,0.9999995270917428,6.307358087678921e-14,3.3306288109264096e-10,1.4496047807503954e-10,2.7543703835072075e-14,2.246877837794135e-14
20180108_sample_1,IT,IT,0.9998496538387125,0.00014692971260396918,3.3534093038029363e-06,0.9998496538387125,2.9923495718705253e-09,3.8316410256918417e-10,1.47939641796732e-09,2.7029671971309942e-11,5.815743991694452e-08
20180108_sample_3,IT,IT,0.9358715852759364,0.002402666258349378,0.0006998045932607585,0.9358715852759364,0.03773624918071382,0.006576684714175977,0.00021630744592089307,0.0006432843760268046,0.015853418155615955
20180108_sample_4,ET,ET,0.7870613739398633,0.03547543995819765,0.7870613739398633,0.02072018677925608,0.0007396353559102301,0.08704878350238637,7.972403103320173e-06,0.06894653669301674,7.136826631969843e-08
20180108_sample_5,ET,ET,0.805805058198338,0.0019084030698533626,0.805805058198338,0.19206035570791472,2.552639433482029e-08,0.00021390929698614922,1.2462857592603026e-08,1.22223318634887e-05,1.3405792293292456e-08
20180108_sample_7,IT,IT,0.9991494494408114,0.0007242840731196619,0.00012592794395842476,0.9991494494408114,4.462719082081259e-10,9.167051950168692e-11,2.6130931417515072e-08,3.075521009891669e-07,4.321135648459941e-09
20180108_sample_8,ET,ET,0.6688794433737287,0.17507228312205472,0.6688794433737287,0.1516591401146324,9.506105720329244e-09,2.549867035006172e-06,4.0588823817194526e-07,0.004385367341927092,8.007862780944771e-07
20180108_sample_9,IT,IT,0.9987873455106338,0.0002542919794583804,0.0009550026273538586,0.9987873455106338,2.105553700161596e-09,3.335134263333887e-06,1.3081478558759476e-09,2.1303293924978183e-08,3.1295123774211734e-11
20180108_sample_10,ET,ET,0.998528937810388,1.3509242110281798e-06,0.998528937810388,3.302834677853084e-08,9.82136827551709e-13,0.0006467955524877301,5.374332051888998e-09,0.0008228773091442337,1.0793436073806284e-13
20180109_sample_1,IT,IT,0.9990811769118415,0.0004166122891969376,0.0004148750748239534,0.9990811769118415,1.9062595981714168e-10,4.49734839135149e-08,2.9280026661868196e-07,8.690977047907608e-05,8.798928208473679e-08
20180109_sample_2,IT,IT,0.7067668738893246,0.2874606984869879,0.005298137463560987,0.7067668738893246,5.347355153016021e-08,2.189735880185081e-07,3.4440962327222397e-06,0.0004329004650751306,3.767315167907301e-05
20180109_sample_5,IT,IT,0.9984804463311701,0.0014134908438548767,0.00010604940816703304,0.9984804463311701,7.18791389197202e-09,3.9612053307781445e-12,1.5011744449807665e-09,3.802126700150027e-09,9.216318333783364e-10
20180110_sample_1,IT,IT,0.999973406902259,7.994146246430434e-06,1.8591853162752968e-05,0.999973406902259,2.3848510599756654e-11,3.2249499410806345e-12,6.509246696719204e-09,3.0760781400380723e-10,2.544039469027211e-10
20180110_sample_2,IT,IT,0.9969687767376074,0.0001825953753410817,0.0028409994589882223,0.9969687767376074,4.7304445541882275e-09,3.733587133520166e-09,1.4685211574129684e-06,5.883223045260621e-06,2.682198289826785e-07
20180110_sample_3,IT,IT,0.999997802599295,2.1911778791591463e-06,4.606453788952451e-09,0.999997802599295,1.5996942995693878e-09,1.3215130069523195e-11,3.2911975157176758e-12,1.1947833243696948e-13,5.199402607563056e-14
20180110_sample_4,IT,IT,0.91759647608527,0.05664278041849818,0.025157843090272813,0.91759647608527,0.00031518436091758893,1.872535541099582e-05,1.7817269067460274e-05,0.00024820759490899497,2.965825654243201e-06
20180110_sample_5,IT,IT,0.9931104890873144,0.0066882739750137735,0.0002007108199194501,0.9931104890873144,1.4987024635886517e-07,2.409106001060695e-08,2.956647303455991e-07,5.6106640223417604e-08,3.85075389144995e-10
20180110_sample_7,IT,IT,0.9994310890598628,0.0004755037719147388,9.340352906279131e-05,0.9994310890598628,3.725721864127574e-11,1.1469265590529441e-14,4.6877728151459114e-11,3.5402870289334922e-09,1.472628160201236e-11
20180110_sample_8,ET,ET,0.9846851455929846,0.00224257629094564,0.9846851455929846,0.0010780534203537605,2.634048586893394e-06,0.011725034178195329,4.8710063898747446e-08,0.0002664882178409499,1.9541029112791326e-08
20180111_sample_5,IT,IT,0.9916740456089282,0.008323559736068964,2.313593781328173e-06,0.9916740456089282,2.8242870564381026e-08,3.294437178598336e-09,7.3203797722944e-10,1.5472346678416038e-10,4.863715221922647e-08
20180115_sample_2,IT,ET,0.5449478979825544,0.0001791334881417267,0.5449478979825544,0.4418153495075554,1.2696557657484835e-05,0.012661253755950137,1.5120890961441864e-05,0.00036419895407213584,4.348863107341689e-06
20180115_sample_5,IT,IT,0.9990845429016361,5.8382421424886244e-05,0.0008570004380064646,0.9990845429016361,3.823917995169177e-08,3.117023966993362e-08,3.913687759800222e-09,5.589926623325197e-10,3.56832436668447e-10
20180115_sample_7,IT,IT,0.9999763321515152,2.4594691022172783e-07,2.3419020015156518e-05,0.9999763321515152,1.3646874583128287e-10,2.61607225753389e-09,1.2111653557793342e-11,1.1358879787880696e-10,3.3179474927736526e-12
20180115_sample_8,IT,IT,0.9999569502808741,2.323685154442185e-05,1.958457251891909e-05,0.9999569502808741,8.464166762195146e-10,2.2718851479982012e-07,1.953803135447722e-10,2.947548271920284e-11,3.527521882267869e-11
20180115_sample_9,IT,IT,0.9995121096442124,0.0003968324996925588,9.092206448275745e-05,0.9995121096442124,1.1474605952162157e-07,1.1739371481886978e-10,1.451051946188917e-08,5.732562960201299e-10,5.8443833785836734e-09
20180118_sample_1,IT,IT,0.9997725713649385,1.3187945760767496e-05,0.00021423817240821073,0.9997725713649385,5.50977311806786e-10,1.0640793321573456e-09,1.0540283110392777e-11,8.608166065561741e-10,3.047895801871588e-11
20180118_sample_2,IT,IT,0.9501303185184902,0.013411286104561382,0.0364582528750528,0.9501303185184902,3.1480954389326685e-08,1.0231061123683399e-07,6.440497125981472e-09,2.25650145581442e-09,1.33312300046822e-11
20180118_sample_4,IT,IT,0.9937124432043954,4.178729816005363e-06,0.006282963959320109,0.9937124432043954,4.259336073474814e-12,4.097968673266432e-07,1.8496626986220886e-10,4.118076496342947e-09,2.299024292389815e-12
20180118_sample_6,IT,IT,0.9922809799721347,1.8735059114179497e-06,0.007716943484119528,0.9922809799721347,5.000654503514714e-10,5.6772703588026646e-08,1.2742306701888724e-07,1.8002934852977638e-08,3.3906328860189616e-10
20180118_sample_7,ET,ET,0.9995533073885617,2.8502661345594676e-06,0.9995533073885617,0.0003464303866833294,1.159124882135932e-11,8.191425145508359e-07,2.346435523996567e-09,9.659037379382499e-05,8.428525202400348e-11
20180118_sample_10,ET,ET,0.7894714197540355,0.0027126566506398995,0.7894714197540355,0.20342754151712258,7.718025300133335e-09,0.0008746135868210992,9.576034008838837e-07,0.003512780212594055,2.2957360721271e-08
20180123_sample_1,ET,ET,0.9836989321386366,2.8929475319841436e-05,0.9836989321386366,0.01616207992333977,4.9001908951487856e-09,0.00010874907461323265,4.475672254199009e-09,1.3000097579054153e-06,2.46957861480519e-12
20180123_sample_3,ET,ET,0.999883287867642,1.8313679283600704e-06,0.999883287867642,8.986965322411982e-05,4.938013676862079e-12,1.3595044905871435e-05,6.836270764499214e-10,1.1415314094840274e-05,6.36397770579668e-11
20180123_sample_5,ET,ET,0.8462432588938407,0.0011482588582257087,0.8462432588938407,0.001174217484085083,3.1872295827382753e-06,0.14223884641011103,1.3882989757214297e-06,0.009190756190350782,8.663482840547121e-08
20180123_sample_6,ET,ET,0.99977617839448,0.0001203900492970619,0.99977617839448,0.00010335622987426268,4.568366904276848e-13,3.528749335114635e-10,3.0947538806631205e-11,7.494205694201805e-08,1.2400088748717196e-14
20180123_sample_7,ET,ET,0.9810137054403746,1.5255039297091467e-05,0.9810137054403746,0.00028717137094316005,4.221529747231055e-09,5.383668459020976e-05,8.425400730159866e-08,0.01862993558487035,7.404387395083368e-09
20180208_sample_2,ET,ET,0.9982625444256623,6.376354608324112e-05,0.9982625444256623,0.001582149297205182,1.1245466997278173e-10,5.831549131710085e-05,1.8568477828035648e-09,3.3221299655692206e-05,3.970773927224818e-09
20180208_sample_3,ET,ET,0.9563845178706859,6.75785616737613e-05,0.9563845178706859,0.043180042737450235,9.511371952143224e-11,1.0416763647436008e-05,2.0372656836445432e-08,0.0003574166704593093,6.928312616579057e-09
20180208_sample_4,IT,IT,0.9988001010344492,0.0008695949985046986,0.0003302782669526537,0.9988001010344492,3.76050766390361e-09,6.481058086502049e-13,4.254497769863831e-09,1.7681201214265626e-08,3.238694991081691e-12
20180208_sample_5,IT,IT,0.999391931462624,0.000521029639647325,8.656015337395653e-05,0.999391931462624,3.8297370093145264e-10,1.3576841039117352e-10,4.5873181121087784e-07,1.6303276041728343e-08,3.190525359805305e-09
20180213_sample_3,ET,ET,0.8006274717674293,0.002551005451968716,0.8006274717674293,0.19677382876693195,3.902479345721963e-08,1.2388971755816285e-07,1.3520493324075614e-07,4.739531448581363e-05,5.797399051947795e-10
20180213_sample_5,Pvalb,Pvalb,0.9999807612480304,2.7210334306156384e-10,1.4800640766400855e-10,9.496870202271266e-14,6.810277494632106e-08,0.9999807612480304,5.369525127578905e-11,1.9169400640274556e-05,7.74654359274893e-10
20180215_sample_1,Pvalb,Pvalb,0.9954093433214871,1.310980141278656e-08,2.245861852090137e-07,1.0290089978629402e-08,0.0017669994801627203,0.9954093433214871,1.743106703214803e-07,0.0028214825700696535,1.7523315335154315e-06
20180220_sample_1,Sst,Sst,0.9884578776235259,0.011105875650489466,0.00010405069590499844,1.2706453796110086e-06,4.456534774381759e-05,0.00011773687094219567,0.00014187694496428687,0.9884578776235259,2.6746221049874034e-05
20180220_sample_2,IT,IT,0.5783959833320229,0.2482517818411683,0.05939826408824975,0.5783959833320229,2.844401120980375e-07,3.649088327135558e-07,1.6690286519826822e-06,0.1139516226801761,2.9680786191335674e-08
20180225_sample_1,IT,IT,0.9999808473683458,2.906457220343365e-06,1.607129854079579e-05,0.9999808473683458,1.649323666473065e-08,1.6440586045554935e-09,1.9020270634766856e-08,1.5281113271070468e-08,1.2243721384440225e-07
20180225_sample_2,IT,IT,0.9997289305077285,0.0002708434236577076,2.2258568103078368e-07,0.9997289305077285,3.660943153375983e-10,1.2945968735402683e-12,4.2746818330627894e-10,2.5619611797716924e-09,1.261145357293614e-10
20180225_sample_3,IT,IT,0.9897125936777691,0.008866218470229439,0.0014087085590798927,0.9897125936777691,3.077103001693343e-11,2.4276933519252948e-06,9.239680374228025e-08,9.921152364297413e-06,3.801963052385643e-08
20180225_sample_4,IT,IT,0.9999999913495977,3.8846770413395696e-10,8.258878085252192e-09,0.9999999913495977,4.308644016079381e-13,2.587418660492518e-12,3.010812708373459e-14,3.115641475379691e-18,8.214047733140338e-15
20180225_sample_5,ET,ET,0.9749020178568039,0.0231761508092012,0.9749020178568039,0.00011843188602469923,1.680134322651224e-08,0.00016974947364097734,1.371345003460081e-08,0.0016336187034583698,7.560775896255321e-10
20180225_sample_7,Pvalb,Pvalb,0.999999128419514,2.7380115916863798e-11,6.326196075184722e-09,1.9933922191803566e-12,8.069763345608208e-08,0.999999128419514,1.1407339145401022e-08,7.730411901344567e-07,7.875383370163484e-11
20180228_sample_3,IT,IT,0.8403270460050174,0.1573882273494803,0.0022661342293086887,0.8403270460050174,5.142433784572468e-08,3.398500767307941e-08,7.480463881859516e-08,1.828510595430482e-05,1.4709625498516822e-07
20180306_sample_1,Pvalb,Pvalb,0.9974509287764128,5.848544808909779e-09,2.2750606165506255e-05,6.913476207140317e-08,1.4884078648565538e-06,0.9974509287764128,1.6969767430720184e-06,0.0025076189558923996,1.5441293614624794e-05
20180306_sample_2,IT,IT,0.9998574271438364,0.00011275171139419941,2.9601733157897575e-05,0.9998574271438364,1.1199836645202642e-07,7.759590141209105e-08,2.0055879087898334e-09,3.5038378741017848e-09,2.4307917872332814e-08
20180306_sample_3,IT,CT,0.5162177948189347,0.5162177948189347,0.007614989262450924,0.47580493770304366,1.0154062451164096e-05,1.4713406273714132e-06,2.0580213854956663e-07,0.00034963942068207035,8.075896716392707e-07
20180306_sample_5,IT,IT,0.999540757851544,0.00044061093723436187,1.8161232929917485e-05,0.999540757851544,5.515482838135696e-08,2.862381877164764e-12,8.466242952015248e-08,9.500218185026848e-08,2.3515598969724423e-07
20180309_sample_4,IT,IT,0.9995824947182884,8.110910617073422e-06,0.000397378608792532,0.9995824947182884,2.8411211376204654e-11,1.1260891361686564e-11,4.063367241713809e-09,1.2002792522011441e-05,8.866740657934386e-09
20180309_sample_6,IT,IT,0.4826241511839754,0.31014693656239434,0.2071162143791446,0.4826241511839754,2.774281113702843e-07,6.791308598685544e-05,7.009368130707713e-08,4.443684462168231e-05,4.2208445012694733e-10
20180309_sample_7,IT,IT,0.9999917924327292,7.780480617091732e-06,4.1387155790226275e-07,0.9999917924327292,1.2166520601053522e-12,1.810820491193673e-12,1.4646823234938545e-09,1.1546084658199164e-08,2.013013590604464e-10
20180309_sample_8,IT,IT,0.9981782874058829,0.0011497054119390673,0.0006718196312787362,0.9981782874058829,7.0285594258234486e-09,1.0894158593347116e-08,3.2164291212875e-08,1.3601192638100403e-07,1.4519637196527577e-09
20180313_sample_2,ET,ET,0.993404811458064,3.127769953001449e-05,0.993404811458064,0.004380953416706288,2.6118334563845427e-10,9.411859359618072e-08,2.606901850140998e-09,0.0021828282104858526,3.2228535135714905e-08
20180313_sample_3,ET,ET,0.9961169943397893,0.0015912133624815493,0.9961169943397893,0.001145028752823827,3.1348124198317305e-11,4.196397906307531e-06,1.8971038718463567e-08,0.0011425481254923127,1.911977052721637e-11
20180313_sample_7,IT,IT,0.999949734970419,4.595624660709935e-05,4.3070636350984635e-06,0.999949734970419,2.0802151484282402e-11,3.957983179843163e-14,1.5292969296838611e-09,1.283383392958001e-10,4.086188244345159e-11
20180313_sample_9,Pvalb,Pvalb,0.9962550193359484,1.3250921083083333e-08,8.933050875745781e-06,1.1930266634250446e-06,1.539393358136442e-05,0.9962550193359484,5.5251136363154424e-08,0.003713473970560579,5.918180313014531e-06
20180315_sample_1,ET,IT,0.5101624934215144,0.028439270686597302,0.4568131778343636,0.5101624934215144,0.0001797157144795842,1.665466900238128e-05,7.743144048670053e-05,0.004304586605391897,6.6696281641212525e-06
20180315_sample_5,IT,IT,0.99999984719746,2.2069562960663424e-08,1.3061882258940274e-07,0.99999984719746,2.753272373692103e-12,3.583816485549658e-14,1.2715392301586852e-11,1.1822478046075197e-12,9.74675991454888e-11
20180315_sample_6,IT,IT,0.9819184427300298,0.017210805959113527,0.0007738726292752511,0.9819184427300298,4.152593110662265e-07,3.1552357747823042e-06,1.1894061227360464e-05,4.0237634111563776e-05,4.117649115666524e-05
20180321_sample_2,IT,IT,0.9956627953639102,0.0007236114702753162,0.0036135679973643814,0.9956627953639102,2.364125787451722e-14,2.2686065989719435e-08,4.893469216990654e-10,1.9808962849255384e-09,1.2117213018345337e-11
20180321_sample_3,IT,IT,0.9602335026054206,0.021928738748049043,0.01717720379741177,0.9602335026054206,7.95025248134399e-08,2.332124023816903e-09,1.4775345227034484e-07,0.0006603241121899951,1.1488274721666666e-09
20180321_sample_4,IT,IT,0.9999984699972563,7.663145076638647e-07,7.296401635778227e-07,0.9999984699972563,1.3759907957514343e-12,2.36585151196498e-10,2.324390588350466e-08,2.136074757537483e-09,8.430130677960914e-09
20180321_sample_8,ET,ET,0.9983745835872758,9.82268589513309e-06,0.9983745835872758,0.00011108903569783716,6.850869888043436e-10,1.0943087716876578e-06,3.707035871304311e-11,0.0015034096601339976,6.829745695500365e-14
20180321_sample_9,ET,Pvalb,0.958783241344849,2.742493596949069e-05,0.04107459690017416,8.822827525592962e-05,8.754084392497238e-10,0.958783241344849,8.56086194982152e-09,2.6499092909008413e-05,1.4572188972587165e-11
20180322_sample_1,IT,IT,0.999956454316719,4.254272172986261e-05,1.0013781118543864e-06,0.999956454316719,1.0967238455469735e-12,1.3118680006752798e-15,2.461127399271437e-10,1.264016697400801e-09,7.221182392215535e-11
20180322_sample_2,IT,IT,0.9983108137772664,0.001680815218118496,8.329041976193933e-06,0.9983108137772664,3.0948656829629054e-11,1.1173178061572635e-14,4.1190976645888517e-08,5.930610128162336e-10,1.4764137167747417e-10
20180322_sample_3,IT,IT,0.9819122138119062,7.922134095697714e-05,0.01800319409032565,0.9819122138119062,1.1983815548294851e-08,3.839278861703843e-06,4.647713623025512e-09,1.45954481481898e-06,5.5301605526168414e-08
20180322_sample_4,IT,IT,0.9354079503408589,0.0008210093777875489,0.06371125571445713,0.9354079503408589,4.023950636509001e-09,2.0528586553175477e-10,1.8712185332314476e-07,5.9589014374158034e-05,4.201432548783595e-09
20180322_sample_5,IT,IT,0.9854978305776271,0.004282045549136324,0.010215479627810262,0.9854978305776271,1.5499713403373876e-08,4.554185848116351e-06,4.596211721010505e-08,2.822480101693058e-08,3.729466294216299e-10
20180322_sample_6,ET,ET,0.99563577882301,9.789421357994366e-05,0.99563577882301,0.000911260462148735,4.39375726826245e-08,3.034487838167868e-07,1.3251858923039607e-07,0.003354581367263749,5.229051620783533e-09
20180322_sample_7,ET,ET,0.9902847564740633,0.0002879748773792103,0.9902847564740633,0.009379729924571591,1.8977779065040915e-07,1.0712612974593057e-05,2.4397135423819156e-06,3.415712759545166e-05,3.949208274883788e-08
20180327_sample_1,Pvalb,Pvalb,0.9946367888657124,2.604021283298643e-06,1.2989070279169503e-05,0.004397349912648081,8.693019439336111e-08,0.9946367888657124,2.8817168291022113e-06,0.000947293864676745,5.618376962279403e-09
20180327_sample_2,Pvalb,Pvalb,0.9998692271784497,2.0237873620187466e-06,4.258519920369776e-05,8.370855082807351e-05,7.610939738596696e-11,0.9998692271784497,1.4176925322981443e-07,2.3134298700131204e-06,8.923688069633246e-12
20180327_sample_3,IT,IT,0.6690633888300135,0.0027513967496553345,0.3275012064191399,0.6690633888300135,2.716009787212558e-07,2.9581831422252523e-07,1.0405637080042993e-05,0.0006728795237051189,1.5542111312809635e-07
20180327_sample_4,Pvalb,Pvalb,0.9999780731437297,1.200423945656138e-10,6.022992769152177e-07,3.2176305229798508e-09,6.006589880705024e-10,0.9999780731437297,3.049867770887149e-11,2.1320582419607702e-05,5.743190619834413e-12
20180327_sample_5,Pvalb,Pvalb,0.9999985675154911,1.6803672775319364e-11,2.8287004959439183e-07,2.9443062522170374e-15,5.87862121772336e-13,0.9999985675154911,8.100151223327921e-12,1.1495889594573385e-06,5.180500759285233e-15
20180327_sample_6,IT,IT,0.9999822642217818,2.899522449533242e-06,1.4794181714475552e-05,0.9999822642217818,5.071964964485971e-11,2.9988815046413757e-09,7.480971328793848e-10,1.301734264393966e-09,3.697462164232483e-08
20180329_sample_1,IT,IT,0.998481553235943,0.0006839489369770556,0.0008324006376456835,0.998481553235943,1.2300656310665243e-08,3.631319151134778e-09,6.405435460840487e-08,2.0141075719438975e-06,3.0955321310248856e-09
20180329_sample_2,IT,IT,0.9602254863788401,0.02200700003985985,0.009223645274801066,0.9602254863788401,0.008138297523893038,2.8228011223551117e-06,4.3533716293730796e-05,0.00035679300826597997,2.4212569237535236e-06
20180329_sample_3,IT,IT,0.965324772863166,0.0011765178740498925,0.03348884930806059,0.965324772863166,3.449174582672715e-07,8.278169905965126e-06,2.234779443105139e-07,1.0085920350607676e-06,4.797379993222686e-09
20180329_sample_4,ET,ET,0.9978251044537402,5.875711931168159e-06,0.9978251044537402,3.8872094578176335e-05,6.656459724633687e-11,3.369246167683495e-05,2.7419021641777546e-09,0.0020964524185429967,5.106387032854338e-11
20180329_sample_5,IT,IT,0.999751192958079,0.0002408792255342328,7.90370837689748e-06,0.999751192958079,4.921078068914323e-12,2.5233802289163737e-14,6.779658027072639e-10,2.3321334070493256e-08,1.0376345636490118e-10
20180329_sample_6,IT,IT,0.9991505510270752,4.551568624498866e-05,0.0008036215137851332,0.9991505510270752,1.7807024567409046e-10,9.162091370423843e-10,2.9474533498935437e-07,1.4937361242450554e-08,9.959190633112403e-10
20180329_sample_8,IT,IT,0.9258211089342274,8.609032941940782e-05,0.07405403358239951,0.9258211089342274,1.4620275563842632e-08,3.357873658776288e-05,5.601716624204699e-07,4.074623432064824e-07,4.206163084560855e-06
20180403_sample_5,IT,IT,0.6127299388371265,0.3860320513488274,0.0012373571821647131,0.6127299388371265,1.2023561221162394e-07,7.586450916150193e-09,4.241195374798935e-08,4.823777941683256e-07,2.007032160713331e-11
20180403_sample_6,ET,ET,0.9804497794508068,0.009827376194443576,0.9804497794508068,0.0004005264358134416,1.2388215656541178e-07,2.5158412478083812e-05,9.880638893931229e-08,0.00929693673767595,8.023650376040788e-11
20180403_sample_7,IT,IT,0.9992775914395692,0.0002448159064942918,0.0004775294360076268,0.9992775914395692,1.0784082091233196e-10,9.543806815713112e-10,5.401628501589969e-08,8.135515204707356e-09,3.907323259839071e-12
20180404_sample_1,Pvalb,Pvalb,0.9998433886703817,1.4319922548243923e-08,3.5776902687780336e-06,1.241561503852314e-09,9.07118849938417e-06,0.9998433886703817,6.664647139263601e-09,0.0001429036311637739,1.0365935552106581e-06
20180404_sample_2,Pvalb,Pvalb,0.9953583414852498,5.863687485085837e-06,0.00016389944718101006,0.003978830423207248,0.00010632964660003003,0.9953583414852498,8.115311402539576e-05,0.00019425893507560838,0.0001113232611755972
20180404_sample_3,IT,IT,0.9999998686412416,1.2105431187635462e-07,1.3012925819740929e-09,0.9999998686412416,8.712685925529184e-13,3.986298416055491e-13,8.017787837964368e-12,1.1523722365207603e-13,8.993751080620718e-09
20180404_sample_4,Pvalb,Pvalb,0.9968378257811575,1.6483226257796727e-07,1.0213473091648176e-06,6.687676368703155e-10,6.869264387683306e-07,0.9968378257811575,5.77627287611445e-08,0.00315717251644571,3.070164889872374e-06
20180404_sample_5,Pvalb,Pvalb,0.9873308505627791,4.044046057377788e-06,0.0001755810915058936,3.3118085211254177e-07,1.3369527339803591e-07,0.9873308505627791,2.5150852085824843e-08,0.012488154161316227,8.801113639726964e-07
20180404_sample_7,IT,IT,0.9999362553100657,1.6938225737748436e-05,9.923283640757576e-06,0.9999362553100657,2.8389166753221605e-05,2.063229845762141e-08,5.629367708806092e-06,2.7341769843048793e-06,1.0983681107800068e-07
20180405_sample_1,ET,CT,0.9852309738272559,0.9852309738272559,0.007185914546555,0.007369568801462633,3.2246913770686334e-08,1.9396596035754215e-08,1.53709478533124e-07,0.00021333452892789465,2.9428102560249005e-09
20180405_sample_2,IT,IT,0.9996619825949092,0.0003128592398271168,2.5092046669976714e-05,0.9996619825949092,3.54790785048936e-13,8.843594155981184e-12,4.032653968164364e-09,6.090331163131646e-08,1.1734297971531008e-09
20180405_sample_3,IT,IT,0.9999409976972646,1.847106354495672e-05,4.042646154914495e-05,0.9999409976972646,4.748980787596284e-08,3.46690611506919e-09,2.7341890942684813e-08,2.0866345884264225e-08,5.6126902058038e-09
20180410_sample_1,Pvalb,Pvalb,0.9999776431033266,1.7489799503857502e-10,1.4697979356910119e-05,2.010298778229809e-10,8.288701757406084e-11,0.9999776431033266,1.977550457599272e-11,7.658375377845859e-06,6.33482501037799e-11
20180410_sample_3,IT,IT,0.992731320163301,0.0016359051735331796,0.005623830902253764,0.992731320163301,4.680495121308048e-10,5.39761293694043e-07,9.57270831603743e-09,8.393288097178738e-06,6.707635831576354e-10
20180410_sample_4,IT,IT,0.9999992730658651,7.104910870759839e-07,1.6418872981204798e-08,0.9999992730658651,2.1913742796352426e-13,2.0935175488282062e-16,1.9051995650937388e-11,3.074918205355262e-14,4.872786327157154e-12
20180410_sample_5,IT,IT,0.9999865674036837,7.640233738907863e-08,1.3356183323563998e-05,0.9999865674036837,2.1416233099886286e-13,6.047473725878411e-12,2.7589420252281034e-12,3.738739742431448e-15,1.630979569682046e-12
20180410_sample_6,IT,IT,0.9999867640980953,7.460107131743188e-06,5.762263580390373e-06,0.9999867640980953,5.162768910261157e-10,7.45010594926419e-13,1.0084541503177279e-08,2.8464384584357135e-09,8.319072782116256e-11
20180410_sample_9,Pvalb,Pvalb,0.9999996151218813,1.4678775898829574e-11,2.0855285138489493e-09,1.3499408797899843e-10,8.361773128399346e-11,0.9999996151218813,2.2527930179178077e-10,3.8231528355002777e-07,1.8736652622130298e-11
20180411_sample_1,IT,IT,0.9999999996146618,8.529155908661478e-11,2.328892527810406e-10,0.9999999996146618,5.150162310614655e-14,1.851809473293319e-16,7.955192746167386e-12,1.6733738381177448e-14,5.913371005006183e-11
20180411_sample_3,IT,IT,0.9999805889244638,6.280233417948766e-07,1.8783044101153393e-05,0.9999805889244638,1.2881890136920111e-12,3.3264974241685205e-15,6.095532952156751e-12,7.058019415260536e-13,1.5316268031651552e-16
20180411_sample_4,Pvalb,Pvalb,0.9987001534727318,1.1104464973883346e-07,0.0012514835953647313,1.160076615329668e-06,2.7043475927484183e-06,0.9987001534727318,1.2099595665125207e-06,3.634715120796406e-05,6.830352271124053e-06
20180411_sample_5,Pvalb,Pvalb,0.9999931883001518,1.4294470325497295e-11,7.110725926341235e-08,1.562432271259936e-11,1.7468208203977884e-09,0.9999931883001518,1.9048473679615885e-10,6.738127853322197e-06,4.975112029469665e-10
20180412_sample_1,IT,IT,0.7797115679257932,0.21896914424781044,0.001319231120812916,0.7797115679257932,1.9052491712349733e-12,5.603398219530205e-13,5.5956097385050076e-08,2.88964635586424e-10,4.580557398769271e-10
20180412_sample_2,Pvalb,Pvalb,0.9998462541062918,2.6729003761263385e-10,9.381840227883511e-06,1.1636851895824772e-12,6.232188704009558e-10,0.9998462541062918,2.3269012815189737e-10,0.0001443629285202931,5.973550115026446e-13
20180412_sample_3,IT,IT,0.9997659233185897,0.0002235076128283792,1.050861890727831e-05,0.9997659233185897,1.6562581874537328e-10,2.076389288814234e-10,3.804590426611536e-09,1.9046817539134416e-08,3.722500194647467e-08
20180412_sample_4,IT,IT,0.9999993446447418,4.3197835889332505e-07,2.232380025982055e-07,0.9999993446447418,2.002502406232418e-15,4.3242627644273626e-16,5.2280506533601225e-11,1.3710187221468501e-12,8.524277491388281e-11
20180412_sample_7,IT,IT,0.9997754963787314,0.0002210312213647017,3.4715964528042457e-06,0.9997754963787314,5.151824664797496e-11,4.677499550907503e-10,2.2799566279807945e-10,4.420170515792462e-12,5.176704650914742e-11
20180413_sample_2,Pvalb,Pvalb,0.820309208234891,1.0568174330151389e-12,6.1847613549634185e-06,1.1596119137260098e-11,6.974082686807387e-09,0.820309208234891,2.9014110137991135e-09,0.17968459711293308,2.674454171787426e-12
20180413_sample_3,Pvalb,Pvalb,0.9971901018664051,1.439287649983031e-11,6.353077990063989e-05,1.2180000926408023e-11,2.528562721083416e-10,0.9971901018664051,5.274273940034207e-10,0.0027463665392412333,7.596385686763158e-12
20180413_sample_4,IT,IT,0.95071189575402,0.049087810642711255,0.00017274347780329196,0.95071189575402,8.033285618308639e-09,7.975028195489441e-12,5.808945791972842e-07,2.6919845353064836e-05,4.134427244304119e-08
20180417_sample_1,Vip,Vip,0.6746200365800648,7.423221925882636e-07,3.173169820571653e-09,3.76379200108713e-06,0.10853767661977817,8.671115456842087e-09,0.2165665836622014,0.00027118517947669394,0.6746200365800648
20180417_sample_2,Pvalb,Pvalb,0.9974779004686775,1.460400231419943e-09,0.0004984599178375443,0.00011193398855400233,2.3102432123946796e-07,0.9974779004686775,3.648607653006936e-08,0.0019114363652653942,2.8886739087092147e-10
20180417_sample_3,IT,IT,0.9999910707957286,7.3584162270270214e-06,1.3832524639704797e-06,0.9999910707957286,2.135978792824465e-11,2.812390410751042e-13,9.17886864384524e-10,1.8626985523968583e-07,3.261972658246542e-10
20180417_sample_4,Pvalb,Pvalb,0.9999550075389756,1.2132346074362964e-10,1.0227677350995657e-08,5.229776745605435e-11,1.787423258012176e-08,0.9999550075389756,7.778494132909208e-09,4.4798973774593526e-05,1.5743322471912342e-07
20180417_sample_5,IT,IT,0.9980164950436455,0.0013163834303664443,0.0006610208092513316,0.9980164950436455,1.779079554939514e-06,2.507204150233553e-08,1.0812787626389203e-06,9.595431007735147e-07,2.2557432768560396e-06
20180417_sample_6,IT,IT,0.8309800877939498,0.1660686203851254,0.00160667994888296,0.8309800877939498,8.687224641089159e-05,2.2220944840733837e-07,0.0008540934057541803,4.2728440105131146e-05,0.00036069557032313075
20180417_sample_7,Pvalb,Pvalb,0.9999796835287249,7.503039170362393e-10,4.009053219490216e-08,2.2907455647584054e-12,4.908697226272651e-08,0.9999796835287249,8.260649438661581e-10,2.0224988040960312e-05,7.270701579039608e-10
20180417_sample_8,Sst,Sst,0.9939015686693062,1.0034064524503627e-05,1.1018616469184292e-07,9.083241389718876e-07,0.0002652920460200187,0.00034931363788470076,0.0004234374648405734,0.9939015686693062,0.005049335607120372
20180417_sample_9,IT,IT,0.999999100036206,4.961667049992878e-08,8.502791240802757e-07,0.999999100036206,2.4932454914173266e-12,6.29584999712121e-14,1.4415638292438885e-11,2.622730360517205e-12,4.8404925573406003e-11
20180418_sample_1,Pvalb,Pvalb,0.9540449434526036,6.009541507257779e-07,8.683129796461389e-05,1.1192598514741714e-07,3.552046186152288e-05,0.9540449434526036,1.7800641374953332e-06,0.04565958335812706,0.00017062848516969666
20180418_sample_2,Pvalb,Pvalb,0.999967709849344,2.0537259291054375e-10,1.1002556198719732e-07,6.895177532835406e-10,1.982495959914704e-05,0.999967709849344,4.031904297195691e-09,1.2348337656672089e-05,1.9010434848654893e-09
20180418_sample_3,Pvalb,Pvalb,0.9997595511124299,3.616057248299601e-07,9.570129018485036e-07,2.6128094111441996e-07,1.117102315353326e-07,0.9997595511124299,4.4462484240864454e-07,0.00023549263725550527,2.8200156730674883e-06
20180418_sample_5,IT,IT,0.9349748038083938,0.0021672743754988203,0.06247840470973921,0.9349748038083938,5.67635021168458e-07,4.736324381317031e-08,2.1501135586665858e-07,0.0003786082538089538,7.88429382042775e-08
20180418_sample_6,IT,IT,0.9999420465711459,5.346868623414831e-05,4.312546782063684e-06,0.9999420465711459,2.2482222036449135e-08,1.1735539099138427e-10,5.2841376211996455e-08,6.748714285765197e-10,9.608001274264121e-08
20180420_sample_3,IT,IT,0.9969520315553164,0.00017671067090899633,0.00010872896010299574,0.9969520315553164,1.0841939021224275e-09,0.0008477242781811917,3.422028378481896e-08,0.00191212733805302,2.6418929596279238e-06
20180420_sample_4,IT,IT,0.9999911911578752,2.910831745857502e-06,5.4835421400179165e-06,0.9999911911578752,2.649255136151834e-10,6.902622635079284e-10,1.7856859176665102e-07,2.3399976405129877e-07,9.446952922410481e-10
20180424_sample_1,IT,IT,0.9915531483112195,0.0054254926981649205,0.002832461174565622,0.9915531483112195,3.709832317270951e-07,2.6958032834104663e-07,1.4107918279859266e-05,0.0001656025582292927,8.54677598061047e-06
20180424_sample_2,IT,IT,0.938707562499221,0.05969750132728438,0.0015875709045268145,0.938707562499221,1.5673406462832605e-07,8.971813063588608e-07,1.0109023118428303e-07,5.923569443243545e-06,2.866939222939031e-07
20180424_sample_3,IT,IT,0.9999882197077542,1.1123836953517676e-05,6.534641736889512e-07,0.9999882197077542,3.362164655730829e-10,3.0823606892375075e-13,3.3535432643050895e-10,1.8015097363032426e-09,5.17729746014928e-10
20180424_sample_6,IT,IT,0.998207308922089,0.0016995844224894595,8.318793756066691e-05,0.998207308922089,1.9936380107502902e-07,3.8111501875242435e-11,2.5614717623327695e-07,1.358882592297425e-06,8.10428617971356e-06
20180425_sample_2,IT,IT,0.9905280762024982,0.009390911819078095,7.904584661727525e-05,0.9905280762024982,2.1394249149580046e-09,2.700732343604943e-10,2.8764937310003338e-08,1.9333864643535105e-06,1.5709065525338571e-09
20180425_sample_3,Pvalb,Pvalb,0.847470611914241,0.00011598729965654227,5.369686324121251e-05,1.927839465929354e-07,2.354258778408199e-06,0.847470611914241,4.5831806108064733e-07,0.15226864739938478,8.805116269027855e-05
20180425_sample_4,IT,IT,0.9999949671393026,6.268072666193512e-07,4.398947509725422e-06,0.9999949671393026,1.344924689467413e-10,5.8262183130930845e-12,5.9964471349409385e-09,6.683597280903478e-10,3.007957693271562e-10
20180425_sample_5,Sncg,Vip,0.7950417783416016,9.131039509159551e-08,3.587571015533933e-08,1.0917486762362393e-07,0.0003342184729661098,9.417545606067327e-08,0.20315670739040725,0.0014669652585960764,0.7950417783416016
20180425_sample_7,Pvalb,Pvalb,0.9979286190122899,3.773275143848392e-09,2.9408902460247347e-05,2.1345168085569035e-06,2.6728179933223156e-05,0.9979286190122899,1.681529595037462e-05,0.00198358379909344,1.2706520189334118e-05
20180425_sample_8,Vip,Vip,0.9950608010605991,2.011705990749255e-08,4.123826932511343e-08,7.657670039645623e-08,0.00010451219499272206,1.2288908209465982e-09,0.0045894556620028415,0.00024509192148487085,0.9950608010605991
20180425_sample_9,IT,IT,0.9922299266175145,0.0009871419426876306,0.0009758127506881413,0.9922299266175145,0.0012671392024677583,0.0016579817281998702,0.00023948831934084085,1.6047615202806667e-05,0.0026264618238985046
20180426_sample_1,ET,ET,0.8487242168731123,0.05660560704827341,0.8487242168731123,0.018467341013190672,5.77386865248799e-06,0.001023932423793475,0.05412290211466479,0.0001544937167442056,0.02089573294156884
20180426_sample_3,IT,IT,0.9999979228696364,1.1333126766642484e-06,9.436787405041964e-07,0.9999979228696364,2.2663548750097408e-11,5.821435047342237e-12,6.32599220273267e-11,8.953457161955883e-13,4.6306012102119484e-11
20180426_sample_4,IT,IT,0.999760661308803,5.202778368798286e-07,0.00023881263926285953,0.999760661308803,2.6048646800949845e-09,2.044901675369307e-09,2.9358233089157525e-10,7.895409742333321e-10,4.1207629843441226e-11
20180426_sample_5,Pvalb,Pvalb,0.999590978853139,6.793486455453535e-08,2.8854800705309563e-06,2.171333885416947e-06,8.458555121721334e-05,0.999590978853139,3.641056201193237e-06,0.00030512714923518804,1.0542641386852498e-05
20180426_sample_7,IT,IT,0.9979603648754221,0.0020162500078161377,2.3277469256605064e-05,0.9979603648754221,5.833980767777994e-08,6.217893104560501e-10,2.007587458853822e-08,6.446992424546677e-09,2.2163041325805305e-08
20180426_sample_9,Pvalb,Vip,0.4934831875648778,1.1964030355391883e-05,3.555555777617032e-05,9.280280700357102e-05,0.01245149851266801,0.4443838626374395,0.0001358478905360447,0.049405280999343666,0.4934831875648778
20180501_sample_2,IT,IT,0.9999426407054068,1.2808947757633386e-05,3.7742593947501295e-05,0.9999426407054068,2.087395386036063e-10,2.0488211375730326e-13,3.723686216712096e-08,6.726597703032331e-06,4.370937848223569e-08
20180501_sample_3,IT,IT,0.9967287801923992,0.0017924299423709357,0.0014763860587197035,0.9967287801923992,1.994131445346487e-09,7.519664731255636e-07,1.0893465083682108e-08,1.0458666453511907e-06,5.930857951695516e-07
20180501_sample_4,IT,IT,0.9915111036464591,0.005565794745162808,0.0029151444256949144,0.9915111036464591,4.385434837531104e-10,4.84993159882825e-10,7.930522707027327e-08,4.358530394856802e-06,3.518423524536394e-06
20180501_sample_5,IT,IT,0.9546797406125874,0.006681531359886089,0.036772801609449124,0.9546797406125874,8.940445740318932e-06,2.391336205557734e-05,0.00025317495477494563,3.422934768864972e-05,0.001545668307817961
20180501_sample_8,Lamp5,Lamp5,0.9838879394568835,7.593931585463534e-06,3.733494732160282e-09,2.2428784447882204e-06,0.9838879394568835,0.0025998236128460563,0.009682566780234795,0.00015806446762730794,0.0036617651388833037
20180502_sample_3,IT,IT,0.9998743179947768,6.760693349600816e-05,5.8065911677699744e-05,0.9998743179947768,3.284753136692508e-10,2.3619349761422272e-12,3.9318441224917417e-10,8.11933434681535e-09,3.1669353844342033e-10
20180502_sample_4,IT,IT,0.997044003382617,0.0029372254318667974,1.6238713470022875e-05,0.997044003382617,3.972804680103232e-07,5.132126199324653e-10,3.2760179519671747e-07,1.7204464033375746e-06,8.663016690659103e-08
20180508_sample_1,Pvalb,Pvalb,0.9421706547141395,6.038490847127747e-07,3.907499477168575e-06,6.358177139472074e-08,5.864694212931426e-06,0.9421706547141395,2.738836293260079e-07,0.05776826570872878,5.0366068956284366e-05
20180508_sample_2,IT,IT,0.6981297959489633,0.27314393968162637,0.009344974613033068,0.6981297959489633,0.0008182442705113336,0.018045581514220182,0.00011169514770539863,0.0003538159273616598,5.19528965786425e-05
20180508_sample_3,IT,IT,0.9897070573816921,0.010227279120728423,6.40354740885798e-05,0.9897070573816921,5.507932791017874e-10,1.576286085160219e-11,7.547738152682367e-08,1.547417652362689e-06,4.561900913613123e-09
20180508_sample_4,IT,IT,0.9996922865322221,0.00014890425062016717,0.00015073047422331336,0.9996922865322221,7.923967456372698e-07,1.1728376491133421e-09,1.999377094611002e-06,5.283270394295087e-06,2.5258622571555417e-09
20180509_sample_2,IT,IT,0.9999855127863818,7.935489309826472e-06,6.544425144498391e-06,0.9999855127863818,3.621673571483107e-10,6.053410841800043e-10,3.4221948224945816e-09,9.556041888009749e-11,2.81390034314423e-09
20180509_sample_3,IT,IT,0.9974349824303969,0.0007027921656251161,0.001862193061000012,0.9974349824303969,1.5922324688116016e-10,2.0876303707219927e-08,6.4526318204446755e-09,1.47345965348872e-09,3.38135958180816e-09
20180509_sample_4,IT,CT,0.5709030858027845,0.5709030858027845,0.09295419351956022,0.3337099314771077,5.930315150144427e-07,4.3526410311927524e-06,0.00037379969518395496,0.002052128395376676,1.9154374408994132e-06
20180509_sample_5,IT,IT,0.9998701074221922,1.0734444668793207e-05,0.00011884127033020886,0.9998701074221922,5.100884468983231e-10,2.1204416536578068e-07,8.22108624698438e-08,5.189317781670377e-09,1.690837486010369e-08
20180509_sample_7,IT,IT,0.9946921339293099,0.0004509505564821684,0.004856770780271577,0.9946921339293099,1.0326019876527915e-08,4.867443891567098e-09,5.9377743045315275e-08,5.860542373583364e-08,1.1557305819264498e-08
20180509_sample_9,IT,IT,0.999937129383955,5.367475534656506e-05,9.164200071880997e-06,0.999937129383955,3.2303761336303436e-09,5.3838272541911024e-14,1.1626115227581414e-08,1.1865850788833933e-08,4.938230622757e-09
20180510_sample_2,Pvalb,Pvalb,0.9999746831017259,1.3734278531237903e-11,2.3633609759871348e-05,8.527079246438356e-11,5.06098847097129e-15,0.9999746831017259,1.0483640813593025e-11,1.683178256003452e-06,7.645587913535134e-13
20180510_sample_3,IT,IT,0.9971557048568704,0.002742182603334386,5.1523585876317155e-05,0.9971557048568704,2.0130618040358145e-07,1.6074098321684856e-08,1.5428061890473222e-07,8.530246276502483e-08,5.0131990558652245e-05
20180510_sample_4,IT,IT,0.999960874403289,2.7406766029720235e-05,1.1715963936254119e-05,0.999960874403289,2.5515057970888192e-11,1.2877206409599195e-13,2.4733092031142272e-09,3.244541532037296e-10,4.333788166404409e-11
20180510_sample_5,IT,IT,0.8541337938771303,0.0017267835555047429,0.14413087738702202,0.8541337938771303,7.760357693959776e-09,5.075255481493136e-06,3.132291379336879e-07,3.1380990133881043e-06,1.0836352426160262e-08
20180510_sample_9,IT,IT,0.9999767772109983,1.4449921375360582e-05,8.761167743293666e-06,0.9999767772109983,3.830676354613409e-09,1.0487824333472977e-11,1.9944169305243837e-10,3.3868185453467906e-09,4.272458751764714e-09
20180515_sample_1,Pvalb,Pvalb,0.9996856776903632,3.150166681539292e-10,1.0928797042197405e-06,9.838881597477946e-09,5.393819899604163e-10,0.9996856776903632,4.749824023547061e-11,0.0003128038538899341,4.1483526406457075e-07
20180515_sample_6,Pvalb,Pvalb,0.6592910050327129,0.00016645704758336025,8.479300856461634e-07,1.6276762391682764e-07,1.0105660720275828e-05,0.6592910050327129,1.267081559525703e-06,0.13472761703779948,0.20580253744191498
20180522_sample_1,IT,IT,0.9977361607301521,0.0021728574619523616,8.720871113056162e-05,0.9977361607301521,8.931803903351254e-08,1.0248062413474898e-08,2.951853518993737e-06,6.583423136978704e-07,6.333483081951251e-08
20180522_sample_2,IT,IT,0.9995118006784574,0.00048072266600298003,2.227434681976954e-06,0.9995118006784574,1.0371495053658576e-06,3.7575790235036334e-09,7.667097149919378e-08,2.964068588819732e-06,1.167574212913129e-06
20180522_sample_3,IT,IT,0.9997892015298004,0.0002015191147332941,3.4448321247858696e-06,0.9997892015298004,4.150985864035416e-10,1.2291330312028485e-08,8.848243728671955e-08,4.245802277354318e-09,5.7290886730359225e-06
20180522_sample_4,IT,IT,0.999620328223878,0.0003683515807445548,1.1268769171716699e-05,0.999620328223878,6.7449629640034e-09,2.487067510103631e-11,4.1342529219677297e-10,4.419911018562514e-08,4.383643975625458e-11
20180522_sample_5,Pvalb,Pvalb,0.999995834368796,1.5851337767194436e-10,2.5834314117883156e-11,2.294355272104528e-13,3.135330613280164e-06,0.999995834368796,5.996915012058146e-10,1.029514495657853e-06,1.8263017412547434e-12
20180522_sample_6,ET,ET,0.7178588180711343,0.25581947467444327,0.7178588180711343,0.019474080421644398,0.0002524767375657239,0.00400001593851167,0.0002822540171072927,0.0022611134990589143,5.176664053450122e-05
20180522_sample_7,IT,IT,0.9978143630950674,0.00213193683187865,4.1021680267537036e-05,0.9978143630950674,5.191872454030054e-07,1.1106875843207847e-09,7.530588159810647e-06,4.43068566524964e-06,1.9682102845047256e-07
20180524_sample_8,IT,IT,0.9995944806493546,6.340750491509834e-05,0.00034052546380034416,0.9995944806493546,5.027792362712405e-07,1.1636054600609121e-10,1.8904943973414303e-09,1.0813216196938958e-06,2.74218979417637e-10
20180524_sample_9,Pvalb,Sst,0.8014155086789566,3.302167226589585e-05,5.682853973956534e-05,1.1620339740992697e-05,4.309631315437723e-09,0.1980335998314042,7.71009441412058e-06,0.8014155086789566,0.0004417065338472306
20180529_sample_3,IT,IT,0.9999856486975489,1.1486773377356464e-05,2.768773792399311e-06,0.9999856486975489,2.122860963023553e-09,9.125377630987352e-09,1.4855586687511538e-09,9.687398107157779e-10,8.2052744254755e-08
20180608_sample_1,Lamp5,Lamp5,0.9828765928250568,8.17734213121918e-08,1.0324016713585896e-09,7.519458066843564e-07,0.9828765928250568,0.009149896115338793,0.0004852394736643303,1.6188715836858583e-06,0.00748581796272679
20180608_sample_2,Pvalb,Pvalb,0.9999591665774258,3.185841211977565e-10,5.199842947917843e-06,1.3022518474227179e-11,2.1727202430794534e-14,0.9999591665774258,8.548244392090449e-12,3.563323685550123e-05,2.59414351654384e-12
20180608_sample_3,IT,CT,0.7616370197554823,0.7616370197554823,0.0011690665130878013,0.01678622175206896,0.18054871945730108,0.03642699720750312,0.0003948857647161335,0.0030287653551377804,8.324194702815696e-06
20180608_sample_5,Pvalb,Pvalb,0.9991025026317804,6.799784289851946e-10,1.6100617254758983e-06,1.2497620326943055e-06,3.4870348790772385e-07,0.9991025026317804,1.5932513254100484e-09,0.0008942865674928696,2.5090466450872197e-13
20180619_sample_3,Pvalb,Pvalb,0.7552331979805051,3.893971733748695e-07,4.029569365397122e-05,4.064174142504726e-08,0.0003243734437350185,0.7552331979805051,1.328678024447404e-06,0.24422347522348284,0.00017689894168373304
20180619_sample_5,IT,IT,0.9993102668497043,0.0006699778620723187,1.6780363619026198e-05,0.9993102668497043,2.7429085559452897e-07,6.031128789886957e-11,9.828546362670815e-08,1.6519540829687777e-06,9.503338907138535e-07
20180619_sample_7,Lamp5,Lamp5,0.9987886559348418,5.0702810205764895e-06,2.7284134423181975e-06,1.2409782534232437e-05,0.9987886559348418,0.00021998474639357054,0.0003709215218560137,0.00012077620611256938,0.00047945311379906557
20180621_sample_1,IT,IT,0.9994814742061257,0.0004330912017829298,8.505953821373874e-05,0.9994814742061257,8.169817150089382e-09,2.865547882941489e-07,5.365917871118825e-08,2.5698656497400054e-08,9.71437022098299e-10
20180621_sample_2,IT,IT,0.99630739371038,0.003658261016209289,2.4684332911752903e-05,0.99630739371038,2.289596768340972e-06,2.2353711268844877e-10,6.626339866413544e-06,2.6059112762724234e-07,4.841891995744892e-07
20180621_sample_3,Sncg,Sncg,0.7522610644128039,4.342475098068496e-06,5.724260082723575e-09,0.0001622060260999561,0.0014142772241596128,2.986867684886068e-06,0.7522610644128039,0.006669882253261767,0.23948523501663158
20180621_sample_4,IT,IT,0.9999388735101832,6.059937091962e-05,5.233167352335382e-07,0.9999388735101832,8.400046430792436e-12,9.163187180453726e-14,1.0421680158194015e-09,2.687177284996291e-09,6.432486656739385e-11
20180621_sample_5,Vip,Vip,0.9998087292596379,8.296397586080557e-08,1.395118228530079e-13,2.1274924376530874e-11,2.5978246929672284e-05,2.9629529837167103e-07,0.00016425386738451686,6.59345359474248e-07,0.9998087292596379
20180621_sample_7,Pvalb,Pvalb,0.9999824763020729,4.0359804592958356e-08,1.6720819100874506e-07,7.95563609496237e-08,7.254741210362428e-06,0.9999824763020729,2.0972792652549758e-07,9.475353032892474e-06,2.967514006043947e-07
20180621_sample_8,Pvalb,Pvalb,0.9998581857094055,6.957984668720392e-10,2.717559036876094e-09,5.968959086381889e-14,2.807680044377671e-06,0.9998581857094055,1.1151807886925151e-08,0.0001382686950670077,7.233502579880332e-07
20180628_sample_2,Pvalb,Pvalb,0.8041815297339802,0.0010008289126941714,0.0005407285533664426,1.681622649881169e-06,0.00015662938024781892,0.8041815297339802,6.349435431377118e-07,0.1939966922834726,0.00012127457004588844
20180628_sample_3,Pvalb,Pvalb,0.9994215972713508,3.526751455382433e-06,1.13375164932552e-05,1.6358470468392647e-08,0.00025213296028951177,0.9994215972713508,8.790340647171214e-07,0.0002816291379044364,2.8880969971373032e-05
20180628_sample_6,Pvalb,Pvalb,0.9994992574537784,5.734354196031308e-07,4.399287173767069e-07,1.59190078292156e-08,7.036940035069746e-05,0.9994992574537784,1.189195767404702e-06,0.000425281443792359,2.873223166360739e-06
20180628_sample_7,Lamp5,Vip,0.622753997422918,0.00021754381005892237,2.064396104700904e-06,1.4538819092064445e-05,0.16110765771703536,0.0002688934058855562,0.18127176093426572,0.03436354349463964,0.622753997422918
20180703_sample_1,Pvalb,Pvalb,0.9916196374642506,1.1310410553617002e-07,3.931876411740454e-08,4.57082474566014e-09,0.008158456345561234,0.9916196374642506,3.2577343663965825e-05,6.839626803891147e-05,0.00012077558479083831
20180703_sample_2,IT,IT,0.9478960901945663,4.024025005547406e-05,0.05205260788541428,0.9478960901945663,2.6567551287297656e-09,1.716446517174615e-06,8.459900053778452e-07,7.516730490462928e-06,9.798461956728848e-07
20180704_sample_1,Pvalb,Pvalb,0.987687952582017,1.5514798727418546e-08,0.00011811315013305303,1.0634820615773323e-07,4.244359975000222e-09,0.987687952582017,3.1443234912541695e-08,0.012193559266651943,2.1745059818136739e-07
20180704_sample_2,Pvalb,Pvalb,0.9999179954481322,4.26201628024125e-08,3.848597484713519e-06,2.4241104181890527e-09,8.234364250905846e-07,0.9999179954481322,5.186872388659968e-08,7.631941954888649e-05,9.161854119647543e-07
20180704_sample_3,Pvalb,Sst,0.9999999865457774,2.9818513969779597e-12,2.8236497972080436e-10,7.041941524803205e-09,3.4868066787755894e-10,1.8925851999989792e-13,5.778064325066522e-09,0.9999999865457774,5.655921784927705e-22
20180704_sample_4,IT,IT,0.9981018431114309,0.0014103454637210584,2.469511413097738e-07,0.9981018431114309,3.7568654511877837e-10,1.0355241850118997e-10,3.1343532361442444e-06,1.863190725284428e-05,0.00046579773397880395
20180704_sample_5,Pvalb,Pvalb,0.9994467910344872,7.384865470294706e-08,1.0280066078769413e-06,3.952802811149474e-08,3.014503563054389e-05,0.9994467910344872,4.951400339551873e-06,0.0005061151029560082,1.0856043296049587e-05
20180705_sample_1,Pvalb,Pvalb,0.9736191777017772,7.130720707293042e-05,7.791424040919901e-06,7.553955898105033e-06,0.0257357181610675,0.9736191777017772,0.0002250125011459702,0.0003215751266661542,1.1863922331454638e-05
20180705_sample_4,Pvalb,Pvalb,0.9999989032274702,1.1310811277697903e-13,3.6053424915133114e-08,9.32446760360667e-17,1.973429158538889e-14,0.9999989032274702,1.3082594231107158e-11,1.0607058771618035e-06,1.2139714948731922e-14
20180709_sample_2,IT,IT,0.9999999532381494,1.6528330438292964e-08,3.006190432849839e-08,0.9999999532381494,4.3020370269893294e-15,1.822839210959457e-15,1.6820179436050052e-10,6.608129091242037e-14,3.341997054458672e-12
20180709_sample_3,Lamp5,Lamp5,0.9939310146097181,4.608061498338296e-07,9.204967241903783e-09,1.3337175627546417e-07,0.9939310146097181,0.005779176897143756,2.5017249454965986e-05,2.7087106723113084e-05,0.00023710075408675413
20180709_sample_4,IT,IT,0.9993380577831109,0.0006543588319508029,7.419442949208152e-06,0.9993380577831109,5.786959280409146e-10,1.534071202292865e-11,3.753056707635732e-08,1.0811118374731768e-07,1.7706201725611096e-08
20180709_sample_6,IT,IT,0.9771296874712923,0.0019857663853189286,0.0021643188203792968,0.9771296874712923,0.00010647533164692508,0.018596882824899543,7.367680160802482e-08,9.367267435101778e-08,1.6701816987299974e-05
20180710_sample_1,Pvalb,Vip,0.7431941378842813,4.418859941562685e-05,4.341491331706105e-06,0.008137170504943824,2.12165531943904e-06,0.24683254532549728,0.0010119998016612703,0.0007734947375495209,0.7431941378842813
20180710_sample_2,Pvalb,Pvalb,0.9999893513429454,4.7288647140412164e-12,1.8321390382793764e-08,5.718384316646579e-14,1.0055543843216352e-06,0.9999893513429454,1.2746200177891326e-08,9.603652210314638e-06,8.378083167153974e-09
20180710_sample_3,Pvalb,Pvalb,0.9982637614572681,6.679257893923618e-07,0.0001041608472037285,3.6910003131207023e-07,1.0173043080614228e-07,0.9982637614572681,6.414107367987278e-07,0.00162980184803307,4.956805067371896e-07
20180710_sample_5,Pvalb,Pvalb,0.9999231333243153,1.4954891294731577e-09,6.275140674796259e-09,2.1462607505183125e-12,2.015192165288786e-09,0.9999231333243153,4.2272054743078967e-10,7.685643774146036e-05,2.7254510576352508e-11
20180711_sample_1,Pvalb,Pvalb,0.993588989524218,1.0617472123900977e-06,1.2537118239413017e-05,1.2900229543872844e-06,0.0051760533026487246,0.993588989524218,0.00025729900415771535,0.0008255525875802673,0.0001372166929890245
20180711_sample_2,Sst,Sst,0.9998642892445466,2.7031448144730904e-07,2.9317209388929823e-08,3.0320910779632963e-12,4.5142005940346885e-07,3.5715828391793524e-06,1.9867530589047345e-07,0.9998642892445466,0.00013118944252612692
20180711_sample_3,Sst,Sst,0.999930204207089,2.418385204938843e-07,6.282600554213937e-06,1.4825448893916464e-07,3.2222414663582574e-06,5.978619464385598e-06,6.727387301522324e-06,0.999930204207089,4.719485111502641e-05
20180711_sample_4,Sst,Sst,0.9990931787572322,5.876774473708999e-07,1.068625568662624e-07,3.904586172773383e-10,3.182869528287321e-11,1.5582020798533882e-08,6.525661500909071e-07,0.9990931787572322,0.0009054581323054193
20180712_sample_3,Sncg,Vip,0.4996588165279006,3.20083187444201e-06,5.936790831516226e-09,2.67385246796788e-07,0.026089765125788585,1.5481708317174086e-06,0.4677746741921961,0.006471721829370954,0.4996588165279006
20180712_sample_5,Pvalb,Pvalb,0.5412655903320797,0.00016046761154072146,1.9137365616582572e-05,1.5502814928743866e-06,0.0019372290695492819,0.5412655903320797,0.00017418776113238492,0.45191140049082884,0.004530437087759592
20180712_sample_11,Pvalb,Pvalb,0.6644352221292663,1.5102974163710937e-07,0.0002646861346266015,3.928687592732032e-10,1.1205892288246799e-08,0.6644352221292663,6.140615176271613e-08,0.33529977975581465,8.794563795888385e-08
20180712_sample_12,Pvalb,Pvalb,0.9973162702557279,8.282433758463987e-10,1.5112613732273844e-09,2.151098866286579e-09,1.9857060407515306e-06,0.9973162702557279,9.749159466233309e-08,0.0026816409898793277,1.0661538021702354e-09
20180712_sample_13,IT,IT,0.9999999985809109,1.2697897476942067e-09,1.4851370298058792e-10,0.9999999985809109,1.654263068997939e-13,1.8910326013256557e-15,5.567301095369216e-13,9.440547375031536e-16,6.06904553929665e-14
20180712_sample_14,Pvalb,Pvalb,0.9959236930005284,1.4725378141915657e-11,1.3569022741242505e-07,9.168247483714242e-10,4.482528524728646e-08,0.9959236930005284,1.4404632640564392e-09,0.00407612410515409,6.7915753837474945e-12
20180712_sample_15,Pvalb,Pvalb,0.9999677882152577,1.4251883159081974e-10,8.744877762516647e-07,1.2096062820715424e-10,2.3461520840957211e-07,0.9999677882152577,6.941270630751386e-08,3.1032185263792375e-05,8.203082215197271e-10
20180717_sample_1,Pvalb,Pvalb,0.9885716300373406,2.0348002563995537e-05,5.560693789358536e-06,8.617810663696322e-09,8.870052488555152e-07,0.9885716300373406,1.3829295509997466e-06,0.011398263212454917,1.919501240424484e-06
20180717_sample_2,Lamp5,Sst,0.7312497602172103,0.00012722894440650055,4.916820371554418e-05,8.77489440973456e-06,0.011642253192792327,0.0006618520723479358,0.07335395116563734,0.7312497602172103,0.18290701130948026
20180717_sample_3,Pvalb,Pvalb,0.9994881492271208,7.978809961376559e-07,3.640395217062396e-06,7.225794132467891e-09,6.833070884688495e-08,0.9994881492271208,2.2095528083823667e-08,0.0005054570234820786,1.8578211528511354e-06
20180717_sample_4,Pvalb,Pvalb,0.9852204408079126,7.11314313374493e-08,9.064818462266874e-07,1.8204428819939873e-09,5.4159302390926265e-09,0.9852204408079126,4.2716634202712104e-07,0.014777618558927346,5.286171672531673e-07
20180717_sample_6,Pvalb,Pvalb,0.9980686538540635,6.7055201809949846e-06,1.0559423932998984e-05,1.904310686508043e-07,2.4199405343954583e-06,0.9980686538540635,1.0176988847483399e-07,0.0019112864767439031,8.258358694200919e-08
20180717_sample_7,ET,IT,0.6857093809397006,0.08755775327427599,0.22647762385604064,0.6857093809397006,1.5095267826426274e-09,0.00023532423599171412,4.4209068752303545e-07,1.935158884850469e-05,1.2250492824699131e-07
20180718_sample_2,Pvalb,Pvalb,0.9858982456965772,8.934988840818271e-09,9.826459488128628e-08,1.0353733195883576e-07,0.0003963008955900371,0.9858982456965772,6.506553407922194e-08,0.013705172579029304,5.026353782207157e-09
20180718_sample_3,Pvalb,Pvalb,0.999856737853221,4.337821511378319e-08,1.8905073590548124e-05,7.0023615996801134e-09,5.990075132731403e-07,0.999856737853221,4.965012544891395e-10,0.00012369688404646176,1.0304550766990905e-08
20180718_sample_4,Pvalb,Pvalb,0.9999862270167915,2.477287543115293e-08,3.785619771414738e-07,2.2803316306416097e-11,5.401627518677359e-09,0.9999862270167915,4.612108358758472e-09,1.3338003077510543e-05,2.160873928782344e-08
20180719_sample_1,Pvalb,Pvalb,0.9987180525128306,8.977585327363826e-12,0.0012600313652629362,8.741646689797762e-09,3.8229800463743155e-12,0.9987180525128306,2.6386988894271053e-10,2.1907101060672887e-05,2.5285841583725906e-12
20180719_sample_4,Pvalb,Pvalb,0.978110146765173,2.6904860287808628e-06,1.0885264123193138e-05,7.354283421916136e-09,9.129254236554304e-08,0.978110146765173,9.366782101750591e-09,0.021876131441147993,3.802991898563896e-08
20180720_sample_2,Sncg,Sncg,0.931877296748986,4.629059359944579e-07,3.701645204607483e-07,1.1869799355981288e-05,0.0010791361793142046,8.039089642318034e-07,0.931877296748986,0.009959559334856868,0.05707050095806606
20180720_sample_3,Pvalb,Pvalb,0.9898265879171589,8.107603900315114e-06,0.0003070858797245754,1.4858372189258454e-08,3.9964834837144396e-07,0.9898265879171589,2.117030512110686e-06,0.009852737110256254,2.94995172722284e-06
20180720_sample_5,Lamp5,Lamp5,0.9917293527134536,1.54048659499085e-08,1.5252131760799463e-09,9.489190263925749e-08,0.9917293527134536,0.00818997012079233,6.899820189612881e-05,1.0255234322727972e-05,1.3119075535990182e-06
20180725_sample_3,IT,IT,0.9997651579852445,0.00018463972896217933,3.317119080064681e-05,0.9997651579852445,9.070423914238339e-08,6.955789273600138e-10,3.310556753062876e-09,3.4433279060295174e-08,1.6901951338794555e-05
20180725_sample_6,Pvalb,Pvalb,0.9997157580309053,6.873089861161149e-07,9.589997628007293e-09,1.834868466182981e-09,0.00026624061615595194,0.9997157580309053,1.9764128855482564e-06,1.5032302691374564e-05,2.9390350961867543e-07
20180725_sample_7,IT,IT,0.9999915416352665,5.8430425634356554e-06,2.60457675052171e-06,0.9999915416352665,1.1303703262199125e-11,8.012674557494972e-14,5.96361984243489e-09,1.247548278645736e-09,3.5228675790280386e-09
20180725_sample_9,Lamp5,Lamp5,0.7930900985234776,0.002653164427523656,2.7165955316219923e-06,0.0002713798278399709,0.7930900985234776,0.18800932041200452,0.0005511667702134773,0.004805794142132546,0.010616359301276907
20180726_sample_3,Pvalb,Pvalb,0.9992224550735465,6.601136059508108e-10,1.3127791705418747e-05,6.601435236449094e-11,8.506423058700526e-09,0.9992224550735465,1.0339570141340028e-08,0.0007643903255718078,7.237055123660207e-09
20180726_sample_4,Pvalb,Pvalb,0.999816282762157,2.564777597586267e-09,5.5706384080559195e-06,1.1741752321396134e-08,5.9195565610964306e-05,0.999816282762157,5.025705935940347e-07,0.00011841428846604618,1.9868234420835837e-08
20180726_sample_5,Pvalb,Pvalb,0.9659971805055856,0.0002971676024817004,3.248912751567278e-05,1.4803211189152756e-05,2.1622832692298425e-05,0.9659971805055856,7.24508160332253e-07,0.033555789672029185,8.022254034606222e-05
20180726_sample_6,Pvalb,Pvalb,0.9548373889212629,1.3694864371343359e-05,0.00601030452457853,3.3045221048773915e-06,0.00010023055053755288,0.9548373889212629,9.609475164213125e-05,0.038758184212883025,0.00018079765261955024
20180726_sample_7,Pvalb,Pvalb,0.9890820481579556,2.2938152639229415e-05,0.0034796330186319777,3.6373421159359997e-07,4.891636573955288e-07,0.9890820481579556,4.666636510457296e-07,0.007408860672571805,5.200436681366637e-06
20180817_sample_2,Pvalb,Pvalb,0.9975990557780641,2.5531543260225557e-11,2.0656886298523952e-06,2.4882213161124314e-09,7.629887562391923e-11,0.9975990557780641,3.385395142507453e-11,0.0023988701389821535,5.770418249188065e-09
20180817_sample_3,Pvalb,Pvalb,0.9993124596032653,3.795395539888064e-12,4.430449292827556e-08,1.7916573991399177e-11,3.703276363778211e-09,0.9993124596032653,1.250956311468375e-09,0.0006874910808948015,3.540223017236573e-11
20180817_sample_4,Pvalb,Pvalb,0.9014848652307321,6.105594398504904e-07,1.710537822259826e-07,6.502483587932356e-08,0.09829622212251278,0.9014848652307321,0.00015200063349550416,6.597298549641623e-05,9.238970520519304e-08
20180817_sample_5,Pvalb,Pvalb,0.5132787470322637,0.0005945235532187654,7.254323266020772e-05,6.194608090488784e-06,4.0985617688074106e-08,0.5132787470322637,1.0575469795169199e-05,0.48601769585175136,1.9679266602572476e-05
20180817_sample_6,IT,IT,0.9911733237641348,0.008671284638113026,0.00013558273365120292,0.9911733237641348,4.8586924067717034e-08,3.783830657834979e-07,1.1182483746596037e-07,5.0418395056885904e-08,1.9219650878702257e-05
20180817_sample_7,Pvalb,Pvalb,0.9999904049913149,2.5163672658366735e-12,2.0525402611618628e-08,1.8528509567638184e-10,3.835656340081155e-10,0.9999904049913149,1.803346583873131e-08,9.555876875390074e-06,1.5740773321634366e-12
20180820_sample_1,Sst,Sst,0.9947623128118038,0.0002540647895556115,1.4389382933975716e-05,8.9066851282819e-08,1.1689969855530317e-05,0.002983375643917261,0.0019102542205227653,0.9947623128118038,6.382411455948622e-05
20180820_sample_2,IT,IT,0.8648981781077627,0.0016179590566940368,0.1334824291184219,0.8648981781077627,1.5501845805704762e-12,1.355603060848695e-10,6.962990768825296e-08,1.3639452463439394e-06,4.856752864950109e-12
20180820_sample_3,Sst,Sst,0.9977987031747101,0.00021177710352072117,3.4483657845596174e-08,1.6092808846643934e-07,1.7612966795073747e-05,5.037643566372766e-07,0.0011215455433096128,0.9977987031747101,0.0008496620355616501
20180820_sample_4,Sst,Sst,0.9913382711415144,0.0010352636789649153,1.464609259445753e-06,6.180333402227995e-06,0.0001885231931220147,2.634241331347472e-06,0.004095601572787459,0.9913382711415144,0.0033320612296181473
20180820_sample_5,Sst,Sst,0.6173005694985724,9.503966652648951e-06,0.0010922113864079404,4.9583872104493294e-08,2.8541377759176822e-08,0.3815958903723214,2.500646113943892e-08,0.6173005694985724,1.7216443347261025e-06
20180820_sample_6,IT,IT,0.9848860157803084,0.015001739412802036,0.00011189789062555597,0.9848860157803084,1.1937362858882474e-08,8.352628317706965e-12,2.879018877532856e-07,3.53668387959613e-08,1.1701821962423156e-08
20180820_sample_7,Sst,Sst,0.9378148870502068,1.0013093784396831e-05,4.824574849637406e-07,8.903305567184281e-09,0.0013810948121252605,0.060769558184509874,2.3825326487102595e-05,0.9378148870502068,1.3017209588333475e-07
20180822_sample_1,Pvalb,Pvalb,0.9997378145603112,3.7362005780097484e-08,1.7387671489255484e-05,1.6322107521077728e-07,7.815569473653183e-06,0.9997378145603112,7.549429452064772e-08,0.00023652904449993761,1.7707685047078062e-07
20180822_sample_2,Pvalb,Pvalb,0.999884107566025,1.5951772505394133e-10,3.356073968599899e-07,3.43513511493794e-14,7.353877212665057e-11,0.999884107566025,1.0934665062886418e-10,0.00011555648129940874,2.841246362924299e-12
20180822_sample_3,Pvalb,Pvalb,0.9898962348694488,8.129051382357818e-05,0.00011315860754818647,4.499969894552429e-07,1.7643901689303823e-05,0.9898962348694488,4.95140533578584e-05,0.009764259244716451,7.74488124264822e-05
20180822_sample_4,Pvalb,Pvalb,0.9786517592175393,2.203346315087934e-05,7.713395791403644e-05,3.434635191170014e-08,1.3178758855389668e-07,0.9786517592175393,7.753944524657617e-07,0.02124345517485505,4.676658147890758e-06
20180822_sample_6,Pvalb,Pvalb,0.9996900846502497,3.537525626447194e-10,1.7053224668173321e-06,1.3102957159017231e-11,1.7929697416911675e-10,0.9996900846502497,7.457244895709435e-09,0.000308202002348521,2.1537752301328115e-11
20180822_sample_7,Pvalb,Pvalb,0.9998464355742944,1.7038184800075663e-10,4.7752076152763154e-08,3.554082937372902e-12,4.264666082686111e-08,0.9998464355742944,1.2897995354006358e-09,0.00015347251500409968,4.822900194189926e-11
20180828_sample_2,Pvalb,Pvalb,0.994428331080497,9.560300875047035e-07,7.741990000152566e-07,5.208934529925017e-09,0.005292318975133136,0.994428331080497,3.769096952733621e-06,0.0002736941118759006,1.5129751904479564e-07
20180828_sample_3,Pvalb,Pvalb,0.9989447060060687,9.433606017828704e-08,9.585213229268967e-06,3.551883275807346e-09,3.873317708740307e-08,0.9989447060060687,4.629460114919594e-07,0.00102406884019545,2.1040373374671084e-05
20180828_sample_4,IT,IT,0.9998498527780263,0.00014949715391754498,5.193464898552024e-07,0.9998498527780263,1.499464443243378e-08,7.49006685495594e-11,8.363331109376366e-08,2.7279717579218936e-08,4.738992558338573e-09
20180828_sample_5,Pvalb,Pvalb,0.9999979879719842,8.841309098002636e-09,8.671203601726264e-08,1.3336867144039904e-07,2.722421278907725e-11,0.9999979879719842,3.784139791304241e-11,1.782998896420141e-06,4.2037134857476565e-11
20180828_sample_6,Pvalb,Pvalb,0.9985182430154248,3.265512383886927e-10,1.849816750647405e-07,7.368863848192997e-11,2.6498061964317605e-07,0.9985182430154248,2.0532286839118467e-08,0.0014812857006084093,3.891452635966993e-10
20180828_sample_8,IT,IT,0.9999999256230108,1.5603669965272476e-08,5.1894783162450605e-08,0.9999999256230108,3.498319770291065e-12,1.506574550757406e-15,2.358330870398921e-09,2.2362526291928263e-09,2.2804529055576727e-09
20180829_sample_1,Sst,Sst,0.9796864282964152,0.0007027182106310509,0.00011462796739351917,1.401309633152271e-05,3.3742633632594896e-05,0.00046012402598041515,0.00016171484451045273,0.9796864282964152,0.01882663092510514
20180829_sample_2,Sst,Sst,0.9997260671495138,5.807529609848078e-07,8.279348451186018e-07,3.915725150802039e-10,1.5964537265979146e-06,6.020117883152413e-07,3.060190615375958e-05,0.9997260671495138,0.0002397233994389527
20180829_sample_3,Sst,Vip,0.8796461370848749,2.040979440308041e-05,2.9561400842752963e-07,8.208981555831186e-07,0.00017862614247292382,1.5874743919658806e-06,0.003729138315131339,0.11642298467656166,0.8796461370848749
20180829_sample_4,Sst,Sst,0.8789696548134472,0.0001503905748543712,7.014421515252467e-06,8.806038593937919e-07,3.564435508613321e-08,1.748024652561228e-05,0.0017597083050742124,0.8789696548134472,0.11909483539036876
20180829_sample_5,Sst,Sst,0.46928753912761795,0.0006013985944738907,9.934758321598272e-05,0.00035070802490887133,0.15210734464545872,0.3464726140772839,0.0011370773753985972,0.46928753912761795,0.029943970571642015
20180829_sample_6,Sst,Sst,0.9928435252970172,4.1839028995860404e-05,1.053334512226726e-06,8.060606625612255e-09,5.073121358367251e-06,7.676644762211577e-05,4.4455201757724446e-05,0.9928435252970172,0.0069872795081297925
20180829_sample_7,Sst,Sst,0.9972128215557079,8.816266684639317e-06,1.4770284370793527e-06,1.0389893824909358e-08,8.24226361175406e-06,0.0002043748615515791,8.211120245581294e-06,0.9972128215557079,0.0025560465138675104
20180829_sample_8,IT,IT,0.9999998855065044,8.902268850841428e-08,1.6552234379850413e-08,0.9999998855065044,6.4532720769739005e-09,5.594904948041045e-12,2.188062291970176e-09,7.988918027084414e-11,1.917542908252755e-10
20180830_sample_1,Pvalb,Sst,0.9836949477835308,0.012960295284911983,0.0006285401821449178,0.00011096082247515156,0.001325343897267719,0.00022889201177482058,0.00021311317461121605,0.9836949477835308,0.0008379068432835589
20180830_sample_2,Pvalb,Pvalb,0.9330943722292322,2.5710923386718134e-06,5.2267522058968544e-05,9.324069104958126e-08,6.707786682643603e-07,0.9330943722292322,2.353114095413576e-07,0.0668425366368575,7.253188743854478e-06
20180830_sample_5,Pvalb,Pvalb,0.9993264495977796,3.390198188066798e-09,4.325520464021447e-07,1.2796463665537854e-11,0.000293510111874807,0.9993264495977796,2.0263081658473911e-07,0.00037924974263433723,1.5196185358403548e-07
20180830_sample_6,Pvalb,Pvalb,0.9990423345775531,5.856796523812635e-05,0.00019377387284154243,3.2128717066229053e-06,2.5371711444862083e-05,0.9990423345775531,3.780448905472108e-06,0.000672606448088478,3.5210422189105907e-07
20180904_sample_1,Pvalb,Pvalb,0.9941733717799286,6.064679586622284e-07,9.880687216817503e-08,2.7832502692124777e-10,1.0364548480380265e-06,0.9941733717799286,3.706586519832913e-08,0.005824781778654303,6.73675481606008e-08
20180904_sample_2,Pvalb,Pvalb,0.9999873526734309,4.5290378294075104e-10,1.407181536685038e-06,1.3828542244131595e-11,1.451312589029938e-10,0.9999873526734309,2.022380271245498e-09,1.1229537606002259e-05,7.973182548479755e-09
20180904_sample_3,Pvalb,Pvalb,0.9985175140096866,8.204037527542298e-10,3.6535036119396854e-07,7.623315716781224e-09,0.0010247948305810448,0.9985175140096866,1.6692956762689388e-05,0.00044045501071062127,1.6939817838634274e-07
20180904_sample_4,Pvalb,Pvalb,0.9999637167527793,7.713977756371518e-09,3.678048355953561e-07,4.041509344522965e-10,6.173701464406654e-07,0.9999637167527793,6.723625602044019e-08,3.52030999726696e-05,1.9617881072296488e-08
20180904_sample_5,Pvalb,Pvalb,0.9994361864008292,5.87882243862907e-07,0.0002796846012479222,1.142230627701736e-07,7.406710077440891e-09,0.9994361864008292,2.774496529247137e-08,0.00028338571895957903,6.021981228718288e-09
20180904_sample_6,Pvalb,Pvalb,0.9999615032060507,1.1036599047807483e-09,1.9048739748430127e-07,2.5037084190679483e-11,5.0175925652900326e-08,0.9999615032060507,1.789839354874548e-09,3.8242959279958884e-05,1.0252809813458766e-08
20180904_sample_7,Pvalb,Pvalb,0.9957164825543463,7.613776147972479e-07,9.181758650220174e-06,1.7805200762760572e-05,6.402246021623371e-11,0.9957164825543463,1.4046570828088313e-08,0.004255623580444012,1.3141758850563437e-07
20180904_sample_9,Pvalb,Pvalb,0.9999771049074312,4.577758864922059e-11,1.2172984928059641e-06,5.67779451512309e-10,9.67588795355658e-07,0.9999771049074312,3.653661488012997e-08,2.0449001322906845e-05,2.2405378560593e-07
20180905_sample_1,Sst,Sst,0.9997162611641706,7.680509745256135e-05,9.758402956783798e-07,1.3761826188877966e-07,7.487137277793887e-07,5.165561252280229e-05,8.401269870500854e-08,0.9997162611641706,0.00015333194086994856
20180905_sample_2,Sst,Sst,0.9999990185275424,6.579479178746948e-08,8.766029534972763e-08,7.093678417227025e-09,2.394353387091832e-09,3.121832529279997e-07,5.05097954162539e-07,0.9999990185275424,1.2481316280550944e-09
20180910_sample_2,Sst,Sst,0.9995843564441994,7.3027092117352e-09,0.0004152636914109366,2.1007725030339653e-10,9.968549458986174e-08,1.0215184848332033e-08,2.5784826501692393e-07,0.9995843564441994,4.602658882778195e-09
20180910_sample_3,Sst,Sst,0.9999960132129136,1.4035835848440303e-09,2.237074180054288e-06,1.4308258303904507e-09,3.58895270463286e-08,2.973966190987167e-07,4.6326500927602617e-08,0.9999960132129136,1.3672658497406093e-06
20180911_sample_1,Sst,Sst,0.9972815172788616,5.716127860993937e-06,4.2032099190526425e-05,1.2615953394232282e-07,0.0004144336256496581,0.001514575670029483,0.0005742045600143797,0.9972815172788616,0.00016739447885933263
20180911_sample_2,Sst,Sst,0.9996013694969479,9.142351324580894e-05,7.403955043998884e-05,2.228208921195166e-08,2.162767516709915e-06,0.00023059219979111156,9.221594311014662e-08,0.9996013694969479,2.9797402609476896e-07
20180911_sample_3,Sst,Sst,0.9994647293857,0.0001634501071688442,8.505291215816196e-06,5.041846005490091e-07,4.959092100532504e-07,0.0002528363596579154,0.00010210467275282542,0.9994647293857,7.3740896941115995e-06
20180911_sample_5,Sst,Vip,0.8184845403980152,0.0016661007945843792,0.00035481328810088434,0.12486929678092043,0.000555674274982604,0.0012698231716845173,0.020893645998856073,0.031906105292855806,0.8184845403980152
20180911_sample_6,Sst,Sst,0.9990737454424421,3.53702481809978e-07,1.4373354423300505e-05,4.33878699323736e-07,1.85307869673129e-05,0.0008698664546361519,1.055772636821354e-05,0.9990737454424421,1.2138653981702378e-05
20180912_sample_2,Pvalb,Pvalb,0.9996254375165889,3.708197198560272e-08,1.3685642978536077e-06,2.50201355809457e-07,1.670482987717934e-05,0.9996254375165889,3.3765486358233374e-07,0.00035563853540490983,2.2561563988641271e-07
20180912_sample_3,Pvalb,Pvalb,0.9999956867527153,1.4731833300507281e-07,5.333105736248561e-08,1.0888049136157869e-07,6.870150831934106e-10,0.9999956867527153,9.467583179315883e-10,4.002033072255863e-06,5.0557222906482033e-11
20180912_sample_6,Pvalb,Pvalb,0.9998715831940503,1.4327407393230398e-10,7.4811030780663e-09,4.9405248317838355e-14,1.77248748749387e-06,0.9998715831940503,7.849991334769271e-08,0.00012650657793707772,5.1616185167693326e-08
20180917_sample_1,Sst,Sst,0.9120497606613077,0.00019929333018129755,4.604248419347584e-05,6.162283979907436e-05,0.00030693696527845835,2.0487356250387983e-05,0.002119958223141279,0.9120497606613077,0.08519589813984829
20180917_sample_2,Pvalb,Pvalb,0.8592690547222777,1.448692969312475e-07,0.000494727093098023,4.13470187736781e-11,7.821191660781472e-09,0.8592690547222777,2.6906296106259093e-09,0.14023605845387035,4.308288731227939e-09
20180917_sample_3,IT,IT,0.998659622576505,0.0012487689846757215,9.144474459947069e-05,0.998659622576505,2.0135608315622595e-08,7.657389305642679e-09,2.474836904484686e-08,1.035264802333177e-07,7.626373003308237e-09
20180917_sample_4,Pvalb,Pvalb,0.9972258273954341,3.856689619460364e-09,1.5573311254493708e-05,1.0838410729139941e-10,2.597372718404299e-09,0.9972258273954341,8.333576536331977e-08,0.002735012713739038,2.3496681360588305e-05
20180917_sample_5,Sst,Sst,0.9324768655644634,0.005214369102224051,0.003327180409185908,7.561428492162965e-05,2.3393285836229317e-05,0.021138224217830157,4.679661445629906e-05,0.9324768655644634,0.03769755652108236
20180918_sample_1,Vip,Vip,0.856240900802046,5.044447121002378e-05,2.3772902561208055e-05,2.0290434662630688e-05,0.010369395635486214,0.022846657870756935,0.05708909761816822,0.0533594402651089,0.856240900802046
20180918_sample_2,Vip,Vip,0.997967110795742,6.6853767473796e-06,2.300496254523e-09,2.834798252335104e-09,0.0002236792598221587,0.0002222681118171687,5.929386683229477e-05,0.001520957453744333,0.997967110795742
20180918_sample_3,Vip,Vip,0.9685297398167569,2.938794795699248e-05,1.2078532900702509e-06,3.878841228372448e-07,3.823218732587002e-06,4.6173224725766773e-07,0.00900652378844119,0.022428467758452114,0.9685297398167569
20180920_sample_2,Pvalb,Pvalb,0.998188725962143,2.499821946953771e-09,1.2793487240684222e-06,1.4029341335701029e-10,1.52734661202456e-06,0.998188725962143,2.816355366266845e-08,0.001808190545157337,2.459936943453684e-07
20180920_sample_3,Pvalb,Pvalb,0.9999975692199693,1.3712984921926348e-10,9.353403978274556e-08,4.517816646524795e-09,2.7740007027197023e-14,0.9999975692199693,8.633856317995243e-12,2.3325823803426006e-06,2.290518849456061e-15
20180920_sample_4,Pvalb,Pvalb,0.9983530793812115,1.840129793780752e-10,4.523561460194023e-08,2.131857763811142e-10,3.17387726924821e-07,0.9983530793812115,7.976997776885973e-10,0.0016465564728072074,3.2774112526883044e-10
20180921_sample_2,Pvalb,Pvalb,0.999989309422757,6.935294723182104e-11,1.6319895947516392e-06,2.3613841045288027e-10,1.8543665451335712e-09,0.999989309422757,8.876334539490575e-09,9.047549140787853e-06,2.3149936712562978e-12
20180921_sample_3,Pvalb,Pvalb,0.9218292480006511,4.550398792297066e-08,3.807256958281664e-05,1.2739688385863487e-08,7.948474048284188e-11,0.9218292480006511,3.1944849402826634e-07,0.078129959651102,2.342007009197262e-06
20180925_sample_9,Pvalb,Pvalb,0.9978492966899968,6.453369354288054e-08,8.725441566718718e-07,3.987382163323696e-09,3.267628792287108e-08,0.9978492966899968,1.6887684493932983e-08,0.002149558293135153,1.5438766316993076e-07
20180926_sample_1,Pvalb,Pvalb,0.9999659934822677,1.336421867372865e-10,3.36271537898251e-05,1.4937608732833114e-11,4.1325061475738296e-10,0.9999659934822677,3.673559955484206e-09,3.749704624084828e-07,1.5808969439372757e-10
20180926_sample_3,Pvalb,Pvalb,0.9996788800372879,9.245988850490318e-10,1.0847893660589882e-07,1.3901417657309939e-08,2.572396048136232e-08,0.9996788800372879,4.2703356591512054e-10,0.00032077222992325517,1.9827684165116126e-07
20180926_sample_7,Pvalb,Pvalb,0.9730955538499241,9.713102867420549e-12,7.358594373602192e-08,5.334705230979806e-12,3.9500587424887405e-09,0.9730955538499241,2.730283412447528e-10,0.026904368324639143,1.3583043413302163e-12
20180926_sample_9,IT,IT,0.9999998815298661,3.223851342446133e-08,8.619930765999235e-08,0.9999998815298661,2.971601139542543e-13,3.7816635719548974e-16,1.5846371694833725e-11,4.764252257145673e-12,1.1404760656956431e-11
20180927_sample_1,Pvalb,Pvalb,0.9989492278439601,4.4350318728629163e-10,1.9248876470082097e-07,1.639989093248575e-08,0.0008456127437142712,0.9989492278439601,1.4105524696825742e-06,0.0002033119419732601,2.2758572384209087e-07
20180927_sample_2,Pvalb,Pvalb,0.9999449379859638,1.4591506589860758e-09,1.366683633420901e-05,3.9702988685052446e-08,2.7203165335908465e-09,0.9999449379859638,5.3247070458053775e-08,4.126778989065724e-05,3.0258285001938905e-08
20180927_sample_4,Pvalb,Pvalb,0.9987645167081872,4.6781690219899284e-12,1.6190653781904105e-06,2.259965691394392e-12,1.3569085433413816e-11,0.9987645167081872,1.1111163314020382e-09,0.0012338630905624592,4.2484729563396524e-12
20180927_sample_5,Pvalb,Pvalb,0.9998628503481327,1.120807897096295e-10,2.2784794915722836e-07,4.115626513780324e-14,1.0141753352320147e-07,0.9998628503481327,7.665555200893182e-09,0.00013681059699308551,2.011714353987976e-09
20180927_sample_7,Pvalb,Pvalb,0.9999787074024521,1.5230234243993538e-11,4.6808634170449977e-07,1.2012158378358667e-11,3.1834536554270184e-09,0.9999787074024521,2.1458093524063664e-11,2.082127292139673e-05,6.1304793400391456e-12
20180927_sample_9,IT,CT,0.9965274358910686,0.9965274358910686,1.9822476790287628e-05,0.003337717549108869,5.078805256858277e-12,1.1071496186768886e-12,4.409314930683207e-09,0.00011501576189076846,3.905640545233664e-09
20181002_sample_2,Pvalb,Pvalb,0.9999970940343531,6.25016811786546e-11,1.829978902777268e-06,2.3463132060002483e-14,1.7909697339794174e-10,0.9999970940343531,8.907580681799118e-12,1.0757350033113254e-06,1.2110233118673081e-12
20181002_sample_3,Pvalb,Pvalb,0.9999938351893711,4.677902563569096e-09,1.7595109711460597e-08,1.1835254279218603e-10,7.100488044565408e-07,0.9999938351893711,2.046767449841307e-06,3.3821878608494576e-06,3.4151488578241324e-09
20181002_sample_4,Pvalb,Sst,0.593386014963282,1.528812965982476e-06,9.470398248470751e-08,2.4552371619218392e-09,0.1785891711094828,0.22669562254345027,1.6916419139970333e-05,0.593386014963282,0.0013106489924592194
20181002_sample_5,Pvalb,Pvalb,0.9998112655758787,4.608888302136006e-12,5.2536269820897274e-08,2.3798162458794485e-13,3.512895827674592e-11,0.9998112655758787,6.540771720940013e-12,0.00018868183878949696,2.5450639072517037e-12
20181002_sample_6,Pvalb,Pvalb,0.9937355886210804,3.4539355732560564e-07,6.980964925376154e-08,1.5372935021126831e-06,0.005819364967843426,0.9937355886210804,7.336414962095557e-05,0.00036953266578988725,1.9709895669052218e-07
20181002_sample_7,IT,IT,0.9999946867886819,5.304916750009767e-06,8.230122590473613e-09,0.9999946867886819,3.700893248503975e-12,1.686804065890879e-16,1.0998220001582577e-11,1.4375648638443749e-11,3.53709360775649e-11
20181002_sample_8,Pvalb,Pvalb,0.9999000069578131,4.9636641152020654e-08,2.1144419857207905e-06,6.211915492506265e-09,8.468445973297524e-08,0.9999000069578131,2.1498718292166802e-08,9.771292039245267e-05,3.648073994110575e-09
20181002_sample_9,Sst,Pvalb,0.995913823289419,3.445175459910821e-11,1.7946208209924366e-06,3.077301517961297e-13,2.559351444788353e-09,0.995913823289419,8.161075217398548e-12,0.004084379487344932,1.4317167823942347e-13
20181002_sample_10,Pvalb,Pvalb,0.9999751217504644,1.2369253845014434e-10,1.623397594915222e-06,6.820249969536141e-10,1.015490427323096e-09,0.9999751217504644,1.8566652201204524e-09,2.3251053374726437e-05,1.2069262752245697e-10
20181003_sample_2,Sst,Sst,0.9836364242890105,0.00012233774180193856,0.015822204588382596,0.0002979450545605386,8.321928636777492e-06,5.213627790218799e-06,2.0675413125120906e-05,0.9836364242890105,8.687735669236231e-05
20181003_sample_3,Sst,Sst,0.9896418202211612,0.00034804028069653035,0.0006117256131932486,0.0016936987968097102,0.000172335254495661,0.000925594291010784,0.005553725252713733,0.9896418202211612,0.00105306028991915
20181003_sample_4,Sst,Sst,0.9999761090813117,6.091681155338618e-11,1.6331700433528406e-07,2.941747876912515e-11,2.1731642245364232e-07,2.3312551799377254e-05,1.3440903688410252e-07,0.9999761090813117,6.323409077989562e-08
20181003_sample_5,Sst,Sst,0.9992103727892447,1.0690204948603211e-05,3.4705496664533816e-06,5.957527111035315e-08,1.539747482388919e-08,4.4792382823310464e-08,6.267961636519652e-06,0.9992103727892447,0.0007690787293750083
20181003_sample_6,Sst,Sst,0.9999254576163722,6.962165449263042e-09,4.711788825484373e-08,2.3949720856206418e-11,1.9598451836872025e-08,1.145734752556446e-06,5.508984504781599e-08,0.9999254576163722,7.326785657507674e-05
20181003_sample_7,Sst,Sst,0.9997642246822496,3.690427323559422e-07,1.6848479036811983e-05,1.4545143718922549e-08,1.7105763121499795e-05,0.00013076942098360213,1.2776462801343123e-05,0.9997642246822496,5.789160393118349e-05
20181003_sample_8,Sst,Pvalb,0.975803117940035,8.846123280854945e-11,2.416056726272644e-08,2.51487224654507e-07,1.4268695524017878e-08,0.975803117940035,4.91890028525444e-10,0.024165602896006378,3.0988667119965635e-05
20181003_sample_9,Sst,Sst,0.7778237807742919,8.093812338319043e-10,8.941778065689196e-07,3.696576635092715e-14,6.227900888463289e-08,0.22217522997515746,3.011977333732304e-08,0.7778237807742919,1.8645435121677045e-09
20181003_sample_10,Sst,Sst,0.6731297210349603,1.3006137577381836e-06,0.00018620540981416285,2.736676403748685e-08,1.824964235955918e-08,0.32667661314223917,5.79784917489551e-06,0.6731297210349603,3.163336473532591e-07
20181004_sample_3,Sst,Sst,0.9876285380656701,2.6606676751206545e-08,1.032564390997307e-06,1.3105204082357381e-12,5.925191459343379e-11,0.012370307455926315,2.962598508603189e-11,0.9876285380656701,9.521714742694255e-08
20181004_sample_5,Sst,Sst,0.9762666414469453,3.5099603229955556e-06,0.00026082523501101077,1.2923966286598543e-06,1.2058993456787992e-08,0.023466346569816637,1.163364862379736e-06,0.9762666414469453,2.089674196470336e-07
20181004_sample_6,Sst,Sst,0.9999805869233352,2.622272661524952e-06,3.374161512507986e-07,1.0561148309466305e-09,1.3441988263760578e-05,1.004569102677149e-06,5.8501329091444365e-08,0.9999805869233352,1.94727304174495e-06
20181004_sample_8,Sst,Pvalb,0.9040208520719553,8.443616791734755e-10,7.086820348139543e-05,9.843006463024e-13,4.135639700708719e-09,0.9040208520719553,1.338101610389158e-08,0.09590824722278923,1.4139772365286816e-08
20181009_sample_2,Sst,Sst,0.9990864370834891,2.7531114076434667e-05,7.172550115302182e-07,3.483072483166009e-09,1.0491655603262447e-06,0.0008805117693564406,1.2977696736107327e-06,0.9990864370834891,2.4523597601831617e-06
20181009_sample_3,Sst,Sst,0.9984065440400921,3.8228217243127815e-07,1.1382093746681908e-07,5.807969904274513e-08,3.7628958586951367e-06,1.4033734371147447e-06,2.3574634341645374e-06,0.9984065440400921,0.0015853780443690795
20181009_sample_4,Sst,Sst,0.9999725165638118,8.600640558886274e-07,2.0778658027091833e-06,1.72466888433908e-09,4.2485698573038733e-07,1.1842790263891403e-05,9.596902157206513e-06,0.9999725165638118,2.6792322538776766e-06
20181009_sample_5,Sst,Sst,0.8745308533393118,4.414301231247381e-05,1.3663570149961897e-05,2.3112556946653687e-05,0.00020339267235960955,0.12019420458596733,0.0012708582514413473,0.8745308533393118,0.0037197720115108783
20181009_sample_6,IT,IT,0.99999895620659,9.303086457169427e-07,1.1099675703926751e-07,0.99999895620659,2.937554951932305e-12,2.785763652797247e-15,1.201892493472898e-09,1.2222540220194299e-09,6.092020347178888e-11
20181009_sample_7,Sst,Sst,0.999999006168425,2.8387671295976076e-09,1.0147234321284002e-08,9.583016310993833e-10,5.807670359138524e-08,6.635514051431222e-07,4.920410532761305e-08,0.999999006168425,2.0905505787138576e-07
20181010_sample_1,Sst,Sst,0.9522274738198087,1.1771635758455717e-05,0.00014947193446406654,0.00035694777939010035,2.7849574252025714e-06,0.03350721706326628,4.10918931837458e-05,0.9522274738198087,0.01370324091670351
20181010_sample_3,Sst,Sst,0.9711347212917313,0.00020120860604188316,2.723842471649658e-05,9.117104450415655e-06,3.732478834216068e-06,0.003350681097409285,0.0004343386366886411,0.9711347212917313,0.024838962360127927
20181010_sample_4,Sst,Sst,0.9999996158359644,8.563906717429578e-10,3.318789518682511e-07,1.2232919658850065e-13,3.4888523159636105e-10,1.4514528582379787e-08,2.8112407351111424e-08,0.9999996158359644,8.452749387478316e-09
20181010_sample_5,IT,IT,0.9999999981142051,5.414938208459932e-10,8.827102208696031e-10,0.9999999981142051,2.3439358581354676e-15,9.058548304577463e-18,1.0338052563160672e-10,3.890725139701946e-14,3.5816896887965916e-10
20181010_sample_6,Sst,Sst,0.8412644105471377,0.0003259935317803651,1.0291749092858242e-05,2.168792374661087e-05,1.2306806184582255e-09,0.1582670735390555,2.4861870359696306e-07,0.8412644105471377,0.00011029285980270667
20181010_sample_8,Sst,Sst,0.9999064023297166,1.5892371708750388e-07,1.26167670976006e-05,3.846356003042356e-09,1.510465263470167e-08,5.723699553576923e-05,1.7780125932449725e-06,0.9999064023297166,2.1788020330930633e-05
20181010_sample_10,Sst,Sst,0.9997966957622676,2.677054690586079e-08,1.2354339716881223e-07,9.126348956086803e-11,0.00018920382788946056,9.629316968177871e-06,1.8890881589586256e-06,0.9997966957622676,2.431599508117488e-06
20181011_sample_3,Sst,Sst,0.9690468723505292,2.4713417622540316e-06,7.377640285032404e-06,1.451605438641968e-07,8.870701708002035e-07,0.030914360216561403,1.462295466328595e-05,0.9690468723505292,1.3263265483896843e-05
20181011_sample_4,Sst,Sst,0.9900314696474551,0.0031236729142586545,8.733856710287697e-05,0.0006129051299792194,0.0011093835554880247,0.001474265296863894,0.0029516282031130585,0.9900314696474551,0.0006093366857389546
20181011_sample_8,Sst,Sst,0.9990592155367765,4.823136672312488e-08,7.464845251988158e-07,5.499077235201371e-10,3.836124689304106e-08,0.0005011533631044137,5.155792897176915e-09,0.9990592155367765,0.00043879231727969614
20181011_sample_9,Sst,Sst,0.9129266596988305,0.00011913374807839982,0.0008292034616282732,2.742941220066938e-06,2.383319694249255e-06,0.08609146084004678,4.7572251496013525e-09,0.9129266596988305,2.8411233276508844e-05
20181011_sample_10,Sst,Sst,0.7942037355721158,5.952214549449663e-08,5.364171004408978e-06,6.243974139332236e-09,3.97621260684735e-06,0.20578414452838226,2.4317152281097248e-06,0.7942037355721158,2.820345429844062e-07
20181109_sample_1,Sst,Sst,0.9999940117075784,1.1765181563276192e-09,9.790352622739625e-08,3.0009956495568676e-11,1.0174277687475296e-08,5.443306402011349e-07,8.609465364278722e-10,0.9999940117075784,5.333816502925761e-06
20181109_sample_2,Sst,Sst,0.9910589848049561,4.498932991229455e-05,0.00040089520160881576,5.20588029023959e-07,5.875263224442834e-07,0.00845800906685393,3.0032197428175804e-08,0.9910589848049561,3.598345012016045e-05
20181109_sample_3,Sst,Sst,0.9982799005139209,0.00036935678142092514,1.2832918781666772e-05,7.444848680805898e-07,0.00014601584269380974,0.0001599673216066772,3.319908185874992e-06,0.9982799005139209,0.0010278622285219826
20181109_sample_5,Sst,Sst,0.9998006714988992,6.318826238998787e-08,3.808693066948193e-06,3.5795267692905514e-07,1.3873885366838745e-06,0.00019182776174563043,1.820560473068991e-06,0.9998006714988992,6.2956339259894e-08
20181109_sample_7,Sst,Sst,0.9999599034633194,1.4868193437026006e-05,1.2594656045595952e-06,1.4203128014678718e-07,1.9622959996820692e-07,1.318297052216713e-07,4.1118305946281074e-07,0.9999599034633194,2.3087603994253132e-05
20181109_sample_8,Sst,Sst,0.9999816700807378,9.411909735799185e-08,3.5979805520049685e-08,1.060116685044052e-09,2.933087318295059e-06,1.5797571309664705e-06,9.015747208631358e-06,0.9999816700807378,4.670168584842407e-06
20181109_sample_9,Sst,Sst,0.9965096054517557,2.8052049393320665e-07,2.8336142490431286e-06,8.96387569024271e-09,8.119997060921088e-07,3.553210108071679e-05,1.8556380802684213e-06,0.9965096054517557,0.003449071710758591
20181109_sample_10,Sst,Sst,0.8939880420124331,0.03080545402577544,4.2838248181538816e-05,0.01049655484182818,9.086368045318505e-05,0.06422822797798587,0.0001721668048577181,0.8939880420124331,0.00017585240848500512
20181112_sample_4,Sst,Sst,0.9997275382955485,8.21008229371552e-08,3.7972896870386865e-05,8.326281101724673e-09,6.280938439751233e-07,0.00023304376703625498,6.118651937006678e-07,0.9997275382955485,1.1465440298776525e-07
20181112_sample_6,Sst,Sst,0.999996066428159,9.160861764431499e-09,1.2661871838267692e-06,9.102366277341189e-09,3.4183125577267673e-07,4.0790536567481805e-07,1.7862520041952378e-06,0.999996066428159,1.1313280348962848e-07
20181112_sample_8,Sst,Sst,0.9880913577502188,5.289839624706558e-10,1.0790981253170883e-06,4.5231348329102146e-10,4.014654139697752e-08,0.011896415335798445,8.466538954210942e-09,0.9880913577502188,1.1098221479445584e-05
20181112_sample_11,Sst,Sst,0.9999818039986834,1.9353585600831978e-08,3.883897482683316e-07,8.586778314454621e-14,1.3811042274349309e-09,1.3887620273513038e-05,2.5370673287794807e-08,0.9999818039986834,3.873885845761049e-06
20181114_sample_1,Pvalb,Pvalb,0.758481239570428,6.111291184912037e-08,1.9268042005608874e-07,1.0886236091550836e-07,2.9560750433540447e-09,0.758481239570428,3.5630990523506413e-10,0.24151498513380196,3.4093276923183406e-06
20181114_sample_2,Pvalb,Pvalb,0.998022342805329,3.5890688438422373e-07,4.902581485858513e-05,2.331182896952526e-07,1.0101945487379768e-07,0.998022342805329,2.175214362635836e-06,0.001837554344254444,8.820877656658493e-05
20181114_sample_4,Pvalb,Pvalb,0.9989910926596312,2.758550633596975e-07,8.599542184545282e-07,6.804234738928476e-06,3.743891067331042e-07,0.9989910926596312,1.6264813325448173e-07,0.0009147232267786689,8.570703232965407e-05
20181116_sample_2,Pvalb,Pvalb,0.9994925650996418,2.771208911691048e-09,0.0002140616204098127,5.38255516377216e-09,3.132190345383214e-06,0.9994925650996418,2.0760515872774027e-07,0.0002897873490166192,2.3798166360386531e-07
20181116_sample_3,Pvalb,Pvalb,0.9990552529755292,1.3263820154202786e-07,9.546236988755798e-06,3.034250983748528e-08,0.000541806739469757,0.9990552529755292,6.037329130026424e-06,0.00038570482500440784,1.488913166467947e-06
20181116_sample_4,Pvalb,Pvalb,0.9999956498690974,2.9509465235089008e-12,2.1963925325254418e-08,5.8971707798128176e-12,3.7770800030661154e-06,0.9999956498690974,4.631762137269379e-09,5.438537939552955e-07,2.5925699786596793e-09
20181116_sample_5,Pvalb,Pvalb,0.9961979640484226,7.145847912826897e-06,3.972936138871227e-06,2.7581607313597634e-05,0.00018356344701975062,0.9961979640484226,8.814725572756146e-06,0.000834717907181519,0.002736239480438011
20181116_sample_12,Pvalb,Pvalb,0.9999484097399496,7.063741473922546e-11,4.9541131453364096e-05,2.908341472497898e-09,4.993677497925481e-12,0.9999484097399496,8.634496664562578e-11,2.0460127768815637e-06,4.5502659778189104e-11
20181121_sample_1,Sst,Sst,0.92029779093555,1.2524533097832044e-06,4.8332707815144396e-08,1.590193366391548e-07,5.407722981716685e-09,6.343052983594569e-08,9.312633511328812e-08,0.92029779093555,0.07970058729450773
20181121_sample_2,Sst,Sncg,0.6116099586998539,4.622343141304588e-07,1.2796434431447864e-05,0.0002845491519429285,0.1959396466649096,0.0015433613618470808,0.6116099586998539,0.036133571559504564,0.1544756538931963
20181121_sample_3,Pvalb,Pvalb,0.9979606958807263,9.539948402849023e-07,4.012448709334291e-10,5.766855437245912e-10,0.0013269070023527254,0.9979606958807263,0.00012933064372135214,0.0005723377473132687,9.77375311556719e-06
20181121_sample_5,Sst,Sst,0.9994131487345982,3.3827203138397542e-09,8.020810928085821e-09,1.0071473183092375e-10,8.176850579466279e-06,2.578455548633412e-05,4.491691811451044e-06,0.9994131487345982,0.000548386663278521
20181121_sample_6,Sst,Pvalb,0.988426693838984,1.242747769230034e-05,3.6018209218744035e-06,1.853926387494931e-08,7.057955195115961e-08,0.988426693838984,2.4016524209017286e-07,0.011556204363374,7.432149699558781e-07
20181121_sample_7,Sst,Sst,0.9983539522601994,6.670411991062454e-08,0.00017882162692710847,2.106793597757271e-06,3.97882012193472e-06,0.0014571009447283886,3.766048036723656e-09,0.9983539522601994,3.969084257546745e-06
20181126_sample_2,Sst,Pvalb,0.9708879704785571,2.4115643315325754e-09,4.6682138961658705e-08,2.5030321678142717e-13,1.008917273480051e-07,0.9708879704785571,8.788033541073774e-10,0.029111875605062277,3.051896289133915e-09
20181126_sample_6,Sst,Sst,0.9999884684979935,2.982824329676292e-07,6.344754282388388e-06,1.0601215635567244e-08,2.5379451516391545e-08,2.7908279250806524e-06,1.6251981134133774e-06,0.9999884684979935,4.364585854565803e-07
20181127_sample_1,Sst,Sst,0.9999684425570283,1.565644402167304e-05,3.3698726963382048e-06,2.8319662373995575e-09,1.2267415523631044e-06,9.801575920175709e-06,8.320250610390804e-07,0.9999684425570283,6.679517536762032e-07
20181127_sample_3,Sst,Sst,0.9580798778094078,1.2330045416272151e-06,4.065774674363502e-09,1.4968170808437315e-09,0.0001913587187522238,1.128764938850981e-07,2.5821951249746913e-05,0.9580798778094078,0.041701590076962836
20181127_sample_4,Sst,Sst,0.999988588763363,6.04047748005661e-09,1.3963768161290584e-07,4.104429400713773e-09,2.1157300577793256e-09,7.747674841656498e-06,1.6729878884614832e-07,0.999988588763363,3.3443646880076757e-06
20181127_sample_5,Sst,Sst,0.9974088021915444,2.892939178835107e-06,3.193366807826119e-07,3.9193888460058095e-08,3.125127209879979e-05,0.0023407883514460345,6.693537508127054e-06,0.9974088021915444,0.00020921317765446452
20181127_sample_7,Sst,Sst,0.999836676605488,4.837314006215549e-07,6.836653559781206e-07,1.449990307608624e-08,2.5697367357140254e-07,0.000135205112728681,1.4721802781642199e-06,0.999836676605488,2.5207231171749523e-05
20181129_sample_1,Sst,Sst,0.999995894360701,2.5624274008646542e-08,2.999520981270193e-06,8.349765954118077e-11,6.65871220685755e-10,5.737279377834798e-07,1.7420630095735607e-07,0.999995894360701,3.31810436089829e-07
20181129_sample_3,Sst,Sst,0.9995401569500787,1.895088709888433e-05,3.8646355892794194e-05,1.1193073927349196e-06,7.497777410159295e-06,0.000268161706598622,2.011144597125403e-05,0.9995401569500787,0.00010535556955708883
20181129_sample_4,Sst,Sst,0.9999988357235503,2.413379018076773e-10,1.59934633437854e-10,6.250463780840214e-10,7.000529077289354e-10,4.957327934027268e-09,7.554657280164965e-09,0.9999988357235503,1.1500380925446137e-06
20181129_sample_5,Sst,Sst,0.8773376702525392,4.436019684165588e-06,6.775882394675289e-05,1.7290988692588597e-06,7.006129658860419e-06,0.12244271076477749,2.5634894947367467e-05,0.8773376702525392,0.00011305401557677895
20181129_sample_6,Sst,Sst,0.9999829786640068,4.514172472088269e-08,2.7517029440539265e-08,1.342520195301638e-08,2.698603411072926e-06,1.5933124839986183e-06,4.5090001838836136e-08,0.9999829786640068,1.2598246140331421e-05
20181203_sample_2,Sst,Sst,0.9801445837122189,3.1346177222557507e-06,9.68305676237833e-06,5.29957092003515e-07,0.0004672213473942506,0.0006379198002405133,3.090535740306323e-05,0.9801445837122189,0.018706022151166547
20181203_sample_3,Sst,Sst,0.9999999331389422,1.4280159142081788e-09,3.475101266324849e-08,4.701288197459987e-13,9.21512421102596e-11,1.927448621540267e-09,1.6044756496047618e-09,0.9999999331389422,2.705748346872982e-08
20181203_sample_4,Sst,Sst,0.9999176032449684,6.483806315774971e-08,9.584830949420781e-06,1.3036131099597529e-05,7.531998140379192e-06,1.772275170503321e-05,5.784448634330177e-09,0.9999176032449684,3.445042062543582e-05
20181203_sample_5,Sst,Sst,0.6885728505393965,7.985216697669561e-06,2.143542925946e-06,1.5606921141069392e-07,0.0003640283908742594,0.0006675419558692398,0.0034405687125778055,0.6885728505393965,0.30694472557244723
20181203_sample_6,Pvalb,Sst,0.6200532147215587,7.435927547242843e-08,5.023314830652315e-06,3.9288137726053225e-08,0.00013055134127067341,0.37977453458769245,4.397139938207363e-07,0.6200532147215587,3.612267324060248e-05
20181203_sample_7,Sst,Sst,0.9999459423456846,8.423877995396028e-07,2.136820561390632e-05,3.5508633496332796e-06,2.6539122812666973e-06,2.3543463723322154e-05,5.655327153308403e-07,0.9999459423456846,1.5332888324308746e-06
20181203_sample_8,Sst,Sst,0.9999740983029504,2.514997994150985e-10,4.0319370349000144e-08,2.767628274837908e-11,1.9145905096422132e-06,2.3927853150607337e-05,9.13238413305879e-09,0.9999740983029504,9.522458914745899e-09
20181203_sample_9,Sst,Sst,0.9733899985920897,1.4618358704867036e-05,2.656164908006385e-06,1.8585266765102486e-07,6.365239607267957e-08,8.460924971500735e-07,6.318323132928589e-06,0.9733899985920897,0.026585312963603405
20181205_sample_1,Sst,Sst,0.9962289233915783,4.964138789749574e-06,1.4493207525406592e-06,8.772040764823677e-10,7.547223396252801e-07,0.003752579781318456,6.422306022437153e-09,0.9962289233915783,1.1321345711369485e-05
20181205_sample_2,Sst,Sst,0.9686685495757855,0.00015525530123232235,0.0002091187929103615,6.974121818428547e-07,3.384860106785208e-05,0.03008973933723969,7.304765420087949e-06,0.9686685495757855,0.0008354862141623767
20181207_sample_1,Pvalb,Pvalb,0.9647198200679528,5.217939165134192e-09,2.8492971191034945e-06,1.9909589851201829e-07,5.546001462956054e-06,0.9647198200679528,6.985201166759263e-08,0.035271430771681746,7.969593407395606e-08
20181207_sample_2,Pvalb,Pvalb,0.9495674814369286,3.5194055424355795e-09,2.1646088218762697e-06,1.8953138590892845e-10,2.838339833730699e-10,0.9495674814369286,8.342792953974753e-11,0.05043034851594164,1.362109094197491e-09
20181207_sample_3,Pvalb,Pvalb,0.9993925724000134,9.894734204237242e-07,4.4925314322722434e-06,9.469340117785239e-07,0.0003282371245962314,0.9993925724000134,1.0074375476249087e-05,0.00024277218460363578,1.9914976445973552e-05
20181207_sample_4,Pvalb,Pvalb,0.9996209929662283,3.043483309669633e-10,6.634942274587204e-08,9.844869978758384e-09,0.00011805404714383019,0.9996209929662283,4.414133471540587e-06,0.0002563130873838371,1.4926713144697831e-07
20181207_sample_5,Pvalb,Pvalb,0.997463710428701,5.7750539215138415e-08,2.306737690038413e-06,4.6994063442402335e-11,2.454376827933141e-09,0.997463710428701,1.9667436538129538e-11,0.0025336189412456306,3.036207859815229e-07
20181207_sample_7,Pvalb,Pvalb,0.9964870722838156,2.315343091323533e-08,7.108641673318042e-09,6.675424167929089e-07,4.482598276616838e-06,0.9964870722838156,1.2599704453524534e-06,0.003497898222016398,8.589120956866327e-06
20181208_sample_2,Sst,Sst,0.6745406039573928,0.019537589442279374,0.0012837563388199027,0.0464069634701749,0.0462369310240462,0.1803948140764324,0.0006800382339966437,0.6745406039573928,0.03091930345685789
20181208_sample_3,Sst,IT,0.5802724180031056,0.0004069569650242088,3.8496574105938725e-05,0.5802724180031056,0.0005108223221695985,2.968362915831887e-07,0.061983581971151516,0.20826242215283122,0.14852500517532036
20181208_sample_4,Sst,Sst,0.9869517350051408,0.00012248755258255982,4.266035031192498e-07,2.9515249871242333e-08,3.92107234913936e-06,0.001138017566802171,6.298263928094291e-07,0.9869517350051408,0.011782752857979459
20181208_sample_5,Sst,Sst,0.9106943394460538,3.261204873919307e-05,9.393829036439408e-07,3.3045363195891053e-07,5.3805291212735786e-06,6.072646053271716e-05,0.0003646211429064222,0.9106943394460538,0.08884105053611076
20181208_sample_6,Sst,Sst,0.9986406695846083,7.3404076097442294e-06,3.177330585771553e-05,1.0071851683384537e-07,1.7791900098029757e-05,0.0011895874860309138,7.434096192121289e-05,0.9986406695846083,3.8395635357521234e-05
20181208_sample_7,Sst,Sst,0.9999833808596972,2.7405749196203557e-10,1.0511842554072379e-05,1.6075820608485393e-10,3.6555073368165723e-06,1.283114753965736e-07,2.0577140524224775e-06,0.9999833808596972,2.6533006860423285e-07
20181208_sample_8,Sst,Sst,0.9999990754819995,2.1765151330676599e-10,6.266777605831964e-08,8.070412700613521e-12,8.004408873538468e-10,8.404043964707902e-07,2.008307276126433e-08,0.9999990754819995,3.3659213626890547e-10
20181208_sample_9,Sst,Sst,0.9976620878550495,9.156181674548964e-05,7.393753353764606e-06,2.049080867384938e-07,8.807793814148685e-05,0.0021392373302734045,6.283216502544461e-06,0.9976620878550495,5.153181847084527e-06
20181208_sample_10,Sst,Sst,0.9999945990925554,7.490893247092333e-09,1.4705373194163695e-06,8.560338575113343e-10,3.738844740296602e-09,3.8730813519471235e-06,2.909659882997574e-08,0.9999945990925554,1.610640278729193e-08
20181211_sample_1,CT,CT,0.9731715523719721,0.9731715523719721,5.253242733196993e-05,0.02668617768662667,3.101678945922722e-09,8.962110071812645e-05,2.4788791854403448e-08,8.785979650192796e-08,6.630838338028066e-10
20181211_sample_2,Pvalb,Pvalb,0.6925991172388771,1.0925590880065504e-07,5.165540999852271e-07,1.853996879744393e-08,0.0026347676941115713,0.6925991172388771,0.0001754754140440377,0.304120413167172,0.0004695821358177162
20181211_sample_4,Pvalb,Pvalb,0.9854234188443108,1.4681642025615488e-08,0.00010724008859999101,1.03112580452091e-08,1.2062758325637074e-06,0.9854234188443108,1.0018190165149816e-08,0.014468090895111873,8.88505448000755e-09
20181211_sample_6,Pvalb,Pvalb,0.9921639097193014,5.218427395332504e-07,4.118376294845842e-06,2.139901849034496e-09,1.4156874526310453e-09,0.9921639097193014,2.64536126773928e-09,0.00783136699581491,7.686489879593197e-08
20181211_sample_7,Pvalb,Pvalb,0.9947176882515486,4.719507809351006e-06,1.9691752979529682e-05,6.210408651389924e-07,0.0004970559875744849,0.9947176882515486,0.00013415502679547855,0.00443277173997938,0.00019329669244789387
20181211_sample_8,Pvalb,Sst,0.5259662491156758,2.259263106203756e-07,1.53686215646145e-07,1.3002886295339177e-11,6.007259738203021e-06,0.47378215249875555,2.021103218784335e-06,0.5259662491156758,0.00024319039708256847
20181211_sample_9,Pvalb,Pvalb,0.9999745238483202,2.4188504651315645e-08,5.540907920336414e-07,2.8429810927273317e-08,5.074863293953861e-06,0.9999745238483202,1.036489387471475e-06,1.8418015397866466e-05,3.400744929430445e-07
20181213_sample_1,Sst,Sst,0.999917666284443,9.285182338708794e-07,1.2624883063817263e-06,1.1957220114992142e-10,1.1014734677595718e-05,6.60040177041659e-05,1.1226223022171465e-08,0.999917666284443,3.1126108399084933e-06
20181213_sample_2,Sst,Sst,0.9407186950855461,2.310693604084957e-06,2.1471035234060717e-05,2.434251666902506e-08,0.0020602000521335456,0.05682219124194996,0.0002007386672240367,0.9407186950855461,0.00017436888179154988
20181213_sample_3,Sst,Sst,0.9996888337509341,3.939189367608066e-06,3.0146915059733446e-07,1.1687664028133462e-08,0.000125957497858707,3.104531951828595e-05,5.7714648602190094e-05,0.9996888337509341,9.219643690451182e-05
20181213_sample_4,Sst,Sst,0.9837399817650715,0.0006174123925359453,0.013975966216695035,5.7846590187212545e-05,0.0010056063371195482,0.0005652873893984356,1.0843743828245738e-05,0.9837399817650715,2.7055565164170452e-05
20181213_sample_5,IT,IT,0.9759560909361673,0.024038863992754813,4.761425508754663e-06,0.9759560909361673,1.0865879202566156e-08,1.4911692552713444e-10,2.0841387920581113e-07,5.911607275160463e-08,5.100621014686729e-09
20181213_sample_6,Sst,Sst,0.9996828601596014,2.021555200924516e-10,3.600308773900299e-07,1.1583575861490397e-12,3.757886256467598e-07,0.0003163002129054783,1.0331704756006967e-07,0.9996828601596014,2.8762891062410836e-10
20181213_sample_7,Sst,Lamp5,0.6060532128647416,1.934660266172919e-05,0.00010648022590153439,2.980125041747824e-05,0.6060532128647416,0.009062055237265866,0.0009141075578799168,0.3823221686343808,0.0014928276267511353
20181214_sample_2,Sst,Sst,0.9941665978761784,6.121858958983977e-06,2.8394931306153357e-05,6.806231476895131e-07,2.1758848213774386e-05,0.005401278592833107,8.924192483281944e-05,0.9941665978761784,0.0002859253445288622
20190108_sample_1,Pvalb,Pvalb,0.9999907102977168,7.775970521834172e-11,7.670168812275419e-07,1.933292923263452e-11,1.292054406380311e-09,0.9999907102977168,1.0133083959868063e-09,8.520001582733967e-06,2.8136374904088207e-10
20190108_sample_2,Vip,Sncg,0.6803322396243882,9.652020569729501e-08,7.484732042519072e-10,5.422306369846785e-07,0.017230242033441236,4.770547655684618e-08,0.6803322396243882,1.568127688350398e-05,0.30242114986049456
20190108_sample_3,IT,CT,0.8358334057587472,0.8358334057587472,0.0015782143958344814,0.06458926173379606,5.425198051522281e-05,2.0757103812937876e-06,0.000767871137383061,0.09642468877907365,0.0007502305042691574
20190108_sample_5,Vip,Sst,0.6934132225888783,2.2693074945637777e-05,5.028348352215394e-07,2.0121536766323943e-08,9.859627991120881e-05,0.0011658228872508118,0.000595778072904881,0.6934132225888783,0.30470336413973703
20190108_sample_6,Lamp5,Lamp5,0.9999560246696767,1.1790594713573095e-09,8.525226675931181e-12,5.989908232481676e-09,0.9999560246696767,1.2849235950034086e-05,1.9287386818953747e-06,3.336921066074821e-07,2.885648609180615e-05
20190109_sample_2,Sst,Sst,0.9973542886726269,3.751123282392418e-07,9.949903086437755e-06,7.922954758892873e-10,6.526733845559825e-08,0.002622424193233816,9.040065234740805e-08,0.9973542886726269,1.280565843838146e-05
20190110_sample_1,Sst,Sst,0.973954678013079,4.41895213485635e-05,2.0762763395716313e-05,1.0431767985808971e-08,2.352602266284103e-07,0.02594883342900832,3.93891129828281e-07,0.973954678013079,3.089669004393347e-05
20190110_sample_3,Sst,Sst,0.9043085388026945,0.0005878823562052273,0.0016407682306397737,1.2776027296122473e-05,0.00017036701072381712,0.09303208984616419,0.00013602211479710267,0.9043085388026945,0.00011155561147928895
20190110_sample_4,Sst,Sst,0.9999559347829752,2.165933275869795e-07,2.2036853827027995e-05,4.284727029413193e-07,1.856461613071139e-05,2.3980640589348447e-06,1.394120450844432e-07,0.9999559347829752,2.812049326442154e-07
20190110_sample_6,IT,IT,0.999985711190173,1.2210954181633098e-05,2.0774063249399396e-06,0.999985711190173,1.2014652112498096e-10,9.278296605661468e-12,1.6139422291573125e-10,3.3543475622414276e-13,1.5816574084571032e-10
20190110_sample_7,IT,IT,0.9999512673722492,3.286879551571142e-06,4.096827745619268e-05,0.9999512673722492,4.2228744474297735e-06,8.267229863963146e-09,9.99677723396745e-08,5.49490616063761e-08,9.141223191169738e-08
20190117_sample_1,Vip,Vip,0.9949580480701048,2.2256681928665955e-07,8.557172145427293e-07,2.3367138619317636e-06,0.0008566413819962916,0.00015406754503916026,0.0027764654903750154,0.0012513625145890062,0.9949580480701048
20190117_sample_2,IT,IT,0.9988077486022291,0.0011546755369468847,3.75445107915458e-05,0.9988077486022291,1.1005282861885304e-10,2.744157612469801e-11,2.8873860264357784e-08,5.196215307987339e-11,2.2867154798248324e-09
20190117_sample_3,Sst,Sst,0.976592308905701,0.00023498061588705116,1.97585854240686e-05,6.558745767430673e-07,0.008340764507455311,0.0001413813463135283,0.0087417214134904,0.976592308905701,0.0059284287511519075
20190117_sample_4,IT,IT,0.9996863783574712,8.876742659669509e-05,0.00021049508537767674,0.9996863783574712,6.7201673033972095e-06,3.990249796463428e-08,6.40601696906765e-08,4.887140412313401e-06,2.647860171206671e-06
20190117_sample_5,Sst,Sst,0.998177842638556,0.0006974551767014167,0.0004183061504305883,4.885149910707933e-06,2.4648468532727307e-05,0.0006609492038344583,8.137780013303597e-06,0.998177842638556,7.775432020860764e-06
20190122_sample_1,Pvalb,Pvalb,0.9907865847668974,2.0047779126905597e-08,0.005594644695712975,4.371373876891703e-10,3.2273276360928646e-10,0.9907865847668974,4.1836422569198243e-10,0.0036187487304041423,5.809720607206142e-10
20190122_sample_2,IT,IT,0.9999908478532056,6.3825324473759055e-06,2.756336207179363e-06,0.9999908478532056,1.205399655458738e-11,4.079283522081068e-13,1.2649061785986508e-08,5.180586550170229e-10,9.855743788873803e-11
20190122_sample_3,Pvalb,Pvalb,0.9999238216964648,2.2236591448836463e-07,4.824863796019265e-06,4.0351448425468333e-07,1.5039350793191694e-06,0.9999238216964648,1.252324673317667e-07,6.791574470945121e-05,1.1826470842844136e-06
20190122_sample_5,Pvalb,Pvalb,0.9918622223610335,2.3158720988122734e-05,5.695384101589388e-06,0.005699212741338514,3.603764976063165e-06,0.9918622223610335,9.538185213904596e-05,0.0023106150559630122,1.1011945994721045e-07
20190122_sample_6,IT,IT,0.9996516425938103,0.00018677982023764786,0.00016138085882982768,0.9996516425938103,1.8545088990618472e-11,1.1687697987396408e-13,1.9446062714278544e-07,2.2300696550368734e-09,1.7763323838334246e-11
20190122_sample_9,Pvalb,Pvalb,0.8820484606571556,0.004742397500726599,0.0028799101568611975,0.015344170022735396,0.0010737122383974182,0.8820484606571556,0.0002773184959971227,0.09267395209027998,0.0009600788378469597
20190122_sample_10,Pvalb,Pvalb,0.9700869481340632,0.001512835750841526,0.0012590416587197385,7.945916751994662e-05,0.01731060078086358,0.9700869481340632,0.007770918409247426,0.0016944076120680863,0.00028578848667654773
20190122_sample_12,Pvalb,Pvalb,0.9996914404418282,2.3183101565870366e-10,3.206083319887258e-10,9.002582564297441e-08,8.832906874242853e-05,0.9996914404418282,2.390512451899813e-07,0.00021975785859983744,1.4300131914815976e-07
20190122_sample_13,Pvalb,Pvalb,0.9999955733559065,1.220354554442611e-09,2.446704081960368e-09,4.48597639359935e-11,2.068504259544725e-12,0.9999955733559065,3.2571629410628386e-11,4.422895181593646e-06,2.3533847421603595e-12
20190122_sample_14,Pvalb,Pvalb,0.9869673321685851,5.892295506239869e-07,0.009566759589118654,7.852991093599443e-05,7.46780971167224e-05,0.9869673321685851,7.572664879781061e-07,0.0033109845380678263,3.692001370573125e-07
20190122_sample_16,Pvalb,Pvalb,0.9851310696923641,2.2926372143313723e-09,4.121790776132074e-09,1.974932630136341e-08,0.014844192924895515,0.9851310696923641,4.362090990030605e-06,2.031834083602832e-05,3.0787159973643955e-08
20190122_sample_17,Pvalb,Pvalb,0.9909238508177454,1.4552284176896253e-07,0.0008114274565098379,3.916940490394447e-07,1.9596405279613545e-07,0.9909238508177454,2.8710745634098396e-08,0.008263675313407708,2.8452064782003893e-07
20190123_sample_5,Pvalb,Pvalb,0.997121893517675,1.1962852804606607e-08,6.458091858923288e-06,1.2047840515104137e-07,2.16057959047965e-08,0.997121893517675,4.552462367154377e-09,0.0028714729785919357,1.6812358099594094e-08
20190123_sample_7,Pvalb,Pvalb,0.9996344935608321,1.2833346799080067e-08,1.1096816728500238e-05,1.807892629202122e-08,9.801353851741276e-08,0.9996344935608321,1.92512676394334e-08,0.00035291311263005654,1.348332729935444e-06
20190123_sample_8,Pvalb,Pvalb,0.9999937540068807,5.581562059351684e-09,7.281929128548947e-07,6.907191278107569e-07,2.083084588499535e-07,0.9999937540068807,1.9947360451055104e-07,4.405532796132781e-06,8.184657018945649e-09
20190124_sample_4,Pvalb,Pvalb,0.7763164266315635,9.166171043127589e-05,0.002155522820693455,0.00010081464216185006,0.004700255165577422,0.7763164266315635,0.0002297914756644762,0.21638541540003992,2.011215386810489e-05
20190128_sample_2,Pvalb,Pvalb,0.9987039736532825,1.2234114328343251e-11,4.139018575070704e-06,6.335579400263985e-11,8.414521398233747e-09,0.9987039736532825,9.089986903384957e-09,0.0012918695218113363,2.2623281849456058e-10
20190128_sample_4,Pvalb,Pvalb,0.9998341073289427,2.1445857193601887e-07,2.398287379591288e-06,5.306289073472677e-10,1.447254213831292e-07,0.9998341073289427,1.546924503310806e-09,0.00016301139934631642,1.2172278462603032e-07
20190128_sample_6,Lamp5,Lamp5,0.660518213686808,2.581111144105569e-08,2.295766071780034e-06,2.8456395516449566e-06,0.660518213686808,9.517190068648334e-05,0.1713405731220683,0.02429854855809556,0.14374232551560692
20190128_sample_7,Pvalb,Pvalb,0.5050243193495977,2.730037160488022e-06,1.3446704105832547e-05,0.0010658518408999994,1.3908519965721009e-05,0.5050243193495977,6.338050047605982e-06,0.4938733767468158,2.8751406856142665e-08
20190128_sample_11,Pvalb,Vip,0.789191735429048,3.710703510295151e-05,1.5163129723452312e-05,7.611829272963352e-06,0.002017719358013141,0.18492703587016412,5.880814111851405e-05,0.023744819207556844,0.789191735429048
20190128_sample_12,Pvalb,Pvalb,0.9999997623998096,7.319430026946552e-14,2.777888836125754e-11,6.663874400534913e-18,1.0929419837976895e-11,0.9999997623998096,9.147475014090102e-13,2.375603525584826e-07,1.4163559979931124e-13
20190130_sample_3,Lamp5,Lamp5,0.7410245509085793,2.2595860726141283e-06,9.333277528265005e-07,3.0053490834886768e-05,0.7410245509085793,0.14601397961128557,0.012567936408725796,0.098573026120321,0.0017872605464281572
20190130_sample_6,Pvalb,Pvalb,0.9661787541004012,1.0223487386749598e-07,4.281374241211162e-05,1.6641452557886836e-06,2.384935452044398e-07,0.9661787541004012,1.4523033456609123e-07,0.03377507082008491,1.2112330923111215e-06
20190130_sample_8,CT,IT,0.775505605485714,0.2226097022749499,0.0018560089880215072,0.775505605485714,3.1614893300194153e-07,7.265318530435084e-07,2.3445610782718798e-05,2.8688866432639167e-07,3.908071081401816e-06
20190130_sample_9,Sst,Sst,0.9284248940006263,8.519948146556233e-07,0.0036545922421286204,1.0589148780279568e-05,0.00045152979465312606,0.012587432790594051,0.00044340478645237983,0.9284248940006263,0.054426705241950535
20190130_sample_10,Sst,Sncg,0.3948958902656114,5.1409129027295394e-05,3.477484165488427e-07,2.1167160738630575e-05,0.2068230013051904,0.003638101199302169,0.3948958902656114,0.35118670268324725,0.04338338050846634
20190130_sample_15,Pvalb,Pvalb,0.9939474417701014,1.9271915852353146e-11,0.0036952921072308303,1.8294854730727081e-09,3.8307761890969267e-13,0.9939474417701014,2.527143911093e-10,0.002357241877652049,2.2143160805289817e-08
20190130_sample_17,Sst,Sst,0.9999562620374305,1.0546238955303966e-07,1.5345283116874974e-06,1.440621039697406e-10,7.565887765524629e-06,2.85695258932395e-05,3.819538844859385e-06,0.9999562620374305,2.142875302768818e-06
20190130_sample_18,Sst,Pvalb,0.5655400141700331,4.5764456184736063e-07,3.1100199255832236e-05,1.853388277999271e-06,0.0005113367314622267,0.5655400141700331,0.00040949947702956886,0.4333371699267305,0.00016856846264888444
20190131_sample_1,Sst,Sst,0.999586489681596,4.498310338845605e-05,6.65365012563216e-05,2.4586232776910693e-06,8.977028267990061e-06,0.00023507862471052225,1.999972898978623e-05,0.999586489681596,3.547670851322988e-05
20190131_sample_3,Pvalb,Pvalb,0.93938901521606,0.0025529302006367907,0.043279068932228604,2.6386517558141693e-05,0.00419191466959369,0.93938901521606,1.7003131143339027e-06,0.0104895008896639,6.94832611444564e-05
20190131_sample_4,Sst,Sst,0.9999589310996442,5.194930065918779e-08,2.642430969926269e-05,6.25132279170832e-11,9.200209882004688e-10,7.802065989189015e-06,4.280995194686216e-06,0.9999589310996442,2.508597637866433e-06
20190131_sample_5,Sst,Pvalb,0.9537370179630109,2.3440800029039417e-09,9.598233143884572e-05,1.9025741580067666e-11,1.9245140162640517e-07,0.9537370179630109,5.566796281350209e-07,0.04616623886964217,9.341772658862065e-09
20190131_sample_6,Sst,Sst,0.9994528908121395,1.8773687846320688e-06,8.681782241759702e-08,2.1643354996319467e-11,1.5463043359439037e-06,0.0002843965592174333,4.4395862756003407e-08,0.9994528908121395,0.0002591577201939137
20190131_sample_10,Sst,Sst,0.9019752278764671,3.3623191505881736e-05,9.497599989728004e-05,4.987716672170794e-06,0.0015830945592202976,0.08664257667244299,0.00017234194892336651,0.9019752278764671,0.009493172034871088
20190201_sample_2,Pvalb,Pvalb,0.9979735279092069,2.23102148488621e-09,1.1439223654380203e-06,2.262230898324379e-10,5.771811134710763e-10,0.9979735279092069,1.505491226040273e-12,0.0020253183240100253,6.808486474869571e-09
20190201_sample_3,Pvalb,Pvalb,0.9999412442047826,1.473954847119523e-08,1.0579604411520778e-05,1.1809717447547623e-10,2.0453631893415248e-08,0.9999412442047826,5.9502142471114165e-08,4.804517658470567e-05,3.620080101742631e-08
20190201_sample_4,Pvalb,Pvalb,0.9998966103970154,4.3252385931132464e-11,6.104300487087025e-07,6.845981005442221e-11,1.232340135142548e-07,0.9998966103970154,9.19753875243005e-10,0.00010265433779882076,5.696572900602578e-10
20190201_sample_7,Pvalb,Sst,0.582581295930581,8.120574071085432e-10,8.39014438853198e-06,1.9020771818654486e-07,4.657838429992709e-06,0.41738539590453533,1.2844778521862093e-08,0.582581295930581,2.0056317511110542e-05
20190201_sample_8,Pvalb,Pvalb,0.9993049749697506,4.0242296899230925e-07,1.9948157032339503e-06,2.1900170736170926e-07,2.626110243733472e-06,0.9993049749697506,1.3073908026438908e-06,0.0006878638219388006,6.114668846773533e-07
20190201_sample_10,Pvalb,Pvalb,0.9420067716572404,3.287964191121435e-06,4.746995635864774e-06,1.3532912515919858e-07,5.360631651604779e-06,0.9420067716572404,7.962104345563473e-10,0.05794816945844887,3.152716749643472e-05
20190204_sample_1,Sst,Sst,0.7813844701530692,0.0019291713649600088,0.009966920814222074,0.0004600144641007877,2.376064234655123e-07,0.20574671740154105,0.0003499028899798507,0.7813844701530692,0.0001625653057033547
20190204_sample_2,CT,IT,0.9988154079370342,0.0002990549171742434,4.4171304089728815e-06,0.9988154079370342,3.434775842031996e-07,2.528346464672185e-07,3.191018907146606e-06,0.0008664880693626664,1.0844614882099148e-05
20190204_sample_4,Sst,Sst,0.9880191926809486,6.808254023787527e-05,1.3851470279719679e-06,1.2388719718558155e-08,0.0007147504385765329,0.0027246578840424847,3.516977713980457e-05,0.9880191926809486,0.008436749143307155
20190204_sample_5,Sst,Sst,0.9998856883610562,2.3868505167914976e-09,5.620482746968907e-08,1.7625630219782258e-09,5.174786408564713e-09,1.5509119732843949e-06,9.426056040617633e-06,0.9998856883610562,0.00010326914190243612
20190204_sample_6,Sst,Sst,0.9998339210980689,2.5158278380253335e-08,8.2351251036023e-05,6.363473306102058e-07,9.318735082792427e-07,7.388306152872037e-07,2.804919396135684e-05,0.9998339210980689,5.3346247201206594e-05
20190204_sample_7,Pvalb,Pvalb,0.9998513837336143,4.437876346128441e-11,8.096275627793765e-07,5.926978339562377e-11,9.198625799916701e-07,0.9998513837336143,6.210263573759492e-07,0.00014623796929519602,2.7676942014812484e-08
20190204_sample_8,Pvalb,Pvalb,0.997843990330411,1.4818187779931482e-07,4.157958668030155e-05,1.638156833605913e-08,1.8843732010893726e-07,0.997843990330411,5.506382934039373e-07,0.0021135096832478554,1.6760601336786635e-08
20190204_sample_9,Pvalb,Pvalb,0.9997848014192557,5.316350816213095e-09,4.7976265171342555e-06,2.0290798084268617e-09,5.5033759441806776e-11,0.9997848014192557,9.548474928981096e-09,0.0002102711805377822,1.1282475001567446e-07
20190204_sample_10,Pvalb,Pvalb,0.9999574397472036,1.6636208113028256e-10,3.849979541262433e-06,1.5915196106200337e-11,1.3285338002804736e-07,0.9999574397472036,2.817294069903543e-10,3.8576953522152855e-05,2.3463584297873013e-12
20190204_sample_11,Sst,Sst,0.9077572811269757,5.341288758506573e-06,0.0003181911273218921,4.145343317604847e-05,0.000953616420696969,0.09068553278059352,2.772489328841796e-05,0.9077572811269757,0.00021085892918898478
20190204_sample_14,Sst,Sst,0.9816367534460784,4.293495838256068e-07,2.0301356968601936e-05,7.715367321343931e-08,4.048791255212537e-05,0.01828864375570673,1.2957786029853722e-05,0.9816367534460784,3.492394073261043e-07
20190204_sample_15,Sst,Sst,0.9756272748834852,0.00031363464700624716,2.259865820106742e-06,2.231053460471974e-06,0.00018764147671850506,0.02377026873944866,1.9835304138493703e-05,0.9756272748834852,7.685402992240474e-05
20190204_sample_16,Sst,Sst,0.9987696366574763,5.835434943679064e-07,3.888839394413686e-05,5.373895534748383e-10,1.5424024433152086e-05,0.0006879330384783717,9.86600769809102e-07,0.9987696366574763,0.0004865472040141539
20190204_sample_17,Sst,Sst,0.9424375148995405,0.0002568830245278155,0.0013955426565009782,2.2074167178018287e-06,0.00014566153306305772,0.05439108670214029,0.0013234659062161475,0.9424375148995405,4.763786129363529e-05
20190204_sample_18,Sst,Sst,0.9997407984221178,0.00016945610410940674,2.68179828856499e-06,1.579625237431042e-07,1.4128800832804936e-06,4.7481643812482826e-05,5.386901294726634e-06,0.9997407984221178,3.2624287769879945e-05
20190204_sample_21,Pvalb,Pvalb,0.9858077383326984,3.5834466184469586e-07,0.002086412932593288,1.9801677451053118e-08,2.0217461821489918e-07,0.9858077383326984,5.753137888494572e-07,0.012104533353549421,1.5974641275082103e-07
20190204_sample_22,IT,IT,0.8561384577666811,0.13684191370074722,0.00696202510719271,0.8561384577666811,2.9529145418103334e-06,7.410833392762141e-09,3.489641902372691e-06,5.115082465798285e-05,2.6334433372157977e-09
20190204_sample_24,CT,CT,0.9996005854060342,0.9996005854060342,3.2506399859869593e-07,0.00039803749832459666,1.0435322939504546e-06,2.3871878751871157e-12,7.695485493617459e-09,5.515733052116899e-10,2.4990262545170534e-10
20190205_sample_1,Pvalb,Pvalb,0.8682546012325483,1.4702507430963632e-07,9.067707048027404e-06,2.1492001562878937e-07,0.06441970898527533,0.8682546012325483,4.7199408689738776e-05,0.0022318889785267297,0.06503717174282199
20190205_sample_2,Sst,Sst,0.9984890111618692,2.250749368646981e-06,1.049127536951207e-05,1.0789984860555265e-07,6.986578479361625e-05,0.00019502650131163606,0.00012453322795507587,0.9984890111618692,0.0011087133994837257
20190205_sample_4,Sst,Sst,0.999982952131579,9.003688336658778e-07,1.7544354911956892e-06,2.447020689260845e-08,5.293347647857478e-07,1.2875546626377583e-05,1.1034818918354784e-07,0.999982952131579,8.533643089474402e-07
20190205_sample_5,Sst,Sst,0.7079976259332728,0.0009291299942955322,7.000639455212744e-05,0.00406219972304304,0.006478305564828895,0.001919727709006958,5.740299332626024e-05,0.7079976259332728,0.27848560168767467
20190205_sample_6,Sst,Sst,0.9980702369701616,3.675920929064333e-08,5.993623328558563e-07,6.38711212320672e-11,8.447823703075607e-05,0.0017793777348468786,1.991753579453249e-06,0.9980702369701616,6.3279118967775e-05
20190205_sample_7,Pvalb,Pvalb,0.9994010249974364,8.563066651664415e-11,2.2586669290694074e-07,1.1212152639656739e-13,6.959353634354389e-08,0.9994010249974364,2.468766476334852e-12,0.0005986794541133197,9.419105782060775e-15
20190211_sample_1,Pvalb,Pvalb,0.9999105263016342,1.366202334321983e-10,2.137715007214791e-06,6.814586443147467e-10,1.7349297598472526e-08,0.9999105263016342,9.914611658945456e-09,8.730725769450706e-05,6.436760445366184e-10
20190211_sample_2,IT,IT,0.9900225639674163,0.009927444164847893,4.9837680746252836e-05,0.9900225639674163,3.4132389725722314e-11,2.145107349392527e-13,6.293580073859859e-08,5.466495980878884e-09,8.57503459433289e-08
20190211_sample_3,Pvalb,Pvalb,0.9993060900200167,2.613893605386479e-09,2.5234657044441167e-07,2.4865724331437427e-11,3.803964056370122e-12,0.9993060900200167,1.5160720829919315e-11,0.0006936548795707186,9.611819460232735e-11
20190211_sample_4,IT,IT,0.9794007143130522,0.013681588808408486,0.006908106625722425,0.9794007143130522,5.648073162522829e-07,1.010715760038679e-08,4.236187816919838e-06,4.472490963555254e-06,3.0665956251036813e-07
20190211_sample_6,Pvalb,Pvalb,0.9999346252708334,2.5099057090660963e-09,5.8308897382789425e-06,2.3973296033983916e-11,1.4168072054748092e-11,0.9999346252708334,4.699843979866646e-10,5.954079578477352e-05,2.5611946792394147e-11
20190211_sample_8,Pvalb,Sst,0.9128794678875181,2.404285405536968e-05,4.488927992037513e-06,8.100508881204233e-06,0.0031165020226830344,0.0037138699059463846,0.0018053181357929856,0.9128794678875181,0.0784482097571309
20190211_sample_9,Pvalb,Pvalb,0.9888644818305202,5.320606672059702e-10,2.4221574486867535e-07,1.999415673385645e-12,8.608955362621857e-07,0.9888644818305202,7.848562667073139e-08,0.011134216895148612,1.1914336333740757e-07
20190211_sample_10,CT,CT,0.9994920544798552,0.9994920544798552,1.5346806557341608e-05,0.000492070086993354,7.164980859176236e-08,5.500708028178995e-14,4.5603344078757e-07,6.703992361448109e-10,2.7289050761075185e-10
20190211_sample_11,Pvalb,Pvalb,0.9770134201645128,2.7879754471049486e-07,3.4058297058855947e-06,0.00014523331166525492,0.01078020744725284,0.9770134201645128,0.00011268027470830977,0.011841762328477586,0.00010301184613270983
20190212_sample_1,Sst,Sst,0.9999173094342527,9.704098282411274e-08,1.6854583670013022e-05,1.1055872786767874e-10,7.065153592955912e-09,5.485371657742161e-05,7.017612641613823e-06,0.9999173094342527,3.860436163082723e-06
20190212_sample_4,Sst,Sst,0.6646745089566787,0.20708573230871818,0.03054140397153564,0.0010309170730795315,0.02292737841580785,0.06443206276309875,0.00429081844782234,0.6646745089566787,0.005017178063258996
20190212_sample_5,Sst,Sst,0.9959098609851035,3.0026431969103706e-05,5.682221472545205e-08,2.350776970663251e-07,7.963838399751093e-08,2.097321983066262e-08,5.9226964450251805e-08,0.9959098609851035,0.004059660844447198
20190212_sample_6,Sst,Sst,0.9886891174498535,0.00010356837159310571,1.748362626824607e-05,2.1441038871325934e-06,8.081378577291784e-05,0.007771970898780534,1.0725936280551322e-05,0.9886891174498535,0.003324175827563735
20190212_sample_7,Sst,Sst,0.9999223538591143,1.1499114165339345e-06,1.339750490616457e-07,2.3396883145860298e-08,1.2871287676549004e-06,5.690715134483735e-06,1.2679614784656933e-07,0.9999223538591143,6.923421748687667e-05
20190212_sample_8,Sst,Sst,0.9999636293255252,5.856807790988282e-07,2.7128230808762702e-08,6.101235759134538e-12,2.763983667436332e-08,3.480390479822425e-05,8.223344242895744e-11,0.9999636293255252,9.2623249523457e-07
20190213_sample_1,Pvalb,Pvalb,0.9994358195786458,9.462480951252227e-11,7.805760417766516e-05,3.800209535544069e-09,2.347973621014007e-13,0.9994358195786458,3.08180347285832e-11,0.0004861188836569884,7.632512954515222e-12
20190213_sample_4,Pvalb,Pvalb,0.999726170772805,5.76461851114489e-10,0.00012446226509414533,1.5310811086029739e-09,2.6547587213015307e-11,0.999726170772805,6.421069741319503e-09,0.00014935654141936007,1.8655210916377064e-09
20190213_sample_7,Pvalb,Pvalb,0.9952699945917259,4.682351684117097e-11,4.028583821804642e-06,2.75849171413686e-14,5.3414031785782225e-06,0.9952699945917259,3.771453793953368e-09,0.004720631544793124,5.817558904615895e-11
20190213_sample_8,Pvalb,Pvalb,0.9999002450196129,7.309067389966036e-11,2.554371548819883e-07,1.4038588185365816e-10,4.807590733868802e-07,0.9999002450196129,1.6819864649502289e-07,9.884403516830453e-05,6.336867280137338e-09
20190214_sample_1,Pvalb,Pvalb,0.9654105863927265,9.02205576160241e-06,2.757819380522181e-06,4.5225745223753804e-08,0.01641855796288376,0.9654105863927265,9.23546086851087e-05,0.018035863228559084,3.0812706258170655e-05
20190214_sample_2,Pvalb,Pvalb,0.994270189625348,0.00027660456086373876,0.0011047989360050013,0.00011707424514356057,4.027572236591119e-06,0.994270189625348,4.309196690524401e-08,0.0042270981058774105,1.6386255864199282e-07
20190214_sample_3,Pvalb,IT,0.7494209203029998,0.00023670623435330366,0.0048780580622954746,0.7494209203029998,5.010600086262972e-07,0.12281327349226889,6.185038336836655e-06,0.12264431105551395,4.4754223051282445e-08
20190214_sample_6,Pvalb,Pvalb,0.9998965873783464,1.1761494473056385e-07,1.1604929568507488e-05,1.2324921136471314e-05,4.998223881141474e-06,0.9998965873783464,6.065612103545272e-08,7.330966823887039e-05,9.96607763022186e-07
20190214_sample_9,Pvalb,Pvalb,0.9980843067265355,4.500498612705631e-07,3.444029110472839e-05,1.0055454060052378e-07,5.841253044405046e-08,0.9980843067265355,3.2886911299824423e-09,0.0018806287041211386,1.1972615255033615e-08
20190218_sample_3,Sst,Sst,0.9264217391852719,8.014642010396966e-06,0.000801779367307959,1.0594437672425782e-06,1.2967470822375238e-06,0.07058371587449747,2.2833585559609573e-06,0.9264217391852719,0.0021801113815068033
20190218_sample_4,Sst,Sst,0.998565235026023,0.00013141080992914395,9.330247478776816e-05,4.958448379309507e-06,1.638152807116578e-06,5.50326544046892e-05,0.0004338075646020555,0.998565235026023,0.0007146148690669774
20190218_sample_5,Sst,Sst,0.9904317361220314,2.3716404561067953e-05,0.0016692503170013218,4.1832963766144747e-07,0.00018188431115724097,0.007632153482926356,2.2110823422197472e-05,0.9904317361220314,3.8730209262657255e-05
20190219_sample_1,Vip,Vip,0.9886482034691447,3.0867593411879105e-06,4.7024186251544643e-07,3.114747233957896e-08,6.800153340159815e-05,6.483991107985864e-08,3.209436701712598e-05,0.011248047641849526,0.9886482034691447
20190219_sample_3,Sncg,Vip,0.7963242928818234,1.317538672388453e-07,4.784522327991068e-06,5.9552679145525504e-05,0.11429188622686126,1.689333581275969e-05,0.08605678817722304,0.0032456704229387474,0.7963242928818234
20190219_sample_4,Vip,Vip,0.9806568469118452,9.739989166829385e-06,1.3522132026764053e-06,0.00012682470804006757,0.0060694615371190575,0.00016662104802973174,0.006370637156350464,0.006598516436245954,0.9806568469118452
20190219_sample_7,Vip,Vip,0.9969446452423154,5.04418143864396e-07,2.342696361496875e-09,4.971041169178197e-06,1.0597993714718217e-05,6.98928956711469e-09,0.0030353836887032433,3.8882839679003745e-06,0.9969446452423154
20190219_sample_8,IT,IT,0.998577377870154,0.0012498679762747522,0.00010612044675909796,0.998577377870154,4.175202470838498e-05,2.1992252248853965e-05,1.5105989388103e-06,1.1650648779760609e-06,2.1376603803323875e-07
20190221_sample_1,Sst,Sst,0.9665951241213843,9.499743810949906e-05,0.00040271865685933124,0.00017798696441700284,0.0004992335962560185,0.027986714503876128,5.022109046946686e-05,0.9665951241213843,0.004193003628628236
20190221_sample_2,Sst,Sst,0.9500225644433403,0.000259675000490024,0.00011717965490815934,2.915827223887068e-05,0.039566502259942855,0.0037859554400011233,1.848416784598375e-05,0.9500225644433403,0.006200480761232679
20190221_sample_4,Sst,Pvalb,0.47598611556405657,2.3615298275316938e-05,3.2204592968086205e-05,1.2776458393262988e-05,0.3758018096719203,0.47598611556405657,0.0031343862492360652,0.14214315374440228,0.002865938420748168
20190221_sample_10,Sst,Sst,0.9404688766617572,2.131300109197265e-06,7.051543449259938e-06,4.87606617889716e-09,0.03321894108356306,0.025230994659613044,0.0002682550421820992,0.9404688766617572,0.000803744833259954
20190221_sample_11,Pvalb,Pvalb,0.9999439936571122,1.0754312637884551e-08,4.037255296052979e-08,3.2352281688269336e-13,3.036027460268353e-07,0.9999439936571122,4.982425551985927e-09,5.4949480631557494e-05,6.971498955525456e-07
20190222_sample_2,CT,CT,0.9728468321553518,0.9728468321553518,2.9172093943314707e-07,0.027152775148940073,6.151145643354928e-10,3.6426021728514995e-15,8.720543545212196e-09,9.163879675783378e-08,3.101257700019733e-13
20190222_sample_3,IT,IT,0.9957117784970194,0.00422918318269297,5.875242447632671e-05,0.9957117784970194,3.636553216905855e-11,1.932953845788073e-15,2.743468471018016e-07,3.581735124990345e-09,7.930861634229593e-09
20190222_sample_4,CT,CT,0.9993789034633849,0.9993789034633849,3.2974800789160405e-05,0.0002563901169250822,1.8563679083302554e-06,1.30477975597433e-07,3.844272892071494e-07,0.0003275546319842871,1.8057137433158684e-06
20190222_sample_5,CT,CT,0.9730653076117521,0.9730653076117521,0.0022548179023756778,0.02467886884230854,8.26504762233016e-10,1.0440350446856952e-12,2.8961617100171296e-08,9.745011513359324e-07,1.3532462607442942e-09
20190222_sample_7,Vip,Vip,0.4759126196450538,3.709805057825202e-05,2.4160070436638092e-05,0.00018103888639449435,0.032130508306748295,0.3562131816113931,0.0015374737972040121,0.13396391963219131,0.4759126196450538
20190222_sample_8,IT,IT,0.593882353849715,0.4061165459417552,4.4402554961236823e-07,0.593882353849715,1.5767949824589234e-10,1.7349005590260025e-14,4.092205832181377e-07,1.3029350753928491e-08,2.3377534919339026e-07
20190226_sample_1,Pvalb,Pvalb,0.9657650056259461,4.214132514257924e-06,7.616506080497129e-05,3.6098785029855803e-07,0.0001884268738532291,0.9657650056259461,0.0006079689982346898,0.03318784404956863,0.00017001427122772216
20190226_sample_2,Lamp5,Lamp5,0.9998478685977685,1.2846788542194532e-08,9.805636465242857e-11,6.836243494899816e-09,0.9998478685977685,2.24104490758606e-06,5.0645421964587736e-05,1.2100517899646152e-07,9.910414909205313e-05
20190226_sample_3,CT,CT,0.9999999895342256,0.9999999895342256,6.891352972306102e-11,4.1958915734815845e-11,3.702434378521225e-10,3.184610129047791e-13,9.98374495611355e-09,5.174980117604496e-15,5.899167078352177e-13
20190226_sample_5,IT,IT,0.9999930622444424,6.923327657550576e-06,1.1066652680297207e-08,0.9999930622444424,1.9794733486064244e-13,5.816411394062147e-15,7.207755966348304e-10,2.4264164984100194e-10,2.3976264848438317e-09
20190226_sample_6,IT,IT,0.8072665108674114,0.1925527227916247,0.00013646343463444616,0.8072665108674114,3.576519765545653e-07,7.3149765293964454e-06,1.9639754704985893e-07,2.479576445723824e-05,1.1638115819127766e-05
20190226_sample_7,Lamp5,Lamp5,0.9977974832898326,8.068255659244696e-08,1.1804498155753795e-12,1.279944055103686e-08,0.9977974832898326,6.016362668851155e-05,0.002032959871931658,2.1410239322139614e-07,0.00010908562597631653
20190226_sample_9,Pvalb,Pvalb,0.6172897280599259,9.705771069783234e-10,4.225225453223358e-06,1.1385905233011005e-09,2.660679215530531e-05,0.6172897280599259,1.5285819766927487e-08,0.3826793654520633,5.707541490080741e-08
20190227_sample_1,Sst,Sst,0.9981082384982276,8.148323214219019e-06,0.00019820065079563417,4.494227404058506e-06,1.8340440108133273e-06,0.0013176990063154272,1.8075401442203216e-05,0.9981082384982276,0.0003433098485901401
20190227_sample_2,Sst,Sst,0.9925429689405897,1.632779055628605e-05,4.091765496378632e-06,3.997966023746615e-10,0.00015283799029750027,0.006795385172211913,2.5042962256679525e-06,0.9925429689405897,0.000485883644825812
20190227_sample_3,Sst,Sst,0.9999911575915094,4.00942334158917e-09,3.661682586064297e-07,1.8048430947160436e-09,7.095216903604274e-07,6.389358139017909e-06,3.314056700678806e-07,0.9999911575915094,1.0401404663666812e-06
20190227_sample_4,Sst,Sst,0.9983956221679455,0.0001064899064177779,2.4507516876401427e-06,2.867883524511199e-09,1.328613019307127e-06,3.5175700357139897e-06,6.942912224349202e-07,0.9983956221679455,0.0014898938317881303
20190227_sample_5,Sst,Sst,0.9969463838676997,6.88376968602887e-07,1.942194787490404e-06,3.2260581075761705e-09,1.6030235848924965e-05,0.0002570407166749382,2.2077132167713038e-07,0.9969463838676997,0.0027776906106407595
20190227_sample_6,Sst,Sst,0.9554776409325579,5.4710441375597805e-06,8.205421563203988e-08,8.268437964637041e-06,0.012497330046266075,0.0019952903590372264,0.00010476875053089249,0.9554776409325579,0.029911148375290034
20190227_sample_7,Pvalb,Pvalb,0.8961929889343443,8.106243252100144e-08,0.0008988198898724662,4.492878381878854e-12,1.0704635283770702e-09,0.8961929889343443,4.519740633679058e-10,0.10290810391773222,4.66868795376976e-09
20190318_sample_3,Sst,Sst,0.9948794887755914,1.1148794190168537e-06,2.102641190227406e-06,3.913726828975554e-10,0.00025085287632629184,0.004789390163046527,5.641784544379271e-05,0.9948794887755914,2.0632427610000108e-05
20190318_sample_4,Sst,Pvalb,0.9735032513005978,6.412497582968128e-07,1.6266408000699974e-05,1.1141081946418557e-11,0.00032612620994235976,0.9735032513005978,5.351592520979108e-05,0.026095258547124838,4.940348225015048e-06
20190318_sample_5,Sst,Sst,0.9828008912428854,4.428969840327752e-05,0.009177129406143873,8.082510046917394e-07,4.085449381280948e-07,0.0007288329586011322,0.00041890927873844907,0.9828008912428854,0.006828730619285256
20190318_sample_6,Sst,Sst,0.9996503172475457,8.863354973487258e-08,7.764541056268597e-07,2.6883906616996656e-09,2.789824124792197e-08,1.5603299902268732e-05,2.8998650192138083e-06,0.9996503172475457,0.00033028391324549285
20190320_sample_4,IT,IT,0.9540346036824006,0.045964219113279546,6.37092294649359e-08,0.9540346036824006,3.2099460618788716e-09,2.596971654989696e-13,9.66622987810998e-07,7.986670090362275e-09,1.3567522667142126e-07
20190320_sample_5,CT,CT,0.8534025041283331,0.8534025041283331,3.8041183706130626e-10,0.1465974703653906,1.8166221329900776e-09,1.308482094087715e-14,2.3190760870166742e-08,7.868314554642103e-11,3.97851871864675e-11
20190320_sample_6,CT,CT,0.9958111013739691,0.9958111013739691,0.004164119829087844,2.477075143963827e-05,4.044341333931358e-10,3.4081420701161516e-09,3.309495026632522e-10,3.901099624702804e-09,8.779113291091657e-13
20190320_sample_9,IT,CT,0.9221093834126237,0.9221093834126237,0.00778095524924928,0.058501425842722714,9.010170473950478e-07,3.1695917230416803e-10,8.41036394314812e-05,0.011523162715789053,6.780617725904855e-08
20190321_sample_4,IT,IT,0.9989437475463249,0.0010545144431407063,1.715142831148163e-06,0.9989437475463249,7.211950181157991e-10,1.2527292035484106e-13,1.8706122692995176e-08,2.3304750675867483e-09,1.1097852661074247e-09
20190321_sample_6,CT,CT,0.8479019375077217,0.8479019375077217,1.1255596108275085e-06,0.1520968941863194,1.7742567052192462e-10,2.418806965744579e-15,5.308609631602489e-09,3.722234461410997e-08,3.7965723563532256e-11
20190322_sample_1,IT,IT,0.9999858790921697,1.3685157138442661e-05,4.35316905470558e-07,0.9999858790921697,1.7052926105478664e-11,1.3326150350228812e-17,1.082886497308849e-10,3.079135230052862e-10,5.312910904007763e-13
20190322_sample_2,IT,IT,0.9999271376762794,3.429164568012868e-05,3.856991774232722e-05,0.9999271376762794,2.057934434880256e-12,6.731407536546639e-12,5.317128983663317e-11,6.667849377523795e-10,3.155244814973598e-11
20190322_sample_3,CT,CT,0.9999984804347815,0.9999984804347815,1.2729923389772204e-10,1.221847197293731e-06,5.486059676167668e-10,7.030833292066501e-14,8.081813407905106e-10,2.9525962777244787e-07,9.742363437120367e-10
20190322_sample_4,CT,CT,0.9828408907560692,0.9828408907560692,5.4829657653645184e-09,0.017159082921626042,3.844263484289022e-11,5.947215913826897e-16,9.439412091278704e-09,1.0831498955523638e-08,5.299847661759309e-10
20190325_sample_1,Lamp5,Lamp5,0.9993406644300481,9.790821319204349e-09,3.350521993676119e-08,1.1177661142099448e-06,0.9993406644300481,0.0005571131215098217,2.5838849667839327e-05,9.327448032576172e-06,6.589508858619976e-05
20190325_sample_3,IT,IT,0.9999425869468143,4.407495621798956e-05,1.2657822288880424e-05,0.9999425869468143,2.5290924192518764e-08,3.736465093034965e-14,4.47136582738228e-07,2.071175643604969e-07,7.295702107698497e-10
20190325_sample_4,CT,CT,0.7046798140259667,0.7046798140259667,9.321883864455263e-07,0.2953192460523757,5.753680831136445e-11,4.8430427939862786e-14,7.0238518182672594e-09,6.479343743531823e-10,3.899824173605884e-12
20190325_sample_5,CT,IT,0.9948848223251926,0.004714723440720818,0.0003993287589028853,0.9948848223251926,4.7743068524460435e-08,5.54506268367603e-08,4.249383243305291e-07,5.724933380457679e-07,2.4849825928993948e-08
20190325_sample_6,CT,IT,0.9685408364997006,0.02990191880007533,0.0015465337099145949,0.9685408364997006,9.927321527530349e-11,1.0524048584586994e-05,1.7624392914842488e-07,3.660936847617482e-09,6.937585605372082e-09
20190325_sample_7,IT,IT,0.6633559278892771,0.33333266141683143,0.00329557870923001,0.6633559278892771,1.0718505415730306e-07,1.6691213635481174e-08,1.3787159097965186e-07,1.3197934214003044e-05,2.3723025887967507e-06
20190325_sample_9,CT,CT,0.9999194589987593,0.9999194589987593,3.1345763032598476e-05,3.999806648682789e-05,2.4135638802273367e-11,9.583027465013324e-11,3.666621776529924e-10,9.196139447693183e-06,5.456454216584374e-10
20190326_sample_1,CT,CT,0.958036634602284,0.958036634602284,0.03873550468807283,0.0026843490618304903,1.265576829275084e-10,5.765490676046156e-09,3.686996584496983e-08,0.00054331958012854,1.4930566977598636e-07
20190326_sample_2,Vip,Vip,0.8257501892127662,5.705312556403867e-06,4.3850204280302587e-10,2.3008149195891908e-08,0.05007476742728994,8.345458887419583e-07,0.1239459804910597,0.00022249956378763268,0.8257501892127662
20190326_sample_3,Vip,Vip,0.9953505138596098,7.398436465049535e-06,4.33768552597269e-11,1.1609778218426662e-07,0.0018046063004777868,2.917711403418689e-07,0.002738102177053525,9.897131409436678e-05,0.9953505138596098
20190326_sample_4,CT,CT,0.9984085674972871,0.9984085674972871,0.0014310254229271241,0.0001175912050155329,1.347358562371046e-11,1.247693723755893e-07,4.898019977905471e-11,4.268954567372663e-05,1.4972702309291649e-09
20190327_sample_1,CT,Sst,0.4950901437797153,0.43992901299906245,0.06453552907776743,0.00017349972766858855,1.1591917935514923e-08,6.819202521805196e-09,7.718373503080464e-06,0.4950901437797153,0.00026407763116277757
20190327_sample_2,IT,IT,0.9706085592011098,0.029058287577288407,0.00032813916099936426,0.9706085592011098,4.816736121848378e-08,2.6224034039355898e-08,4.0741788300520534e-08,1.779751791516057e-08,4.8811299008627185e-06
20190327_sample_4,CT,CT,0.9348892980257901,0.9348892980257901,3.808435814451696e-09,0.06510868300491454,5.673851554555575e-07,1.4298974373399789e-11,1.3732351888908173e-06,3.291739122591338e-11,7.449329883053543e-08
20190327_sample_7,Vip,Vip,0.9999473223993568,4.245416848525199e-08,1.5878867121419438e-13,1.3449293409966223e-10,2.721273331041631e-05,1.5911519290974746e-06,1.820696737874488e-05,5.62415920465876e-06,0.9999473223993568
20190328_sample_1,CT,IT,0.5184956301247406,0.4748451699032277,1.7258504233579515e-05,0.5184956301247406,0.002265767297844049,0.0024212706438073305,0.0001557023543273082,0.0014715196244286827,0.00032768154739069367
20190328_sample_2,CT,CT,0.9937051791916993,0.9937051791916993,0.00038780484696772605,0.0002603247470589118,4.359622126925268e-05,0.000708475795432181,4.975051911877582e-06,0.0048896402438365245,3.901824310564732e-09
20190328_sample_3,CT,IT,0.9433881522451769,0.05656277636845047,4.772576499790747e-05,0.9433881522451769,2.0094000946573604e-07,3.1340739246678274e-15,1.8181302447149473e-08,1.1264820646444528e-06,1.799508338300716e-11
20190328_sample_4,CT,CT,0.9835781026727299,0.9835781026727299,0.0020928440747527044,0.014281742371774602,1.8249991311936688e-06,1.694661352434521e-08,5.244676911144514e-08,4.4768348428990835e-05,6.481397999876391e-07
20190328_sample_5,CT,CT,0.9350439116856364,0.9350439116856364,1.146484590983912e-09,0.06495604834457222,3.494930188638058e-10,8.295158981708866e-15,3.827647875512568e-08,1.043719991448325e-10,9.29547104949529e-11
20190328_sample_6,CT,IT,0.6393310092448568,0.35941922537154647,0.001191512426652356,0.6393310092448568,1.7447272700592496e-05,4.075722679308557e-06,7.548266639776935e-07,2.6162524681051435e-05,9.812610219496422e-06
20190328_sample_8,IT,IT,0.9940429268140576,0.004439034542464748,0.0015157278728955945,0.9940429268140576,5.725142348393174e-08,1.1388417278182683e-10,1.2847446619323425e-07,1.959702804740248e-06,1.652280034288406e-07
20190328_sample_9,CT,CT,0.8775402898354836,0.8775402898354836,0.01080062829868003,0.0010544778790589845,0.0003283112448083649,0.001804305095013246,6.005062012744594e-07,0.10846783844569617,3.548695058099905e-06
20190329_sample_3,CT,CT,0.9935075029240442,0.9935075029240442,0.004602467933720788,0.0018068501575776287,1.37619175148057e-07,7.405892412055913e-07,2.43206714699395e-07,8.205602899092011e-05,1.5405352658401084e-09
20190329_sample_4,CT,IT,0.5277095623031312,0.47227636399949163,1.3064609611869555e-05,0.5277095623031312,6.787783448520884e-07,8.184695118702256e-11,2.1816149396932018e-07,6.135690722143652e-08,5.0709172235921694e-08
20190329_sample_5,CT,CT,0.9746186695666007,0.9746186695666007,3.3445550327103294e-05,0.02534102195074946,6.055662091491503e-08,3.453482166469742e-06,7.993155712480146e-09,5.318687920800358e-07,2.8090315876275837e-06
20190402_sample_2,CT,IT,0.9805266652379915,0.017105234762551123,0.0023353443431852377,0.9805266652379915,1.3960349083406682e-07,1.1153134985455018e-09,1.571691271921126e-07,3.091106665116242e-05,1.5467016894178026e-06
20190402_sample_3,IT,CT,0.7570332399439359,0.7570332399439359,0.0063204998689557895,0.056694251478876044,0.0002451811059264115,0.004490955869573665,0.004455592655159506,0.15759578602049992,0.013164493057072709
20190402_sample_6,Vip,Vip,0.986988645963169,5.483068167652539e-06,6.026392965264255e-09,2.1025991006613088e-05,0.0062061140478715604,0.0006935869452631629,0.0001062005981102189,0.005978937360018919,0.986988645963169
20190403_sample_5,IT,IT,0.9890258001702916,0.010973742702560853,4.44719719221249e-07,0.9890258001702916,7.162693946212945e-12,3.2319146721413606e-15,1.1260417912845032e-08,1.1276732428475497e-09,1.2171273750315613e-11
20190403_sample_6,Sst,Sst,0.9872003371507042,3.5768211017341045e-07,2.5126480646124804e-06,4.526957589862317e-08,1.923511977000191e-06,0.012750874237586668,4.352365686623212e-05,0.9872003371507042,4.2584311527776675e-07
20190403_sample_7,Sst,Sst,0.8864881014802137,7.401533046881878e-05,5.49038405238258e-06,1.5035295775467203e-08,2.7962027047871512e-05,2.1407080681461844e-05,3.1910797929613373e-06,0.8864881014802137,0.11337981758244696
20190408_sample_1,Pvalb,Pvalb,0.9996672135039615,5.308224290217232e-09,1.3940261398410284e-05,9.664570484138814e-08,2.352576731960368e-11,0.9996672135039615,2.4356094626759836e-09,0.0003186898951671344,5.1926408736916225e-08
20190408_sample_2,Sst,Sst,0.9953738412423977,3.0706759068057144e-06,9.080701634687114e-06,1.0207738065610521e-05,0.0005606522885056586,0.00017262054350149003,0.0022061336856459834,0.9953738412423977,0.0016643931243419828
20190408_sample_5,Sst,Vip,0.5035873990733327,0.11269236417488261,0.0001480400679271523,1.794758715100778e-05,0.24563673297595054,0.12884014869565744,0.00022922334537138237,0.008848144079727033,0.5035873990733327
20190408_sample_6,Sst,ET,0.38059180936224846,0.001493363255677758,0.38059180936224846,0.0017780611602677113,0.012244109887056898,0.17547782471021675,0.0020494474533085346,0.3776952649936574,0.04867011917756646
20190409_sample_4,Sst,Sst,0.9997391316658369,4.755358874586524e-08,0.00021071946720637512,4.530528300646031e-08,3.81792393140595e-06,1.1500448875626721e-07,3.1383908853080225e-05,0.9997391316658369,1.4739170811755325e-05
20190409_sample_5,CT,CT,0.999440488622328,0.999440488622328,0.0005533787662777698,6.124290193145002e-06,2.662894319707376e-10,6.922328485061066e-09,7.685479185403867e-11,1.021186765393996e-09,3.4541436962746176e-11
20190409_sample_7,Sst,Sst,0.9896406555696797,0.004502247336961037,0.0018515051939829823,0.0011577832216431733,1.9043186226400803e-05,0.000991523153047591,3.151424493114836e-06,0.9896406555696797,0.0018340909139660717
20190409_sample_8,CT,CT,0.9985382413992031,0.9985382413992031,0.00016445085807945885,0.0007388313839396506,3.131921608634665e-07,3.308088339500098e-09,3.795921191626771e-08,0.0005581030546979218,1.884461871557718e-08
20190409_sample_9,IT,IT,0.9986531655233089,0.0013466494950132046,1.828423223742946e-07,0.9986531655233089,1.9067297848423355e-12,8.498770953801575e-17,1.87801532071714e-09,3.919114769266489e-12,2.5551420069696483e-10
20190409_sample_10,CT,CT,0.9861105029744867,0.9861105029744867,0.0019748536252973898,0.011741371156371047,1.2203683002306396e-06,1.2758096854096558e-08,0.00010303442206262933,6.801918220622393e-05,9.855131790518179e-07
20190409_sample_11,IT,IT,0.9977621467229363,0.0021479335398047476,8.82376534499465e-05,0.9977621467229363,2.1286530204858003e-10,1.3833603164511563e-10,8.010909930926588e-09,1.6714205587339632e-06,2.301139167782096e-09
20190410_sample_3,CT,IT,0.7369560425192954,0.04459788974308094,0.21760616584657402,0.7369560425192954,2.016206505239343e-06,9.307061028452454e-06,1.9205546971403146e-06,0.0008264483504111799,2.0971840770734884e-07
20190410_sample_4,Sst,Vip,0.9246530799322634,9.920582439979422e-05,1.956451123503502e-06,4.36814520869795e-06,0.001468505226600578,0.000149035359765804,0.0002749243219869638,0.07334892473865139,0.9246530799322634
20190410_sample_6,IT,IT,0.9989274281220395,0.0010706442618799326,1.918805206779921e-06,0.9989274281220395,5.347975188229607e-10,2.973125077149344e-12,7.570369406727407e-09,7.99528486542369e-11,6.227809046365878e-10
20190410_sample_7,CT,CT,0.9999999982556838,0.9999999982556838,3.659507260375753e-12,1.7399222235413046e-09,6.859540244376038e-13,9.451918514007451e-17,3.857007186771641e-14,6.629319282760698e-15,3.430526520320953e-15
20190410_sample_10,CT,CT,0.9999612896112269,0.9999612896112269,8.15735943451483e-10,4.6638825873028804e-08,9.558869007519146e-10,3.866062480745376e-05,1.3493624491213495e-09,4.151314437752192e-12,3.2002970964052895e-15
20190411_sample_1,CT,CT,0.9979720052153547,0.9979720052153547,3.726054353839726e-08,0.002027027492824098,5.823878088805736e-09,2.5210813382842768e-09,2.3717287223938997e-09,9.149675364847957e-07,4.3470531367035774e-09
20190411_sample_5,CT,CT,0.8287082580867383,0.8287082580867383,0.0009332213902237162,0.1702550702974892,1.1239801165101758e-06,4.170820189808747e-10,1.3203941481449872e-08,0.00010211864252871251,1.9398187987477222e-07
20190411_sample_6,Pvalb,Pvalb,0.9936557485350397,3.980036510469366e-11,2.4178648844373157e-07,5.590904409022866e-13,2.949458893639285e-07,0.9936557485350397,4.0915918030710595e-09,0.006343708083191571,2.5174396670149028e-09
20190411_sample_8,CT,CT,0.9995375830041339,0.9995375830041339,1.450441087246138e-07,0.00046226939085053224,6.041049531989294e-11,1.4729497555528222e-12,1.5729861724714662e-09,9.259839201577401e-10,5.34924259750556e-14
20190412_sample_1,Pvalb,Pvalb,0.9997050948245798,5.617113179773015e-10,4.8331023994931274e-05,5.0449983088105176e-09,7.196355400216743e-09,0.9997050948245798,5.662888760995003e-08,0.0002464504292107838,5.4290262037025394e-08
20190412_sample_3,IT,CT,0.9939064529298836,0.9939064529298836,4.5480712990493955e-05,0.0060480383399405275,1.8776907346747492e-08,5.2494648050308245e-11,9.132778282094008e-09,4.7981805262173616e-11,7.023498359836605e-12
20190412_sample_6,Pvalb,Pvalb,0.6103982680888242,1.604588970832958e-08,8.549362064199928e-10,7.657381857490394e-07,0.07446636710839581,0.6103982680888242,0.00044924736454298543,0.3146060696289691,7.92651702564032e-05
20190415_sample_1,Pvalb,Pvalb,0.9676572479741261,9.685936125213587e-11,6.109679880102306e-05,1.3464419517939207e-10,7.390513236763447e-10,0.9676572479741261,1.78724669676285e-09,0.03228165246180368,7.467528673758544e-12
20190415_sample_3,CT,CT,0.851066414208083,0.851066414208083,8.987421348077274e-06,0.14885544766142264,6.295056616250769e-05,5.319907879290551e-09,4.783910677291729e-06,1.0107257040172435e-06,4.001866947066556e-07
20190415_sample_4,IT,IT,0.9813591808886145,0.018640494598760073,3.001224317170846e-07,0.9813591808886145,7.603592055725143e-11,5.708020842250192e-16,1.7239982859431953e-08,2.5889668643395066e-09,4.485207478437643e-09
20190415_sample_6,CT,CT,0.9879221073018487,0.9879221073018487,3.602501136669032e-07,0.012077529153301497,2.753401916956073e-11,1.926151995141094e-13,3.2451669933901335e-09,2.184237326671058e-11,4.8131503396531685e-17
20190415_sample_8,Sst,Pvalb,0.7015867517866606,0.012068088356346597,0.005165178030910876,2.3435802652112337e-06,1.3317019417685014e-06,0.7015867517866606,7.120158451929174e-06,0.28115661944933124,1.2566936091709972e-05
20190415_sample_10,IT,IT,0.9907650983556249,0.009234722994379944,1.74742639942413e-07,0.9907650983556249,3.629137363593888e-10,2.7412208214363854e-15,3.5180803679946653e-09,1.9964022866018917e-11,6.394096368207787e-12
20190416_sample_3,CT,CT,0.9931034727380762,0.9931034727380762,0.0004887914100200579,0.006407684339091256,2.495664265159513e-09,6.109848949789751e-09,6.390742250548238e-09,3.651486594718521e-08,1.6909943811015844e-12
20190416_sample_4,Pvalb,Pvalb,0.9999415236978282,1.6885751143772596e-08,3.985861021045728e-08,1.8482303651036667e-10,1.7725556252288978e-05,0.9999415236978282,2.556444823034068e-06,3.632331757294989e-05,1.8140543391752801e-06
20190416_sample_5,Sst,Sst,0.9817758409685243,0.0041924122537981365,0.00012295999842823442,7.675035513447442e-06,6.153643133063596e-05,0.013698346774239388,3.2577847048541134e-05,0.9817758409685243,0.00010865069111711368
20190416_sample_6,IT,CT,0.9584783715615985,0.9584783715615985,0.00839040578369595,0.03312082466897875,8.176435291525462e-08,4.5466533018081335e-07,2.2558832325222172e-07,8.118549699534405e-06,1.5174180208167782e-06
20190416_sample_7,Sncg,Sncg,0.9470601169153681,8.457999903146281e-07,3.1378339334874565e-08,1.879520314040023e-07,0.0007531741559770552,1.0467306007387706e-06,0.9470601169153681,0.010683392814223265,0.04150120425346977
20190416_sample_8,Pvalb,Pvalb,0.9995192677583705,1.2299402552559045e-11,4.762448692434047e-08,1.2073563065679635e-11,8.559997667329418e-09,0.9995192677583705,4.725013753879304e-10,0.000480675544108873,1.6161686608415144e-11
20190416_sample_9,IT,IT,0.9992590346107867,0.0007408431779608637,1.1072452465074834e-07,0.9992590346107867,2.5379056676491328e-09,2.267502619071863e-15,7.88236576844588e-09,8.419636952619025e-10,2.2449040840891265e-10
20190416_sample_10,CT,CT,0.9989322028002938,0.9989322028002938,0.0008525231579248605,0.00020454425775693718,1.9243740321827946e-07,3.9219439656780153e-07,1.3306513688231356e-07,1.0010136900329532e-05,1.950187507820517e-09
20190417_sample_2,CT,CT,0.999423103185344,0.999423103185344,0.0003456397772825869,6.631381976837814e-05,7.538490748671692e-10,9.466073841534207e-10,3.0980806571157926e-07,0.00016453295406378986,9.87550190492237e-08
20190417_sample_3,CT,Lamp5,0.4645188497325976,0.36415531773933846,3.339809808124759e-07,0.0003750265813280146,0.4645188497325976,0.16979732223368404,0.0011431286959520425,8.757293954571928e-06,1.2637421643846052e-06
20190417_sample_4,Sst,Sst,0.9999601745148076,1.122620197865173e-07,1.2585263012527866e-05,4.2455760596345253e-10,9.965320473142237e-06,1.4285304425619725e-05,1.3689478209093567e-07,0.9999601745148076,2.740015921595751e-06
20190417_sample_5,Sst,Vip,0.8726674429824284,1.9509921217352488e-05,2.2035245585852056e-07,2.783896514134426e-05,0.016571723973174305,0.0046458015425065976,0.00021641538764625233,0.10585104687543002,0.8726674429824284
20190417_sample_9,CT,IT,0.746081241047713,0.2537233902027267,0.00018256755245099529,0.746081241047713,3.6162791650108594e-09,5.0734731373571784e-12,5.09702403675252e-06,7.52679887356728e-06,1.7375284632196766e-07
20190417_sample_10,Sst,Sst,0.9970011407579326,2.10681283748033e-06,1.7104018214382325e-06,9.844914184220517e-08,3.1128229963186966e-06,2.0523679354357626e-07,0.00012553177518493308,0.9970011407579326,0.002866093743291841
20190418_sample_2,Sst,Sst,0.7856152132787266,1.419988309198045e-06,3.090637632731654e-06,0.004180820059587084,0.0004017549845114361,0.14014339321606822,0.04625622243831119,0.7856152132787266,0.023398085396853563
20190418_sample_4,CT,CT,0.9966638030269604,0.9966638030269604,2.9279421257847115e-09,0.0033361931832633727,5.894780400837583e-12,7.38209416327945e-15,6.647539726453841e-10,1.9105962889423397e-10,1.1839698416114418e-13
20190418_sample_5,IT,IT,0.9996753641913949,0.0003234142814239627,1.2025845744290826e-06,0.9996753641913949,3.2395941910859407e-10,1.6362987628806727e-13,1.833485898177491e-08,1.1462131616865592e-10,1.690033368710808e-10
20190418_sample_7,CT,CT,0.9999613081044406,0.9999613081044406,3.045271075132399e-08,3.862610369257992e-05,3.628329295744456e-11,1.816751186161201e-14,3.3205941656472124e-08,2.4667948946553294e-10,1.8502335143367955e-09
20190418_sample_8,Pvalb,Pvalb,0.6100022948885603,1.7542620908262342e-05,3.4263564964709144e-05,4.523907732975623e-06,0.3584784585391747,0.6100022948885603,0.0006267655293211285,0.026396211948817232,0.004439939000520737
20190418_sample_9,CT,CT,0.8537902825946184,0.8537902825946184,0.035269766850633835,0.000685003350361737,0.003096974477958795,0.10454995845365517,0.0006441369913729607,0.0002803463501019172,0.0016835309312971903
20190418_sample_10,CT,CT,0.996217105678805,0.996217105678805,3.866632610803538e-09,0.0027751434176509614,0.00015613857213347536,4.607694235423428e-06,0.00016472068414109982,0.0006791640076463108,3.116078755119169e-06
20190422_sample_1,Pvalb,Pvalb,0.9335798747940384,7.3860749063807664e-06,0.0007531313163364377,5.304731811752168e-06,6.659832119878938e-06,0.9335798747940384,8.120922773603148e-07,0.0656464107022694,4.204562402053145e-07
20190422_sample_4,Pvalb,Sst,0.5980483310159749,0.003981607227438673,0.0013657360784855796,0.005526300182543254,0.03258180211172772,0.35387434220523345,0.0038994394265269355,0.5980483310159749,0.000722441752069519
20190422_sample_5,Pvalb,Pvalb,0.9781640912422601,2.4152736099639415e-05,3.9545229247527206e-05,4.600814738913615e-09,9.868038094084032e-05,0.9781640912422601,3.690145002263446e-05,0.021635849804528685,7.745560856790262e-07
20190422_sample_6,CT,CT,0.9964393731981772,0.9964393731981772,9.843405265025461e-05,0.0034617143351423113,5.941456065099592e-11,7.660903359181195e-11,2.122641755060052e-10,4.780646315363974e-07,1.1111661246937687e-12
20190422_sample_7,IT,CT,0.9496616352514791,0.9496616352514791,6.870672160829227e-07,0.050336009678397235,1.5079971323395038e-09,3.3773351336391754e-14,1.1537285420662605e-06,5.983884477731985e-10,5.121679463455304e-07
20190422_sample_8,Pvalb,Pvalb,0.9822208928236096,1.836247362974851e-07,1.249106109923961e-05,1.4968017518868645e-09,3.304785795265753e-06,0.9822208928236096,1.7286125255667804e-05,0.017741573877534635,4.266205167442831e-06
20190422_sample_10,CT,CT,0.6317055210020466,0.6317055210020466,0.000864117290520008,0.36718768552915615,1.8073107144496437e-10,5.614209268883664e-12,2.947018423902241e-11,0.0002426754565710738,5.058906778480288e-10
20190423_sample_1,IT,IT,0.9962463919767891,0.0011246571804322501,0.0026282229214302988,0.9962463919767891,2.8010750712253575e-07,3.9137379475294526e-09,2.784716523321165e-07,1.4174864987930938e-07,2.367980127205104e-08
20190423_sample_3,CT,CT,0.9520942445955691,0.9520942445955691,3.6314531699096126e-05,0.047646165732409804,2.583210649166202e-09,2.1152794527594324e-05,4.272472959329612e-07,0.00020169251078121526,4.5064219789300426e-12
20190423_sample_5,CT,CT,0.9818110411711486,0.9818110411711486,4.725017982777961e-05,0.0005995094258273007,0.016706657311145272,5.734879571786075e-05,0.00013015282332615074,0.00033520008197193273,0.00031284021103491957
20190423_sample_7,CT,IT,0.7396855819465304,0.25968049655741,0.0006337228692866733,0.7396855819465304,3.102545569274393e-08,4.6773601271976275e-09,5.176595336757525e-08,1.0932202453304933e-07,1.8359792215259374e-09
20190423_sample_8,Pvalb,Pvalb,0.5225413163760371,2.3361186372427737e-06,0.012318674467149567,3.477977999434461e-05,6.918455642650424e-06,0.5225413163760371,2.512722577911704e-06,0.4650606857256821,3.277635427925901e-05
20190423_sample_10,Pvalb,Pvalb,0.9999736373828773,1.4430633992719293e-08,1.4170743827843546e-06,4.2148000759045655e-11,4.841196839243702e-09,0.9999736373828773,6.256740694963273e-09,2.4918353876582417e-05,1.6181440303095417e-09
20190424_sample_1,CT,CT,0.993667817011226,0.993667817011226,1.7705470145519817e-07,0.0063319954419318245,4.606130135618679e-15,1.6467925855268046e-10,8.582408771733609e-12,1.0318874286855797e-08,1.5060142455670438e-16
20190424_sample_2,Pvalb,Pvalb,0.9794533111298712,1.0907446565140127e-09,1.8827857363002628e-07,4.3280392421728154e-10,2.539114522113547e-06,0.9794533111298712,9.091753752269745e-08,0.02054384784593241,2.1190014399913336e-08
20190424_sample_3,CT,CT,0.9975557999305217,0.9975557999305217,0.0003272807163713829,0.0021167882206530927,1.1289997766647147e-09,6.652944365889654e-09,2.526772142339182e-09,1.205890081649462e-07,2.347292925961404e-10
20190424_sample_4,CT,CT,0.9882167542617167,0.9882167542617167,3.660849925002763e-06,0.011779573890774584,1.0326844875097016e-09,1.646454033051333e-13,9.57560418401504e-09,3.778145697145524e-10,1.131591616966791e-11
20190424_sample_5,CT,CT,0.6324892655436738,0.6324892655436738,0.0802147628059594,0.2872282023925706,1.3040199330622863e-06,5.6306174999819885e-05,1.138016626846757e-07,9.795043972607734e-06,2.502172280300343e-07
20190424_sample_6,IT,IT,0.971273156958444,0.025646040218325415,0.003077974565600925,0.971273156958444,1.533573329887501e-06,6.83669049896515e-12,1.8619757921310954e-07,1.1083054981951726e-06,1.7438581834856914e-10
20190424_sample_7,Lamp5,Lamp5,0.9999568786858726,9.648320138725909e-08,3.452831484380384e-12,4.0439598548078474e-10,0.9999568786858726,3.58524211969849e-05,1.3578755874715754e-06,4.332210598943775e-09,5.80979408205089e-06
20190425_sample_1,IT,IT,0.9661108132427669,0.03385905002997257,3.0088460690882605e-05,0.9661108132427669,2.076082614074186e-09,2.1434078944725474e-12,4.027067365753146e-08,5.900508911334646e-09,1.7161064966824642e-11
20190425_sample_4,Lamp5,Lamp5,0.8837125300871158,8.773709231660829e-07,2.141758798482891e-07,2.406028974656622e-06,0.8837125300871158,0.03215939959031521,0.0029065929736422466,0.006731220366020936,0.07448675940712819
20190425_sample_6,Sst,Sst,0.9940954881451214,3.845089589688655e-05,0.00046882096657470385,7.68909800132623e-08,5.213834871946743e-07,0.00523191091310961,0.0001565830043699723,0.9940954881451214,8.147800460172863e-06
20190425_sample_7,IT,IT,0.9765231150735091,0.023427207378931364,4.9110254369314385e-05,0.9765231150735091,4.094868483011391e-08,2.650722982003282e-12,3.8509320993905046e-08,4.864261984268142e-07,1.4063351315738471e-09
20190425_sample_8,CT,CT,0.9990852086985493,0.9990852086985493,3.1040909013063255e-05,0.0008833938683229521,6.956907702642098e-11,3.087375146085916e-07,3.123815709199977e-09,3.922245737478518e-08,5.370757936264002e-09
20190425_sample_9,CT,CT,0.999999793991247,0.999999793991247,1.8783030155769222e-07,8.151651970396626e-09,1.6905903990703114e-11,5.045300759478739e-09,1.4960046467389349e-12,4.9630967626806934e-09,2.128275773322892e-18
20190425_sample_12,CT,CT,0.8586396942768751,0.8586396942768751,1.6338836704432733e-05,0.14126130458702402,8.25403958464426e-05,2.2839921040780152e-08,9.844499466619811e-08,6.026168568193525e-10,1.6017508970877394e-11
20190425_sample_13,CT,CT,0.9960071599984135,0.9960071599984135,9.249386782797147e-06,0.003983590204945075,4.023923939005131e-11,2.182771812076123e-12,2.830645153642702e-10,8.391975428350958e-11,4.523181360018235e-13
20190425_sample_14,CT,CT,0.9999248071816423,0.9999248071816423,9.09531926529656e-09,7.51542859188033e-05,2.1042628900934555e-09,9.761832472620975e-17,2.719655569662542e-08,1.325571430710575e-10,3.7435392285913395e-12
20190425_sample_16,IT,IT,0.6627463076834377,0.3372535325024158,1.394373399727765e-07,0.6627463076834377,1.1395269127031642e-09,1.1390733655679705e-14,1.723184600084232e-08,1.749799847632851e-09,2.556224242191961e-10
20190429_sample_1,Pvalb,Pvalb,0.9999499094665559,7.578875082437468e-09,8.43054009462707e-07,6.131206008942834e-10,5.184174524112413e-08,0.9999499094665559,4.710533098694486e-09,4.9182359451275085e-05,3.7570924195932164e-10
20190429_sample_4,Pvalb,Pvalb,0.9948997429028924,1.239189398626198e-09,5.620566258486924e-05,2.5450053842051635e-09,3.531487173959284e-08,0.9948997429028924,5.078800235057836e-09,0.005044007185839461,7.081667382285013e-11
20190429_sample_5,Pvalb,Pvalb,0.9985001041636006,3.5735087476799814e-05,2.7187309230437183e-06,1.797510839109134e-08,1.590107715679598e-07,0.9985001041636006,6.107214701973761e-10,0.0014529617101739173,8.302711224355151e-06
20190429_sample_6,Pvalb,Pvalb,0.999798782529633,4.94141923196587e-08,1.8644146326787282e-05,1.8439212048313884e-09,4.897981049284914e-07,0.999798782529633,9.686609352776891e-09,0.00018197708321224823,4.5498000306677816e-08
20190429_sample_7,CT,IT,0.9955072526106327,0.004485248022571713,7.0024169028031335e-06,0.9955072526106327,1.5247854647820073e-09,9.596038660234686e-15,5.105807283446985e-09,3.3157369611873423e-07,1.5874559449261755e-07
20190430_sample_1,Vip,Vip,0.4069030461323018,1.8870281283998522e-05,1.5437878559833324e-05,4.062357475116538e-06,0.3885186613549283,0.052910862073800954,0.04908154596436551,0.10254751395728445,0.4069030461323018
20190430_sample_3,Vip,Vip,0.9976334433260874,1.3710658576359257e-07,4.361674188227386e-07,3.230603215582336e-07,0.0017300400078215147,0.0003122940959932787,0.000121003377977758,0.00020232285779403798,0.9976334433260874
20190430_sample_4,Vip,Vip,0.9458134732822435,2.059783772520973e-07,5.469362030607238e-09,8.9351731468879e-08,5.593296568827284e-05,1.0288647418363169e-08,0.054108691633607306,2.1591030342832017e-05,0.9458134732822435
20190430_sample_5,Vip,Vip,0.9991219783315833,2.3574528956237597e-07,1.1710060837467182e-10,7.376831972448432e-09,0.00019694674502587642,4.5664004376730555e-09,0.0006798273408767144,9.99776891437927e-07,0.9991219783315833
20190430_sample_6,Vip,Pvalb,0.9868518123834134,1.7175918830936276e-06,0.0012313095587657143,3.558576690662205e-05,0.0028964617887474353,0.9868518123834134,5.9798812749011164e-05,0.007816948114652222,0.0011063659828824993
20190430_sample_7,IT,IT,0.9998925220638658,6.065426575520338e-05,4.675185106507878e-05,0.9998925220638658,2.1996823728927288e-09,6.354045551482452e-10,1.9314525312674565e-09,2.775885103916363e-09,6.427688920126218e-08
20190430_sample_8,Vip,Vip,0.9966059498015741,0.0009359305737476834,2.08488477214995e-08,5.408704336432532e-07,0.0007007671659754436,4.755242451497573e-06,0.0007372851652444891,0.0010147503317253673,0.9966059498015741
20190430_sample_9,IT,IT,0.9999999419123968,3.573325360973232e-08,2.2296422773320367e-08,0.9999999419123968,4.609863522741142e-12,4.1926159554005594e-16,3.0024046123983575e-11,6.623726418186202e-14,2.322625495719047e-11
20190430_sample_10,IT,IT,0.9998814566182341,0.00011532242626085581,3.0679262610461973e-06,0.9998814566182341,3.353675649756574e-10,4.250883874955685e-09,1.4385115737376578e-09,1.184204568835052e-11,1.469926390746453e-07
20190501_sample_1,Vip,Vip,0.9973427449705008,2.2306691355072254e-08,6.149737219318227e-09,1.248480380770078e-08,4.3925608917599256e-05,1.565654285697323e-08,0.002539109857573939,7.416296523229413e-05,0.9973427449705008
20190501_sample_3,Vip,Pvalb,0.938176949906002,0.002477043729607919,5.691582330301548e-09,7.043484158392201e-09,2.341199828241264e-05,0.938176949906002,1.3990652097684095e-07,0.05796335644472909,0.0013590852797910975
20190501_sample_4,Vip,Vip,0.9988474487497765,4.4284532857889884e-05,1.4823075761042336e-07,7.379225301924788e-10,4.214003664429323e-06,3.98553272144017e-08,4.081112194508057e-05,0.0010630527677487607,0.9988474487497765
20190501_sample_5,CT,CT,0.8648278464509886,0.8648278464509886,0.0002381887979315462,0.13466764560130903,6.080415310342741e-08,0.0002616468443572203,9.641747848328236e-07,1.513639834253181e-07,3.4959624920286796e-06
20190501_sample_6,Vip,Vip,0.9806674083586746,3.09893539054334e-06,4.95415066846762e-11,3.0775324352026945e-07,0.01831363594566196,2.506133548254018e-08,0.0010003359445111568,1.5187951641166833e-05,0.9806674083586746
20190501_sample_7,Pvalb,Pvalb,0.9889828011838251,9.712518234461955e-11,0.010931854402975196,3.728307931970877e-07,1.1327503395054558e-12,0.9889828011838251,2.4399770977359334e-09,8.496858508292764e-05,4.590887019052702e-10
20190501_sample_8,Vip,Vip,0.9708191689967505,1.4651953285744556e-07,6.740188353514123e-11,8.778169778605647e-08,0.007116004520019707,5.8231245310625964e-05,0.021754121897718474,0.0002522389715684549,0.9708191689967505
20190501_sample_9,Pvalb,Sst,0.881935862783949,3.003914914525875e-11,0.0001644064426084389,2.0355984427562163e-10,3.636040182431127e-08,0.11789967904344467,1.374193641035866e-08,0.881935862783949,1.394060666926528e-09
20190501_sample_11,Pvalb,Pvalb,0.9760527526798259,1.121314460934217e-06,4.606366172109651e-07,3.902600349085387e-10,0.0017768044383204686,0.9760527526798259,0.00013663568825390875,0.021728418971585218,0.0003038058806763492
20190501_sample_12,IT,IT,0.9986076751588665,0.0011233176933884335,0.0002689815587004778,0.9986076751588665,1.6286864879061121e-10,4.5989867891672e-13,1.2612131750861865e-08,1.2571846206299965e-08,2.4173798969320406e-10
20190501_sample_14,Pvalb,Pvalb,0.9368981210246364,2.8283033738824137e-11,0.00015951004682685435,2.0552694563700983e-11,1.493467526765749e-10,0.9368981210246364,5.035476864363183e-10,0.0629423680738408,1.5296598909636473e-10
20190503_sample_1,Vip,Vip,0.5272408553620662,1.527637414556531e-06,3.4750548541455964e-06,1.4043686086949608e-06,0.0003911456266080206,3.740679890408874e-05,0.0007241849268154096,0.4716000002247287,0.5272408553620662
20190503_sample_3,Vip,Vip,0.7941609148522993,0.00016791066205821534,1.1640172563277951e-08,5.967101429530927e-07,0.09787736274809275,0.09699083229332327,0.0003819904868738931,0.010420380607036973,0.7941609148522993
20190506_sample_1,Vip,Vip,0.9973766947952719,4.7473157022136935e-06,2.5496474308210323e-10,1.3485787848495224e-09,0.002264006312391428,4.775858952025577e-06,0.0002315757247036815,0.00011819838943535081,0.9973766947952719
20190506_sample_2,Vip,Vip,0.998928279282018,3.908753825597882e-08,1.8009526793993822e-10,3.201951158347204e-08,0.00046494514669798734,2.353050389048326e-07,0.0005265165610425749,7.995241805755297e-05,0.998928279282018
20190506_sample_3,Vip,Vip,0.9996402772535015,1.8329943784407964e-08,2.2827472382547452e-10,6.76683502281288e-08,6.935063555870373e-05,9.716278691286528e-07,0.00027641723631918877,1.289702018281276e-05,0.9996402772535015
20190506_sample_4,CT,IT,0.6508660868878486,0.34547192108069996,0.0036505579384747415,0.6508660868878486,2.7715802186820517e-07,1.0146598476039738e-09,8.169868060647158e-06,2.316963782250759e-06,6.690884521282163e-07
20190506_sample_5,Vip,Vip,0.9672314864190135,3.2717441502473814e-08,1.2851436257055607e-11,1.6159755418190018e-08,0.018743741254596814,1.7959238418799527e-09,0.014024717567237294,4.073180227097093e-09,0.9672314864190135
20190506_sample_6,CT,CT,0.9988733962262649,0.9988733962262649,9.433724243723611e-05,0.0009798127810382899,1.1431619128661209e-05,4.14481188221176e-07,1.522883096851551e-07,4.03180015863429e-05,1.3736004649708718e-07
20190506_sample_7,Vip,Vip,0.9919666238640508,1.3271375311883584e-06,2.1945248971672405e-08,7.107641614297516e-09,2.7729229048538445e-05,0.007750309001879577,3.4311949604453905e-06,0.00025055051963894347,0.9919666238640508
20190507_sample_2,Vip,Vip,0.9969149507050102,2.583789082557444e-08,2.1597311537555796e-08,5.070207361344365e-08,0.0004264873464253938,9.645330593211472e-05,0.0008248803693209838,0.001737130136035486,0.9969149507050102
20190507_sample_3,CT,CT,0.9369050099660666,0.9369050099660666,0.0019458190181613107,0.06114818330774359,5.309024763110403e-09,2.380536184210495e-09,5.114626718741915e-07,4.663984926047566e-07,2.1573031383465333e-09
20190507_sample_4,Vip,Vip,0.9663425815477367,7.119040297992987e-09,8.400750954459892e-08,1.2365032248059054e-07,0.0026294251496734827,1.4993058669385291e-06,0.030450203632722606,0.0005760755871280054,0.9663425815477367
20190507_sample_5,Vip,Vip,0.7686287167276854,4.0803594656891246e-06,4.154015454002011e-07,1.9981501868249826e-07,0.2220741075695975,1.4385250595997871e-05,0.00892793781962131,0.0003501570564700019,0.7686287167276854
20190507_sample_6,Vip,Vip,0.9942601741604619,1.9749147409073732e-07,3.4103929536747613e-10,1.8546984273726817e-09,5.613882704962737e-05,5.297526987661397e-08,0.0053811589688743874,0.00030227538113245883,0.9942601741604619
20190508_sample_1,Lamp5,Lamp5,0.9937842884053364,2.651904046408512e-07,2.765973011676524e-09,1.3847672754795447e-05,0.9937842884053364,0.0003789209179256086,0.003174138455665784,2.9306446443384296e-06,0.002645605947295521
20190508_sample_2,Sst,Pvalb,0.7488230733336163,1.3296145475038454e-06,3.707885939460747e-06,4.236661180724263e-07,0.014801470155814539,0.7488230733336163,8.223565685587765e-05,0.16345573335115743,0.07283202633595094
20190508_sample_3,Lamp5,Lamp5,0.9986998451134571,1.045334996062738e-06,1.7346752759734873e-10,3.613015797923256e-09,0.9986998451134571,5.73441658931469e-05,8.115646864871144e-05,1.9002448509394223e-06,0.0011587048856706984
20190508_sample_4,Sst,Sst,0.9895083973535617,3.969636330176661e-06,0.00012280774856744903,4.6990917230461625e-07,3.5059837042432865e-08,1.1690017139453558e-06,7.2519474151246855e-06,0.9895083973535617,0.010355899343402052
20190508_sample_6,Pvalb,Pvalb,0.9913084931288558,1.9307295622019037e-07,8.790242162243395e-05,1.2322607726299945e-07,1.864876234253789e-05,0.9913084931288558,1.064296579476602e-06,0.008582485787788743,1.089303777522375e-06
20190508_sample_7,Sst,Sst,0.9978025766863735,4.3115411208996205e-05,0.002138160338755042,4.1626965800358405e-07,3.3654519361381654e-06,8.306525194796869e-06,1.6083907340574906e-06,0.9978025766863735,2.4509261391095753e-06
20190509_sample_2,Vip,Vip,0.9709760427820832,7.092263853736803e-09,4.3468324248023086e-10,1.9791986236074362e-07,0.0008069213114272984,2.7903611119523254e-09,0.0282151659558815,1.6617134374085806e-06,0.9709760427820832
20190509_sample_3,Lamp5,Sncg,0.29570153023420936,0.0060804886645974875,0.012635225888540009,0.07056041750531268,0.27090072836194706,0.027820456659862526,0.29570153023420936,0.24341004512855297,0.07289110755697785
20190509_sample_4,Vip,Vip,0.9956159829201561,2.8380978504974006e-06,4.773841494784913e-09,2.446100884452601e-08,0.002187201728374115,1.594713547926997e-05,0.0005633829125543932,0.0016146179707354112,0.9956159829201561
20190509_sample_5,Lamp5,Lamp5,0.8543678544264637,3.0730182541149255e-05,1.5390507208602216e-08,1.6760205179043497e-07,0.8543678544264637,0.06650358666642993,0.0005311210322742161,1.4872696736518868e-05,0.0785516520029954
20190509_sample_9,Vip,Vip,0.9797918554782501,9.93862120850804e-05,1.2553015580863747e-07,3.155224672231497e-08,0.002537992267755673,0.0007424594846680562,8.315770109936313e-05,0.016744991773739025,0.9797918554782501
20190513_sample_1,Lamp5,Vip,0.45628610902410105,0.00031546533108865835,6.9250221474173015e-06,0.00020953181311891437,0.4048034726364804,0.030141924231195636,0.061464047873289705,0.04677252406857822,0.45628610902410105
20190513_sample_2,Vip,Vip,0.9892609602215984,2.3446103486377246e-05,3.4044962996637362e-09,1.0450642269849056e-06,0.006500651718275628,0.00014543237974156244,0.003431189438761992,0.0006372716694128039,0.9892609602215984
20190513_sample_3,Vip,Vip,0.9711868493160823,5.171967355280693e-07,4.7620352576461466e-08,4.156153316134114e-06,6.682695773882804e-05,4.67777957217793e-08,0.028661602361444077,7.995361653460246e-05,0.9711868493160823
20190513_sample_4,Vip,Vip,0.9957917028029486,4.457157214846725e-07,9.547799380778033e-13,6.493340078215819e-09,0.00303014268433509,6.60527620612343e-08,0.0011775012166350468,1.3503330284924222e-07,0.9957917028029486
20190513_sample_5,Lamp5,Lamp5,0.9985159093627266,1.0870708321145736e-07,8.681995883537455e-09,2.7561987649452754e-07,0.9985159093627266,6.01762755501911e-05,0.0007028025771665213,8.536575939473809e-06,0.0007121821996617124
20190514_sample_2,Pvalb,Pvalb,0.999894514296529,3.0435339523332413e-09,2.1929506597284753e-06,1.40229278973173e-10,4.898216974128098e-08,0.999894514296529,8.029302789085968e-09,0.00010322344411269396,9.113462744170765e-09
20190514_sample_4,Lamp5,Lamp5,0.9985608049744029,2.823348181079488e-06,5.188861749107197e-10,3.321999719624305e-08,0.9985608049744029,0.00018173439581623777,0.0007481731360828362,5.559077476893501e-05,0.00045083963186452037
20190514_sample_7,Lamp5,Pvalb,0.6970778429208979,5.081269227993496e-05,8.017730535977165e-07,9.64556932095786e-07,0.24664610394180933,0.6970778429208979,0.008525858380988868,0.005301541039096978,0.04239607469494138
20190514_sample_8,Pvalb,Pvalb,0.7913415810785791,2.524169372743869e-09,6.315735593747272e-05,9.869882294882199e-11,8.709389232710593e-10,0.7913415810785791,1.0499662228316326e-07,0.2085951512333725,1.841681458581573e-09
20190515_sample_1,Lamp5,Lamp5,0.9993810460752711,7.232474281024026e-06,3.173436659227995e-09,8.898630723477981e-08,0.9993810460752711,0.00019269777706170903,0.00011730762165102618,0.00014081463237872074,0.00016080925961254239
20190515_sample_4,Vip,Vip,0.9580250663161559,3.5795114933941255e-08,7.349801533263015e-10,1.1490041715268872e-06,0.0344939854618991,0.0002867476216938857,0.003797889173766186,0.0033951258922184234,0.9580250663161559
20190515_sample_5,Lamp5,Lamp5,0.9960845392196116,2.1719872907906908e-10,5.170532264444065e-10,5.012599112705846e-06,0.9960845392196116,0.0002854217846259812,0.0008476009532039784,1.3900578830712405e-05,0.0027635241303631598
20190515_sample_6,Vip,Vip,0.9733059575574132,1.7847336849792076e-06,6.735651676670684e-08,3.55685771673459e-06,0.02450532105265239,2.803128952111011e-05,0.0006384799687567796,0.0015168011837378645,0.9733059575574132
20190515_sample_7,Lamp5,Sncg,0.9552013113614763,2.351608124438705e-07,2.2171015134996407e-05,4.269940768767081e-06,0.023159113500244043,3.2860286572002037e-05,0.9552013113614763,0.009116685013509264,0.01246335372148221
20190515_sample_8,Vip,Pvalb,0.8020728232824689,0.0001435837665571807,2.1588349226514283e-06,0.017527066252320977,0.00022632371840890583,0.8020728232824689,8.054800866278594e-05,1.830033235237218e-05,0.17992919580430633
20190515_sample_9,Lamp5,Vip,0.9936027200208352,5.260347686808265e-07,2.405427724359502e-11,3.5202150690154952e-09,0.0061902713643049645,1.4866159297527298e-05,0.0001888055458553167,2.8073306692214546e-06,0.9936027200208352
20190515_sample_10,Vip,IT,0.5381340990992266,0.4539343146946626,0.003007937103718388,0.5381340990992266,2.2444907925814785e-05,0.004447253237510953,3.1345271503071035e-05,9.197029700237627e-07,0.0004216859824823701
20190515_sample_11,Lamp5,Lamp5,0.9946129633200788,8.034597694702081e-07,4.5027259810472107e-10,9.889045362942952e-08,0.9946129633200788,5.6605995895692794e-05,0.005114546535036606,1.2407498035060539e-05,0.00020257385045832502
20190515_sample_12,Vip,Vip,0.8782796017162365,1.4253031260903995e-05,3.871678301635813e-08,3.4965314167781315e-07,0.11408089507418849,0.0053968664626406785,0.002180773006211672,4.7222339537137e-05,0.8782796017162365
20190515_sample_13,Vip,Vip,0.9865708963450873,8.325352198749283e-08,1.3593614641505732e-10,2.672500220014531e-09,0.0012559998042792641,6.580924637156875e-07,0.011421756964943528,0.0007506027312678659,0.9865708963450873
20190515_sample_14,Vip,Vip,0.9982888708922681,3.5468213027599975e-08,1.5237403406564005e-11,1.0932193938174492e-06,0.0008607367114161447,0.0008126804851683123,9.020826427234689e-06,2.7562381875884153e-05,0.9982888708922681
20190515_sample_15,Lamp5,Lamp5,0.997669327603208,4.5916010445224476e-07,3.245911420849565e-08,1.725186347847955e-07,0.997669327603208,0.0007291235316928346,4.359285017780545e-06,0.0009593112903554171,0.00063721415187242
20190516_sample_2,Sst,Vip,0.6093038859953978,8.390710606596826e-06,0.0040738954225697085,4.955889130571636e-05,0.0005084429695478987,4.173904823109234e-06,0.009888118752045335,0.3761635333537038,0.6093038859953978
20190516_sample_3,Lamp5,Lamp5,0.931898695346851,1.273312638340192e-07,9.431493359951632e-08,8.010240667440125e-06,0.931898695346851,0.0666939255064847,2.9790139926065642e-05,0.0013416897072541746,2.7667412619188286e-05
20190516_sample_4,Sst,Sst,0.9999475079630767,2.0328782780099604e-07,1.8190317440776912e-05,1.5221448276000365e-09,5.283320336115074e-10,4.7494227736745245e-08,1.1496756512959768e-05,0.9999475079630767,2.2552130437256262e-05
20190516_sample_5,Lamp5,Lamp5,0.9950263844044215,2.3069995717650464e-06,5.703181909533179e-10,2.3922017348195956e-07,0.9950263844044215,0.00011970778565253199,0.001746091535939545,0.00020411490447136735,0.0029011545794516065
20190516_sample_6,Sst,Sst,0.9961915328343698,3.158038912398686e-05,0.00017352825386409437,1.4558640140974767e-05,0.00020221716681961092,0.0030721395644635946,0.00016340070885010702,0.9961915328343698,0.00015104244236783282
20190522_sample_1,Lamp5,Lamp5,0.7063957866672909,1.3794764734700224e-06,6.592121707001677e-07,2.7265500261838838e-05,0.7063957866672909,0.00024075777423034327,0.16961378218494488,0.09775086085738116,0.025969508327246777
20190528_sample_2,Vip,Vip,0.9895300329503783,0.0003801519088128539,4.846167533786485e-11,4.2736721713443544e-08,0.010026879932626884,1.4473627556457765e-05,4.365719800525453e-05,4.7615974366583715e-06,0.9895300329503783
20190528_sample_4,Vip,Vip,0.9970883201969356,7.006210621128368e-09,4.0472465817262334e-11,1.0781381317060634e-10,0.002681288456271566,3.8017033765734463e-06,0.00022386748224507137,2.7150066742476145e-06,0.9970883201969356
20190528_sample_6,Vip,Vip,0.9957038816928525,1.0470802408821028e-05,5.447672203644483e-11,3.679175300205567e-08,0.002673960435528574,1.8309504528722948e-06,0.0016084764802351732,1.342792292371818e-06,0.9957038816928525
20190528_sample_7,Lamp5,Lamp5,0.9962778772215325,3.133420529152821e-06,1.0049627531827704e-07,4.577746425791067e-05,0.9962778772215325,0.002082426201921424,0.0005911005601404695,2.6849369470142973e-06,0.0009968996983961748
20190528_sample_8,Vip,Vip,0.9950959372825803,3.4218753255264434e-05,4.68019790107867e-09,2.7615293387838324e-09,0.003603326353978185,6.172507081968793e-05,0.00025339710413281445,0.000951387993506602,0.9950959372825803
20190528_sample_9,Vip,Lamp5,0.8948831068739769,2.3763576968090542e-05,2.152070611494801e-10,2.5067515600239e-07,0.8948831068739769,2.069693521898055e-05,0.001817931164439113,4.305553035506223e-06,0.10324994500599853
20190529_sample_2,Vip,Vip,0.9653850686127914,1.1539099107220246e-05,2.621685260347686e-05,3.0157239388166394e-05,0.02072007304226012,0.0021827943986593846,0.009261713544845063,0.0023824372103453347,0.9653850686127914
20190529_sample_3,Sncg,Vip,0.340264058277423,7.577487908682899e-06,5.95955411365358e-06,0.016246291772912445,0.27721524780053536,0.026450683248455,0.0009578421161118525,0.3388523397425401,0.340264058277423
20190529_sample_6,Vip,Vip,0.895711694925618,2.1512155551960153e-08,2.0080185701147898e-08,1.2481049136197727e-08,0.10169869102960154,1.7410660391875533e-06,0.002406562762701958,0.00018125614264901708,0.895711694925618
20190603_sample_1,Lamp5,Lamp5,0.7337810500017502,0.001200381901412576,3.992868088568469e-06,4.681999057838763e-05,0.7337810500017502,0.0043061545200019195,0.12768506354697284,0.033788618086919145,0.09918791908427624
20190603_sample_2,Vip,Vip,0.8389406343848953,6.692090387739498e-06,4.745577973902195e-09,6.640234700279675e-07,0.04114743343010972,3.601801776649157e-06,0.1198128475789722,8.812194481039047e-05,0.8389406343848953
20190603_sample_3,Vip,Vip,0.9933300689268646,4.54132784387609e-07,4.8180054962391545e-09,2.198494647539963e-06,0.00014222255903862242,0.006255128675602406,0.00020927560756262505,6.0646785494265764e-05,0.9933300689268646
20190603_sample_4,Vip,Vip,0.9982805349759968,2.0492564294818718e-06,9.303424707037875e-11,2.4429993027598966e-08,0.0014582554395890636,8.350030655082696e-07,0.00020326529093890822,5.503551095310937e-05,0.9982805349759968
20190603_sample_5,Lamp5,Lamp5,0.9980758122742096,3.059611539635009e-08,1.829579947665989e-11,9.101283584160924e-08,0.9980758122742096,1.2560472536979415e-05,0.0016841915606443296,1.638887371193496e-06,0.00022567517799082891
20190603_sample_6,Lamp5,Lamp5,0.9980170586292761,1.6974006531989984e-07,1.566821651212906e-09,5.307591126273272e-07,0.9980170586292761,0.0003673479348979718,5.9945929145104636e-05,2.2891055850200737e-05,0.0015320543848306787
20190603_sample_7,Lamp5,Lamp5,0.8335877941912424,3.228845762951057e-05,1.0109924651528058e-06,2.7110107281405007e-06,0.8335877941912424,0.0018322382827489095,0.1332601896503015,0.01286828508979342,0.01841548232509119
20190603_sample_9,Sncg,Lamp5,0.8108834637165816,1.8508324861435905e-07,7.643021058002458e-08,3.36612247311565e-06,0.8108834637165816,0.001273307693279166,0.02297438268521247,2.2730927772323937e-05,0.16484248734122214
20190603_sample_10,Vip,Vip,0.9998035117031953,0.00010052352671755442,1.77884356276636e-11,1.4997979619791467e-08,8.282428571679631e-06,2.0943849213504673e-08,5.44997341719538e-05,3.3146647726151467e-05,0.9998035117031953
20190604_sample_2,Pvalb,Pvalb,0.9579604760915906,1.913703300414279e-07,0.0083912739429521,2.8724368223034017e-07,1.682142434880635e-07,0.9579604760915906,3.8566078899934485e-07,0.03364721231240243,5.164010075757124e-09
20190604_sample_4,Lamp5,Lamp5,0.999399524537193,2.3499144889575794e-06,2.1980053386875045e-09,2.9303554457126065e-08,0.999399524537193,0.0005856544758073253,9.316435593333225e-06,2.8022618115292066e-06,3.208735459988503e-07
20190604_sample_6,Lamp5,Lamp5,0.9999944413334142,1.4995202747622408e-10,1.4966263006224368e-13,2.2153143198695984e-09,0.9999944413334142,4.9998510922580725e-06,3.9665053573234964e-07,2.0773350565990336e-10,1.595918083251179e-07
20190604_sample_8,Pvalb,Pvalb,0.999989734248314,7.841566158664081e-10,7.120233727834393e-09,1.4993271509119012e-09,7.14164238473571e-06,0.999989734248314,3.09339353050677e-09,3.1096468676919723e-06,1.965322348051609e-09
20190604_sample_12,IT,IT,0.8465427321155751,0.15345487180521772,2.359155528161376e-06,0.8465427321155751,1.2183505793600496e-09,2.8434609797351066e-13,5.448164059547129e-09,1.6614054531127904e-09,2.859547457933925e-08
20190605_sample_2,Vip,Vip,0.8974554351826098,1.3850657695724248e-07,4.7994824504702124e-08,1.6013279530937169e-06,0.09365774215546911,0.0007944509310399749,0.00798866850204855,0.00010191539947812484,0.8974554351826098
20190605_sample_4,Vip,Vip,0.9922792673890408,1.40095628223512e-06,1.5882010176406588e-08,4.929660674312546e-07,0.0011762709760442134,0.00019470522237877808,0.003836195306425357,0.002511651301750911,0.9922792673890408
20190605_sample_5,Lamp5,Lamp5,0.9993223515660821,1.17697154169666e-08,2.564134881869485e-11,4.879739334560562e-07,0.9993223515660821,2.4349258845403015e-05,3.065237490604092e-05,4.018606598217682e-09,0.0006221430122695068
20190605_sample_6,Vip,Sst,0.9355086253330158,0.0007750183140655655,2.085588623789841e-06,6.123774746140433e-07,2.0601214789006657e-05,0.001230480402740389,6.548957073907326e-06,0.9355086253330158,0.06245602781221704
20190606_sample_1,Pvalb,Pvalb,0.9999943401721528,1.5374038290470062e-08,3.924966366717494e-09,6.002506796625198e-14,3.0620044703488834e-08,0.9999943401721528,3.768707791592657e-10,5.608773712681468e-06,7.581541175913243e-10
20190606_sample_2,Pvalb,Pvalb,0.9931632861401574,3.676209819971675e-09,4.401821742244889e-08,6.307939756035342e-10,0.006184682222675074,0.9931632861401574,9.599204089076206e-06,0.0006418735069577867,5.106008995269707e-07
20190606_sample_3,Pvalb,Vip,0.5345845913472348,0.0006444099701300485,1.0701702267412233e-05,0.028876592960118862,0.0009096721442129132,0.4308339704757925,0.00412401595607259,1.6045444170885534e-05,0.5345845913472348
20190606_sample_5,Pvalb,Pvalb,0.9588851273312078,6.746021885755812e-07,7.043890572729531e-07,2.5320421792745707e-06,0.011490842959612682,0.9588851273312078,7.590939537647967e-05,0.028940865852171548,0.0006033434282063103
20190606_sample_6,IT,IT,0.9999999648747128,3.256087321163926e-08,2.559703513415337e-09,0.9999999648747128,1.39140235010118e-13,8.249068801430475e-16,3.217220432513284e-12,7.935500767031929e-16,1.3524212598422068e-12
20190606_sample_9,Sst,Sst,0.9734726458037974,0.002190032011293781,1.0580595978937512e-06,1.8132022691286757e-09,0.0003633808466308243,0.0019604522035680666,0.0027830772964445058,0.9734726458037974,0.019229351965465397
20190607_sample_2,Sst,Sst,0.9911997483124076,2.5383848824916677e-05,2.535950408146009e-05,8.540074386537553e-10,4.98636390605563e-07,4.143092166924518e-05,1.604355667762017e-07,0.9911997483124076,0.00870741748705186
20190607_sample_3,Lamp5,Lamp5,0.9255873895397128,1.2934029388851042e-05,6.518684035178787e-07,2.7402451171252914e-08,0.9255873895397128,0.07392536407219574,3.159016308606031e-05,0.0003425982310386027,9.944469372339559e-05
20190610_sample_1,Sst,Pvalb,0.6593000746299338,1.8249376182180164e-05,0.00013451144014828465,5.184619265578666e-07,0.0004157253880895991,0.6593000746299338,0.0016417582750423764,0.3384012150514326,8.794737724461889e-05
20190610_sample_2,Pvalb,Lamp5,0.9289447640133783,1.7598269230135822e-05,8.19124979031331e-07,8.379109611378701e-07,0.9289447640133783,0.023964323753193774,0.003615973088583591,0.0010973789172206852,0.042358304922453384
20190610_sample_3,Lamp5,Lamp5,0.9723128577686165,1.4594561097938461e-05,3.205073919731726e-10,1.4834287220392516e-08,0.9723128577686165,0.027517433056758144,4.284474179369993e-06,5.447549169591399e-07,0.00015027022963644398
20190610_sample_4,Pvalb,Pvalb,0.9931634713670494,1.4783591898768394e-06,8.745727708417344e-07,5.607794461704479e-07,0.0006271910259133956,0.9931634713670494,0.00014782882626266644,0.002294136046347919,0.0037644590230197514
20190610_sample_8,Pvalb,Pvalb,0.5886048264536763,0.00024915309498316684,6.381142669388445e-06,1.4605004139213703e-05,0.39427927288557146,0.5886048264536763,0.0012214447097457298,0.007884661032698848,0.007739655676515723
20190610_sample_9,Lamp5,Lamp5,0.9112702476941164,1.6473601696806037e-05,5.235444508611801e-09,3.929132015847061e-06,0.9112702476941164,0.06446326810012123,4.343052785529101e-05,8.117908138453109e-05,0.02412146662736568
20190610_sample_10,Pvalb,Sst,0.8978718462766377,0.0009193080201790303,3.421234890443961e-06,1.824275717737313e-06,0.00041974844082533355,0.10027204005460066,1.894870788730753e-06,0.8978718462766377,0.000509916826360507
20190610_sample_12,Pvalb,Pvalb,0.9470467377994732,1.7448820645991015e-06,0.00044784238605608635,6.359783041245012e-08,9.51812895041499e-06,0.9470467377994732,1.2572107482107832e-05,0.05247913793277099,2.3831653721175627e-06
20190610_sample_16,Lamp5,Sst,0.8274332294751445,0.0004045255324061152,8.40241114020359e-07,2.6037504182585643e-06,0.13729337670454095,0.005166154179526504,1.816118535438575e-05,0.8274332294751445,0.02968110893149519
20190610_sample_18,Vip,Vip,0.9268945087835411,3.791814644899039e-08,1.7402414505351423e-09,5.893743529248052e-07,0.00016999745859594788,3.4784288276723417e-10,0.07252925807711781,0.0004056063001613345,0.9268945087835411
20190611_sample_1,IT,IT,0.9070272018732966,0.07430011522669995,0.009973852478555291,0.9070272018732966,0.0014299663556525024,5.3149679360186674e-06,0.0038417137621090834,0.0006317253348771677,0.0027901100008734148
20190611_sample_3,Lamp5,Lamp5,0.9993242342678391,5.760965880467465e-07,2.055326049224715e-09,2.8294782538418114e-07,0.9993242342678391,1.453736171397903e-05,0.00048177429416061126,0.00014060924152256172,3.79837350241287e-05
20190611_sample_4,Sst,Sst,0.8586308341910577,0.0025363023675367834,4.290497048046786e-05,1.4648057484826896e-06,0.0005658715917958202,0.05964014537384824,0.00040028276158465836,0.8586308341910577,0.07818219393794779
20190611_sample_7,Lamp5,Lamp5,0.9987317336823546,8.887122899050718e-07,3.768518644067719e-10,3.313981489650096e-06,0.9987317336823546,0.0006041634108641849,0.00023937555948802257,1.3702639793735048e-06,0.0004191540126825192
20190611_sample_8,Sst,Sst,0.9931306053470704,0.0030269583016175306,6.734104320979255e-05,4.0396358022908555e-07,7.073006123997363e-05,0.003075241833895699,0.0003622162673803415,0.9931306053470704,0.00026650318200612764
20190611_sample_10,Sst,Sst,0.7959023579228426,2.8459058356615246e-07,1.868715575437831e-07,1.6568863347560803e-07,0.1560989500330209,0.04126830325123986,0.00025737378975340094,0.7959023579228426,0.006472377852368585
20190611_sample_11,IT,Pvalb,0.8795689110847135,2.529217449838085e-05,0.006991162421792078,2.254204873308325e-10,1.340826281739138e-07,0.8795689110847135,6.459242736569415e-07,0.11341385390419337,1.8248040682395907e-10
20190611_sample_14,Sncg,Vip,0.9183781533969846,3.2391966267566616e-07,1.9634411235264714e-07,1.581229455536483e-08,1.1652248488232224e-06,3.2648619173008184e-09,0.0809885928606423,0.0006315491765926432,0.9183781533969846
20190611_sample_15,Lamp5,Vip,0.5903476452056664,0.00020133461481387492,1.2322623361640855e-06,6.788498893239969e-07,0.32082385562936677,0.061532059908949166,0.026831374074435074,0.000261819454543317,0.5903476452056664
20190612_sample_1,Lamp5,Lamp5,0.9828319776403891,5.819012168861706e-07,3.876861661669928e-09,4.6900465399122815e-07,0.9828319776403891,0.00010789746759831052,0.005584636181002303,0.00013873856232004628,0.011335695365957799
20190612_sample_2,Pvalb,Pvalb,0.9877675848854444,3.835710459020816e-08,1.945183158710423e-06,6.062561279232217e-09,4.5774823892438586e-05,0.9877675848854444,3.960458260296214e-07,0.012153489598768339,3.076504324409455e-05
20190612_sample_4,Vip,Vip,0.9975474795390518,1.4575995684850856e-07,7.088730587515255e-11,5.241283769241324e-09,3.9915227227211425e-05,6.504584538977962e-07,0.0022006683980703486,0.0002111353050690212,0.9975474795390518
20190612_sample_6,Pvalb,Pvalb,0.9994848426349131,4.010034065577332e-08,7.64366738701096e-07,1.7684057130392326e-09,2.6603179836529206e-05,0.9994848426349131,1.2967942867648564e-06,0.0004847129325961472,1.738222882508336e-06
20190612_sample_7,Lamp5,Lamp5,0.996805377113953,2.292803170741994e-08,3.5105569201091087e-09,2.0288541531507463e-07,0.996805377113953,0.0005489591747095796,0.0025342652064086085,5.243865331570394e-05,5.8730527608962835e-05
20190612_sample_8,Lamp5,Lamp5,0.9913233288428235,1.3573038578951507e-07,1.6559711598750742e-10,2.0323016017903227e-08,0.9913233288428235,0.0012314697627110825,8.198247970392169e-05,8.701684478282278e-06,0.007354361011284166
20190613_sample_2,Sst,Sst,0.9389036374096137,0.0002680456743209273,0.011970149027635529,0.00011128930461736033,0.001297086784511792,0.0034734696243055143,0.00470702242307652,0.9389036374096137,0.03926929975191866
20190613_sample_3,Sst,Sst,0.9990531042960162,1.4331285496558956e-07,2.29795662553127e-05,3.7037569096017106e-09,2.5895778255783225e-08,0.0007434943913268692,5.0668325860397205e-06,0.9990531042960162,0.00017518200142547377
20190613_sample_4,Sst,Sst,0.9668077047443541,1.1745326762619289e-05,3.351129656971649e-06,3.919026283307736e-06,0.01599994301410106,0.0006452111757326726,0.015009775071328347,0.9668077047443541,0.0015183505117809652
20190613_sample_6,Pvalb,Sst,0.5993419081517625,0.0002603048457074483,0.014498109636367095,1.1801852697715504e-09,2.5699396074480273e-07,0.3858952280557793,2.315330558466982e-06,0.5993419081517625,1.8758056793354384e-06
20190613_sample_7,Sst,Sst,0.9999999367372556,1.9471165517968286e-10,3.881923912999649e-09,3.4248132586044925e-14,5.859188091246127e-11,5.486441969431246e-08,9.104473574086228e-11,0.9999999367372556,4.172018305348167e-09
20190613_sample_8,Pvalb,Pvalb,0.9982716071008713,1.3748090556111272e-10,5.778682248314605e-07,1.423467269732654e-15,2.8130891524169846e-10,0.9982716071008713,9.250825647045695e-10,0.0017278136628797154,2.41502279117009e-11
20190613_sample_9,Sst,Sst,0.549012969890621,0.0019078224543941885,0.005637012259874792,4.25531884758265e-05,0.16768385502009708,0.26275042258987824,0.005875425231460515,0.549012969890621,0.0070899393651984105
20190613_sample_10,Sst,Sst,0.9990337765069506,0.00013313793850403962,2.319801557252003e-06,6.173424903862002e-10,1.260234063612146e-07,0.0004866804273083,1.9059382046647595e-08,0.9990337765069506,0.00034393962554892367
20190614_sample_2,Vip,Vip,0.9999924868674718,2.4134561066923966e-10,1.1631975567763594e-12,4.792652808671602e-12,5.310515093444999e-07,5.663939648947081e-11,6.96210184023016e-06,1.9675237673674796e-08,0.9999924868674718
20190614_sample_3,Lamp5,Lamp5,0.5784232995120737,0.0051032345512838926,2.5262734724004054e-06,0.0023877835303088134,0.5784232995120737,0.006890545566658487,0.005254446613818595,0.02444536854074203,0.37749279541164205
20190614_sample_4,Vip,Vip,0.9917461494980047,7.885157324277491e-06,6.072540699537088e-10,4.326814225650863e-08,0.0008721885567315253,0.00017767696482212097,0.00018164386658907437,0.007014412081131819,0.9917461494980047
20190614_sample_6,Vip,Vip,0.9956835362158664,7.1811683458289765e-06,2.2047172341286504e-09,1.4634188805167054e-08,7.915301354780468e-06,7.166774338549797e-09,0.0039039008301425125,0.00039744247861012464,0.9956835362158664
20190614_sample_8,Vip,Sst,0.8208351345058635,0.0006079389494602735,1.6256210566068052e-05,1.4246026712506017e-05,5.412320789714938e-06,0.00023338589367749582,0.00015579548782077693,0.8208351345058635,0.17813183060510956
20190617_sample_1,Lamp5,Lamp5,0.9777391127938722,0.00017624264300864677,8.837028945300652e-07,3.96347379789377e-05,0.9777391127938722,0.01695320500832603,0.004970197934828622,9.284780983210421e-05,2.7875369258992967e-05
20190617_sample_2,CT,CT,0.8629544310926025,0.8629544310926025,0.1187629260102378,0.01827522157464746,1.1953913758390565e-07,1.627603367929721e-07,1.5429226839455243e-07,6.984014308654395e-06,7.164607419405439e-10
20190617_sample_3,Sst,Sst,0.9659363123490671,3.3480067223491115e-05,3.1685054521461552e-06,7.061944429417052e-07,0.010317197979544866,0.016953003441516772,0.00031927661551449713,0.9659363123490671,0.006436854847238156
20190617_sample_4,Sst,Sst,0.9995966707521362,2.766247498020281e-07,6.686950151807917e-07,6.453683734751006e-08,2.3420583969573045e-05,0.00012111102161988413,1.6073539504220707e-05,0.9995966707521362,0.0002417142461677147
20190617_sample_5,Sncg,Lamp5,0.538432768120619,2.164941185158477e-06,3.855503485831548e-06,2.7419289832325005e-06,0.538432768120619,1.6661790746699346e-05,0.07329821087181196,0.04860408498255251,0.3396395118606155
20190617_sample_6,Sst,Sst,0.9996390701738943,3.1751324590693694e-05,3.0827545750634566e-05,3.5110220223704324e-07,6.213265143965359e-07,8.135897995444148e-06,2.9183911914398894e-06,0.9996390701738943,0.00028632423786065415
20190618_sample_2,Vip,Vip,0.9859259355535093,9.59170585406376e-07,2.8842688224958126e-08,2.793412523269383e-06,0.001829815001441157,2.217315516425663e-06,0.0020326735662092484,0.010205577137526942,0.9859259355535093
20190618_sample_4,Vip,Vip,0.9786912075805949,0.00040265741802629295,1.562723186515587e-08,1.0311098171512683e-06,0.001970988496304352,1.8292289196553536e-05,2.326636878459902e-06,0.018913480841950495,0.9786912075805949
20190618_sample_5,Vip,Vip,0.9547106382262898,2.0353634192684743e-05,5.809709516776314e-08,2.89627635345069e-07,0.0006878424394128245,5.200800578582354e-06,0.003063900609581219,0.04151171656521457,0.9547106382262898
20190618_sample_7,Lamp5,Lamp5,0.99840454602303,1.1375918448514814e-09,1.0634944172705621e-09,1.3379789559639038e-09,0.99840454602303,0.001592501723679011,1.204133030199696e-07,2.1915006794738003e-06,6.36800243299797e-07
20190618_sample_8,Lamp5,Lamp5,0.7203748785141576,1.9667924429654046e-07,4.1598163219126675e-07,5.635003229500703e-06,0.7203748785141576,5.678430814882987e-07,0.2601218915208823,0.0051922019132228,0.014304212544549829
20190619_sample_1,Lamp5,Lamp5,0.8411969223195989,0.00017903512110629366,2.052539112159359e-06,3.3349068946173814e-06,0.8411969223195989,0.005993015670079249,0.056895247332114,0.00011775822299233615,0.0956126338881025
20190619_sample_3,Pvalb,Pvalb,0.9989262418523014,1.1719740258732078e-08,7.913021692200097e-05,3.984075987406619e-09,9.12293955489824e-08,0.9989262418523014,1.3198438374567326e-07,0.0009943803189406335,8.694240228770995e-09
20190619_sample_4,Pvalb,Vip,0.5025535848189767,2.8219213494731258e-05,5.3084554716300626e-05,0.04311421302725995,0.0005765344171726765,0.4535062717269211,0.00015528015258397935,1.2812088874597657e-05,0.5025535848189767
20190619_sample_5,Pvalb,Pvalb,0.9949137493225351,7.683771394893873e-08,4.568694757234945e-06,2.0999603857824753e-10,1.7119958725308549e-10,0.9949137493225351,2.558821667169345e-10,0.005081368031549275,2.364763667885305e-07
20190619_sample_6,Lamp5,Lamp5,0.937702058489268,3.454896145104941e-06,2.3612148013851506e-09,8.115052762883448e-08,0.937702058489268,0.062280834686997244,4.632571680748833e-06,2.6604261166767852e-08,8.909239905177101e-06
20190620_sample_1,Lamp5,Lamp5,0.9904692255848027,6.65161099055499e-06,1.4170569040731912e-08,9.68083058092896e-07,0.9904692255848027,0.0010003045519515882,0.004640866478315597,0.0004793986277356901,0.003402570892576734
20190620_sample_2,Sst,Sst,0.9907755885889383,1.481185706289026e-05,1.8962053120376968e-07,3.8136972663260726e-09,0.005178818113493145,0.0034869318051671265,0.0001775152010724818,0.9907755885889383,0.0003661410000375206
20190620_sample_5,Sst,Sst,0.9953922668720504,0.0002246756191343794,1.3774003316012999e-05,7.723885445710035e-07,0.0027764743895588254,0.0012648979745353668,6.19941430589107e-05,0.9953922668720504,0.0002651446098016077
20190620_sample_6,Sst,Sst,0.994549656676578,0.0009500888529771189,7.28328698185395e-07,8.790345394857226e-08,3.1213220418009055e-05,0.004072563271352281,5.696280405516649e-07,0.994549656676578,0.0003950921184820772
20190620_sample_8,Pvalb,Pvalb,0.9853937139622951,1.8045868280881053e-07,0.002815669852063696,4.831973260236281e-10,5.338210502297757e-08,0.9853937139622951,9.894022308582384e-09,0.011790370587309916,1.3803235894486286e-09
20190624_sample_1,Sst,Sst,0.9988648223969685,3.382596034052309e-09,0.0011323494637248423,3.7062524788914484e-11,5.671270645072953e-10,2.7216655586032394e-06,6.296749721626959e-08,0.9988648223969685,3.951946527235345e-08
20190624_sample_2,Sst,Sst,0.9247159202733071,0.037326936612348684,0.006384218888428959,0.026924109201588678,2.8626736792362124e-05,0.0038600840105421567,0.0005718627770363431,0.9247159202733071,0.00018824149995578634
20190624_sample_3,Sst,Sst,0.9970883975006634,5.721657237205001e-06,2.3167796416754357e-06,1.551222838363291e-07,2.03987203158939e-05,0.0012590590808115596,0.00010260646573801262,0.9970883975006634,0.0015213446733085818
20190624_sample_4,Pvalb,Pvalb,0.999219318560275,7.01151886208208e-08,2.7353551221215756e-06,2.9551426922875035e-12,1.4977749423662972e-07,0.999219318560275,3.3805933929418035e-07,0.0007773121148446213,7.601478098503091e-08
20190624_sample_5,Sst,Sst,0.9984607030061771,8.57451256531603e-05,0.0001524038163978386,3.404904270361775e-09,2.558547040348755e-05,0.0012560365815729557,1.2699285724799279e-05,0.9984607030061771,6.823309166307148e-06
20190624_sample_6,Sst,Sst,0.991717248699579,8.598222946491778e-06,0.002291242463751716,5.647855700023161e-07,0.0013943435588497535,0.004587172535406327,6.36812810931532e-07,0.991717248699579,1.9292108572027108e-07
20190625_sample_1,Vip,Vip,0.7265339391193616,0.00015468483450177022,8.269936154194488e-07,3.014133745099901e-05,0.09122611616307408,0.0020066416905750156,0.06707718459744767,0.11297046526397345,0.7265339391193616
20190625_sample_3,Vip,Vip,0.9245191591629954,5.818050417622588e-07,3.377079660012038e-07,7.149778199859774e-08,2.6010822865699404e-06,3.005668639721866e-05,2.4166029952025678e-05,0.07542302602757894,0.9245191591629954
20190625_sample_4,Vip,Vip,0.9429887279454912,2.756446198269236e-08,2.984646080804589e-10,1.0057632075476938e-07,0.0003040046483859438,8.091187308740313e-10,0.05670246729917461,4.6708585823035736e-06,0.9429887279454912
20190625_sample_5,Vip,Vip,0.6944026525130746,0.00019724493323641933,0.0013428995334987138,0.0007220506997181083,0.004323271327596215,0.0011576938394996968,0.11270046781130848,0.18515371934206776,0.6944026525130746
20190625_sample_6,Lamp5,Lamp5,0.7926132721995446,0.00021909389959771816,1.2399915881301215e-07,1.4429391230946546e-06,0.7926132721995446,0.08105844603512594,0.04130221528585794,0.08103662633789233,0.0037687793036995368
20190625_sample_7,Vip,Vip,0.9957199918660167,1.6262714767437556e-06,1.8830539846374944e-05,4.2566339126155105e-07,0.00019003710064051382,1.9837911366081587e-05,0.002159321381506829,0.0018899292657553511,0.9957199918660167
20190625_sample_8,Vip,Vip,0.9987685094790624,7.173158174396256e-09,2.3225084206414197e-10,6.7334010970941e-08,0.0005098356557135776,2.0912874479480258e-08,0.000721435769732909,1.2344319663968137e-07,0.9987685094790624
20190625_sample_10,Vip,Vip,0.7857666892102718,2.2299082915444704e-07,9.456578009505138e-06,0.00020670276748232795,0.0018884034274768038,0.010980559704550606,0.1977395332704191,0.0034084320509607637,0.7857666892102718
20190625_sample_11,Vip,Vip,0.9995866291084976,7.747451500456772e-09,1.7230049404717287e-09,7.381745419286227e-08,8.452435138515928e-06,5.987509023332729e-08,0.000402616067392464,2.1592259706930982e-06,0.9995866291084976
20190625_sample_12,Vip,Vip,0.9973337240874373,8.117660385073548e-08,1.2819262156913987e-10,6.910771757435664e-07,0.0002933286948044636,1.8554470074404346e-08,0.002371964044265367,1.922370508267727e-07,0.9973337240874373
20190625_sample_13,Vip,Vip,0.999580984210338,8.068347750968064e-07,1.029619562697084e-12,4.0950215636491e-09,3.4577598007646247e-06,5.593821528601081e-08,0.00040624212056732724,8.449040252310425e-06,0.999580984210338
20190626_sample_1,Vip,Vip,0.9865463404918458,8.567259598192738e-06,1.0017472942560128e-08,3.066892006301369e-05,0.0121529412268435,2.3955308170543863e-05,0.0010223951976657748,0.00021512157834021196,0.9865463404918458
20190626_sample_5,Vip,Vip,0.9988215656882874,9.514885508306143e-08,1.1177456653812646e-12,1.3863731947405974e-08,0.00012899793852236036,9.218701501951644e-09,0.0010186058522972045,3.071228848673381e-05,0.9988215656882874
20190627_sample_1,CT,CT,0.8844107705312853,0.8844107705312853,0.002217679605925915,0.11332090516411887,7.334448306832246e-08,2.241353899967472e-11,3.5473473920647893e-07,5.0215257568608057e-05,1.3394653104281782e-09
20190627_sample_2,Lamp5,Lamp5,0.9985181352400667,5.437168124219235e-07,4.0699678487933305e-10,3.3640584669031676e-08,0.9985181352400667,0.0013782202595259726,2.1714941960543853e-05,5.37921074551191e-09,8.13464148420708e-05
20190627_sample_6,Pvalb,Pvalb,0.8954834456680545,1.1707212528807554e-05,2.9024542009989744e-08,8.635589536381244e-07,0.09629067203993369,0.8954834456680545,0.005651836999972717,0.0005519446152550601,0.00200950088075939
20190627_sample_8,IT,IT,0.9241665563081916,0.07536658681269186,0.0004635766005815426,0.9241665563081916,9.050414691038542e-09,2.5922128562852093e-08,2.343764642626456e-07,3.007718674212668e-06,3.2108532126065735e-09
20190628_sample_1,Sst,Sst,0.9997857326478986,0.00011888928758267127,5.902964743366248e-05,2.6627643280015593e-08,1.4844029271189044e-06,5.295153488468418e-07,1.1234434489479336e-05,0.9997857326478986,2.307343667645387e-05
20190628_sample_2,Pvalb,Pvalb,0.9962194876425828,1.2512940894062618e-06,3.7813274651908904e-06,2.8277785061772913e-08,2.5033206879273685e-06,0.9962194876425828,4.826133392594444e-06,0.0037679406011849417,1.8140281186748967e-07
20190628_sample_3,Sst,Pvalb,0.49652929860865713,0.01770296794088542,0.0031701485997025526,2.112649308102842e-06,0.0007564929334687535,0.49652929860865713,3.2426415782080075e-05,0.4654385524473723,0.016368000404823637
20190628_sample_4,Sst,Sst,0.9996966475163207,7.3930542976583e-06,3.201375316245645e-05,1.1847364065470984e-07,2.7529166223584607e-05,3.442899132584962e-06,0.0002256726664418227,0.9996966475163207,7.182470780663315e-06
20190628_sample_5,Sst,Sst,0.9996679492551367,1.2775283979914383e-05,1.718441033569367e-05,1.6098302999942408e-05,0.00017250496012504376,2.8065437217473908e-06,6.87182010539869e-06,0.9996679492551367,0.00010380942359564446
20190628_sample_6,Pvalb,Pvalb,0.9975803130644556,8.171857625457844e-06,1.7875353892554652e-05,1.6644089614442856e-07,3.3717149413372247e-06,0.9975803130644556,2.1638108015534408e-06,0.0023322255888336254,5.571216855380645e-05
20190628_sample_7,Sst,Sst,0.9312371153875413,2.281093560473772e-05,0.024010908642165,9.026313352951836e-07,0.00017428583062283794,0.04452430742920383,6.008864510305479e-06,0.9312371153875413,2.3660279016570618e-05
20190703_sample_1,Pvalb,Pvalb,0.9894112656979441,3.504117071042463e-09,7.231534509095369e-06,1.21246130453311e-11,3.619179702845352e-07,0.9894112656979441,6.039161276194648e-07,0.010580533264480316,1.5272699007114865e-10
20190703_sample_2,Pvalb,Pvalb,0.9904494158488529,1.2612989883962226e-07,2.3190406259388638e-05,3.263604592184381e-07,1.9727236759181572e-06,0.9904494158488529,7.708143307954412e-07,0.009524151507493155,4.6209029772369123e-08
20190703_sample_3,Pvalb,Pvalb,0.808616602804189,8.646498626055404e-07,0.17383712641288468,1.129268917388894e-07,1.6474089852811097e-06,0.808616602804189,2.689304589960101e-06,0.01754063409299422,3.2239960269849695e-07
20190703_sample_5,Pvalb,Pvalb,0.9994592920751741,3.4331659751766177e-06,3.419920633252174e-05,1.404197510942171e-09,0.00019844496575055005,0.9994592920751741,2.800150522530244e-07,0.00030433350333143545,1.5664186571457842e-08
20190703_sample_6,Pvalb,Pvalb,0.9987101109654525,2.6161137557394563e-08,8.241337501531489e-07,2.708965882366691e-10,1.2402395669561644e-07,0.9987101109654525,3.8046145792852146e-10,0.0012888917218623391,2.2342482864504938e-08
20190703_sample_8,Pvalb,Pvalb,0.9986432927687868,7.421542078974958e-07,0.0006466081924135478,2.842004613960825e-05,0.00017460945255934104,0.9986432927687868,8.48891723070464e-06,0.0004972202558043953,6.182128577210186e-07
20190703_sample_10,Pvalb,Pvalb,0.8711313664965403,4.3019770340167254e-10,2.926634780153385e-05,1.5961806286569672e-10,2.6264162949926695e-10,0.8711313664965403,7.44949258474703e-09,0.1288393588038923,4.9816027762089e-11
20190703_sample_12,Pvalb,Pvalb,0.9848848600161839,4.092520613723872e-07,8.704162837344508e-05,1.647516851380771e-08,1.041028212288653e-06,0.9848848600161839,1.9482993954136544e-05,0.015004876783121696,2.2718229247280254e-06
20190703_sample_13,Sst,Sst,0.9989204493059708,4.5001043485707824e-05,3.075494998497973e-06,1.2944941666737505e-07,5.331805937183379e-07,5.7618147497499194e-06,0.0001155713611068137,0.9989204493059708,0.0009094783496778572
20190703_sample_15,Sst,Sst,0.9993109274501473,4.7011694679804866e-08,0.00031332970615506416,1.942097876566861e-08,0.00010722605525486208,3.1763897863252633e-07,0.0002604557494462108,0.9993109274501473,7.676967344354244e-06
20190704_sample_2,Sst,Sst,0.9727021275680333,0.00018440226780577152,0.0055379291875275296,6.829095421394922e-09,1.1490942300808603e-06,0.021540762639368008,2.0791254550908804e-07,0.9727021275680333,3.341450139422624e-05
20190704_sample_12,Vip,Vip,0.9921933377563402,2.4134007657200662e-11,4.6601934787769474e-11,2.18997275025015e-06,7.967739836344882e-06,1.3256938723954192e-05,0.007766857003866445,1.6390517746961122e-05,0.9921933377563402
20190704_sample_14,Vip,Vip,0.7003986551687571,0.003724598402804721,1.6543017285857243e-07,1.5389373616738203e-06,0.0011472812529356718,0.0001532343187964761,0.0018117090155668684,0.2927628174736047,0.7003986551687571
20190705_sample_1,Vip,Vip,0.9690868086072998,6.304061377900256e-07,4.5678797991095953e-08,1.8483640068672699e-06,0.0036041041705009345,6.941685704312917e-05,0.026384321977385876,0.000852823938827345,0.9690868086072998
20190705_sample_3,Vip,Vip,0.9890924852214091,6.0249074578570674e-05,2.6315922777905265e-08,1.004317807161486e-06,0.0007924442379495212,1.4200436609206555e-05,0.0093626240207602,0.0006769663749634205,0.9890924852214091
20190705_sample_4,Vip,Vip,0.905494925900726,0.0001511753307790816,3.86783110251987e-08,1.288111458947412e-06,0.0018573714778518493,0.007938793464098723,0.004782282559457181,0.07977412447731722,0.905494925900726
20190705_sample_5,Vip,Vip,0.9975414515156854,6.541096102739522e-07,1.062163959945294e-11,5.280898597886632e-09,5.672510512013081e-06,2.3259658526541666e-10,0.0024521335937564494,8.274631927386916e-08,0.9975414515156854
20190705_sample_9,Vip,Sst,0.504488239221557,0.013520829662844831,0.0008170889366682374,0.006318532580882666,0.023764907296960208,0.01657406618352741,0.14876714372890237,0.504488239221557,0.28574919238865726
20190708_sample_4,Pvalb,Pvalb,0.9989169872939039,4.796855870787406e-07,1.6114033885649015e-06,6.124325998849571e-08,3.090756248538687e-06,0.9989169872939039,1.3293441884860301e-05,0.0010640652915097748,4.108842171246346e-07
20190708_sample_6,Vip,Vip,0.9001997183180326,1.0545460945466642e-05,1.404875814283784e-07,0.0006318114547101184,0.09333663141933725,0.00016086336881738445,0.004786324001679828,0.0008739654888958903,0.9001997183180326
20190708_sample_7,Vip,Vip,0.9889437093680642,3.349187510985111e-05,1.696431839356223e-06,2.685090483469549e-05,0.0016826742828100366,0.0002771019950607818,0.0004916492046098395,0.008542825937671108,0.9889437093680642
20190708_sample_8,IT,IT,0.9999884342827235,1.0909271473509107e-05,5.967782734045062e-07,0.9999884342827235,2.3261421344386023e-11,1.5986447490897387e-11,1.5405335036339022e-10,5.867934897956464e-11,5.9415549094274224e-08
20190708_sample_12,Vip,Vip,0.9978474536470066,2.846164518290674e-05,4.255874746188611e-09,8.5679622103906e-07,0.0011436376835575613,0.0005448998011803376,0.00036398877273082246,7.069739824599395e-05,0.9978474536470066
20190709_sample_1,Vip,Vip,0.99893280989682,1.6263207492747563e-05,9.977421538075362e-08,1.9531433412950373e-07,0.00016715751094741686,1.8558408799956042e-05,2.7449783116138215e-05,0.0008374661042742049,0.99893280989682
20190709_sample_2,Vip,Vip,0.9327734801676083,1.2541690583006601e-05,5.105525116024558e-06,2.233873730949272e-05,1.1836386896146978e-05,4.23720577152889e-06,2.4431923119714814e-05,0.06714602836359597,0.9327734801676083
20190709_sample_3,Vip,Vip,0.9961438592840458,2.197665420820498e-05,9.353956093318602e-12,7.969642726737495e-08,0.0003281565233989235,7.933088446087126e-07,0.003499190267626351,5.944256094853023e-06,0.9961438592840458
20190709_sample_8,Sncg,Vip,0.9971436971188968,3.708781142205502e-07,2.7663192587674184e-12,1.882070848350517e-08,0.0006819122829640167,5.264640775399637e-08,0.002171541596078783,2.406654063483488e-06,0.9971436971188968
20190709_sample_10,Vip,Vip,0.9999410664082324,1.752082059621074e-07,8.354770059600728e-13,8.031258676719527e-09,2.668716145571263e-05,5.8680558989015415e-08,3.140936876331055e-05,5.951406895986339e-07,0.9999410664082324
20190709_sample_11,Vip,Sst,0.9469811532946424,7.170919370414452e-05,0.0008553707942899262,5.768567305171427e-05,0.007301097552666424,2.1263341901393413e-05,0.01724325215468845,0.9469811532946424,0.02746846799505576
20190709_sample_12,Vip,Vip,0.8155884068371738,4.992290509230756e-07,2.844787243850158e-10,1.2022614727551047e-07,0.005587617253823924,6.395158442465529e-09,0.17881782462813245,5.52514603445148e-06,0.8155884068371738
20190709_sample_13,Vip,Vip,0.9999161054075608,3.861162387849308e-07,1.1719258880380625e-10,1.4390152385533804e-09,5.072353971124818e-06,1.88403113901576e-08,6.46624710291087e-05,1.375325468100021e-05,0.9999161054075608
20190709_sample_14,Vip,Vip,0.9958316174359324,4.3205381655652694e-07,4.089085191789992e-11,4.7914365120320344e-08,0.0016943995090548695,0.0004254085087135461,0.00199893004508204,4.916449214450628e-05,0.9958316174359324
20190710_sample_3,Sst,Sst,0.9915063772200698,7.082243877017345e-05,0.0007795920390515802,9.326149070916063e-07,2.4425876549402075e-07,0.005604933005481917,0.0011241321235070999,0.9915063772200698,0.0009129662994467933
20190710_sample_4,Sst,Sst,0.9977607836640204,9.202825678307273e-05,9.444073722304596e-06,9.504516296040836e-07,3.0896434183746143e-07,6.672553681764633e-07,0.0003966152033395708,0.9977607836640204,0.0017392021307948938
20190710_sample_5,Sst,Sst,0.6176123664564679,0.00025416538299396455,0.0007185235314752155,7.088708131075537e-07,1.5706345931480698e-05,0.3813238648293822,2.584150713563504e-06,0.6176123664564679,7.208043222263721e-05
20190710_sample_6,Sst,Sst,0.9977381847072744,0.0001318831149517014,0.001554568449084939,7.778840433049095e-09,4.215246538019354e-07,6.40557756390816e-06,0.00016380021869024774,0.9977381847072744,0.00040472862894063886
20190710_sample_8,Vip,Lamp5,0.5027705526727485,0.005076274228092169,8.984297129144687e-06,1.6066348034530264e-05,0.5027705526727485,0.01749227830499284,0.01766949100458746,0.02954547292548405,0.4274208802189313
20190710_sample_10,Vip,Lamp5,0.6605561231037496,8.508481472443599e-07,6.875964215879206e-08,0.00011288470888438621,0.6605561231037496,0.003430801205149162,0.00943759624918044,0.013205367825404319,0.31325630729984266
20190712_sample_1,CT,IT,0.9053951329754965,0.09453440773331229,7.009599562327955e-05,0.9053951329754965,5.812654326737821e-10,1.527130736741215e-08,2.871128647232645e-07,1.1484383058699482e-10,6.021528660920189e-08
20190712_sample_3,Sst,Sst,0.9079989306839552,7.412301352313669e-06,3.092522703904817e-05,2.0913536566959477e-08,5.2110746208644045e-06,0.09177275319224026,0.00018020301338064274,0.9079989306839552,4.543593875035759e-06
20190712_sample_5,Lamp5,Lamp5,0.9205744802777387,9.354866767762966e-10,2.9983621585337377e-10,1.5693456189372916e-08,0.9205744802777387,0.07847923004095396,8.284557121800713e-06,3.9189341212457405e-05,0.000898798854194052
20190712_sample_6,Lamp5,Lamp5,0.6235291309306367,2.1320012050830134e-05,5.344405215265981e-07,2.0055352195691946e-05,0.6235291309306367,0.06830926238851168,0.0012420325591892601,0.0023985320081475474,0.30447913230874685
20190712_sample_7,Lamp5,Lamp5,0.999853573117694,1.097373435427436e-09,3.3712824278545295e-12,6.160991442287126e-11,0.999853573117694,0.0001252273620534944,3.1405712565696034e-07,2.307150878840829e-09,2.0881993621459754e-05
20190715_sample_1,Lamp5,Lamp5,0.9893366403250207,4.193641348172777e-07,4.963843884491583e-12,6.374398649370912e-08,0.9893366403250207,2.4156533405485506e-06,0.00015881165565111299,1.0093582054004976e-07,0.010501548317081827
20190715_sample_4,Lamp5,Lamp5,0.9935222085936559,4.909917628624029e-07,3.4588677506265535e-09,6.499542435306547e-09,0.9935222085936559,0.006448613261898675,6.793262448475262e-06,4.934157427438711e-06,1.694977439660096e-05
20190715_sample_5,Vip,Vip,0.8926122677210732,4.473585025330691e-06,4.392784606513585e-06,2.5079292198043645e-06,0.00018847756491492925,6.688472027603911e-05,0.0026649420791001323,0.1044560536157841,0.8926122677210732
20190715_sample_6,Lamp5,Lamp5,0.999638985128592,7.617259709059704e-09,3.319358048753469e-12,1.0853238095362893e-07,0.999638985128592,5.948860388651979e-05,4.837063767129321e-05,4.0494074752122303e-07,0.0002526345361427492
20190715_sample_7,Vip,Vip,0.9869196498817788,1.157885363112087e-06,9.437071811290144e-09,8.814708213296647e-09,9.26408354028475e-05,3.2415881040501115e-05,6.942595165503468e-05,0.012884691312979703,0.9869196498817788
20190715_sample_8,Lamp5,Lamp5,0.7506470001153123,3.9814438930878445e-06,2.389826173328133e-07,2.1921683071122912e-07,0.7506470001153123,0.23400897758962305,0.009352954316599429,0.005087761517030153,0.0008988668180939248
20190715_sample_9,Vip,Vip,0.724055901951579,1.446830138476012e-06,2.352395202530672e-07,1.1809551389395868e-05,0.21187309635406867,0.0027815181798090467,0.06045156373486246,0.0008244281586327881,0.724055901951579
20190715_sample_10,Sncg,Vip,0.988569915705787,4.0603841654132845e-06,8.610788617046817e-10,3.5301630108636195e-06,0.011130442319366215,1.8228457140649161e-07,0.00025335344721463007,3.851483480549625e-05,0.988569915705787
20190715_sample_11,Lamp5,Lamp5,0.9541404142983893,1.9396993848893636e-06,6.0072640833203995e-09,8.893613251839127e-08,0.9541404142983893,0.04525137837945733,0.0002808930333464747,7.869173664139896e-05,0.00024658790938392416
20190716_sample_3,Sst,Sst,0.5370407725684241,1.2696578733457053e-06,4.15544377253098e-06,2.229769581110669e-06,3.86135089880489e-05,7.051064744657606e-05,0.0005891543332914372,0.5370407725684241,0.4622532940706229
20190716_sample_5,Sst,Sst,0.7319065463777616,2.3476269626497273e-05,1.3944163368238697e-05,1.8338760725067784e-05,0.26455436416621264,0.0012658217813527794,0.0011889083310455731,0.7319065463777616,0.0010286001499075837
20190716_sample_7,Vip,Vip,0.9741839603368855,7.058575128670674e-05,6.485115681797185e-07,4.794215253125942e-05,0.0024798594012254032,0.001041529475575188,0.007254658297125448,0.01492081607380223,0.9741839603368855
20190716_sample_8,Lamp5,Pvalb,0.8253934226494485,4.064183719911476e-07,2.7240887554412287e-09,2.5380107339698458e-08,0.1717277611815236,0.8253934226494485,3.900626057912444e-05,1.7693461182201756e-07,0.002839198451268881
20190716_sample_9,Vip,Vip,0.995957342572771,1.0284476788176177e-06,5.455531244003164e-12,1.2980792281033696e-09,1.6423389330116092e-06,1.842717407765024e-08,1.764295039948033e-07,0.0040397904804042725,0.995957342572771
20190717_sample_1,Sst,Sst,0.9964499729569005,0.0005783563875433618,0.0004103222489328554,0.00015093399012269267,7.453375037815628e-05,0.0012902623293684756,0.00040715984335516515,0.9964499729569005,0.0006384584933986123
20190717_sample_2,Sst,Sst,0.9999975057501345,4.672102889535473e-08,2.2880273066077145e-06,4.667119135232087e-10,1.2912723551950386e-11,2.7124603779622603e-08,1.1599037767552057e-07,0.9999975057501345,1.5906923870089763e-08
20190717_sample_3,Sst,Sst,0.9996486327951633,1.7246434951721502e-06,7.065190537438728e-05,8.4847847833259e-07,7.4425357481673305e-06,0.00019961424121833828,5.37836646961341e-05,0.9996486327951633,1.730173582632703e-05
20190718_sample_1,Vip,Lamp5,0.7939987900850776,1.8367296257149247e-07,5.084289390157852e-12,6.688365697415781e-08,0.7939987900850776,1.958897418356149e-05,0.009005581366433821,8.030822010480974e-09,0.1969757809817791
20190718_sample_2,CT,CT,0.9960229705461778,0.9960229705461778,2.0907193471399483e-05,1.791403199007487e-05,4.316696365152419e-05,2.891725431178793e-06,6.400565432619337e-05,7.955001393776668e-05,0.003748593871014092
20190718_sample_3,CT,CT,0.9841863050632478,0.9841863050632478,0.015358151113880213,7.791427007997362e-05,1.679592769072671e-09,2.4299321379423887e-08,1.6312214377757331e-09,0.0003776019369568243,5.699760810093965e-12
20190718_sample_4,Vip,Vip,0.9942618588759324,2.5295280551285782e-06,2.306277787265903e-10,1.271255524474813e-07,0.00462102121659334,2.7732382445610957e-08,0.0010806846526440308,3.375063821241605e-05,0.9942618588759324
20190718_sample_5,Vip,Sst,0.9652290099062315,1.305178970455131e-05,1.630413327668088e-07,3.537174735511564e-08,2.1187274795684782e-05,5.339712776085892e-06,0.003390712850037839,0.9652290099062315,0.031340500053374167
20190718_sample_6,Vip,Vip,0.9978958403553329,1.347185088266218e-07,2.7791152374661194e-10,1.4679398430160922e-07,4.0884283969430487e-05,7.117964062339369e-09,0.0019730173085454055,8.996914378373313e-05,0.9978958403553329
20190718_sample_7,Vip,Vip,0.9999998102692074,4.248854858416551e-10,4.0594646229527547e-14,7.92067575701239e-12,5.553904647485907e-09,2.569646746741829e-09,1.8110942019618548e-07,6.497413336867207e-11,0.9999998102692074
20190718_sample_8,Vip,Vip,0.9970947561061496,1.015886344675796e-06,5.076641147414324e-08,5.053027200057731e-07,0.00043899410707132756,0.0019199168537689733,0.00014613298037041166,0.0003986279971636367,0.9970947561061496
20190718_sample_9,Vip,Vip,0.8184444146894915,7.90235031625016e-06,4.176152803381062e-08,5.78270187899561e-07,0.12479313922936905,0.002340097447210907,0.05428335090229266,0.00013047534960361728,0.8184444146894915
20190719_sample_1,CT,CT,0.9372557177743485,0.9372557177743485,0.04795659664711655,0.014392612098367983,9.20044643019696e-09,1.1259837386912607e-05,1.94874905620638e-07,0.0003836041229689697,5.444459276640465e-09
20190719_sample_2,IT,IT,0.9948900667701337,0.0050109556568518655,3.184883193552234e-05,0.9948900667701337,9.241841702889365e-07,3.1667659441396868e-06,1.2815548138906217e-06,1.0315305283584117e-07,6.165308309763563e-05
20190719_sample_4,IT,IT,0.9024945956023246,0.09655194521145412,0.0007734545722758874,0.9024945956023246,2.6422511321628393e-08,3.4374076671290945e-06,3.035511773151168e-05,9.70980611457392e-07,0.00014521468542388414
20190719_sample_5,IT,IT,0.9999509269184363,3.4449618760241214e-05,1.461732202514637e-05,0.9999509269184363,3.970758087112809e-10,3.924834965677678e-09,5.069588088989052e-10,1.3043093378401077e-09,7.599303205351766e-12
20190719_sample_6,IT,IT,0.9993100125056438,0.0006889484415970302,1.0371054254175687e-06,0.9993100125056438,7.474202790177256e-11,1.3894561446118612e-12,1.8339187298029878e-09,1.6672158762011622e-11,2.0611384155574942e-11
20190719_sample_9,IT,IT,0.9998135024341526,0.0001856002958599447,7.784496428327268e-07,0.9998135024341526,3.485324337274047e-10,1.0969389657667912e-10,5.267463159577005e-08,2.029308819046229e-08,4.5394398519703395e-08
20190719_sample_10,IT,IT,0.9999528580028865,4.7117295313031403e-05,2.4658462084090863e-08,0.9999528580028865,2.3300069831331748e-11,1.1079369514051521e-12,1.8722479246906767e-11,8.993703075201452e-14,1.1806330712337082e-13
20190722_sample_1,CT,CT,0.9986822729181817,0.9986822729181817,0.00019741545535385105,0.00040269777920455834,4.477124189732143e-07,9.827546465272671e-08,1.8173844530150528e-07,0.000716885709790885,4.111401946487912e-10
20190722_sample_6,CT,IT,0.8680308315666678,0.13173933153983697,8.43587174087387e-06,0.8680308315666678,3.1501414105008574e-09,3.503805980818574e-10,1.509562660482333e-07,0.00022113476914336074,1.1179582305849011e-07
20190724_sample_1,Vip,Vip,0.9670733219849332,0.0002720889097507818,2.162457073511749e-05,0.0008256045365028227,0.01266570022309438,0.016125160238131344,0.002258743234304591,0.0007577563025475599,0.9670733219849332
20190724_sample_2,CT,CT,0.9997498463351311,0.9997498463351311,8.305915155261851e-07,0.00024246816703243486,6.127042402301885e-06,2.2702439336373306e-10,7.127238760050151e-07,1.3735236625331011e-08,1.1777814281156828e-09
20190724_sample_4,Vip,Vip,0.9791096908306314,4.729973499215607e-06,6.006760416421176e-07,2.8581071905457317e-06,0.0009717120826264591,5.901586816378843e-06,0.01657796428388689,0.003326542459307471,0.9791096908306314
20190724_sample_5,Vip,Vip,0.9999612944018879,4.078962112902741e-08,6.168306547355994e-09,1.0227143024114251e-10,5.758841389598247e-07,5.83498403630557e-08,3.279518276192526e-07,3.76963521060703e-05,0.9999612944018879
20190724_sample_6,IT,IT,0.4890946812760652,0.3109484974868234,0.13647208696742663,0.4890946812760652,0.0002053986982293765,0.0002979506950288324,0.023218619619211605,0.00832005390022797,0.03144271135698709
20190724_sample_9,Vip,Vip,0.9982989997493926,1.857813381948615e-06,3.1251506212031528e-09,4.367862976108279e-06,0.0005425463364507209,6.888733763021126e-08,0.0010147447040843602,0.00013741152122606078,0.9982989997493926
20190724_sample_10,Vip,Sst,0.4097243750866132,0.00018448493365271442,6.019264751096367e-08,0.00017256876352855901,0.19567867685895374,0.017596588749183486,0.06145049910411938,0.4097243750866132,0.31519274631130134
20190724_sample_12,Vip,Vip,0.46205729061682593,0.000520514857796936,3.737453805040398e-05,0.0015163331511438517,0.24063323609379597,0.27167079948625555,0.0019508437821066284,0.021613607474024844,0.46205729061682593
20190725_sample_1,Vip,Vip,0.9381835282004216,9.214512624149103e-06,1.3149122119662354e-07,5.2417467677313285e-08,0.004000585875727698,1.5229009170380824e-05,0.05666172142383908,0.0011295370695281076,0.9381835282004216
20190725_sample_3,Vip,Vip,0.9022882429710906,2.7322187769311618e-05,6.473371640410299e-08,3.7998226766053666e-05,0.0014294294560550504,2.257160917411489e-07,0.09612161414727545,9.51025612356447e-05,0.9022882429710906
20190725_sample_4,Sst,Sst,0.9968311016472352,5.68702592082216e-05,5.775611465716252e-08,3.413927644390108e-08,6.083055807194425e-09,9.601623847694762e-08,4.6027943821904906e-08,0.9968311016472352,0.0031117880709272635
20190725_sample_5,CT,CT,0.9966480601401255,0.9966480601401255,7.59006262215522e-06,0.00075078549489051,1.5631923690767452e-10,8.43356615387673e-10,9.491588422238436e-06,0.0025840686106874252,3.103576393016371e-09
20190725_sample_6,Vip,Vip,0.9983313171813577,6.479003010227208e-07,9.293167229010581e-10,9.23444782576122e-07,0.00015550503935345768,3.9475184956814327e-07,0.001499500639320249,1.1710113718546334e-05,0.9983313171813577
20190725_sample_7,Vip,Vip,0.9999814571424223,1.6647973307589102e-06,2.297462274098242e-10,2.9837029424816876e-10,5.326471786358412e-06,2.0124295798893913e-07,6.019163603534783e-06,5.330653782593031e-06,0.9999814571424223
20190725_sample_8,Vip,Vip,0.9997735895236303,4.4901868945277584e-07,1.0384159623742395e-08,7.7982475786406e-09,7.485625066958801e-07,4.1030792753131056e-05,6.985701397166854e-05,0.00011430690604170169,0.9997735895236303
20190725_sample_9,Vip,Vip,0.9984131932480604,3.941703163568153e-08,7.635038125932524e-11,4.1838493316262874e-08,0.0012930370474015566,2.6556234079157438e-06,0.00013243091246647627,0.00015860183678832973,0.9984131932480604
20190726_sample_1,Lamp5,Lamp5,0.999725075983608,6.783281586156924e-08,2.3877152543434343e-11,7.359277666662165e-08,0.999725075983608,5.885741561391782e-06,3.5227786671977986e-05,1.494863772944391e-07,0.00023351955231164625
20190726_sample_2,Pvalb,Pvalb,0.9991432026141138,2.9944513210984315e-08,0.0001943292217347758,1.892709382930858e-08,8.52891169763204e-07,0.9991432026141138,3.48404280215294e-05,0.0006163677223485966,1.0358251004483476e-05
20190726_sample_3,Lamp5,Lamp5,0.9789573531640053,5.495223648317486e-08,2.149275493100296e-10,3.4521081654871165e-07,0.9789573531640053,0.018325683245451575,0.0010771085843378425,0.00014776944368892137,0.0014916851845356359
20190726_sample_4,IT,IT,0.9996553579131298,2.768329710578877e-05,0.0003168347212551403,0.9996553579131298,6.170226182705278e-09,8.65725762564267e-08,7.793565829452575e-09,5.703379583830753e-09,1.78287613618681e-08
20190726_sample_5,Lamp5,Lamp5,0.9982872327595551,1.489298040727782e-07,4.0031515100657667e-10,1.4051839906381396e-06,0.9982872327595551,0.0011467179635760937,1.6146030995248974e-05,1.890912546883726e-05,0.0005294396062948899
20190726_sample_6,Sst,Sst,0.9984711819618236,4.6508012004064595e-05,3.449785780016937e-06,4.162672470335339e-07,8.484738430744825e-07,0.0014201596676516918,5.536952970680979e-06,0.9984711819618236,5.18988786797474e-05
20190726_sample_7,Lamp5,Lamp5,0.998659876227797,1.0101144653312287e-08,4.829385277562258e-13,1.2261212621515106e-08,0.998659876227797,0.001291540124433308,1.696577918059353e-05,2.839614982824717e-07,3.131154425060836e-05
20190729_sample_2,Sst,Sst,0.9911552787174605,0.002390893117401468,0.0029688064590617227,0.00010860942671456154,2.542358277234282e-05,0.0020292274582609177,8.929499757374437e-05,0.9911552787174605,0.0012324662407548158
20190729_sample_3,Sst,Pvalb,0.5051088034441343,5.70653447656374e-05,0.001118442054269981,6.735036100230183e-05,0.0015499785473843681,0.5051088034441343,5.1747687404547215e-05,0.4917791085680763,0.0002675039929625162
20190729_sample_5,Pvalb,Sst,0.9555185449060172,2.8696293838692037e-05,4.429280414158251e-06,4.7681096304189354e-06,0.005038404868526854,0.038210848693796984,1.1508056901050533e-05,0.9555185449060172,0.001182799790874771
20190730_sample_1,Vip,Vip,0.9755059759745675,9.867850101550882e-07,1.9865148517716114e-05,4.8760984121610816e-05,0.002156241161890843,0.0037990749916486754,0.003305579936207289,0.015163515018036271,0.9755059759745675
20190730_sample_2,Vip,Vip,0.9998609406579207,4.0387490843610036e-07,1.8356722593214576e-11,2.1403584609760553e-09,3.667369870779233e-06,4.148447228543782e-08,0.00012402907962307273,1.0915374489300486e-05,0.9998609406579207
20190730_sample_5,Vip,Vip,0.889209568850824,7.478908194051441e-05,3.944792224121552e-06,0.005906155377864449,0.011036929726953046,0.019141316945406796,0.07300052001173575,0.001626775213051154,0.889209568850824
20190730_sample_6,Vip,Vip,0.9944254233758855,5.366323731157488e-08,5.37792300054497e-09,3.96707409468315e-07,0.005028831241217708,5.580563426554579e-06,0.0005388242465177474,8.84824382747956e-07,0.9944254233758855
20190730_sample_7,Vip,Vip,0.9999942359598206,3.6119582573613887e-09,4.104354082228595e-12,5.342415135885621e-10,3.6769033445514394e-06,1.0171864058547021e-08,1.6922596902721373e-06,3.805549765125382e-07,0.9999942359598206
20190730_sample_9,Lamp5,Lamp5,0.5065996381259599,6.48503425257695e-07,1.992547179811545e-08,0.00011742915602119176,0.5065996381259599,0.40831625185238374,0.008194442542213666,0.0030283552064345725,0.0737432146880899
20190731_sample_1,Pvalb,Pvalb,0.9999124612606062,3.3361551227403225e-10,1.1350162690940411e-07,3.260554657085252e-13,3.6737539656382066e-08,0.9999124612606062,4.558908134280256e-09,8.738317723129633e-05,4.301462853397775e-10
20190731_sample_2,Lamp5,Vip,0.5185370152586429,7.155360377230553e-05,5.702646332280303e-07,2.7656679383306137e-05,0.2157998444076915,0.004335346993356676,0.06607688246303313,0.1951511303294869,0.5185370152586429
20190731_sample_4,Vip,Vip,0.9879743407859917,2.9841687083261265e-06,3.674832216083727e-06,5.301424171860706e-07,0.0001196898392436724,7.194970636188684e-05,0.00046213880261909734,0.011364691722442075,0.9879743407859917
20190731_sample_5,Pvalb,Pvalb,0.9979799509907705,1.4680286155132792e-07,2.7955147336957043e-06,7.025164229440799e-08,0.00035359817049041177,0.9979799509907705,4.0016051722802396e-05,0.0016232834226012794,1.3879517741010924e-07
20190731_sample_8,Pvalb,Pvalb,0.9999464720056969,1.5046814100721677e-09,2.9488733615673423e-09,2.998810337495768e-14,4.541528659104521e-06,0.9999464720056969,1.0927223157939848e-06,4.788830735275116e-05,9.823909362969157e-10
20190801_sample_1,IT,IT,0.9998696664099921,0.00012816705556193108,2.092451612065887e-06,0.9998696664099921,3.294216329664068e-10,7.73949355110518e-10,1.2639040107057252e-10,8.209367449394219e-10,7.203213560193592e-08
20190801_sample_2,Sst,Lamp5,0.5923091776556841,0.0006314162947830811,0.00017171623636023624,6.580483168764024e-06,0.5923091776556841,0.05014554613688214,0.04193819777773874,0.31369824599096985,0.0010991194244129154
20190801_sample_3,Sst,Sst,0.9977810204465063,0.00011774134149892297,1.2991382531224803e-06,1.4395228684264785e-07,4.000909393483719e-05,0.0002952705192454328,8.960888644925075e-05,0.9977810204465063,0.0016749066218253198
20190801_sample_4,Sst,Sst,0.702894444850113,0.04514596101266693,0.001422438436011058,0.0007108078274026112,0.00012882943819813138,0.24014237269339228,4.0042754243597964e-06,0.702894444850113,0.009551141466791743
20190801_sample_7,Sst,Sst,0.9999209619537308,3.467434656287377e-06,1.8976429348788828e-06,1.2736383722552959e-09,4.255626605225239e-05,2.4685232477084517e-05,6.132863327257031e-06,0.9999209619537308,2.9733318307352144e-07
20190820_sample_1,Sst,Sst,0.9998785980826119,6.423651719751712e-09,3.797556396186363e-06,1.3623263108254393e-07,5.299977508749298e-06,9.62765523324194e-05,1.5404598500499876e-05,0.9998785980826119,4.805763676221962e-07
20190820_sample_2,CT,CT,0.8864757201277313,0.8864757201277313,0.000127368092492441,0.11339647878346867,4.077347864551289e-09,3.6040581274605466e-14,1.7592672817057936e-07,2.5298852483003113e-07,3.6708088463019836e-12
20190820_sample_3,Pvalb,Pvalb,0.9979682583533633,3.071356532893247e-07,7.545301846116119e-06,1.2182464466885074e-05,7.406824312682643e-05,0.9979682583533633,4.671309657472036e-07,0.001937165234578075,6.135999688482098e-09
20190820_sample_5,Sst,Sst,0.8196346480757661,0.011865161761554626,1.1817054934719697e-06,1.8778610561756906e-08,3.8266773492952864e-05,0.007168541312335155,7.2820266265706085e-06,0.8196346480757661,0.16128489956612044
20190820_sample_6,CT,CT,0.9666636720344833,0.9666636720344833,0.00011319014938017559,0.033223107254786347,5.917686110034795e-12,8.869502022590176e-12,1.7395298217071915e-10,3.030062715889394e-08,7.198283143475777e-11
20190821_sample_1,IT,CT,0.898389649845407,0.898389649845407,0.04785106088178485,0.05199742555740459,1.1586223199909851e-06,3.59742363353728e-08,1.4738153562306682e-06,0.0017591806036425291,1.469984825280511e-08
20190821_sample_2,IT,IT,0.88883240804709,0.11099455016536906,0.00017168592043413498,0.88883240804709,1.1102935089769898e-06,2.1514202491534557e-08,1.938266792507857e-07,1.1423104333543664e-08,1.8809611796309017e-08
20190821_sample_3,CT,CT,0.9999875956333129,0.9999875956333129,1.0586434251328754e-09,1.2392262312940564e-05,1.0989164974751773e-10,3.284489109603323e-10,4.8547208353095144e-11,1.0558832377634358e-08,1.0665857792986223e-14
20190821_sample_4,IT,IT,0.9998744049573852,0.00012426073925443656,9.703135290120868e-07,0.9998744049573852,3.200203565859665e-08,1.1571230766345298e-09,8.724777257238443e-10,1.615356125888765e-08,3.138046337287143e-07
20190821_sample_5,IT,IT,0.8947621761391411,0.10499964244263026,0.00022308263569603503,0.8947621761391411,8.61831114310259e-06,3.1900889766403446e-07,4.044638127978669e-06,1.1797865052154091e-06,9.370378587462719e-07
20190821_sample_6,IT,IT,0.999968879469989,2.9168200076986912e-05,1.9461696459174684e-06,0.999968879469989,5.783270883595693e-12,1.0933972634946307e-10,4.228230713039165e-09,2.0266632185099496e-10,1.614267978675437e-09
20190821_sample_7,IT,IT,0.9458663465475613,0.052674610741629185,0.0014366974576419148,0.9458663465475613,4.0217431541399793e-07,6.46865032725582e-09,4.583172901027063e-07,5.573489820019732e-08,2.142255801358527e-05
20190823_sample_1,IT,IT,0.9999486770716128,1.8915600495469892e-05,3.2399529991387704e-05,0.9999486770716128,8.324282794061718e-12,7.1217894363997006e-09,2.4445829299679893e-10,1.6050819686500994e-11,4.0727759551493203e-10
20190823_sample_3,Pvalb,Sst,0.6613867978912252,5.4641811093274186e-08,8.110707423609917e-05,7.443989622649997e-10,2.5496288264925835e-07,0.338531579639018,1.356397514736264e-07,0.6613867978912252,6.940667656207081e-08
20190823_sample_6,IT,IT,0.9192639618802878,0.0785323634888785,0.002053632083519511,0.9192639618802878,2.986873463804935e-05,3.307577138349638e-06,9.766133191592873e-07,6.9889318412311755e-06,0.0001089006903775154
20190823_sample_7,IT,IT,0.9996640904567728,0.00032736726360182045,8.395236999826594e-06,0.9996640904567728,9.894175671990715e-09,1.1485189815797428e-12,4.451326769676162e-11,1.322439018411936e-07,4.858886277602223e-09
20190827_sample_1,Sst,Sst,0.9459193247115809,3.9006404948518144e-07,2.7505973388061983e-07,9.948349125490694e-06,0.00015613100236831632,0.033592966068231554,0.008072334273970881,0.9459193247115809,0.012248630470939569
20190827_sample_3,Sst,Sst,0.9977489213895324,1.2967537999170563e-06,1.3457165250086711e-05,2.2370890619852524e-07,0.00010256469254393775,0.0012533527248689018,0.0002390964448144961,0.9977489213895324,0.00064108712028412
20190827_sample_4,Sst,Sst,0.9995351216392286,4.7616171478546155e-06,0.00011227529031362838,3.6311260588314096e-07,1.1745576052182441e-05,7.235141135580014e-05,2.2911428656184832e-05,0.9995351216392286,0.00024046992463985981
20190827_sample_5,CT,CT,0.9967335657122298,0.9967335657122298,1.0769949208208923e-06,0.002937922158202642,2.4932606347945064e-06,5.816817981019725e-07,4.247859405460836e-07,0.00032169119229080094,2.2442139825363567e-06
20190827_sample_6,Sst,Sst,0.9939119194149336,0.0028194052164909364,0.0006720838787408588,3.911658917340782e-06,5.957047478286789e-06,0.0005094370444979241,9.597185773254151e-05,0.9939119194149336,0.0019813138812087142
20190827_sample_7,Pvalb,Sst,0.9968043392165513,2.028318848867158e-06,5.4173741460645754e-05,1.7763879621013962e-09,1.0042253959025406e-07,0.002792831887125125,7.792931220197795e-06,0.9968043392165513,0.00033873170586605717
20190827_sample_8,Sst,Lamp5,0.7941125222534421,6.615564420457339e-05,0.000623943572368837,0.0020029545339774655,0.7941125222534421,0.05965000479808362,0.00022998820660202415,0.142704084940468,0.0006103460508532933
20190827_sample_9,Sst,Sst,0.9936326119297907,0.0001033698226334735,0.00013243254069287384,2.4316540620473614e-06,0.0059826592331255,3.1989586847013605e-07,0.00014555696065288333,0.9936326119297907,6.179631741161986e-07
20190828_sample_1,Vip,Vip,0.9070355601772344,2.753574630302258e-07,2.051021151177271e-11,2.391965957232141e-06,0.08579007768093473,9.899406272177287e-07,0.007169422908201417,1.2819490715886108e-06,0.9070355601772344
20190828_sample_3,Vip,Sst,0.5492459902682179,5.174237566009403e-05,4.559605224622245e-08,1.4426225079011467e-06,0.0027786162635126217,0.00023737257426685953,6.441767686065681e-05,0.5492459902682179,0.44762037262292176
20190828_sample_4,Vip,Vip,0.9023943553087143,4.1692725328491986e-07,1.4508100640461615e-07,7.279416587691939e-07,9.128882119454697e-05,1.68779133675027e-05,0.001936429995626683,0.09555975801117858,0.9023943553087143
20190828_sample_5,Vip,Vip,0.9977738026226118,1.3264139596918829e-07,4.646876158167526e-08,7.941311205391835e-06,0.00023398862046263163,2.673938948898978e-05,0.001538049278256536,0.00041929966781704107,0.9977738026226118
20190828_sample_6,Vip,Vip,0.9923498978359597,2.4413536555242373e-06,1.0968873704348462e-08,2.879672348695616e-07,0.007193808632707849,8.282697460576173e-07,0.0003120776775744482,0.0001406472942477628,0.9923498978359597
20190828_sample_7,Vip,Vip,0.8282729701924967,3.1658359571300028e-06,6.5471068156656965e-09,2.3687268455059466e-08,0.17090193150482605,0.0007162727298881943,4.550865174860811e-06,0.00010107863728192124,0.8282729701924967
20190829_sample_2,Lamp5,Lamp5,0.9956656533371936,4.478418338378375e-05,1.1276880509047124e-10,1.5937338783680555e-08,0.9956656533371936,5.967333801987086e-05,0.0018896562713534473,2.699258925674161e-07,0.002339946894048997
20190829_sample_3,IT,CT,0.9263359830190103,0.9263359830190103,7.194423289446686e-05,0.0735914288012625,2.675061760225419e-10,3.675819360813771e-14,5.524703487048015e-07,9.085928005053509e-08,3.496610587468238e-10
20190829_sample_4,Lamp5,Pvalb,0.8329739641830101,1.8529587123505945e-08,7.703304897367394e-10,1.7368882794387783e-06,0.16033143607600656,0.8329739641830101,4.6829389049564356e-05,0.0048601253875887596,0.00178588877614799
20190829_sample_6,Lamp5,Lamp5,0.6060590750329206,0.0005847859364356832,0.0001775656376506835,0.0028525943001299664,0.6060590750329206,0.3411621267529328,0.0008613790496872443,0.0007714821322873424,0.04753099115795591
20190829_sample_9,Pvalb,Pvalb,0.9817701812843438,4.57384500451769e-08,5.0346531999567414e-05,3.547456838662279e-08,5.334490730574126e-06,0.9817701812843438,8.390539793696907e-07,0.018137307415061785,3.591001086646312e-05
20190830_sample_1,IT,IT,0.9964182198950542,0.0035749847577239762,6.787398286445187e-06,0.9964182198950542,1.404598246604563e-09,1.9062834232027006e-11,4.515190652896049e-09,8.955114572547933e-10,1.1145721313303905e-09
20190830_sample_2,IT,IT,0.9888734946556328,0.011108517690986322,1.791344725058649e-05,0.9888734946556328,2.6247900821329397e-09,1.8785371835269396e-09,6.797341745948583e-08,1.867067538563629e-10,1.5426787550748839e-09
20190830_sample_6,IT,IT,0.9999985373818358,1.1717555493728384e-06,8.78044096673843e-08,0.9999985373818358,1.2742625165929882e-11,1.9036309554271748e-13,3.055789721497432e-10,1.5441629687429731e-10,2.0258527685497897e-07
20190830_sample_8,IT,IT,0.9996476376152715,0.00033945849499233613,1.2853534633927716e-05,0.9996476376152715,7.210343431183499e-09,4.149226998629466e-09,4.379528962017457e-09,5.647724675306519e-09,2.896827817098143e-08
20190904_sample_2,Vip,Vip,0.9983084085065436,1.0350458681960483e-05,1.690267466644638e-06,4.941888066743625e-07,1.762816881287263e-05,6.49099067546426e-05,3.244324666853732e-05,0.001564075256264836,0.9983084085065436
20190904_sample_3,Vip,Vip,0.9932376360976926,1.519522022186954e-07,8.109696248931241e-11,2.3856472483730137e-08,0.0003539987898159741,1.1059256880209582e-08,0.0063890325423912485,1.9145621071443156e-05,0.9932376360976926
20190904_sample_4,Vip,Vip,0.4792650251990375,3.6314056849748896e-06,2.1935895219295224e-07,2.679874809067126e-06,0.23535842897642062,4.116967130495264e-05,0.28502686148428774,0.0003019840295030517,0.4792650251990375
20190904_sample_5,Vip,Vip,0.7180796709180693,9.125644569209444e-06,3.0462621108822755e-07,0.0019252165803590943,0.11415539712969315,0.000679129816138001,0.16449374581104864,0.0006574094739114674,0.7180796709180693
20190904_sample_7,Vip,Vip,0.9859792837145246,3.1330850712932287e-06,4.2940302097408383e-07,1.0342958863440054e-05,0.010256372664025105,2.2702002836275252e-05,0.0031287485804367163,0.0005989875912215827,0.9859792837145246
20190905_sample_3,Sst,Sst,0.9999691163092314,2.361923842105053e-07,3.4415214418786033e-07,2.690208558431601e-11,2.1058925520270508e-07,3.163154393772159e-08,2.9071057833123652e-05,0.9999691163092314,9.90040705960992e-07
20190906_sample_1,Lamp5,Lamp5,0.8812776985898576,9.981670061159986e-07,1.172709373387344e-09,5.045421499391643e-07,0.8812776985898576,0.007696555502629236,0.007291016958941194,3.424134948115766e-05,0.10369898371722532
20190906_sample_5,CT,IT,0.9102400495419826,0.08521789632283204,0.004537123324204927,0.9102400495419826,8.265000996738304e-07,1.3520732388816491e-08,2.508688521928807e-07,3.3077163034891087e-06,5.322049928284073e-07
20190906_sample_6,Lamp5,Lamp5,0.8932154062960399,2.631742420016561e-05,5.344295923582225e-07,1.2253624410186833e-05,0.8932154062960399,0.09272974777944555,5.330196227038386e-05,0.01317181050461533,0.0007906279794260599
20190910_sample_1,Lamp5,Lamp5,0.9457876193370808,1.6838559950615905e-07,1.3108505253649975e-10,1.2741102307918928e-08,0.9457876193370808,0.0018852034142770742,0.0002740616087593651,0.00014227918738871166,0.0519106551947071
20190910_sample_2,Vip,Vip,0.9995190472926508,6.968973976229019e-07,4.154367684494865e-11,9.081566216624003e-10,0.0001942603529009904,3.7085351562296165e-08,0.00025424897560326776,3.170844639535756e-05,0.9995190472926508
20190910_sample_3,Vip,Vip,0.9828928074747474,8.882380770009785e-06,1.1837001163012337e-08,7.09018382900011e-08,0.003600961536129831,9.306638037655547e-08,0.013228056350238741,0.00026911645289425716,0.9828928074747474
20190910_sample_4,Vip,Vip,0.9509495120736929,1.2534586792934428e-07,2.272006921222169e-10,2.719110610820039e-08,5.34763494896629e-05,1.1910154075372169e-09,0.04895639686876817,4.046075285927552e-05,0.9509495120736929
20190910_sample_6,Vip,Vip,0.9871494452764643,5.5237101119431425e-06,2.5790989124061915e-05,1.9131080588539204e-07,0.00032780096915314695,0.0019937971097919766,0.0022094172196797206,0.008288033414869151,0.9871494452764643
20190911_sample_4,IT,CT,0.7723736131975816,0.7723736131975816,3.7307518796347114e-07,0.22762350860297578,1.850793379626247e-06,5.369958079609199e-07,8.263021176129314e-09,3.8921973790117055e-08,7.015007214103842e-08
20190911_sample_9,CT,CT,0.5170081661064525,0.5170081661064525,0.0035167884655995275,0.47947295322661204,4.158349716181178e-07,1.0187298558819164e-08,3.867934125562558e-07,1.2790515384903746e-06,3.341148133568188e-10
20190912_sample_1,CT,CT,0.9980739435057705,0.9980739435057705,1.4210233803095614e-08,0.0019253840785496245,1.7168438309256374e-09,3.0610194522568077e-09,3.808914792359176e-09,6.496040089045604e-07,1.465904821535014e-11
20190912_sample_2,CT,CT,0.984198663955065,0.984198663955065,0.00205689607491996,0.013690306200405723,1.0437570958457949e-05,1.1396150442485751e-08,1.4751516046497136e-05,2.89328288752549e-05,4.575788669918513e-10
20190912_sample_3,CT,CT,0.9834065995689495,0.9834065995689495,0.0032675552646511258,0.013323111760172488,1.891095147964501e-11,2.4650224210179626e-06,1.555739332615103e-07,1.1070121294997439e-07,2.089748728732536e-09
20190912_sample_4,Lamp5,Lamp5,0.9600502002205423,1.2571026560576862e-05,1.4065604521129634e-08,1.0700635687108882e-08,0.9600502002205423,0.01761449662268897,0.009907559863200428,5.45011369888961e-05,0.012360646363778656
20190912_sample_8,CT,CT,0.9999481072713067,0.9999481072713067,7.007780316737502e-08,5.18012821864822e-05,8.880122787079099e-10,5.673893034041057e-12,1.7776807617298334e-08,2.697784240324868e-09,4.2535917229517276e-13
20190912_sample_10,Pvalb,Lamp5,0.9864763022324696,2.0226326092566014e-06,2.9129621022663257e-09,6.080817329346609e-06,0.9864763022324696,0.01247016125864743,0.0008146679422410384,0.00019658765013814126,3.417455360308475e-05
20190917_sample_1,CT,CT,0.9954570932787494,0.9954570932787494,1.9039927889845583e-06,0.004449616594101128,8.933776934080783e-05,3.3780113184262387e-07,1.319479839465119e-08,1.6973506483981186e-06,1.8441002838493164e-11
20190917_sample_2,Lamp5,Lamp5,0.9986724650172942,1.7369344442870606e-08,3.5003829800687564e-11,1.5439633457521286e-08,0.9986724650172942,0.0003411788986887892,0.0008848553149271156,4.435263566431334e-09,0.00010146348984449441
20190917_sample_3,IT,IT,0.5374130463056366,2.8153331931493586e-06,2.2353066172483892e-07,0.5374130463056366,0.005008487414384858,0.00017789315829452043,0.0004671598944350252,9.798720979619995e-05,0.45683238715359803
20190919_sample_4,Lamp5,Lamp5,0.999198387342181,1.7430413656108237e-08,2.007253029938856e-09,2.198217510134322e-08,0.999198387342181,5.6990756512027286e-05,0.0003057307492682042,3.4955057858905905e-05,0.0004038946743381043
20190919_sample_5,CT,CT,0.9228974517453445,0.9228974517453445,0.008009351238025571,0.06902597663982982,5.084967028836361e-06,6.80613987340146e-08,1.3972660126878349e-05,4.806758914252682e-05,2.7099102987376512e-08
20190924_sample_1,Sst,Sst,0.7698648095819921,0.0003804968285275656,7.578989523617415e-05,6.536980096429372e-07,0.051550070471666716,0.06952853411950491,0.014639865532791462,0.7698648095819921,0.09395977987227143
20190924_sample_2,Sst,Sst,0.5490647116694101,0.003677315111955111,0.33181021048179177,0.01670087403625262,0.0030254337757944726,0.09485796079469375,0.0008103810664378305,0.5490647116694101,5.311306366449358e-05
20190924_sample_3,IT,IT,0.9080756080251601,0.09124717899670273,0.0006648368829790812,0.9080756080251601,8.202308129832006e-09,1.9687970537639527e-12,1.001319603991088e-06,1.1341517731849539e-05,2.505354527681136e-08
20190924_sample_4,Sst,Sst,0.9248944730457422,2.247985537396133e-05,0.00022577349333429187,1.2446364644681225e-05,0.00023631047435723716,0.06609970640174771,1.903817877866592e-05,0.9248944730457422,0.008489772186021097
20190924_sample_5,Sst,Pvalb,0.6965404711994155,0.00021424977119825048,9.058502280098578e-06,3.525447367966707e-07,0.0010425362547161663,0.6965404711994155,3.182120444580205e-05,0.30206820702241133,9.33035007958175e-05
20190924_sample_6,Sst,Sst,0.9990047139001401,1.0545286410037388e-10,8.293987700604773e-07,4.151463319010227e-10,2.1114968048719094e-12,0.0009943986937609524,6.987920078229213e-10,0.9990047139001401,5.678582605324854e-08
20190924_sample_7,Pvalb,Pvalb,0.49941712850601133,4.8452528520611434e-05,0.0005365227586890077,2.6470158703696875e-06,0.0005671924404947178,0.49941712850601133,0.0005326829164577251,0.4958186690699737,0.0030767047639827442
20190924_sample_8,CT,CT,0.5208095417870761,0.5208095417870761,0.39348383671323583,0.013731618687922444,2.8261836637512207e-09,4.333377095108361e-08,1.0837637831690881e-07,0.0719748390142983,9.261134333044523e-09
20190925_sample_2,Pvalb,Pvalb,0.7835516260756826,3.068946287641564e-05,1.1866398432245971e-06,1.8788780413552097e-05,0.20185058770050374,0.7835516260756826,0.013482199174354796,0.0009399506209667636,0.00012497154535878863
20190925_sample_3,Sst,Sst,0.9877759811725304,0.00012068136331048667,0.004372911566424995,8.835824882804319e-08,1.3103638435902104e-06,0.007251925049682346,0.00012376039330632712,0.9877759811725304,0.0003533417326530392
20190925_sample_4,CT,Sst,0.7290565032044075,0.050878871749292696,2.480403208576755e-06,0.17530541866785712,0.0028588540876701082,0.003960645277646903,0.03336713632842838,0.7290565032044075,0.004570090281488869
20190925_sample_5,Sst,Sst,0.5786543658266579,9.904140746363625e-05,0.0015690859835337436,1.825718653300622e-05,0.0003590503314878063,0.4151437688261877,0.00010169907648746792,0.5786543658266579,0.004054731361648902
20190925_sample_6,Pvalb,Pvalb,0.9999363842196005,1.1088326831013945e-09,3.4837829885205243e-06,1.178577958852712e-11,1.0498985516886103e-06,0.9999363842196005,7.035558440633212e-08,5.900222767056821e-05,8.394986036710225e-09
20190925_sample_7,Sst,Sst,0.9980620494627104,1.357084059436864e-05,2.4020724302499756e-05,4.366631907560397e-08,3.377263365657534e-07,4.285484023275435e-06,2.8484830184798822e-06,0.9980620494627104,0.0018928436126952918
20190926_sample_2,ET,ET,0.6691361014272219,0.010204211198013955,0.6691361014272219,0.31864465600568914,4.1381419251420706e-07,1.7277370943869558e-07,3.9390002031672465e-05,0.0019726582484713047,2.396530670007086e-06
20190926_sample_3,Sst,Sst,0.998532386391183,7.498418189843484e-05,0.0002555819177159842,4.6508325518174694e-07,4.1747137500995044e-08,0.00033519884025573184,2.502803374828447e-07,0.998532386391183,0.0008010915582166435
20190926_sample_4,ET,Sst,0.9868178636509126,0.0005908061193016537,4.3060224040254154e-05,0.00012364446708466168,3.2836960215977784e-07,0.012421917965984887,2.6477238119554623e-09,0.9868178636509126,2.376555350155115e-06
20190926_sample_5,Pvalb,Pvalb,0.9988733561899286,3.2581219009403054e-07,9.982325217354452e-07,1.3500241592735356e-10,1.6138593895698882e-05,0.9988733561899286,9.20868943857841e-06,0.0010998596384319455,1.127085910922512e-07
20190926_sample_6,Sst,Sst,0.9730576367854953,0.0003012344634358985,0.00011009922082315268,6.512471201017396e-07,2.1261573794934057e-05,0.012289961397081575,0.0003584130862433578,0.9730576367854953,0.013860742226005864
20190927_sample_1,IT,IT,0.9943278597970754,0.005579337962880829,2.3915799811436357e-05,0.9943278597970754,3.341517190268003e-07,1.1266608159591622e-09,2.4468662690968985e-05,9.921084671924715e-06,3.4161414489705566e-05
20190927_sample_2,CT,IT,0.6581827655786473,0.34164083349447455,0.00017476921081748645,0.6581827655786473,6.27078340204834e-08,3.7473873669413487e-07,2.1120115411224434e-08,1.1653993543256673e-06,7.750020055728933e-09
20190927_sample_3,Pvalb,Pvalb,0.9999853201309664,2.7016378406409588e-09,2.414942673021892e-07,5.3394036301056564e-09,7.25407219401224e-08,0.9999853201309664,1.339221857522111e-08,1.4311606738482033e-05,3.2794045889844e-08
20190927_sample_4,IT,IT,0.9567755385492985,0.042743992827463745,0.00048012122407061224,0.9567755385492985,1.0964114221870091e-07,1.1627119579290827e-07,1.4190869349899137e-08,7.890716916787272e-08,2.8388790682221547e-08
20190927_sample_5,Pvalb,Pvalb,0.9956349303608376,8.159506836224949e-07,1.2471044650263416e-05,0.003912158002942196,5.507518828269411e-07,0.9956349303608376,1.0152178178225091e-07,0.00043897229493387174,7.228780977110871e-11
20190927_sample_6,Vip,Lamp5,0.9969134214993518,3.396041260289018e-05,4.681704456499708e-09,1.0846992132910945e-06,0.9969134214993518,3.217621353402068e-05,0.0013120915826123876,1.0157873438995795e-05,0.0016971030375420929
20190927_sample_7,CT,CT,0.9992082144058437,0.9992082144058437,1.8312850349215093e-09,0.0007917409551204589,5.649843101549259e-12,1.784966903355822e-11,1.7190212088278664e-11,4.2760137727672334e-08,6.923393087865853e-12
20191001_sample_1,Sst,Sst,0.9978540852389692,2.401243765589907e-06,3.832152799661467e-05,3.797773577742077e-06,0.0013870774596781144,0.00038135427260662085,0.0002747870908321802,0.9978540852389692,5.81753925740208e-05
20191001_sample_3,Sst,Sst,0.9650103771820134,9.103846058631412e-05,6.905321059526559e-07,6.0726946755590356e-06,3.1843772174188644e-05,1.1095808502102725e-05,0.0007729508826440124,0.9650103771820134,0.034075930667298575
20191001_sample_4,Pvalb,Lamp5,0.5015735660950226,8.753897844507018e-07,1.0279482535185844e-05,5.182665206741558e-06,0.5015735660950226,0.22886537764856205,0.09522110970940688,0.16842631236852756,0.005897296640954573
20191001_sample_5,Sst,Sst,0.9846521467132232,4.080449373201956e-05,9.389243276389215e-06,0.00011288948110216242,4.502220524649053e-05,0.0005058958430687916,0.0031158569053038954,0.9846521467132232,0.011517995115047112
20191001_sample_6,Sst,Sst,0.9999910562753374,3.279513695566074e-07,1.5209050437991126e-06,4.6274411302363985e-08,3.5894048959027495e-06,6.269363159790743e-07,1.2158741902567673e-06,0.9999910562753374,1.6163784358038018e-06
20191003_sample_3,Sst,Sst,0.9922230641937545,6.813785898368226e-06,0.0031947233676712663,1.9988666341599464e-06,0.00014701625095207239,0.003670449648171363,5.978219437593652e-05,0.9922230641937545,0.0006961516925421694
20191003_sample_4,Sst,Pvalb,0.5082912693234104,0.03249271612618563,6.161459584816582e-06,1.0012684014119527e-06,0.0005560765812706952,0.5082912693234104,0.004004780384144636,0.4377865578258315,0.016861437031170948
20191003_sample_5,Sst,Sst,0.997902151609032,3.7249940215359056e-07,4.8218181116160784e-05,3.07383709257991e-08,0.00012191817684314959,9.410365884218151e-06,0.0011920485249291449,0.997902151609032,0.0007258499044223439
20191003_sample_6,CT,Sst,0.7874880105564016,0.14740044743506714,0.06425821861900315,0.0008415423854846939,6.650469435725088e-09,1.0676861095813242e-05,1.094293873619614e-06,0.7874880105564016,3.1986046120848977e-09
20191010_sample_1,IT,IT,0.951545952904524,0.029340806962089797,0.01874621306581281,0.951545952904524,2.0216936798921126e-06,2.7848977909464255e-06,0.000274518075765063,6.490035332796922e-05,2.2802047009422664e-05
20191010_sample_2,Sst,Pvalb,0.9991789270019658,5.552947718140557e-09,2.3664956597112076e-06,1.2892641286358721e-08,2.808306931461469e-07,0.9991789270019658,3.154558913864088e-05,0.0007868392469984939,2.2389955225958224e-08
20191010_sample_3,IT,IT,0.9465417113261846,0.0027184775550117167,0.05073971874526411,0.9465417113261846,6.900619034022395e-10,4.093863985757217e-09,4.190031762608335e-08,1.5214327040978517e-09,4.416786331845648e-08
20191010_sample_4,Pvalb,Pvalb,0.7272318265763702,1.806858138039318e-08,4.0354691388362205e-05,1.6878868516801327e-08,1.8033061119460102e-07,0.7272318265763702,1.0888320055594574e-07,0.27272681998508513,6.745858946247989e-07
20191010_sample_6,Pvalb,Pvalb,0.999889188546746,6.636510775103644e-10,2.6698359350888646e-05,1.1840317349091305e-10,2.1008866293612682e-08,0.999889188546746,6.250228077101597e-09,8.40846996288874e-05,3.5312556792159483e-10
20191010_sample_7,ET,IT,0.6550609933632512,9.348470689368209e-05,0.1179185419358107,0.6550609933632512,0.001641968687560711,0.0012744888598462576,0.0349249073759908,0.1882957498565511,0.0007898652140956918
20191028_sample_1,Sst,Sst,0.9938091364681685,0.0002867150667458151,6.360351455688401e-05,5.077860365877495e-07,7.917363057251436e-07,0.005555247756041249,8.940312027520653e-08,0.9938091364681685,0.00028390826902502343
20191028_sample_2,Sst,Sst,0.8134053292417454,0.0020858110878030174,3.4934619296356495e-06,4.027105289612824e-05,0.0011439220014222325,0.0007274695455373285,0.034717500683390246,0.8134053292417454,0.14787620292527615
20191028_sample_3,Pvalb,Pvalb,0.9970108473892789,7.082321685107839e-07,6.68894515120673e-06,5.259245109103322e-06,0.0002927114608066677,0.9970108473892789,6.281334658018848e-05,0.0026099032171195994,1.106816378578206e-05
20191030_sample_2,Sst,Sst,0.9519893570528346,6.619433091379193e-06,0.00012862682946895659,8.561591849154369e-05,2.7764474031560333e-05,0.04760323382308182,8.240864637283409e-07,0.9519893570528346,0.00015795838253633283
20191030_sample_3,ET,ET,0.9917658391500838,0.004746327302213447,0.9917658391500838,0.003244115964426243,1.7153756596166813e-11,1.035693638321707e-06,4.371274292554411e-08,0.00024263815730162067,2.4398170774377775e-12
20191030_sample_5,Sst,Pvalb,0.7149707877056727,9.307792772342326e-06,5.398658577229485e-07,2.745917765946299e-07,0.0003029317184308169,0.7149707877056727,0.00039747543580127885,0.2831412005569868,0.001177482332701712
20191101_sample_1,Lamp5,Lamp5,0.9997322906840664,2.1975398086794012e-09,1.3419084058296665e-11,7.515853688088284e-10,0.9997322906840664,5.992644996321239e-06,0.0002614689705211509,6.332308166506651e-08,1.814147902903908e-07
20191101_sample_2,CT,CT,0.9817686258568197,0.9817686258568197,4.191009702665905e-07,0.018228938864095566,1.4281578727288852e-07,1.5471772319967316e-09,1.7255336953159248e-06,1.46145351772256e-07,1.3610282481946307e-10
20191101_sample_3,Lamp5,Vip,0.8276805894060068,9.930167896978009e-05,9.794531958149335e-09,2.7762671273721424e-07,0.16852699259017673,0.0005859473606978155,0.0008500281213655366,0.0022568534215386443,0.8276805894060068
20191101_sample_4,CT,IT,0.6602658529482784,0.33199090485581084,0.007696447825095743,0.6602658529482784,1.4734998763290835e-07,8.557503666326131e-07,1.1167947396446685e-07,2.505259847774899e-05,2.062699250884392e-05
20191101_sample_5,CT,CT,0.9992348708156029,0.9992348708156029,0.0007531626135260592,1.0873889252725083e-05,3.954128990557827e-07,1.873742938715536e-10,3.812433640389166e-08,6.589545028747597e-07,2.505855081247961e-12
20191101_sample_6,CT,IT,0.9174413648386621,0.06618878857496807,0.012290941125662824,0.9174413648386621,0.00012931103603737662,7.289411788118098e-05,0.0007193451879450645,0.0027533148367217554,0.00040404028212175005
20191104_sample_1,Sst,Sst,0.9999984270884654,3.09294729539701e-09,7.043249150257116e-08,2.0500662452272036e-12,1.026194537293763e-08,1.2454678837639315e-07,1.244488372271287e-07,0.9999984270884654,1.2401264746978727e-06
20191104_sample_2,Lamp5,Lamp5,0.9077904384242345,8.870049596631436e-06,5.191884178665634e-07,0.00014737662004594366,0.9077904384242345,0.03766867431555509,0.00127163569126845,0.005649101614244221,0.04746338409663735
20191104_sample_4,Pvalb,Pvalb,0.9861787854032998,1.1905591683396104e-06,0.0021690782516233845,6.244245792987786e-10,4.0916359626318744e-06,0.9861787854032998,2.795488737350823e-07,0.011646414164185817,1.5981246171258558e-07
20191105_sample_1,Pvalb,Pvalb,0.5583246089792282,1.0938251376603092e-07,2.9440127152429487e-06,4.236882533756406e-07,0.013096941021306702,0.5583246089792282,0.003645896802789325,0.42427973376455935,0.000649342348634108
20191105_sample_2,IT,CT,0.7810677026899421,0.7810677026899421,0.030556928307060475,0.16146764433789162,0.005700352979135462,0.003731652288943273,0.006951656293386524,0.009513188801016502,0.0010108743026241796
20191105_sample_3,Sst,Sst,0.9974436781647814,4.000169149814851e-05,9.63475174698941e-07,4.871188253536795e-09,5.11874066894196e-07,0.00034468507543409784,6.641654863211315e-06,0.9974436781647814,0.002163513192993073
20191105_sample_4,Pvalb,Sst,0.9821873148993372,0.0007958966928527027,0.00010104745938192383,1.0153684000989462e-05,0.00018022399434381388,0.016077625562286185,0.0005145214596724082,0.9821873148993372,0.00013321624812484106
20191105_sample_5,Sst,Sst,0.9999999901428961,2.37015537675391e-12,7.572412282026796e-10,1.953844106206445e-12,3.2447475390387873e-10,6.951940975134796e-09,1.7154843753546344e-09,0.9999999901428961,1.0363854951329151e-10
20191106_sample_2,Lamp5,Lamp5,0.9999250562636005,1.241855885910849e-08,2.995643977928647e-13,5.3174945453279005e-08,0.9999250562636005,9.285327466429976e-08,6.655874982772364e-05,2.2974504399341078e-08,8.203564988828664e-06
20191106_sample_3,IT,IT,0.9877230260561024,0.012244104375784442,3.269338795838538e-05,0.9877230260561024,5.159090351191303e-09,1.0082471003098168e-09,1.308415038578222e-08,6.51548327972524e-08,9.17738340771728e-08
20191106_sample_5,Lamp5,Lamp5,0.9962044479238559,3.1513237200364597e-07,5.448827175830426e-09,5.482973808610612e-08,0.9962044479238559,0.0018976256422336712,0.0013781377506202812,3.35134448385114e-05,0.0004858998275145728
20191107_sample_2,Sst,Sst,0.9989096551549994,5.2491521620819915e-06,0.00012404192138681873,4.2655439555831e-09,5.8585392001424846e-05,0.0007377753434201415,0.00016182322781382722,0.9989096551549994,2.86554267242958e-06
20191107_sample_3,Sst,Sst,0.9991863716154826,3.245984188196031e-07,1.1216509496671483e-05,2.239419685954126e-05,0.00011911429032497435,5.9354906484770576e-06,0.0001704790068700564,0.9991863716154826,0.00048416429189869465
20191107_sample_4,Sst,Sst,0.9991155558985064,6.623480186154133e-06,1.8998010197271518e-05,8.269425015162302e-08,9.599299666616986e-09,0.0007991298640116933,3.7633086300834707e-06,0.9991155558985064,5.583714491860887e-05
20191108_sample_1,CT,CT,0.9997531264927776,0.9997531264927776,0.00014251449309604484,9.182373889147136e-05,2.3694619226506594e-06,3.0804122017873425e-07,2.5127462432671473e-07,9.603233242177153e-06,3.2642256614159588e-09
20191108_sample_4,CT,CT,0.9995049924236938,0.9995049924236938,5.500335735699692e-05,0.0004223945564260452,2.4345552671175833e-08,6.948945276752482e-10,7.383091781901048e-06,1.014613709953346e-05,5.5393194369157976e-08
20191108_sample_5,IT,IT,0.9500498614586215,0.04975424922378467,0.00019420366220651596,0.9500498614586215,1.221161453302093e-07,8.482820114776882e-07,3.578094469464395e-07,2.457448685626972e-07,1.1170291513567229e-07
20191114_sample_1,Lamp5,Sncg,0.8059660199784151,1.5348971833774854e-05,2.720242319464294e-07,0.00037108912207772674,0.1844417863330435,0.0003802258534944709,0.8059660199784151,0.0009903318264108088,0.007834925890492853
20191114_sample_2,CT,CT,0.6515762646084736,0.6515762646084736,0.00010234659084648967,0.32781663470262,3.0372721278911633e-06,2.0741060524758664e-05,0.004320992754867725,0.01615528296343015,4.700047109464765e-06
20191114_sample_3,IT,IT,0.9950797225294222,0.0015436653722989203,0.0030920019904073378,0.9950797225294222,1.0985935191982091e-06,1.574875313390448e-06,0.00019565484210163432,8.472927035492438e-05,1.5525265822384184e-06
20191114_sample_4,Sst,Sst,0.9962930294619717,9.073779684543832e-07,3.4736612827140833e-06,2.1744945188246836e-07,0.00016799656844304213,0.0008240717956021665,6.53161064859439e-05,0.9962930294619717,0.0026449875787942514
20191114_sample_7,IT,IT,0.5434100197700704,0.03705847254842174,0.4171634621283282,0.5434100197700704,1.0193066150489284e-05,0.00070835825738352,0.0005320331147104777,0.0008033000143055558,0.0003141611006294709
20191114_sample_8,IT,IT,0.9995338475554757,0.00010556887019786101,0.00034233399180541227,0.9995338475554757,1.7065606790274884e-07,7.266618653224476e-08,1.7292928918044474e-05,2.818989064788301e-07,4.3143244202552683e-07
20191114_sample_9,ET,IT,0.6634501512511597,0.024798681690710166,0.09124843798198953,0.6634501512511597,0.04333915306280673,0.007394872434487351,0.0003626840129556411,0.16913795186520464,0.000268067700686128
20200106_sample_1,Lamp5,Lamp5,0.9999643746225846,8.07102036759614e-11,2.2014375981043598e-13,2.456308745663442e-08,0.9999643746225846,2.1993219478733403e-05,6.067747567263729e-06,1.241945998962055e-08,7.527346891467636e-06
20200106_sample_4,IT,IT,0.8662175188519186,0.13376149518327016,2.0779935763186992e-05,0.8662175188519186,2.159859727900788e-09,4.430169461646344e-11,3.626882668607211e-10,1.0680578684982703e-07,9.66564114069082e-08
20200106_sample_5,IT,CT,0.9784906309456392,0.9784906309456392,9.405707293833302e-05,0.021411151397886238,3.831414112304644e-07,3.7319999664700085e-06,4.37968385564109e-08,1.600200861131281e-09,4.511913953964829e-11
20200106_sample_6,IT,IT,0.9998973475548129,0.0001010393791882344,1.5350247685981543e-06,0.9998973475548129,2.183903786455485e-09,2.317783437572405e-10,1.401515777354863e-08,5.565384172896992e-10,6.10538519125537e-08
20200225_sample_2,IT,IT,0.9999365098698999,3.264336914531483e-05,2.9950930356654915e-05,0.9999365098698999,9.51085595723272e-09,3.547525921150611e-07,2.814928935328726e-07,6.52451819802608e-09,2.4354973844661303e-07
20200225_sample_5,Sncg,Sncg,0.5389873905196411,9.114245838705273e-07,3.0574918786639744e-08,1.2897949803412207e-07,0.43491575545670674,0.001278179345113014,0.5389873905196411,0.001687465843422611,0.023130137856115954
20200316_sample_1,ET,IT,0.9282623817565682,0.07039521608772273,0.001243852495886434,0.9282623817565682,4.65663860750908e-10,5.488638213009653e-07,3.857334640692e-08,9.795710930069038e-05,4.6476902941866245e-09
20200316_sample_3,Pvalb,Pvalb,0.9999847819016934,3.2839228825038893e-11,1.6298389550432254e-08,4.154176233546982e-10,1.5020209136512927e-06,0.9999847819016934,6.588742075692025e-09,1.3664059183604062e-05,2.8682820868847925e-08
