cell_id,RNA_family,y_true,y_pred,y_pred_train_space
20171204_sample_2,ET,-3.216313198208809,-8.492950439453125,-8.492950439453125
20171204_sample_4,IT,-6.4414553344249725,-1.8359365463256836,-1.8359365463256836
20171204_sample_5,IT,-0.6206687539815903,-4.883426189422607,-4.883426189422607
20171204_sample_6,ET,4.595445469021797,-5.768425464630127,-5.768425464630127
20171207_sample_1,ET,-4.912097007036209,-5.695669174194336,-5.695669174194336
20171207_sample_2,ET,1.7313063144683838,-6.504183769226074,-6.504183769226074
20171207_sample_6,IT,-11.593997478485107,-5.77786111831665,-5.77786111831665
20171207_sample_7,IT,-12.140847742557526,-0.0056247711181640625,-0.0056247711181640625
20171219_sample_1,IT,2.867337316274643,-5.598238945007324,-5.598238945007324
20171219_sample_2,IT,0.864814966917038,-2.6973228454589844,-2.6973228454589844
20171219_sample_3,IT,0.2132244408130645,-2.600616455078125,-2.600616455078125
20171219_sample_4,ET,-1.4177262783050537,-7.55895471572876,-7.55895471572876
20171219_sample_6,ET,-0.4345364868640899,-4.195195198059082,-4.195195198059082
20171219_sample_7,IT,2.598777413368225,-3.2129201889038086,-3.2129201889038086
20171219_sample_8,ET,0.927560031414032,-7.368683338165283,-7.368683338165283
20180102_sample_1,ET,-2.688586711883545,-4.117947101593018,-4.117947101593018
20180102_sample_2,IT,-0.6868876516819,-2.964186668395996,-2.964186668395996
20180102_sample_3,ET,-5.753971636295319,-4.721877098083496,-4.721877098083496
20180102_sample_4,ET,2.156618982553482,-3.067913055419922,-3.067913055419922
20180102_sample_5,IT,-1.2999698519706726,-6.7206525802612305,-6.7206525802612305
20180103_sample_1,ET,1.6689412295818329,-7.921830177307129,-7.921830177307129
20180103_sample_2,ET,3.8413330912590022,-5.365392684936523,-5.365392684936523
20180103_sample_3,ET,-1.243777573108673,-9.046981811523438,-9.046981811523438
20180103_sample_4,low quality,-1.641109585762024,-8.842416763305664,-8.842416763305664
20180103_sample_5,IT,-7.878366857767105,-4.838050365447998,-4.838050365447998
20180103_sample_6,IT,0.2302266657352447,-2.3307371139526367,-2.3307371139526367
20180103_sample_7,IT,-0.7782727479934692,-5.8497209548950195,-5.8497209548950195
20180103_sample_8,IT,-5.705725401639938,-3.843984603881836,-3.843984603881836
20180104_sample_1,low quality,-4.545439034700394,-7.416172981262207,-7.416172981262207
20180104_sample_2,IT,-3.61957773566246,-4.565552711486816,-4.565552711486816
20180104_sample_3,IT,-7.933363318443298,-2.7603225708007812,-2.7603225708007812
20180104_sample_4,low quality,-2.186845988035202,-8.957186698913574,-8.957186698913574
20180104_sample_6,ET,-4.119504243135452,-9.095348358154297,-9.095348358154297
20180105_sample_4,IT,-1.1369548738002777,-0.9832096099853516,-0.9832096099853516
20180105_sample_5,IT,8.07270035147667,-5.519624710083008,-5.519624710083008
20180105_sample_6,IT,-3.1364448368549347,-3.5086069107055664,-3.5086069107055664
20180108_sample_1,IT,1.705661416053772,-3.615579605102539,-3.615579605102539
20180108_sample_2,low quality,-2.663593739271164,-8.70844554901123,-8.70844554901123
20180108_sample_3,IT,-2.8350763022899628,-8.238710403442383,-8.238710403442383
20180108_sample_4,ET,1.3165324926376345,-9.58514404296875,-9.58514404296875
20180108_sample_5,ET,1.7216652631759644,-4.717785358428955,-4.717785358428955
20180108_sample_7,IT,1.093938946723938,-3.9743542671203613,-3.9743542671203613
20180108_sample_8,ET,-4.026077687740326,-5.1302900314331055,-5.1302900314331055
20180108_sample_9,IT,0.5204826593399048,-4.330574035644531,-4.330574035644531
20180108_sample_10,ET,0.2104528248310089,-8.584775924682617,-8.584775924682617
20180109_sample_1,IT,-0.9390339255332948,-4.6666460037231445,-4.6666460037231445
20180109_sample_2,IT,-1.836869865655899,-4.938899040222168,-4.938899040222168
20180109_sample_5,IT,-4.488416016101837,-2.426332473754883,-2.426332473754883
20180110_sample_1,IT,-4.146996885538101,-3.102992057800293,-3.102992057800293
20180110_sample_2,IT,-6.274357438087463,-3.1576290130615234,-3.1576290130615234
20180110_sample_3,IT,-0.3682896494865417,-4.902694225311279,-4.902694225311279
20180110_sample_4,IT,-7.980657741427422,-6.692089080810547,-6.692089080810547
20180110_sample_5,IT,-5.705695599317551,-3.8224644660949707,-3.8224644660949707
20180110_sample_7,IT,-5.724009126424789,-1.8585243225097656,-1.8585243225097656
20180110_sample_8,ET,7.477246224880218,-6.877674579620361,-6.877674579620361
20180111_sample_5,IT,-3.3198781311512,-4.930985450744629,-4.930985450744629
20180115_sample_2,IT,-6.54112733900547,-7.771594047546387,-7.771594047546387
20180115_sample_5,IT,-2.6495642960071564,-2.737208366394043,-2.737208366394043
20180115_sample_6,low quality,0.3904402256011963,-8.716238021850586,-8.716238021850586
20180115_sample_7,IT,0.1818500459194183,-1.6826772689819336,-1.6826772689819336
20180115_sample_8,IT,1.9956491887569427,-5.191730499267578,-5.191730499267578
20180115_sample_9,IT,-3.1322017312049866,-3.966170310974121,-3.966170310974121
20180118_sample_1,IT,-1.5823189169168472,-7.129051208496094,-7.129051208496094
20180118_sample_2,IT,-4.150163382291794,-3.4505748748779297,-3.4505748748779297
20180118_sample_4,IT,-5.194798111915588,-5.909727096557617,-5.909727096557617
20180118_sample_6,IT,3.737248480319977,-4.129693984985352,-4.129693984985352
20180118_sample_7,ET,-1.3515986502170565,-6.38634729385376,-6.38634729385376
20180118_sample_10,ET,3.0748024582862854,-7.178346157073975,-7.178346157073975
20180123_sample_1,ET,-0.8166376501321793,-4.572710990905762,-4.572710990905762
20180123_sample_3,ET,2.350596711039543,-5.828153610229492,-5.828153610229492
20180123_sample_5,ET,2.649780362844467,-10.563488960266113,-10.563488960266113
20180123_sample_6,ET,-3.4324191510677338,-1.6876506805419922,-1.6876506805419922
20180123_sample_7,ET,1.7845910042524338,-8.289346694946289,-8.289346694946289
20180208_sample_1,low quality,-2.2990666329860687,-8.305173873901367,-8.305173873901367
20180208_sample_2,ET,0.8111931383609772,-7.365008354187012,-7.365008354187012
20180208_sample_3,ET,-1.4186017215251925,-7.557653903961182,-7.557653903961182
20180208_sample_4,IT,0.4976242780685425,-4.336108207702637,-4.336108207702637
20180208_sample_5,IT,-1.6897395253181458,-4.456996917724609,-4.456996917724609
20180213_sample_3,ET,0.2988912165164947,-4.960587501525879,-4.960587501525879
20180213_sample_5,Pvalb,-13.931162655353546,-18.784494400024414,-18.784494400024414
20180215_sample_1,Pvalb,-17.72448793053627,-17.70756721496582,-17.70756721496582
20180220_sample_1,Sst,-17.5161212682724,-12.854830741882324,-12.854830741882324
20180220_sample_2,IT,-0.1325160264968872,-6.6196722984313965,-6.6196722984313965
20180225_sample_1,IT,-14.656297862529756,-5.129179000854492,-5.129179000854492
20180225_sample_2,IT,-4.625130444765091,-3.766495704650879,-3.766495704650879
20180225_sample_3,IT,-2.7577467262744904,-4.658936500549316,-4.658936500549316
20180225_sample_4,IT,-6.1173215508461,-1.4407596588134766,-1.4407596588134766
20180225_sample_5,ET,0.9897761046886444,-7.274478912353516,-7.274478912353516
20180225_sample_7,Pvalb,-16.102928668260574,-18.610166549682617,-18.610166549682617
20180228_sample_3,IT,-6.204783916473389,-4.688589096069336,-4.688589096069336
20180306_sample_1,Pvalb,-22.153936326503757,-13.80476188659668,-13.80476188659668
20180306_sample_2,IT,-1.344539225101471,-5.997517108917236,-5.997517108917236
20180306_sample_3,IT,-6.991136819124222,-6.92486047744751,-6.92486047744751
20180306_sample_5,IT,-4.595158621668816,-4.519062519073486,-4.519062519073486
20180309_sample_4,IT,-5.13116642832756,-2.5513906478881836,-2.5513906478881836
20180309_sample_6,IT,-5.238093435764313,-4.926679611206055,-4.926679611206055
20180309_sample_7,IT,-3.386810421943665,-6.299135208129883,-6.299135208129883
20180309_sample_8,IT,-6.209701299667358,-4.19556999206543,-4.19556999206543
20180313_sample_1,low quality,-8.772891014814377,-6.279005527496338,-6.279005527496338
20180313_sample_2,ET,-3.826417028903961,-6.724828720092773,-6.724828720092773
20180313_sample_3,ET,-12.170696631073952,-6.642241477966309,-6.642241477966309
20180313_sample_7,IT,-9.582623839378355,-3.4021120071411133,-3.4021120071411133
20180313_sample_8,low quality,-3.400765359401703,-8.794963836669922,-8.794963836669922
20180313_sample_9,Pvalb,-23.102223873138428,-15.105793952941895,-15.105793952941895
20180315_sample_1,ET,-6.281860172748566,-7.279726982116699,-7.279726982116699
20180315_sample_2,low quality,-3.506030887365341,-6.965640068054199,-6.965640068054199
20180315_sample_5,IT,-9.18145664036274,-3.0320868492126465,-3.0320868492126465
20180315_sample_6,IT,-25.367315858602524,-7.2200164794921875,-7.2200164794921875
20180321_sample_2,IT,-2.804640680551529,-6.570255279541016,-6.570255279541016
20180321_sample_3,IT,-6.828857585787773,-6.26007080078125,-6.26007080078125
20180321_sample_4,IT,-15.486951917409897,-4.042120933532715,-4.042120933532715
20180321_sample_8,ET,-7.573641836643219,-9.447847366333008,-9.447847366333008
20180321_sample_9,ET,-6.202099844813347,-9.512557029724121,-9.512557029724121
20180322_sample_1,IT,-2.756815403699875,-1.600423812866211,-1.600423812866211
20180322_sample_2,IT,-4.890846088528633,-2.298341751098633,-2.298341751098633
20180322_sample_3,IT,-3.198746591806412,-4.875425338745117,-4.875425338745117
20180322_sample_4,IT,-5.4059699177742,-3.1015238761901855,-3.1015238761901855
20180322_sample_5,IT,-3.1850039958953857,-3.9638748168945312,-3.9638748168945312
20180322_sample_6,ET,-2.7096793055534363,-6.155013561248779,-6.155013561248779
20180322_sample_7,ET,-0.7034651935100555,-5.260223388671875,-5.260223388671875
20180327_sample_1,Pvalb,-17.697002738714218,-16.244190216064453,-16.244190216064453
20180327_sample_2,Pvalb,-11.391792446374891,-17.671058654785156,-17.671058654785156
20180327_sample_3,IT,-0.234309583902359,-3.7727108001708984,-3.7727108001708984
20180327_sample_4,Pvalb,-18.52069422602653,-16.04370880126953,-16.04370880126953
20180327_sample_5,Pvalb,-16.10393449664116,-19.16785430908203,-19.16785430908203
20180327_sample_6,IT,-4.450440406799316,-3.7688817977905273,-3.7688817977905273
20180329_sample_1,IT,-3.358658403158188,-4.441173553466797,-4.441173553466797
20180329_sample_2,IT,-4.276074469089508,-6.665803909301758,-6.665803909301758
20180329_sample_3,IT,-5.636420100927353,-5.266469955444336,-5.266469955444336
20180329_sample_4,ET,6.712574511766434,-8.840256690979004,-8.840256690979004
20180329_sample_5,IT,-5.405217409133911,-2.168170928955078,-2.168170928955078
20180329_sample_6,IT,-4.861153662204742,-2.3877696990966797,-2.3877696990966797
20180329_sample_7,low quality,-10.25133952498436,-8.776603698730469,-8.776603698730469
20180329_sample_8,IT,-4.47145476937294,-0.7301979064941406,-0.7301979064941406
20180403_sample_5,IT,-5.20341657102108,-3.432671546936035,-3.432671546936035
20180403_sample_6,ET,-4.848267883062363,-7.9661149978637695,-7.9661149978637695
20180403_sample_7,IT,-2.459544688463211,-3.425604820251465,-3.425604820251465
20180404_sample_1,Pvalb,-19.91602778434753,-15.203965187072754,-15.203965187072754
20180404_sample_2,Pvalb,-16.291294246912003,-10.923639297485352,-10.923639297485352
20180404_sample_3,IT,-0.5424022674560547,-2.770449638366699,-2.770449638366699
20180404_sample_4,Pvalb,-20.41567489504814,-14.874500274658203,-14.874500274658203
20180404_sample_5,Pvalb,1.3392344117164612,-15.836050033569336,-15.836050033569336
20180404_sample_7,IT,-6.63747638463974,-5.976332664489746,-5.976332664489746
20180405_sample_1,ET,-5.889397114515305,-4.807641983032227,-4.807641983032227
20180405_sample_2,IT,-7.095005363225937,-2.768472671508789,-2.768472671508789
20180405_sample_3,IT,-3.145456314086914,-3.6342692375183105,-3.6342692375183105
20180410_sample_1,Pvalb,-17.468374222517014,-17.716228485107422,-17.716228485107422
20180410_sample_3,IT,-6.301064044237137,-6.431210041046143,-6.431210041046143
20180410_sample_4,IT,-9.027941152453424,-0.8128252029418945,-0.8128252029418945
20180410_sample_5,IT,-5.647934973239899,-1.6747827529907227,-1.6747827529907227
20180410_sample_6,IT,-0.1010950654745101,-3.7588376998901367,-3.7588376998901367
20180410_sample_9,Pvalb,-20.93777060508728,-19.691720962524414,-19.691720962524414
20180411_sample_1,IT,-4.937095567584038,-3.001253128051758,-3.001253128051758
20180411_sample_3,IT,-2.3292433470487595,-1.6490535736083984,-1.6490535736083984
20180411_sample_4,Pvalb,-16.402389854192734,-12.156656265258789,-12.156656265258789
20180411_sample_5,Pvalb,-17.59290136396885,-18.716989517211914,-18.716989517211914
20180412_sample_1,IT,2.988658845424652,-5.359374046325684,-5.359374046325684
20180412_sample_2,Pvalb,-12.928124517202376,-16.833141326904297,-16.833141326904297
20180412_sample_3,IT,-9.37863066792488,-4.865026473999023,-4.865026473999023
20180412_sample_4,IT,-5.570463836193085,-4.122076034545898,-4.122076034545898
20180412_sample_7,IT,-4.9801599234342575,-3.8518285751342773,-3.8518285751342773
20180413_sample_2,Pvalb,-17.18558743596077,-17.097217559814453,-17.097217559814453
20180413_sample_3,Pvalb,-17.465021461248398,-16.582889556884766,-16.582889556884766
20180413_sample_4,IT,-1.3738349080085754,-4.099170684814453,-4.099170684814453
20180417_sample_1,Vip,-6.314864382147789,-7.359895706176758,-7.359895706176758
20180417_sample_2,Pvalb,-21.69245295226574,-16.977222442626953,-16.977222442626953
20180417_sample_3,IT,-10.034944862127304,-4.459015846252441,-4.459015846252441
20180417_sample_4,Pvalb,-14.34275321662426,-17.934242248535156,-17.934242248535156
20180417_sample_5,IT,-6.322138011455536,-5.427146911621094,-5.427146911621094
20180417_sample_6,IT,-7.395192980766296,-6.46533727645874,-6.46533727645874
20180417_sample_7,Pvalb,-9.145405143499374,-17.124263763427734,-17.124263763427734
20180417_sample_8,Sst,-13.151124119758606,-13.928728103637695,-13.928728103637695
20180417_sample_9,IT,-8.333994075655937,-2.5651745796203613,-2.5651745796203613
20180418_sample_1,Pvalb,-19.448265433311462,-14.539314270019531,-14.539314270019531
20180418_sample_2,Pvalb,-13.754982501268389,-15.830520629882812,-15.830520629882812
20180418_sample_3,Pvalb,-19.076712429523468,-17.440044403076172,-17.440044403076172
20180418_sample_5,IT,-1.1556372046470642,-4.831759452819824,-4.831759452819824
20180418_sample_6,IT,-5.862481892108917,-3.9617438316345215,-3.9617438316345215
20180420_sample_2,low quality,-5.580965429544449,-7.952244758605957,-7.952244758605957
20180420_sample_3,IT,-0.7387436926364899,-9.749862670898438,-9.749862670898438
20180420_sample_4,IT,-3.439962863922119,-6.718808174133301,-6.718808174133301
20180424_sample_1,IT,-6.655197590589523,-6.041872024536133,-6.041872024536133
20180424_sample_2,IT,0.5517080426216125,-4.683068752288818,-4.683068752288818
20180424_sample_3,IT,-7.269050925970077,-3.9392342567443848,-3.9392342567443848
20180424_sample_6,IT,-4.386935383081436,-3.5165929794311523,-3.5165929794311523
20180425_sample_2,IT,-0.3259815275669098,-4.536879539489746,-4.536879539489746
20180425_sample_3,Pvalb,-20.323218777775764,-14.91538143157959,-14.91538143157959
20180425_sample_4,IT,-6.662387400865555,-3.7176742553710938,-3.7176742553710938
20180425_sample_5,Sncg,-6.925009191036224,-8.103398323059082,-8.103398323059082
20180425_sample_7,Pvalb,-16.62255823612213,-15.713083267211914,-15.713083267211914
20180425_sample_8,Vip,-5.538575351238251,-7.23262882232666,-7.23262882232666
20180425_sample_9,IT,-6.821736693382263,-7.426383972167969,-7.426383972167969
20180426_sample_1,ET,-5.289459601044655,-6.625231742858887,-6.625231742858887
20180426_sample_3,IT,-5.378911271691322,-3.5706605911254883,-3.5706605911254883
20180426_sample_4,IT,-4.972238093614578,-5.27526330947876,-5.27526330947876
20180426_sample_5,Pvalb,-15.777744352817535,-14.889156341552734,-14.889156341552734
20180426_sample_7,IT,-8.604681119322777,-2.4919357299804688,-2.4919357299804688
20180426_sample_9,Pvalb,-17.150282859802246,-11.246207237243652,-11.246207237243652
20180501_sample_2,IT,-4.219718277454376,-4.678043365478516,-4.678043365478516
20180501_sample_3,IT,-6.709452718496323,-4.335264205932617,-4.335264205932617
20180501_sample_4,IT,-5.739521235227585,-3.3412351608276367,-3.3412351608276367
20180501_sample_5,IT,-7.273126393556595,-5.345353603363037,-5.345353603363037
20180501_sample_6,low quality,0.6594732403755188,-8.743856430053711,-8.743856430053711
20180501_sample_7,low quality,-14.261573553085327,-10.879783630371094,-10.879783630371094
20180501_sample_8,Lamp5,-18.29487457871437,-12.009783744812012,-12.009783744812012
20180502_sample_1,low quality,-15.694443136453629,-12.170637130737305,-12.170637130737305
20180502_sample_2,low quality,-6.4819566905498505,-10.25525188446045,-10.25525188446045
20180502_sample_3,IT,-5.050184205174446,-2.9452991485595703,-2.9452991485595703
20180502_sample_4,IT,-6.774146109819412,-6.624741554260254,-6.624741554260254
20180508_sample_1,Pvalb,-14.578480273485184,-15.269173622131348,-15.269173622131348
20180508_sample_2,IT,-5.009658634662628,-8.532625198364258,-8.532625198364258
20180508_sample_3,IT,-2.4882815778255463,-4.383999824523926,-4.383999824523926
20180508_sample_4,IT,-6.520483642816544,-7.6088714599609375,-7.6088714599609375
20180509_sample_1,low quality,-2.185910940170288,-10.10245132446289,-10.10245132446289
20180509_sample_2,IT,-6.078094244003296,-4.411659240722656,-4.411659240722656
20180509_sample_3,IT,-7.554929703474045,-3.451498508453369,-3.451498508453369
20180509_sample_4,IT,-6.138648837804794,-3.9242734909057617,-3.9242734909057617
20180509_sample_5,IT,-4.782784730195999,-5.184925079345703,-5.184925079345703
20180509_sample_7,IT,4.435833543539047,-3.6103296279907227,-3.6103296279907227
20180509_sample_9,IT,1.2755431234836578,-3.9073376655578613,-3.9073376655578613
20180510_sample_2,Pvalb,-13.48770409822464,-17.59246253967285,-17.59246253967285
20180510_sample_3,IT,-7.991457358002663,-4.343472480773926,-4.343472480773926
20180510_sample_4,IT,-8.515151217579842,-2.557861804962158,-2.557861804962158
20180510_sample_5,IT,1.885570585727692,-5.0865349769592285,-5.0865349769592285
20180510_sample_9,IT,-3.788786008954048,-4.637577056884766,-4.637577056884766
20180515_sample_1,Pvalb,-21.618306636810303,-15.93304443359375,-15.93304443359375
20180515_sample_6,Pvalb,-16.427669674158096,-11.374814987182617,-11.374814987182617
20180522_sample_1,IT,-4.970848560333252,-2.704533576965332,-2.704533576965332
20180522_sample_2,IT,-2.628881484270096,-6.495480537414551,-6.495480537414551
20180522_sample_3,IT,-7.822461426258087,-4.934660911560059,-4.934660911560059
20180522_sample_4,IT,-5.115702748298645,-5.5690507888793945,-5.5690507888793945
20180522_sample_5,Pvalb,-14.817044138908386,-20.191089630126953,-20.191089630126953
20180522_sample_6,ET,2.416282892227173,-7.710754871368408,-7.710754871368408
20180522_sample_7,IT,-7.559116929769516,-5.033470153808594,-5.033470153808594
20180524_sample_5,low quality,-10.770188644528387,-11.067522048950195,-11.067522048950195
20180524_sample_8,IT,-6.1001889407634735,-4.544408798217773,-4.544408798217773
20180524_sample_9,Pvalb,-16.89564809203148,-13.882806777954102,-13.882806777954102
20180529_sample_3,IT,-1.1244043707847595,-4.232632637023926,-4.232632637023926
20180608_sample_1,Lamp5,-5.115125328302383,-13.895549774169922,-13.895549774169922
20180608_sample_2,Pvalb,-14.311112463474274,-18.949560165405273,-18.949560165405273
20180608_sample_3,IT,-4.748757928609848,-13.814081192016602,-13.814081192016602
20180608_sample_5,Pvalb,-16.184046864509583,-18.212234497070312,-18.212234497070312
20180619_sample_3,Pvalb,-22.043317556381226,-14.196502685546875,-14.196502685546875
20180619_sample_5,IT,-6.206944584846497,-4.439915657043457,-4.439915657043457
20180619_sample_7,Lamp5,-12.112440541386604,-12.20888614654541,-12.20888614654541
20180621_sample_1,IT,-5.958974361419678,-5.138186454772949,-5.138186454772949
20180621_sample_2,IT,-7.934983819723129,-4.421213150024414,-4.421213150024414
20180621_sample_3,Sncg,-8.916381746530533,-9.897246360778809,-9.897246360778809
20180621_sample_4,IT,-9.728264063596724,-2.383544921875,-2.383544921875
20180621_sample_5,Vip,-16.39677584171295,-11.755457878112793,-11.755457878112793
20180621_sample_7,Pvalb,-20.703107118606567,-16.837064743041992,-16.837064743041992
20180621_sample_8,Pvalb,-8.116651326417923,-18.37594985961914,-18.37594985961914
20180628_sample_2,Pvalb,-18.056966364383698,-11.956758499145508,-11.956758499145508
20180628_sample_3,Pvalb,-17.31828972697258,-14.366731643676758,-14.366731643676758
20180628_sample_4,low quality,-16.53134822845459,-8.254862785339355,-8.254862785339355
20180628_sample_6,Pvalb,-14.801789075136185,-16.64324951171875,-16.64324951171875
20180628_sample_7,Lamp5,-2.4102628231048584,-9.293845176696777,-9.293845176696777
20180703_sample_1,Pvalb,-18.135756254196167,-14.567863464355469,-14.567863464355469
20180703_sample_2,IT,-5.417436361312866,-4.448271751403809,-4.448271751403809
20180703_sample_3,low quality,-3.5153180360794067,-11.411887168884277,-11.411887168884277
20180704_sample_1,Pvalb,-19.52655240893364,-15.222343444824219,-15.222343444824219
20180704_sample_2,Pvalb,-21.272797137498856,-17.674692153930664,-17.674692153930664
20180704_sample_3,Pvalb,-17.331045120954514,-13.763309478759766,-13.763309478759766
20180704_sample_4,IT,-5.365818738937378,-5.577281475067139,-5.577281475067139
20180704_sample_5,Pvalb,-16.386404633522034,-16.07861328125,-16.07861328125
20180705_sample_1,Pvalb,-20.49971744418144,-14.56439208984375,-14.56439208984375
20180705_sample_4,Pvalb,-21.81165292859077,-19.173423767089844,-19.173423767089844
20180709_sample_2,IT,-6.301909685134888,-2.8352174758911133,-2.8352174758911133
20180709_sample_3,Lamp5,-15.733156353235245,-13.840213775634766,-13.840213775634766
20180709_sample_4,IT,-4.67352569103241,-4.894549369812012,-4.894549369812012
20180709_sample_6,IT,-6.588201969861984,-6.914933204650879,-6.914933204650879
20180710_sample_1,Pvalb,-19.602425396442413,-10.537666320800781,-10.537666320800781
20180710_sample_2,Pvalb,-9.171266108751295,-18.470218658447266,-18.470218658447266
20180710_sample_3,Pvalb,-21.17954194545746,-16.451318740844727,-16.451318740844727
20180710_sample_5,Pvalb,-22.7959081530571,-19.116985321044922,-19.116985321044922
20180711_sample_1,Pvalb,-22.011354565620422,-13.598915100097656,-13.598915100097656
20180711_sample_2,Sst,-12.105118483304976,-13.458602905273438,-13.458602905273438
20180711_sample_3,Sst,-14.60263878107071,-10.097222328186035,-10.097222328186035
20180711_sample_4,Sst,-11.671535670757294,-9.506548881530762,-9.506548881530762
20180712_sample_2,low quality,-13.766314834356308,-9.233870506286621,-9.233870506286621
20180712_sample_3,Sncg,-7.218640297651291,-8.910877227783203,-8.910877227783203
20180712_sample_5,Pvalb,-15.711870044469832,-14.225997924804688,-14.225997924804688
20180712_sample_11,Pvalb,-11.783406138420103,-16.457691192626953,-16.457691192626953
20180712_sample_12,Pvalb,-16.18174836039543,-20.92506217956543,-20.92506217956543
20180712_sample_13,IT,-10.03141701221466,-2.416935443878174,-2.416935443878174
20180712_sample_14,Pvalb,-21.07882872223854,-17.741281509399414,-17.741281509399414
20180712_sample_15,Pvalb,-16.82611182332039,-18.154319763183594,-18.154319763183594
20180717_sample_1,Pvalb,-19.15944740176201,-15.993364334106445,-15.993364334106445
20180717_sample_2,Lamp5,0.4828721284866333,-9.79212474822998,-9.79212474822998
20180717_sample_3,Pvalb,-21.60422876477241,-15.257584571838379,-15.257584571838379
20180717_sample_4,Pvalb,-21.58140018582344,-17.625057220458984,-17.625057220458984
20180717_sample_6,Pvalb,-17.630761489272118,-15.575345039367676,-15.575345039367676
20180717_sample_7,ET,-0.436391681432724,-4.246205806732178,-4.246205806732178
20180718_sample_2,Pvalb,-17.697975039482117,-16.90438461303711,-16.90438461303711
20180718_sample_3,Pvalb,-16.803201287984848,-14.304964065551758,-14.304964065551758
20180718_sample_4,Pvalb,-14.828935265541077,-18.662391662597656,-18.662391662597656
20180719_sample_1,Pvalb,-13.66724818944931,-18.080520629882812,-18.080520629882812
20180719_sample_4,Pvalb,-19.110094755887985,-17.25183868408203,-17.25183868408203
20180720_sample_2,Sncg,5.682811141014099,-9.359121322631836,-9.359121322631836
20180720_sample_3,Pvalb,-15.608791261911392,-16.94759750366211,-16.94759750366211
20180720_sample_5,Lamp5,-19.670087844133377,-13.612574577331543,-13.612574577331543
20180725_sample_3,IT,-2.325247973203659,-5.60603141784668,-5.60603141784668
20180725_sample_4,low quality,-7.457036525011063,-9.232878684997559,-9.232878684997559
20180725_sample_6,Pvalb,-18.5320433229208,-15.305782318115234,-15.305782318115234
20180725_sample_7,IT,-8.609352633357048,-2.2589006423950195,-2.2589006423950195
20180725_sample_9,Lamp5,-19.37747560441494,-9.917220115661621,-9.917220115661621
20180726_sample_3,Pvalb,-15.906885266304016,-17.054250717163086,-17.054250717163086
20180726_sample_4,Pvalb,-18.094033002853397,-16.380859375,-16.380859375
20180726_sample_5,Pvalb,-18.833205103874207,-14.578268051147461,-14.578268051147461
20180726_sample_6,Pvalb,-19.242968410253525,-13.459436416625977,-13.459436416625977
20180726_sample_7,Pvalb,-20.205434411764145,-14.952997207641602,-14.952997207641602
20180817_sample_2,Pvalb,-20.937416702508926,-19.587169647216797,-19.587169647216797
20180817_sample_3,Pvalb,-21.877985447645187,-18.924406051635742,-18.924406051635742
20180817_sample_4,Pvalb,-14.222845435142515,-15.457966804504395,-15.457966804504395
20180817_sample_5,Pvalb,-20.693566650152206,-15.57522201538086,-15.57522201538086
20180817_sample_6,IT,-6.217151880264282,-5.309546947479248,-5.309546947479248
20180817_sample_7,Pvalb,-16.612771898508072,-18.50693130493164,-18.50693130493164
20180820_sample_1,Sst,-8.827561512589455,-12.828971862792969,-12.828971862792969
20180820_sample_2,IT,-4.280127584934235,-3.319385528564453,-3.319385528564453
20180820_sample_3,Sst,-12.837067246437073,-11.85596752166748,-11.85596752166748
20180820_sample_4,Sst,-10.034415870904922,-10.330492973327637,-10.330492973327637
20180820_sample_5,Sst,-13.189993798732758,-13.36770248413086,-13.36770248413086
20180820_sample_6,IT,-7.0883408188819885,-3.9281373023986816,-3.9281373023986816
20180820_sample_7,Sst,-13.398103415966034,-15.119783401489258,-15.119783401489258
20180822_sample_1,Pvalb,-20.42185701429844,-15.366830825805664,-15.366830825805664
20180822_sample_2,Pvalb,-18.98369565606117,-18.463836669921875,-18.463836669921875
20180822_sample_3,Pvalb,-25.309831835329533,-14.981127738952637,-14.981127738952637
20180822_sample_4,Pvalb,-18.078818917274475,-15.288753509521484,-15.288753509521484
20180822_sample_6,Pvalb,-12.109916657209396,-18.286989212036133,-18.286989212036133
20180822_sample_7,Pvalb,-21.28559723496437,-17.97315788269043,-17.97315788269043
20180828_sample_2,Pvalb,-20.291196182370182,-16.253406524658203,-16.253406524658203
20180828_sample_3,Pvalb,-16.78309589624405,-16.197166442871094,-16.197166442871094
20180828_sample_4,IT,-3.306940197944641,-4.806609630584717,-4.806609630584717
20180828_sample_5,Pvalb,-16.76122471690178,-17.389171600341797,-17.389171600341797
20180828_sample_6,Pvalb,-20.84029465913773,-18.604848861694336,-18.604848861694336
20180828_sample_7,low quality,-5.840975791215897,-8.601360321044922,-8.601360321044922
20180828_sample_8,IT,-2.859633415937424,-3.424837112426758,-3.424837112426758
20180829_sample_1,Sst,-12.097720056772232,-11.291010856628418,-11.291010856628418
20180829_sample_2,Sst,-7.99940899014473,-11.888717651367188,-11.888717651367188
20180829_sample_3,Sst,-16.72842912375927,-9.25030517578125,-9.25030517578125
20180829_sample_4,Sst,-9.637638926506042,-10.283636093139648,-10.283636093139648
20180829_sample_5,Sst,-14.26381804049015,-13.299607276916504,-13.299607276916504
20180829_sample_6,Sst,-15.022549778223038,-13.27165412902832,-13.27165412902832
20180829_sample_7,Sst,-2.179998904466629,-12.252449989318848,-12.252449989318848
20180829_sample_8,IT,-8.007951080799103,-4.630338668823242,-4.630338668823242
20180830_sample_1,Pvalb,-17.040185630321503,-10.757946014404297,-10.757946014404297
20180830_sample_2,Pvalb,-18.171921372413635,-16.327056884765625,-16.327056884765625
20180830_sample_5,Pvalb,-22.66804687678814,-16.774105072021484,-16.774105072021484
20180830_sample_6,Pvalb,-15.678301453590391,-17.799888610839844,-17.799888610839844
20180904_sample_1,Pvalb,-14.955315738916395,-15.904605865478516,-15.904605865478516
20180904_sample_2,Pvalb,-18.024086952209476,-16.41752815246582,-16.41752815246582
20180904_sample_3,Pvalb,-13.365574181079865,-16.061370849609375,-16.061370849609375
20180904_sample_4,Pvalb,-19.48212832212448,-17.464778900146484,-17.464778900146484
20180904_sample_5,Pvalb,-18.22792924940586,-14.28962516784668,-14.28962516784668
20180904_sample_6,Pvalb,-18.04269850254059,-17.009952545166016,-17.009952545166016
20180904_sample_7,Pvalb,-17.43321679532528,-20.0666446685791,-20.0666446685791
20180904_sample_9,Pvalb,-18.83427239954472,-16.202804565429688,-16.202804565429688
20180905_sample_1,Sst,-10.327275842428207,-10.282572746276855,-10.282572746276855
20180905_sample_2,Sst,-16.06617122888565,-12.555084228515625,-12.555084228515625
20180910_sample_2,Sst,-7.787980139255524,-11.626872062683105,-11.626872062683105
20180910_sample_3,Sst,-13.55823501944542,-9.470706939697266,-9.470706939697266
20180911_sample_1,Sst,-8.679218590259552,-12.878734588623047,-12.878734588623047
20180911_sample_2,Sst,-19.198477268218998,-11.195955276489258,-11.195955276489258
20180911_sample_3,Sst,-11.910218745470049,-11.643026351928711,-11.643026351928711
20180911_sample_5,Sst,-16.89993217587471,-9.973995208740234,-9.973995208740234
20180911_sample_6,Sst,-12.1009461581707,-12.773698806762695,-12.773698806762695
20180912_sample_2,Pvalb,-16.88644289970398,-15.822229385375977,-15.822229385375977
20180912_sample_3,Pvalb,-16.791708767414093,-19.119461059570312,-19.119461059570312
20180912_sample_6,Pvalb,-26.34966187179089,-18.71122169494629,-18.71122169494629
20180913_sample_2,low quality,-7.033471018075943,-9.005255699157715,-9.005255699157715
20180917_sample_1,Sst,-14.805026352405548,-10.504672050476074,-10.504672050476074
20180917_sample_2,Pvalb,-16.95491001009941,-15.734292984008789,-15.734292984008789
20180917_sample_3,IT,-3.9419159293174735,-3.486215591430664,-3.486215591430664
20180917_sample_4,Pvalb,-18.160298466682438,-17.25948143005371,-17.25948143005371
20180917_sample_5,Sst,-14.108415693044662,-10.66057014465332,-10.66057014465332
20180918_sample_1,Vip,-9.962908923625946,-11.554165840148926,-11.554165840148926
20180918_sample_2,Vip,-6.289858371019363,-9.669633865356445,-9.669633865356445
20180918_sample_3,Vip,-12.59886845946312,-7.347771167755127,-7.347771167755127
20180920_sample_1,low quality,-15.77458158135414,-9.615999221801758,-9.615999221801758
20180920_sample_2,Pvalb,-16.10637456178665,-17.39145278930664,-17.39145278930664
20180920_sample_3,Pvalb,-21.78730815649033,-18.95074462890625,-18.95074462890625
20180920_sample_4,Pvalb,-19.86249908804893,-18.643218994140625,-18.643218994140625
20180921_sample_1,low quality,-4.1015371680259705,-10.128995895385742,-10.128995895385742
20180921_sample_2,Pvalb,-14.42836970090866,-18.04972267150879,-18.04972267150879
20180921_sample_3,Pvalb,-17.574481666088104,-17.245927810668945,-17.245927810668945
20180925_sample_9,Pvalb,-21.92392572760582,-15.078886032104492,-15.078886032104492
20180926_sample_1,Pvalb,-23.232227191329,-17.63451385498047,-17.63451385498047
20180926_sample_3,Pvalb,-20.816437900066376,-15.653009414672852,-15.653009414672852
20180926_sample_4,low quality,-18.30478385090828,-12.836501121520996,-12.836501121520996
20180926_sample_7,Pvalb,-23.967083543539047,-19.044414520263672,-19.044414520263672
20180926_sample_9,IT,-8.921260014176369,-3.0961685180664062,-3.0961685180664062
20180927_sample_1,Pvalb,-18.391110002994537,-18.18842315673828,-18.18842315673828
20180927_sample_2,Pvalb,-17.418604344129562,-16.172027587890625,-16.172027587890625
20180927_sample_3,low quality,-22.22207933664322,-12.137747764587402,-12.137747764587402
20180927_sample_4,Pvalb,-16.175203025341034,-19.016382217407227,-19.016382217407227
20180927_sample_5,Pvalb,-16.522690653800964,-16.32520866394043,-16.32520866394043
20180927_sample_7,Pvalb,-17.879262566566467,-17.07595443725586,-17.07595443725586
20180927_sample_9,IT,-1.3142377138137815,-5.7433576583862305,-5.7433576583862305
20180927_sample_10,low quality,-17.600923776626587,-9.420795440673828,-9.420795440673828
20181002_sample_1,low quality,-18.084891140460968,-11.063051223754883,-11.063051223754883
20181002_sample_2,Pvalb,-18.20497214794159,-17.14339828491211,-17.14339828491211
20181002_sample_3,Pvalb,-16.670532524585724,-17.128398895263672,-17.128398895263672
20181002_sample_4,Pvalb,-19.65165883302689,-12.902410507202148,-12.902410507202148
20181002_sample_5,Pvalb,-21.724220365285877,-18.456485748291016,-18.456485748291016
20181002_sample_6,Pvalb,-10.855495929718018,-15.970281600952148,-15.970281600952148
20181002_sample_7,IT,-9.918581694364548,-4.321065902709961,-4.321065902709961
20181002_sample_8,Pvalb,-18.313217908144,-15.54510498046875,-15.54510498046875
20181002_sample_9,Sst,-20.97834832966328,-18.107559204101562,-18.107559204101562
20181002_sample_10,Pvalb,-16.90245419740677,-18.349895477294922,-18.349895477294922
20181003_sample_1,low quality,-13.348761945962906,-10.357779502868652,-10.357779502868652
20181003_sample_2,Sst,-10.006606578826904,-6.582235813140869,-6.582235813140869
20181003_sample_3,Sst,-12.422166764736176,-9.506143569946289,-9.506143569946289
20181003_sample_4,Sst,-10.987594723701475,-14.30901050567627,-14.30901050567627
20181003_sample_5,Sst,-13.227596879005432,-8.267036437988281,-8.267036437988281
20181003_sample_6,Sst,-9.858466684818268,-9.857728958129883,-9.857728958129883
20181003_sample_7,Sst,-17.967689782381058,-12.304916381835938,-12.304916381835938
20181003_sample_8,Sst,-10.479897260665894,-14.436749458312988,-14.436749458312988
20181003_sample_9,Sst,-21.31875790655613,-17.771671295166016,-17.771671295166016
20181003_sample_10,Sst,-16.524285078048706,-15.005440711975098,-15.005440711975098
20181004_sample_1,low quality,-12.719154357910156,-11.36297607421875,-11.36297607421875
20181004_sample_3,Sst,-16.577357426285744,-13.332611083984375,-13.332611083984375
20181004_sample_5,Sst,-16.224300488829613,-14.438006401062012,-14.438006401062012
20181004_sample_6,Sst,-12.210309505462646,-10.95180892944336,-10.95180892944336
20181004_sample_8,Sst,-19.991807639598846,-16.8696346282959,-16.8696346282959
20181009_sample_2,Sst,-7.163744419813156,-13.811480522155762,-13.811480522155762
20181009_sample_3,Sst,-12.3356394469738,-10.646787643432617,-10.646787643432617
20181009_sample_4,Sst,-10.26800274848938,-11.976242065429688,-11.976242065429688
20181009_sample_5,Sst,-18.2826966047287,-11.904842376708984,-11.904842376708984
20181009_sample_6,IT,-7.036145776510239,-1.8732376098632812,-1.8732376098632812
20181009_sample_7,Sst,-13.010099530220032,-11.860898971557617,-11.860898971557617
20181010_sample_1,Sst,-13.664953410625458,-15.769420623779297,-15.769420623779297
20181010_sample_3,Sst,-8.865099400281906,-10.548262596130371,-10.548262596130371
20181010_sample_4,Sst,-11.785689741373062,-9.896265029907227,-9.896265029907227
20181010_sample_5,IT,-12.838618829846382,-3.8180017471313477,-3.8180017471313477
20181010_sample_6,Sst,-7.512647658586502,-11.590585708618164,-11.590585708618164
20181010_sample_8,Sst,-11.6056427359581,-11.359659194946289,-11.359659194946289
20181010_sample_10,Sst,-13.845626264810562,-12.282217025756836,-12.282217025756836
20181011_sample_3,Sst,-21.459277719259266,-15.561716079711914,-15.561716079711914
20181011_sample_4,Sst,-10.378874838352203,-9.905540466308594,-9.905540466308594
20181011_sample_8,Sst,-13.318445533514025,-13.4923734664917,-13.4923734664917
20181011_sample_9,Sst,-10.79460233449936,-12.98162841796875,-12.98162841796875
20181011_sample_10,Sst,-14.63392749428749,-17.873573303222656,-17.873573303222656
20181109_sample_1,Sst,-2.698894590139389,-11.314277648925781,-11.314277648925781
20181109_sample_2,Sst,-18.20310950279236,-9.905072212219238,-9.905072212219238
20181109_sample_3,Sst,-15.00288024544716,-10.751745223999023,-10.751745223999023
20181109_sample_5,Sst,-8.134003728628159,-12.478782653808594,-12.478782653808594
20181109_sample_7,Sst,-9.815070778131483,-7.484662055969238,-7.484662055969238
20181109_sample_8,Sst,-7.233176380395889,-12.453739166259766,-12.453739166259766
20181109_sample_9,Sst,-17.21852272748947,-9.92263412475586,-9.92263412475586
20181109_sample_10,Sst,4.399742931127548,-12.704370498657227,-12.704370498657227
20181112_sample_1,low quality,-10.903950780630112,-9.612576484680176,-9.612576484680176
20181112_sample_4,Sst,-6.180986762046814,-14.41500473022461,-14.41500473022461
20181112_sample_5,low quality,-13.32833245396614,-13.047013282775879,-13.047013282775879
20181112_sample_6,Sst,-18.55425909161568,-10.717611312866211,-10.717611312866211
20181112_sample_8,Sst,-12.119710445404053,-12.742825508117676,-12.742825508117676
20181112_sample_11,Sst,-12.601051479578018,-14.621345520019531,-14.621345520019531
20181114_sample_1,Pvalb,-19.492294639348984,-13.34727668762207,-13.34727668762207
20181114_sample_2,Pvalb,-24.61737021803856,-17.07912826538086,-17.07912826538086
20181114_sample_4,Pvalb,-20.449403673410416,-11.522236824035645,-11.522236824035645
20181116_sample_2,Pvalb,-20.131457597017288,-16.800722122192383,-16.800722122192383
20181116_sample_3,Pvalb,-19.61162686347961,-14.292943000793457,-14.292943000793457
20181116_sample_4,Pvalb,-20.131457597017288,-17.27751922607422,-17.27751922607422
20181116_sample_5,Pvalb,-19.77234706282616,-11.690698623657227,-11.690698623657227
20181116_sample_7,low quality,-19.71091888844967,-9.934903144836426,-9.934903144836426
20181116_sample_10,low quality,-16.341067850589752,-9.199159622192383,-9.199159622192383
20181116_sample_12,Pvalb,-18.65334063768387,-17.06023406982422,-17.06023406982422
20181121_sample_1,Sst,-9.948190301656725,-7.569151878356934,-7.569151878356934
20181121_sample_2,Sst,-8.867710828781128,-10.253372192382812,-10.253372192382812
20181121_sample_3,Pvalb,-19.17940005660057,-18.595470428466797,-18.595470428466797
20181121_sample_4,low quality,-8.661728352308273,-11.849878311157227,-11.849878311157227
20181121_sample_5,Sst,-10.73753461241722,-12.807140350341797,-12.807140350341797
20181121_sample_6,Sst,-16.388360410928726,-14.94348430633545,-14.94348430633545
20181121_sample_7,Sst,-12.076400220394136,-9.692218780517578,-9.692218780517578
20181126_sample_2,Sst,-14.746509492397308,-19.02288055419922,-19.02288055419922
20181126_sample_6,Sst,-14.618124812841415,-11.951634407043457,-11.951634407043457
20181127_sample_1,Sst,-16.930103302001953,-10.655960083007812,-10.655960083007812
20181127_sample_3,Sst,-11.76469773054123,-10.491129875183105,-10.491129875183105
20181127_sample_4,Sst,-14.789663255214691,-13.667614936828613,-13.667614936828613
20181127_sample_5,Sst,-8.922159671783447,-12.555086135864258,-12.555086135864258
20181127_sample_7,Sst,-8.05598497390747,-13.133514404296875,-13.133514404296875
20181129_sample_1,Sst,-9.834971278905869,-12.201059341430664,-12.201059341430664
20181129_sample_2,low quality,-10.687623172998428,-9.662845611572266,-9.662845611572266
20181129_sample_3,Sst,-8.693549782037735,-11.966963768005371,-11.966963768005371
20181129_sample_4,Sst,-13.047181069850922,-9.413431167602539,-9.413431167602539
20181129_sample_5,Sst,-10.830409824848177,-13.33102035522461,-13.33102035522461
20181129_sample_6,Sst,-9.096924215555193,-9.802952766418457,-9.802952766418457
20181203_sample_2,Sst,-9.398680180311205,-8.234603881835938,-8.234603881835938
20181203_sample_3,Sst,-15.145201236009598,-10.719669342041016,-10.719669342041016
20181203_sample_4,Sst,-13.16796988248825,-8.711496353149414,-8.711496353149414
20181203_sample_5,Sst,-14.896363019943236,-11.161333084106445,-11.161333084106445
20181203_sample_6,Pvalb,-23.908130824565887,-15.727334022521973,-15.727334022521973
20181203_sample_7,Sst,-9.751252830028534,-9.444908142089844,-9.444908142089844
20181203_sample_8,Sst,-16.244277358055115,-17.260879516601562,-17.260879516601562
20181203_sample_9,Sst,-15.232160687446594,-10.461363792419434,-10.461363792419434
20181203_sample_10,low quality,-16.549911350011826,-17.02286148071289,-17.02286148071289
20181205_sample_1,Sst,-3.3352263271808624,-12.246053695678711,-12.246053695678711
20181205_sample_2,Sst,-10.457918047904968,-13.381036758422852,-13.381036758422852
20181207_sample_1,Pvalb,-19.38856393098831,-17.22161865234375,-17.22161865234375
20181207_sample_2,Pvalb,-16.64944738149643,-16.027694702148438,-16.027694702148438
20181207_sample_3,Pvalb,-10.47787070274353,-14.615357398986816,-14.615357398986816
20181207_sample_4,Pvalb,-18.253717571496964,-17.10397720336914,-17.10397720336914
20181207_sample_5,Pvalb,-18.082009628415108,-16.679798126220703,-16.679798126220703
20181207_sample_6,low quality,-18.004942685365677,-13.398405075073242,-13.398405075073242
20181207_sample_7,Pvalb,-18.378932029008865,-18.263198852539062,-18.263198852539062
20181208_sample_1,low quality,-17.823535948991776,-9.849613189697266,-9.849613189697266
20181208_sample_2,Sst,-4.405580461025238,-10.405762672424316,-10.405762672424316
20181208_sample_3,Sst,-10.778196156024933,-5.739264488220215,-5.739264488220215
20181208_sample_4,Sst,-5.518808960914612,-13.312793731689453,-13.312793731689453
20181208_sample_5,Sst,-11.665325611829758,-10.91471004486084,-10.91471004486084
20181208_sample_6,Sst,0.6955303251743317,-12.886064529418945,-12.886064529418945
20181208_sample_7,Sst,-16.83320850133896,-10.101725578308105,-10.101725578308105
20181208_sample_8,Sst,-7.460858672857283,-13.523371696472168,-13.523371696472168
20181208_sample_9,Sst,-6.338808685541153,-12.67447280883789,-12.67447280883789
20181208_sample_10,Sst,-7.957909256219864,-13.447220802307129,-13.447220802307129
20181211_sample_1,CT,-4.732280969619751,-8.413228988647461,-8.413228988647461
20181211_sample_2,Pvalb,-17.129071056842804,-15.620412826538086,-15.620412826538086
20181211_sample_4,Pvalb,-19.2052461206913,-14.28986644744873,-14.28986644744873
20181211_sample_5,low quality,-16.81606099009514,-8.476700782775879,-8.476700782775879
20181211_sample_6,Pvalb,-18.07660609483719,-18.773910522460938,-18.773910522460938
20181211_sample_7,Pvalb,-19.401807337999344,-12.50212287902832,-12.50212287902832
20181211_sample_8,Pvalb,-19.19549331068993,-16.763397216796875,-16.763397216796875
20181211_sample_9,Pvalb,-17.22928136587143,-15.402384757995605,-15.402384757995605
20181213_sample_1,Sst,-12.178879231214523,-12.315528869628906,-12.315528869628906
20181213_sample_2,Sst,-9.071823209524156,-13.563018798828125,-13.563018798828125
20181213_sample_3,Sst,-3.439206629991532,-11.967058181762695,-11.967058181762695
20181213_sample_4,Sst,-10.64673438668251,-10.88391399383545,-10.88391399383545
20181213_sample_5,IT,-6.578404456377029,-3.39986515045166,-3.39986515045166
20181213_sample_6,Sst,-10.94832643866539,-14.794878959655762,-14.794878959655762
20181213_sample_7,Sst,-4.80564683675766,-11.923625946044922,-11.923625946044922
20181214_sample_1,low quality,-3.7041418254375458,-15.488546371459961,-15.488546371459961
20181214_sample_2,Sst,-8.327249437570572,-9.744498252868652,-9.744498252868652
20190108_sample_1,Pvalb,-19.598064944148064,-18.961963653564453,-18.961963653564453
20190108_sample_2,Vip,-6.166204810142517,-9.083389282226562,-9.083389282226562
20190108_sample_3,IT,-5.018662661314011,-6.1829729080200195,-6.1829729080200195
20190108_sample_5,Vip,-1.2227725237607956,-12.981829643249512,-12.981829643249512
20190108_sample_6,Lamp5,-14.452015981078148,-13.377382278442383,-13.377382278442383
20190109_sample_2,Sst,-10.326284915208817,-12.685267448425293,-12.685267448425293
20190110_sample_1,Sst,-7.0578232407569885,-14.519868850708008,-14.519868850708008
20190110_sample_3,Sst,-18.34173873066902,-12.963542938232422,-12.963542938232422
20190110_sample_4,Sst,-17.614614218473434,-12.480157852172852,-12.480157852172852
20190110_sample_6,IT,-2.725206315517425,-3.8468518257141113,-3.8468518257141113
20190110_sample_7,IT,-2.204395830631256,-4.660649299621582,-4.660649299621582
20190117_sample_1,Vip,-13.224812224507332,-11.446808815002441,-11.446808815002441
20190117_sample_2,IT,-6.041213870048523,-2.270179271697998,-2.270179271697998
20190117_sample_3,Sst,-10.363083332777023,-10.573768615722656,-10.573768615722656
20190117_sample_4,IT,-9.368933737277985,-5.4491987228393555,-5.4491987228393555
20190117_sample_5,Sst,-14.753300696611404,-12.111433029174805,-12.111433029174805
20190122_sample_1,Pvalb,-21.0527777671814,-17.048974990844727,-17.048974990844727
20190122_sample_2,IT,-10.596215724945068,-2.5731186866760254,-2.5731186866760254
20190122_sample_3,Pvalb,-23.668132722377777,-15.272062301635742,-15.272062301635742
20190122_sample_5,Pvalb,-23.991398513317108,-16.25235366821289,-16.25235366821289
20190122_sample_6,IT,-15.71415364742279,-2.4296255111694336,-2.4296255111694336
20190122_sample_9,Pvalb,-21.399272605776787,-11.034466743469238,-11.034466743469238
20190122_sample_10,Pvalb,-19.554097205400467,-10.528993606567383,-10.528993606567383
20190122_sample_11,low quality,-12.531254440546036,-9.523893356323242,-9.523893356323242
20190122_sample_12,Pvalb,-22.557629272341728,-16.092981338500977,-16.092981338500977
20190122_sample_13,Pvalb,-17.807725816965103,-19.3084774017334,-19.3084774017334
20190122_sample_14,Pvalb,-23.28076586127281,-15.10087776184082,-15.10087776184082
20190122_sample_16,Pvalb,-20.51127701997757,-16.776771545410156,-16.776771545410156
20190122_sample_17,Pvalb,-18.671482801437374,-14.669403076171875,-14.669403076171875
20190123_sample_5,Pvalb,-22.26785756647587,-16.45917510986328,-16.45917510986328
20190123_sample_7,Pvalb,-16.722608357667923,-15.41122817993164,-15.41122817993164
20190123_sample_8,Pvalb,-17.561141401529312,-16.475820541381836,-16.475820541381836
20190124_sample_4,Pvalb,-13.483308255672457,-13.40818977355957,-13.40818977355957
20190128_sample_2,Pvalb,-15.144247561693192,-18.117477416992188,-18.117477416992188
20190128_sample_3,low quality,-21.29198983311653,-11.375646591186523,-11.375646591186523
20190128_sample_4,Pvalb,-18.7925398349762,-15.694253921508789,-15.694253921508789
20190128_sample_6,Lamp5,-7.444784045219421,-11.903337478637695,-11.903337478637695
20190128_sample_7,Pvalb,-21.385660395026207,-14.96152114868164,-14.96152114868164
20190128_sample_11,Pvalb,-20.415738224983212,-10.562928199768066,-10.562928199768066
20190128_sample_12,Pvalb,-15.870828181505203,-19.709339141845703,-19.709339141845703
20190130_sample_2,low quality,-18.804434686899185,-9.616167068481445,-9.616167068481445
20190130_sample_3,Lamp5,-13.166770339012146,-13.613556861877441,-13.613556861877441
20190130_sample_6,Pvalb,-20.536664873361588,-16.001811981201172,-16.001811981201172
20190130_sample_8,CT,-6.223322823643684,-5.404429912567139,-5.404429912567139
20190130_sample_9,Sst,-4.660725593566895,-11.07055377960205,-11.07055377960205
20190130_sample_10,Sst,-16.261551529169083,-10.301143646240234,-10.301143646240234
20190130_sample_15,Pvalb,-14.739647507667542,-17.18161964416504,-17.18161964416504
20190130_sample_17,Sst,-9.959332644939424,-13.011469841003418,-13.011469841003418
20190130_sample_18,Sst,-6.057258695363998,-12.489129066467285,-12.489129066467285
20190131_sample_1,Sst,-12.882290408015251,-10.834463119506836,-10.834463119506836
20190131_sample_3,Pvalb,-21.20653912425041,-10.810198783874512,-10.810198783874512
20190131_sample_4,Sst,-11.36641390621662,-11.619669914245605,-11.619669914245605
20190131_sample_5,Sst,-16.92226529121399,-16.94086265563965,-16.94086265563965
20190131_sample_6,Sst,-12.65648752450943,-14.736930847167969,-14.736930847167969
20190131_sample_10,Sst,-8.438315242528915,-14.14813232421875,-14.14813232421875
20190201_sample_2,Pvalb,-16.5446437895298,-15.259852409362793,-15.259852409362793
20190201_sample_3,Pvalb,-19.140910357236866,-15.96560001373291,-15.96560001373291
20190201_sample_4,Pvalb,-23.27514067292213,-17.14196014404297,-17.14196014404297
20190201_sample_7,Pvalb,-18.65803264081478,-14.134000778198242,-14.134000778198242
20190201_sample_8,Pvalb,-21.033361554145813,-15.23958969116211,-15.23958969116211
20190201_sample_10,Pvalb,-15.347454696893692,-15.381080627441406,-15.381080627441406
20190204_sample_1,Sst,-12.604093179106712,-11.708250045776367,-11.708250045776367
20190204_sample_2,CT,-6.949074566364288,-6.217109203338623,-6.217109203338623
20190204_sample_4,Sst,-6.033241748809815,-12.599912643432617,-12.599912643432617
20190204_sample_5,Sst,-10.906312614679337,-10.903271675109863,-10.903271675109863
20190204_sample_6,Sst,-11.908989399671556,-8.14272689819336,-8.14272689819336
20190204_sample_7,Pvalb,-16.007550060749054,-17.14788246154785,-17.14788246154785
20190204_sample_8,Pvalb,-15.522178262472153,-16.051395416259766,-16.051395416259766
20190204_sample_9,Pvalb,-20.28789184987545,-16.610103607177734,-16.610103607177734
20190204_sample_10,Pvalb,-18.33103410899639,-17.442981719970703,-17.442981719970703
20190204_sample_11,Sst,-19.602641463279724,-12.180018424987793,-12.180018424987793
20190204_sample_14,Sst,-7.9146623611450195,-14.156792640686035,-14.156792640686035
20190204_sample_15,Sst,-15.83481952548027,-13.336931228637695,-13.336931228637695
20190204_sample_16,Sst,-26.80111676454544,-13.338168144226074,-13.338168144226074
20190204_sample_17,Sst,-17.26110279560089,-12.739957809448242,-12.739957809448242
20190204_sample_18,Sst,-10.75393334031105,-11.936972618103027,-11.936972618103027
20190204_sample_19,low quality,-18.779493868350983,-12.07253646850586,-12.07253646850586
20190204_sample_20,low quality,-16.390398144721985,-10.701642990112305,-10.701642990112305
20190204_sample_21,Pvalb,-22.40336127579212,-15.880669593811035,-15.880669593811035
20190204_sample_22,IT,-4.131006076931953,-3.63824462890625,-3.63824462890625
20190204_sample_24,CT,-5.388349294662476,-8.56214714050293,-8.56214714050293
20190205_sample_1,Pvalb,-20.49826458096504,-12.57022476196289,-12.57022476196289
20190205_sample_2,Sst,-6.424285471439362,-11.166603088378906,-11.166603088378906
20190205_sample_3,low quality,-18.57538148760796,-9.709046363830566,-9.709046363830566
20190205_sample_4,Sst,-8.093994110822678,-11.854964256286621,-11.854964256286621
20190205_sample_5,Sst,-12.309569865465164,-10.19929313659668,-10.19929313659668
20190205_sample_6,Sst,-18.057771027088165,-13.125077247619629,-13.125077247619629
20190205_sample_7,Pvalb,-21.6745063662529,-16.957599639892578,-16.957599639892578
20190211_sample_1,Pvalb,-20.94229683279991,-17.453983306884766,-17.453983306884766
20190211_sample_2,IT,-1.1217035353183746,-1.4714698791503906,-1.4714698791503906
20190211_sample_3,Pvalb,-16.433943063020706,-15.877593994140625,-15.877593994140625
20190211_sample_4,IT,-3.9561688899993896,-3.955305576324463,-3.955305576324463
20190211_sample_6,Pvalb,-13.23140785098076,-17.21510887145996,-17.21510887145996
20190211_sample_8,Pvalb,-15.84765687584877,-11.47228717803955,-11.47228717803955
20190211_sample_9,Pvalb,-15.37194848060608,-17.29343032836914,-17.29343032836914
20190211_sample_11,Pvalb,-15.29514417052269,-11.567502975463867,-11.567502975463867
20190211_sample_12,low quality,-18.13928782939911,-9.310868263244629,-9.310868263244629
20190212_sample_1,Sst,-12.220367789268494,-12.138686180114746,-12.138686180114746
20190212_sample_4,Sst,-11.46797090768814,-8.655954360961914,-8.655954360961914
20190212_sample_5,Sst,-15.745099633932114,-10.108892440795898,-10.108892440795898
20190212_sample_6,Sst,-11.64531335234642,-11.647785186767578,-11.647785186767578
20190212_sample_7,Sst,-17.22818985581398,-12.338972091674805,-12.338972091674805
20190212_sample_8,Sst,-6.503760814666748,-13.400978088378906,-13.400978088378906
20190213_sample_1,Pvalb,-14.742933213710783,-17.65335464477539,-17.65335464477539
20190213_sample_4,Pvalb,-14.513039961457253,-15.908731460571289,-15.908731460571289
20190213_sample_7,Pvalb,-17.817173153162003,-17.690706253051758,-17.690706253051758
20190213_sample_8,Pvalb,-16.254602000117302,-17.88187026977539,-17.88187026977539
20190214_sample_1,Pvalb,-14.731917530298231,-13.814903259277344,-13.814903259277344
20190214_sample_2,Pvalb,-20.58358862996101,-13.69719123840332,-13.69719123840332
20190214_sample_3,Pvalb,-13.290725648403168,-12.726265907287598,-12.726265907287598
20190214_sample_6,Pvalb,-20.17315477132797,-11.787559509277344,-11.787559509277344
20190214_sample_9,Pvalb,-14.83546569943428,-14.686805725097656,-14.686805725097656
20190218_sample_3,Sst,-7.232539355754852,-13.525136947631836,-13.525136947631836
20190218_sample_4,Sst,-10.481595993041992,-10.959200859069824,-10.959200859069824
20190218_sample_5,Sst,-9.298186749219894,-9.668984413146973,-9.668984413146973
20190219_sample_1,Vip,-7.503364235162735,-9.676261901855469,-9.676261901855469
20190219_sample_3,Sncg,-13.430126011371613,-7.535911560058594,-7.535911560058594
20190219_sample_4,Vip,-9.1024748980999,-10.128071784973145,-10.128071784973145
20190219_sample_7,Vip,-7.2183758020401,-8.280287742614746,-8.280287742614746
20190219_sample_8,IT,-3.341719508171081,-7.45741081237793,-7.45741081237793
20190221_sample_1,Sst,-12.55132257938385,-13.275800704956055,-13.275800704956055
20190221_sample_2,Sst,-11.58607006072998,-9.566048622131348,-9.566048622131348
20190221_sample_4,Sst,-23.010101169347763,-14.774484634399414,-14.774484634399414
20190221_sample_10,Sst,-10.508682578802109,-12.731382369995117,-12.731382369995117
20190221_sample_11,Pvalb,-13.03967460989952,-18.306339263916016,-18.306339263916016
20190222_sample_2,CT,-17.18197949230671,-7.693741798400879,-7.693741798400879
20190222_sample_3,IT,2.7243271470069885,-3.7073616981506348,-3.7073616981506348
20190222_sample_4,CT,-8.900199085474014,-8.610950469970703,-8.610950469970703
20190222_sample_5,CT,-11.578042060136797,-4.756204605102539,-4.756204605102539
20190222_sample_7,Vip,-3.615777939558029,-12.749638557434082,-12.749638557434082
20190222_sample_8,IT,-6.864849478006363,-2.9749393463134766,-2.9749393463134766
20190226_sample_1,Pvalb,-16.855701804161072,-14.034100532531738,-14.034100532531738
20190226_sample_2,Lamp5,-21.23294211924076,-11.335684776306152,-11.335684776306152
20190226_sample_3,CT,-18.62226612865925,-8.752300262451172,-8.752300262451172
20190226_sample_5,IT,-8.672833442687988,-5.102190017700195,-5.102190017700195
20190226_sample_6,IT,-5.610190331935883,-5.852868556976318,-5.852868556976318
20190226_sample_7,Lamp5,-13.094425201416016,-11.165445327758789,-11.165445327758789
20190226_sample_9,Pvalb,-18.740683794021606,-18.108173370361328,-18.108173370361328
20190227_sample_1,Sst,-6.646908819675446,-10.751577377319336,-10.751577377319336
20190227_sample_2,Sst,-12.912753969430923,-14.779505729675293,-14.779505729675293
20190227_sample_3,Sst,-10.560613125562668,-12.224639892578125,-12.224639892578125
20190227_sample_4,Sst,-1.7691738903522491,-9.085162162780762,-9.085162162780762
20190227_sample_5,Sst,-11.01638749241829,-11.989302635192871,-11.989302635192871
20190227_sample_6,Sst,-14.118660241365433,-10.250548362731934,-10.250548362731934
20190227_sample_7,Pvalb,-17.250023782253265,-14.684330940246582,-14.684330940246582
20190318_sample_3,Sst,-6.272610276937485,-15.513411521911621,-15.513411521911621
20190318_sample_4,Sst,-16.918644309043884,-14.141948699951172,-14.141948699951172
20190318_sample_5,Sst,-7.917366921901703,-10.628016471862793,-10.628016471862793
20190318_sample_6,Sst,-8.526407182216644,-11.709615707397461,-11.709615707397461
20190320_sample_4,IT,-6.212294101715088,-5.195054054260254,-5.195054054260254
20190320_sample_5,CT,-11.478997766971588,-5.73192024230957,-5.73192024230957
20190320_sample_6,CT,-1.431744545698166,-6.398517608642578,-6.398517608642578
20190320_sample_9,IT,-5.497194826602936,-5.434918403625488,-5.434918403625488
20190321_sample_2,low quality,-11.011667549610138,-5.103613376617432,-5.103613376617432
20190321_sample_4,IT,-1.7737075686454773,-2.2886204719543457,-2.2886204719543457
20190321_sample_6,CT,-4.719190299510956,-5.447359085083008,-5.447359085083008
20190322_sample_1,IT,-1.1326111853122711,-3.3007349967956543,-3.3007349967956543
20190322_sample_2,IT,-2.5184936821460724,-1.9818000793457031,-1.9818000793457031
20190322_sample_3,CT,-17.28658191859722,-7.7386627197265625,-7.7386627197265625
20190322_sample_4,CT,-5.788084119558334,-6.418898582458496,-6.418898582458496
20190325_sample_1,Lamp5,-11.979952454566956,-11.365636825561523,-11.365636825561523
20190325_sample_2,low quality,-18.157903105020523,-13.090463638305664,-13.090463638305664
20190325_sample_3,IT,-7.32886791229248,-3.390939235687256,-3.390939235687256
20190325_sample_4,CT,-6.5535325556993484,-5.066939353942871,-5.066939353942871
20190325_sample_5,CT,-9.010633453726768,-3.636137008666992,-3.636137008666992
20190325_sample_6,CT,-1.9494220614433289,-5.672850608825684,-5.672850608825684
20190325_sample_7,IT,-4.44670207798481,-3.415891647338867,-3.415891647338867
20190325_sample_9,CT,-1.2175925076007843,-7.138936996459961,-7.138936996459961
20190326_sample_1,CT,-5.857322365045548,-3.386448383331299,-3.386448383331299
20190326_sample_2,Vip,-3.611117601394653,-9.46890926361084,-9.46890926361084
20190326_sample_3,Vip,-4.2130909860134125,-7.859231472015381,-7.859231472015381
20190326_sample_4,CT,-9.992249310016632,-5.679035663604736,-5.679035663604736
20190327_sample_1,CT,-5.878087133169174,-5.677858352661133,-5.677858352661133
20190327_sample_2,IT,7.344391196966171,-3.461820602416992,-3.461820602416992
20190327_sample_4,CT,-2.186540514230728,-8.51353645324707,-8.51353645324707
20190327_sample_7,Vip,-11.3427322357893,-12.560965538024902,-12.560965538024902
20190328_sample_1,CT,-8.423279970884323,-10.659997940063477,-10.659997940063477
20190328_sample_2,CT,-10.42427495121956,-10.036784172058105,-10.036784172058105
20190328_sample_3,CT,-3.3271685242652893,-4.820667266845703,-4.820667266845703
20190328_sample_4,CT,-7.5595080852508545,-4.677669525146484,-4.677669525146484
20190328_sample_5,CT,-7.938344031572342,-4.6044721603393555,-4.6044721603393555
20190328_sample_6,CT,-6.681196391582489,-3.695201873779297,-3.695201873779297
20190328_sample_8,IT,-6.808191537857056,-3.8235301971435547,-3.8235301971435547
20190328_sample_9,CT,1.8448233604431152,-8.273748397827148,-8.273748397827148
20190329_sample_3,CT,-5.971074104309082,-6.101133346557617,-6.101133346557617
20190329_sample_4,CT,-9.128190577030182,-3.2069873809814453,-3.2069873809814453
20190329_sample_5,CT,-4.770487546920776,-7.895534515380859,-7.895534515380859
20190402_sample_2,CT,-13.284824788570404,-3.9605484008789062,-3.9605484008789062
20190402_sample_3,IT,0.1230798661708831,-8.076831817626953,-8.076831817626953
20190402_sample_5,low quality,-9.598594158887863,-10.739481925964355,-10.739481925964355
20190402_sample_6,Vip,0.93122199177742,-9.87685489654541,-9.87685489654541
20190403_sample_3,low quality,-12.6865953207016,-9.95850944519043,-9.95850944519043
20190403_sample_5,IT,-2.580445259809494,-3.1357345581054688,-3.1357345581054688
20190403_sample_6,Sst,-9.266369044780731,-14.72952651977539,-14.72952651977539
20190403_sample_7,Sst,-12.46500015258789,-10.736120223999023,-10.736120223999023
20190408_sample_1,Pvalb,-21.72108367085457,-17.368057250976562,-17.368057250976562
20190408_sample_2,Sst,-18.342498689889908,-9.877686500549316,-9.877686500549316
20190408_sample_5,Sst,-8.998818695545197,-9.494288444519043,-9.494288444519043
20190408_sample_6,Sst,-13.399682939052582,-9.551695823669434,-9.551695823669434
20190409_sample_2,low quality,-14.469552785158156,-10.013961791992188,-10.013961791992188
20190409_sample_3,low quality,-6.974868476390839,-9.668163299560547,-9.668163299560547
20190409_sample_4,Sst,-12.568004429340364,-8.803773880004883,-8.803773880004883
20190409_sample_5,CT,-6.6552311182022095,-5.585813045501709,-5.585813045501709
20190409_sample_7,Sst,-12.2477188706398,-9.681004524230957,-9.681004524230957
20190409_sample_8,CT,-5.495864897966385,-4.190101146697998,-4.190101146697998
20190409_sample_9,IT,-0.744156539440155,-4.921938896179199,-4.921938896179199
20190409_sample_10,CT,-6.139878183603287,-6.619091987609863,-6.619091987609863
20190409_sample_11,IT,-5.803991109132767,-3.7814555168151855,-3.7814555168151855
20190410_sample_3,CT,-1.747678965330124,-6.321169853210449,-6.321169853210449
20190410_sample_4,Sst,-5.512900650501251,-10.081611633300781,-10.081611633300781
20190410_sample_6,IT,-5.256382748484612,-4.037506103515625,-4.037506103515625
20190410_sample_7,CT,-8.541896939277649,-3.3127999305725098,-3.3127999305725098
20190410_sample_10,CT,-6.086494773626328,-13.688529968261719,-13.688529968261719
20190411_sample_1,CT,-10.43647900223732,-7.187312126159668,-7.187312126159668
20190411_sample_3,low quality,-18.07607337832451,-11.280503273010254,-11.280503273010254
20190411_sample_5,CT,-9.302590042352676,-7.721202850341797,-7.721202850341797
20190411_sample_6,Pvalb,-11.815879493951796,-19.018125534057617,-19.018125534057617
20190411_sample_8,CT,-5.079604685306549,-5.772587299346924,-5.772587299346924
20190412_sample_1,Pvalb,-17.769139260053635,-16.576412200927734,-16.576412200927734
20190412_sample_3,IT,-5.662985146045685,-6.648736000061035,-6.648736000061035
20190412_sample_6,Pvalb,-16.15016534924507,-14.336450576782227,-14.336450576782227
20190415_sample_1,Pvalb,-14.83704149723053,-17.33643913269043,-17.33643913269043
20190415_sample_3,CT,-6.765693426132202,-6.315481185913086,-6.315481185913086
20190415_sample_4,IT,-0.4986077547073364,-5.679686546325684,-5.679686546325684
20190415_sample_6,CT,-6.588563323020935,-9.758211135864258,-9.758211135864258
20190415_sample_8,Sst,-6.895001977682114,-15.338912963867188,-15.338912963867188
20190415_sample_10,IT,0.9488016366958618,-2.79559326171875,-2.79559326171875
20190416_sample_3,CT,-7.0795901119709015,-3.3614678382873535,-3.3614678382873535
20190416_sample_4,Pvalb,-16.714025288820267,-15.260873794555664,-15.260873794555664
20190416_sample_5,Sst,-19.52938735485077,-10.2599458694458,-10.2599458694458
20190416_sample_6,IT,-3.0298084020614624,-4.677121639251709,-4.677121639251709
20190416_sample_7,Sncg,-11.08083873987198,-8.671954154968262,-8.671954154968262
20190416_sample_8,Pvalb,-18.05848255753517,-19.506454467773438,-19.506454467773438
20190416_sample_9,IT,0.5501993000507355,-2.802513599395752,-2.802513599395752
20190416_sample_10,CT,-11.4864781498909,-8.103644371032715,-8.103644371032715
20190417_sample_2,CT,-12.416955083608627,-6.802577018737793,-6.802577018737793
20190417_sample_3,CT,-9.427711367607117,-13.24006462097168,-13.24006462097168
20190417_sample_4,Sst,-6.753027439117432,-15.438241958618164,-15.438241958618164
20190417_sample_5,Sst,-20.19152045249939,-12.573798179626465,-12.573798179626465
20190417_sample_9,CT,-7.733816280961037,-3.5882229804992676,-3.5882229804992676
20190417_sample_10,Sst,-14.577098190784454,-7.476742267608643,-7.476742267608643
20190418_sample_2,Sst,-9.812522679567335,-10.946083068847656,-10.946083068847656
20190418_sample_4,CT,-11.100057512521744,-7.660305500030518,-7.660305500030518
20190418_sample_5,IT,2.8351396322250366,-2.6921324729919434,-2.6921324729919434
20190418_sample_7,CT,-6.532382220029831,-7.906882286071777,-7.906882286071777
20190418_sample_8,Pvalb,-11.822391301393507,-11.87889289855957,-11.87889289855957
20190418_sample_9,CT,-8.271116763353348,-7.638436317443848,-7.638436317443848
20190418_sample_10,CT,-10.647609829902647,-9.745026588439941,-9.745026588439941
20190422_sample_1,Pvalb,-12.114565819501877,-16.33203887939453,-16.33203887939453
20190422_sample_4,Pvalb,-13.597015291452408,-12.264192581176758,-12.264192581176758
20190422_sample_5,Pvalb,-15.502281486988068,-14.874410629272461,-14.874410629272461
20190422_sample_6,CT,-7.863793522119522,-4.448873043060303,-4.448873043060303
20190422_sample_7,IT,-5.909673869609833,-6.669440269470215,-6.669440269470215
20190422_sample_8,Pvalb,-16.616933047771454,-17.091400146484375,-17.091400146484375
20190422_sample_10,CT,-5.865804851055145,-3.100808620452881,-3.100808620452881
20190423_sample_1,IT,-3.939196467399597,-3.8580284118652344,-3.8580284118652344
20190423_sample_3,CT,-5.969073623418808,-10.49551773071289,-10.49551773071289
20190423_sample_5,CT,-3.4990832209587097,-7.680706024169922,-7.680706024169922
20190423_sample_7,CT,-14.689292758703232,-6.107300281524658,-6.107300281524658
20190423_sample_8,Pvalb,-24.403169751167297,-14.256202697753906,-14.256202697753906
20190423_sample_10,Pvalb,-18.3061957359314,-18.065858840942383,-18.065858840942383
20190424_sample_1,CT,-12.29216530919075,-6.2332305908203125,-6.2332305908203125
20190424_sample_2,Pvalb,-19.87992972135544,-18.52414321899414,-18.52414321899414
20190424_sample_3,CT,-8.898701518774033,-5.850546360015869,-5.850546360015869
20190424_sample_4,CT,-7.05326721072197,-6.2000579833984375,-6.2000579833984375
20190424_sample_5,CT,-4.424683749675751,-6.117541790008545,-6.117541790008545
20190424_sample_6,IT,-4.294473677873612,-2.7251381874084473,-2.7251381874084473
20190424_sample_7,Lamp5,-8.425239473581314,-13.415624618530273,-13.415624618530273
20190425_sample_1,IT,2.605259418487549,-3.6289682388305664,-3.6289682388305664
20190425_sample_4,Lamp5,-5.606595426797867,-14.727201461791992,-14.727201461791992
20190425_sample_6,Sst,-13.151615858078005,-13.352316856384277,-13.352316856384277
20190425_sample_7,IT,-8.900761604309082,-3.713714122772217,-3.713714122772217
20190425_sample_8,CT,-6.827045232057571,-5.7884931564331055,-5.7884931564331055
20190425_sample_9,CT,-5.884714424610138,-12.379404067993164,-12.379404067993164
20190425_sample_12,CT,-15.59612900018692,-6.869116306304932,-6.869116306304932
20190425_sample_13,CT,-8.829459547996521,-2.4102087020874023,-2.4102087020874023
20190425_sample_14,CT,-13.211268931627274,-4.141286849975586,-4.141286849975586
20190425_sample_16,IT,-1.30554661154747,-2.2031564712524414,-2.2031564712524414
20190429_sample_1,Pvalb,-18.394283950328827,-17.734676361083984,-17.734676361083984
20190429_sample_4,Pvalb,-20.08259668946266,-15.406189918518066,-15.406189918518066
20190429_sample_5,Pvalb,-21.196510642766956,-15.687174797058105,-15.687174797058105
20190429_sample_6,Pvalb,-18.062196671962734,-13.156486511230469,-13.156486511230469
20190429_sample_7,CT,-11.655233800411224,-2.1608524322509766,-2.1608524322509766
20190430_sample_1,Vip,-12.08503544330597,-12.277925491333008,-12.277925491333008
20190430_sample_3,Vip,-7.759027183055878,-8.73505973815918,-8.73505973815918
20190430_sample_4,Vip,0.0671371817588806,-6.907285213470459,-6.907285213470459
20190430_sample_5,Vip,-6.721045821905136,-8.804752349853516,-8.804752349853516
20190430_sample_6,Vip,-10.26267558336258,-12.906068801879883,-12.906068801879883
20190430_sample_7,IT,-6.716471165418625,-3.576695442199707,-3.576695442199707
20190430_sample_8,Vip,-11.8965245783329,-9.702349662780762,-9.702349662780762
20190430_sample_9,IT,-3.622792661190033,-1.652364730834961,-1.652364730834961
20190430_sample_10,IT,0.044994056224823,-4.0810546875,-4.0810546875
20190501_sample_1,Vip,-9.756825864315031,-7.9263811111450195,-7.9263811111450195
20190501_sample_3,Vip,-6.339423358440399,-12.199536323547363,-12.199536323547363
20190501_sample_4,Vip,-13.737142086029053,-11.165258407592773,-11.165258407592773
20190501_sample_5,CT,-2.56945937871933,-6.038620948791504,-6.038620948791504
20190501_sample_6,Vip,-7.877431809902191,-7.693071365356445,-7.693071365356445
20190501_sample_7,Pvalb,-21.49450033903122,-16.84612274169922,-16.84612274169922
20190501_sample_8,Vip,-4.095129668712616,-9.866188049316406,-9.866188049316406
20190501_sample_9,Pvalb,-22.64014631509781,-13.651302337646484,-13.651302337646484
20190501_sample_11,Pvalb,-17.96456053853035,-15.823143005371094,-15.823143005371094
20190501_sample_12,IT,-0.3665797412395477,-3.4701695442199707,-3.4701695442199707
20190501_sample_14,Pvalb,-20.44675499200821,-18.940101623535156,-18.940101623535156
20190503_sample_1,Vip,-3.308594226837158,-8.474653244018555,-8.474653244018555
20190503_sample_3,Vip,-6.716832518577576,-13.917978286743164,-13.917978286743164
20190506_sample_1,Vip,-8.617155253887177,-9.596172332763672,-9.596172332763672
20190506_sample_2,Vip,-12.845061719417572,-8.307395935058594,-8.307395935058594
20190506_sample_3,Vip,-9.052090346813202,-9.04892635345459,-9.04892635345459
20190506_sample_4,CT,-7.078651338815689,-3.770134925842285,-3.770134925842285
20190506_sample_5,Vip,-4.73504513502121,-6.982254981994629,-6.982254981994629
20190506_sample_6,CT,-6.274227052927017,-5.9522552490234375,-5.9522552490234375
20190506_sample_7,Vip,-1.628965139389038,-12.625113487243652,-12.625113487243652
20190507_sample_2,Vip,-10.003868490457537,-9.966411590576172,-9.966411590576172
20190507_sample_3,CT,-3.4114867448806763,-5.356007099151611,-5.356007099151611
20190507_sample_4,Vip,-2.4281032383441925,-9.334729194641113,-9.334729194641113
20190507_sample_5,Vip,-8.028071373701096,-9.58983039855957,-9.58983039855957
20190507_sample_6,Vip,-8.805397897958755,-10.103134155273438,-10.103134155273438
20190508_sample_1,Lamp5,-11.53350993990898,-10.403732299804688,-10.403732299804688
20190508_sample_2,Sst,-9.432170540094376,-12.539623260498047,-12.539623260498047
20190508_sample_3,Lamp5,-21.05505764484405,-12.230255126953125,-12.230255126953125
20190508_sample_4,Sst,-11.317450553178787,-9.7381591796875,-9.7381591796875
20190508_sample_5,low quality,-1.1640451848506927,-10.233160972595215,-10.233160972595215
20190508_sample_6,Pvalb,-18.6740942299366,-15.86598014831543,-15.86598014831543
20190508_sample_7,Sst,-13.084378093481064,-10.7355375289917,-10.7355375289917
20190509_sample_2,Vip,-1.5389733016490936,-6.6272125244140625,-6.6272125244140625
20190509_sample_3,Lamp5,-9.703349322080612,-9.926029205322266,-9.926029205322266
20190509_sample_4,Vip,-12.326840311288834,-8.796686172485352,-8.796686172485352
20190509_sample_5,Lamp5,-11.357173323631288,-12.95143985748291,-12.95143985748291
20190509_sample_9,Vip,-2.886351197957993,-9.619938850402832,-9.619938850402832
20190513_sample_1,Lamp5,-3.110133111476898,-10.569160461425781,-10.569160461425781
20190513_sample_2,Vip,-8.807484060525894,-11.469799995422363,-11.469799995422363
20190513_sample_3,Vip,-2.865578979253769,-7.477839469909668,-7.477839469909668
20190513_sample_4,Vip,-17.45648682117462,-8.110861778259277,-8.110861778259277
20190513_sample_5,Lamp5,-5.437593907117844,-11.533943176269531,-11.533943176269531
20190514_sample_2,Pvalb,-14.569740742444992,-17.72166633605957,-17.72166633605957
20190514_sample_4,Lamp5,3.042317926883697,-11.105280876159668,-11.105280876159668
20190514_sample_7,Lamp5,-16.224803403019905,-13.616707801818848,-13.616707801818848
20190514_sample_8,Pvalb,-18.014436587691307,-17.91303825378418,-17.91303825378418
20190515_sample_1,Lamp5,-12.138575315475464,-11.644720077514648,-11.644720077514648
20190515_sample_2,low quality,-12.627825140953064,-9.900619506835938,-9.900619506835938
20190515_sample_3,low quality,-12.269824743270874,-8.936233520507812,-8.936233520507812
20190515_sample_4,Vip,-4.403457045555115,-9.590089797973633,-9.590089797973633
20190515_sample_5,Lamp5,-7.589463144540787,-11.621267318725586,-11.621267318725586
20190515_sample_6,Vip,-9.152904152870178,-8.997889518737793,-8.997889518737793
20190515_sample_7,Lamp5,-2.765398472547531,-8.920723915100098,-8.920723915100098
20190515_sample_8,Vip,-7.766261696815491,-9.475683212280273,-9.475683212280273
20190515_sample_9,Lamp5,-1.8872767686843872,-10.91903305053711,-10.91903305053711
20190515_sample_10,Vip,-13.471018522977827,-8.638562202453613,-8.638562202453613
20190515_sample_11,Lamp5,-11.44280657172203,-12.409708976745605,-12.409708976745605
20190515_sample_12,Vip,-9.692788124084473,-11.07242488861084,-11.07242488861084
20190515_sample_13,Vip,-13.185713440179825,-8.517303466796875,-8.517303466796875
20190515_sample_14,Vip,-9.87255945801735,-11.407079696655273,-11.407079696655273
20190515_sample_15,Lamp5,-17.23298616707325,-12.105217933654785,-12.105217933654785
20190516_sample_2,Sst,-14.2616406083107,-7.117792129516602,-7.117792129516602
20190516_sample_3,Lamp5,-7.821232080459595,-14.401824951171875,-14.401824951171875
20190516_sample_4,Sst,-19.503455609083176,-9.396156311035156,-9.396156311035156
20190516_sample_5,Lamp5,-11.603707447648048,-11.852119445800781,-11.852119445800781
20190516_sample_6,Sst,-15.094071626663208,-12.636789321899414,-12.636789321899414
20190522_sample_1,Lamp5,-8.283291012048721,-11.156493186950684,-11.156493186950684
20190528_sample_2,Vip,-8.978158235549927,-11.851350784301758,-11.851350784301758
20190528_sample_4,Vip,-12.398820370435716,-10.791818618774414,-10.791818618774414
20190528_sample_6,Vip,-11.692114174365996,-11.214303970336914,-11.214303970336914
20190528_sample_7,Lamp5,-10.481474921107292,-10.825113296508789,-10.825113296508789
20190528_sample_8,Vip,-11.507544666528702,-11.27285385131836,-11.27285385131836
20190528_sample_9,Vip,-12.030959129333496,-9.887645721435547,-9.887645721435547
20190529_sample_2,Vip,-7.794242352247238,-7.721570014953613,-7.721570014953613
20190529_sample_3,Sncg,-8.081121370196342,-11.6513090133667,-11.6513090133667
20190529_sample_6,Vip,-19.40453052520752,-9.389204025268555,-9.389204025268555
20190603_sample_1,Lamp5,-9.563013911247252,-11.327241897583008,-11.327241897583008
20190603_sample_2,Vip,-6.063079461455345,-9.596158981323242,-9.596158981323242
20190603_sample_3,Vip,-7.585614919662476,-11.343219757080078,-11.343219757080078
20190603_sample_4,Vip,-8.239666000008583,-7.503488540649414,-7.503488540649414
20190603_sample_5,Lamp5,-16.435107216238976,-12.356632232666016,-12.356632232666016
20190603_sample_6,Lamp5,-12.8453578799963,-12.888662338256836,-12.888662338256836
20190603_sample_7,Lamp5,-8.56528989970684,-12.020905494689941,-12.020905494689941
20190603_sample_9,Sncg,-7.251257076859474,-12.136614799499512,-12.136614799499512
20190603_sample_10,Vip,-9.712997823953629,-7.311278820037842,-7.311278820037842
20190604_sample_2,Pvalb,-19.45614069700241,-17.195816040039062,-17.195816040039062
20190604_sample_4,Lamp5,-6.806669756770134,-13.680480003356934,-13.680480003356934
20190604_sample_6,Lamp5,-18.51585879921913,-13.292669296264648,-13.292669296264648
20190604_sample_8,Pvalb,-18.43814551830292,-17.55068588256836,-17.55068588256836
20190604_sample_12,IT,1.9443854689598083,-2.950063705444336,-2.950063705444336
20190605_sample_1,low quality,-11.022021993994713,-9.730720520019531,-9.730720520019531
20190605_sample_2,Vip,-5.856767296791077,-9.37051010131836,-9.37051010131836
20190605_sample_4,Vip,-9.419303387403488,-10.066070556640625,-10.066070556640625
20190605_sample_5,Lamp5,-6.935570389032364,-13.968424797058105,-13.968424797058105
20190605_sample_6,Vip,-8.348807692527771,-11.651616096496582,-11.651616096496582
20190606_sample_1,Pvalb,-13.297047466039658,-17.962989807128906,-17.962989807128906
20190606_sample_2,Pvalb,-16.164183616638184,-15.290201187133789,-15.290201187133789
20190606_sample_3,Pvalb,-12.715283781290054,-10.429008483886719,-10.429008483886719
20190606_sample_5,Pvalb,-15.391919761896132,-13.082120895385742,-13.082120895385742
20190606_sample_6,IT,-4.428081214427948,-2.8713526725769043,-2.8713526725769043
20190606_sample_7,low quality,-19.260741770267487,-14.082504272460938,-14.082504272460938
20190606_sample_9,Sst,-15.25447890162468,-12.55404281616211,-12.55404281616211
20190607_sample_2,Sst,-16.61508157849312,-11.09914493560791,-11.09914493560791
20190607_sample_3,Lamp5,-10.46323962509632,-13.08154010772705,-13.08154010772705
20190607_sample_5,low quality,-10.77023148536682,-11.484994888305664,-11.484994888305664
20190610_sample_1,Sst,-13.710036873817444,-16.243627548217773,-16.243627548217773
20190610_sample_2,Pvalb,-16.135692596435547,-11.561141967773438,-11.561141967773438
20190610_sample_3,Lamp5,-13.449950143694878,-14.826730728149414,-14.826730728149414
20190610_sample_4,Pvalb,-12.7594992518425,-14.482746124267578,-14.482746124267578
20190610_sample_5,low quality,-14.39860463142395,-10.497392654418945,-10.497392654418945
20190610_sample_7,low quality,-15.062790364027023,-11.276000022888184,-11.276000022888184
20190610_sample_8,Pvalb,-14.711795374751093,-12.856128692626953,-12.856128692626953
20190610_sample_9,Lamp5,-16.639402136206627,-12.52047348022461,-12.52047348022461
20190610_sample_10,Pvalb,-5.229875445365906,-13.42977237701416,-13.42977237701416
20190610_sample_12,Pvalb,-15.645984560251236,-14.174062728881836,-14.174062728881836
20190610_sample_16,Lamp5,-12.661142274737358,-12.337177276611328,-12.337177276611328
20190610_sample_18,Vip,-10.994458571076391,-7.032029628753662,-7.032029628753662
20190611_sample_1,IT,-11.450652033090591,-7.164822578430176,-7.164822578430176
20190611_sample_3,Lamp5,-9.625107049942017,-10.52393627166748,-10.52393627166748
20190611_sample_4,Sst,-20.235110074281693,-12.31139850616455,-12.31139850616455
20190611_sample_5,low quality,-10.371755808591844,-10.223575592041016,-10.223575592041016
20190611_sample_7,Lamp5,-7.348474115133285,-12.59045124053955,-12.59045124053955
20190611_sample_8,Sst,-11.914171278476717,-12.354410171508789,-12.354410171508789
20190611_sample_10,Sst,-16.50037243962288,-14.38106918334961,-14.38106918334961
20190611_sample_11,IT,-22.200360894203182,-13.711237907409668,-13.711237907409668
20190611_sample_14,Sncg,-8.833825588226318,-6.365522861480713,-6.365522861480713
20190611_sample_15,Lamp5,-8.870981633663177,-12.139642715454102,-12.139642715454102
20190612_sample_1,Lamp5,-20.68445272743702,-11.211800575256348,-11.211800575256348
20190612_sample_2,Pvalb,-16.96794107556343,-15.866077423095703,-15.866077423095703
20190612_sample_4,Vip,-7.690124213695526,-10.363119125366211,-10.363119125366211
20190612_sample_6,Pvalb,-16.305696219205856,-14.681912422180176,-14.681912422180176
20190612_sample_7,Lamp5,-19.08450946211815,-13.384613037109375,-13.384613037109375
20190612_sample_8,Lamp5,-9.013306349515917,-13.784170150756836,-13.784170150756836
20190613_sample_2,Sst,-5.8519914746284485,-10.149518966674805,-10.149518966674805
20190613_sample_3,Sst,-9.498663246631622,-13.100761413574219,-13.100761413574219
20190613_sample_4,Sst,-0.0796616077423095,-10.586563110351562,-10.586563110351562
20190613_sample_6,Pvalb,-18.873203545808792,-15.317893028259277,-15.317893028259277
20190613_sample_7,Sst,-5.312386900186539,-14.192609786987305,-14.192609786987305
20190613_sample_8,Pvalb,-19.55968141555786,-18.065685272216797,-18.065685272216797
20190613_sample_9,Sst,-11.041000485420229,-10.124155044555664,-10.124155044555664
20190613_sample_10,Sst,-9.738922119140623,-12.970687866210938,-12.970687866210938
20190614_sample_2,Vip,-8.415665477514267,-8.497255325317383,-8.497255325317383
20190614_sample_3,Lamp5,-11.152658611536026,-10.865716934204102,-10.865716934204102
20190614_sample_4,Vip,-4.362788051366806,-10.448593139648438,-10.448593139648438
20190614_sample_6,Vip,-2.8482042253017426,-6.95898962020874,-6.95898962020874
20190614_sample_8,Vip,-9.507406502962112,-8.73660659790039,-8.73660659790039
20190617_sample_1,Lamp5,-15.69661870598793,-10.903704643249512,-10.903704643249512
20190617_sample_2,CT,-8.941847831010818,-3.635983943939209,-3.635983943939209
20190617_sample_3,Sst,-20.87109163403511,-13.317174911499023,-13.317174911499023
20190617_sample_4,Sst,-10.673649609088898,-12.754657745361328,-12.754657745361328
20190617_sample_5,Sncg,-4.14334237575531,-9.131789207458496,-9.131789207458496
20190617_sample_6,Sst,-13.1741501390934,-11.345789909362793,-11.345789909362793
20190618_sample_1,low quality,-10.927662253379822,-11.465595245361328,-11.465595245361328
20190618_sample_2,Vip,-10.714426636695862,-8.652894020080566,-8.652894020080566
20190618_sample_4,Vip,-10.22743433713913,-8.527864456176758,-8.527864456176758
20190618_sample_5,Vip,-8.938081562519073,-10.311042785644531,-10.311042785644531
20190618_sample_7,Lamp5,-13.31140473484993,-14.576976776123047,-14.576976776123047
20190618_sample_8,Lamp5,-9.202565997838974,-8.339099884033203,-8.339099884033203
20190619_sample_1,Lamp5,-16.09349623322487,-13.081077575683594,-13.081077575683594
20190619_sample_3,Pvalb,-14.52922448515892,-17.3952579498291,-17.3952579498291
20190619_sample_4,Pvalb,-14.689184725284576,-8.714879989624023,-8.714879989624023
20190619_sample_5,Pvalb,-12.688640505075456,-15.40322494506836,-15.40322494506836
20190619_sample_6,Lamp5,-11.381246149539948,-15.568435668945312,-15.568435668945312
20190620_sample_1,Lamp5,-17.239337787032127,-13.181771278381348,-13.181771278381348
20190620_sample_2,Sst,-15.897586941719055,-12.960427284240723,-12.960427284240723
20190620_sample_5,Sst,-6.829682737588882,-12.045903205871582,-12.045903205871582
20190620_sample_6,Sst,-12.062162160873411,-11.801586151123047,-11.801586151123047
20190620_sample_8,Pvalb,-18.578842282295227,-15.395788192749023,-15.395788192749023
20190624_sample_1,Sst,-16.500912606716156,-10.463082313537598,-10.463082313537598
20190624_sample_2,Sst,-4.5919157564640045,-11.771578788757324,-11.771578788757324
20190624_sample_3,Sst,-16.86873659491539,-11.646434783935547,-11.646434783935547
20190624_sample_4,Pvalb,-16.165684908628464,-15.689034461975098,-15.689034461975098
20190624_sample_5,Sst,-22.61761948466301,-12.410402297973633,-12.410402297973633
20190624_sample_6,Sst,-8.812244981527328,-13.533557891845703,-13.533557891845703
20190625_sample_1,Vip,-12.39059865474701,-11.281353950500488,-11.281353950500488
20190625_sample_2,low quality,-5.201905965805054,-9.695330619812012,-9.695330619812012
20190625_sample_3,Vip,-11.518947780132294,-10.817420959472656,-10.817420959472656
20190625_sample_4,Vip,-9.27245058119297,-6.792726039886475,-6.792726039886475
20190625_sample_5,Vip,-8.624527603387833,-7.987574577331543,-7.987574577331543
20190625_sample_6,Lamp5,-19.627274945378304,-11.458797454833984,-11.458797454833984
20190625_sample_7,Vip,-7.190436124801636,-10.305432319641113,-10.305432319641113
20190625_sample_8,Vip,-2.7466975152492523,-8.144675254821777,-8.144675254821777
20190625_sample_10,Vip,-7.402177900075912,-10.491735458374023,-10.491735458374023
20190625_sample_11,Vip,-9.0966634452343,-9.779607772827148,-9.779607772827148
20190625_sample_12,Vip,-2.785846590995789,-8.008176803588867,-8.008176803588867
20190625_sample_13,Vip,-2.473581582307816,-12.251002311706543,-12.251002311706543
20190626_sample_1,Vip,-8.692294359207153,-9.603742599487305,-9.603742599487305
20190626_sample_4,low quality,-5.821060389280319,-9.897114753723145,-9.897114753723145
20190626_sample_5,Vip,-4.801690578460693,-8.551759719848633,-8.551759719848633
20190627_sample_1,CT,-14.065641909837725,-6.347105503082275,-6.347105503082275
20190627_sample_2,Lamp5,-11.591944843530657,-14.816516876220703,-14.816516876220703
20190627_sample_4,NP,1.684144139289856,-9.171622276306152,-9.171622276306152
20190627_sample_6,Pvalb,-19.579965621232983,-16.050254821777344,-16.050254821777344
20190627_sample_8,IT,-3.166705369949341,-7.299628734588623,-7.299628734588623
20190628_sample_1,Sst,-12.563381344079971,-10.338367462158203,-10.338367462158203
20190628_sample_2,Pvalb,-17.21133664250374,-16.267974853515625,-16.267974853515625
20190628_sample_3,Sst,-13.335175812244415,-13.009961128234863,-13.009961128234863
20190628_sample_4,Sst,-16.823727637529373,-10.060057640075684,-10.060057640075684
20190628_sample_5,Sst,-2.664979547262192,-11.443063735961914,-11.443063735961914
20190628_sample_6,Pvalb,-15.08454978466034,-15.261819839477539,-15.261819839477539
20190628_sample_7,Sst,-12.047719210386276,-11.664905548095703,-11.664905548095703
20190703_sample_1,Pvalb,-20.06755024194717,-18.75531005859375,-18.75531005859375
20190703_sample_2,Pvalb,-22.088240832090374,-16.836355209350586,-16.836355209350586
20190703_sample_3,Pvalb,-21.758977323770523,-11.939535140991211,-11.939535140991211
20190703_sample_5,Pvalb,-23.489758372306824,-15.724349021911621,-15.724349021911621
20190703_sample_6,Pvalb,-20.92066779732704,-15.164169311523438,-15.164169311523438
20190703_sample_8,Pvalb,-16.159437596797943,-16.533716201782227,-16.533716201782227
20190703_sample_10,Pvalb,-18.489670008420944,-17.49596405029297,-17.49596405029297
20190703_sample_12,Pvalb,-18.58469098806381,-16.186363220214844,-16.186363220214844
20190703_sample_13,Sst,-15.038782730698586,-10.868216514587402,-10.868216514587402
20190703_sample_14,low quality,-9.169138967990875,-10.29994010925293,-10.29994010925293
20190703_sample_15,Sst,-15.0105319917202,-9.150792121887207,-9.150792121887207
20190704_sample_2,Sst,-13.01312819123268,-13.868396759033203,-13.868396759033203
20190704_sample_12,Vip,-5.618695169687271,-8.45524787902832,-8.45524787902832
20190704_sample_14,Vip,-8.849725127220154,-11.880903244018555,-11.880903244018555
20190705_sample_1,Vip,-7.390394806861877,-9.306282997131348,-9.306282997131348
20190705_sample_3,Vip,-5.738381296396256,-9.601116180419922,-9.601116180419922
20190705_sample_4,Vip,-4.442393779754639,-10.32857608795166,-10.32857608795166
20190705_sample_5,Vip,-1.4450550079345703,-6.580254077911377,-6.580254077911377
20190705_sample_9,Vip,-9.304124861955644,-8.296002388000488,-8.296002388000488
20190708_sample_3,low quality,-14.760471880435944,-10.313929557800293,-10.313929557800293
20190708_sample_4,Pvalb,-15.633422881364822,-16.18914031982422,-16.18914031982422
20190708_sample_6,Vip,-3.4525394439697266,-10.119157791137695,-10.119157791137695
20190708_sample_7,Vip,-11.849861592054369,-10.010414123535156,-10.010414123535156
20190708_sample_8,IT,-3.557860851287842,-3.9220542907714844,-3.9220542907714844
20190708_sample_12,Vip,-7.21152126789093,-10.170073509216309,-10.170073509216309
20190709_sample_1,Vip,-10.21357998251915,-10.026453971862793,-10.026453971862793
20190709_sample_2,Vip,-7.205750793218613,-6.7257819175720215,-6.7257819175720215
20190709_sample_3,Vip,-3.560822457075119,-9.516365051269531,-9.516365051269531
20190709_sample_8,Sncg,-2.124633640050888,-7.5589094161987305,-7.5589094161987305
20190709_sample_10,Vip,-8.310094475746155,-7.393318176269531,-7.393318176269531
20190709_sample_11,Vip,-3.3702142536640167,-9.304570198059082,-9.304570198059082
20190709_sample_12,Vip,-12.978196144104004,-7.130529403686523,-7.130529403686523
20190709_sample_13,Vip,-7.239311933517456,-7.780509948730469,-7.780509948730469
20190709_sample_14,Vip,-6.944939494132996,-9.824954986572266,-9.824954986572266
20190710_sample_3,Sst,-15.261199325323105,-11.290637969970703,-11.290637969970703
20190710_sample_4,Sst,-17.79889687895775,-8.58651351928711,-8.58651351928711
20190710_sample_5,Sst,-21.143272519111637,-15.117269515991211,-15.117269515991211
20190710_sample_6,Sst,-14.09842073917389,-9.919912338256836,-9.919912338256836
20190710_sample_8,Vip,-15.570882707834244,-10.755476951599121,-10.755476951599121
20190710_sample_10,Vip,-10.563960298895836,-10.017352104187012,-10.017352104187012
20190712_sample_1,CT,-6.31481409072876,-1.4107227325439453,-1.4107227325439453
20190712_sample_3,Sst,-16.62609726190567,-14.257436752319336,-14.257436752319336
20190712_sample_4,low quality,-16.714923083782196,-12.433785438537598,-12.433785438537598
20190712_sample_5,Lamp5,-7.763659581542015,-13.94871711730957,-13.94871711730957
20190712_sample_6,Lamp5,-22.728784009814262,-11.303342819213867,-11.303342819213867
20190712_sample_7,Lamp5,-15.785755589604378,-14.608575820922852,-14.608575820922852
20190715_sample_1,Lamp5,-15.0582455098629,-12.774944305419922,-12.774944305419922
20190715_sample_4,Lamp5,-20.5700658261776,-12.953431129455566,-12.953431129455566
20190715_sample_5,Vip,-8.296385407447815,-8.784269332885742,-8.784269332885742
20190715_sample_6,Lamp5,-16.45638421177864,-14.100590705871582,-14.100590705871582
20190715_sample_7,Vip,-8.907079696655273,-10.898946762084961,-10.898946762084961
20190715_sample_8,Lamp5,-16.643987968564034,-13.711522102355957,-13.711522102355957
20190715_sample_9,Vip,-5.914829671382904,-11.70064640045166,-11.70064640045166
20190715_sample_10,Sncg,-3.850046545267105,-9.58903980255127,-9.58903980255127
20190715_sample_11,Lamp5,-13.05614411830902,-13.555609703063965,-13.555609703063965
20190716_sample_1,low quality,-6.765618920326233,-13.582380294799805,-13.582380294799805
20190716_sample_3,Sst,-11.388981714844704,-9.504094123840332,-9.504094123840332
20190716_sample_5,Sst,-22.59962633252144,-12.977846145629883,-12.977846145629883
20190716_sample_7,Vip,-7.4482262134552,-10.91851806640625,-10.91851806640625
20190716_sample_8,Lamp5,-11.52682863175869,-15.352560043334961,-15.352560043334961
20190716_sample_9,Vip,-5.061160773038864,-9.202438354492188,-9.202438354492188
20190717_sample_1,Sst,-10.154776275157928,-11.440447807312012,-11.440447807312012
20190717_sample_2,Sst,-14.408860355615616,-11.208475112915039,-11.208475112915039
20190717_sample_3,Sst,-16.09737053513527,-11.31950855255127,-11.31950855255127
20190718_sample_1,Vip,-10.95714420080185,-12.822016716003418,-12.822016716003418
20190718_sample_2,CT,-4.083581268787384,-8.74398136138916,-8.74398136138916
20190718_sample_3,CT,-5.6506432592868805,-6.500527858734131,-6.500527858734131
20190718_sample_4,Vip,-11.452648788690569,-8.086576461791992,-8.086576461791992
20190718_sample_5,Vip,-10.698135942220688,-10.116323471069336,-10.116323471069336
20190718_sample_6,Vip,-4.556030035018921,-8.931175231933594,-8.931175231933594
20190718_sample_7,Vip,-12.58060336112976,-8.539791107177734,-8.539791107177734
20190718_sample_8,Vip,-3.886718302965164,-12.265951156616211,-12.265951156616211
20190718_sample_9,Vip,-6.225407123565674,-9.678804397583008,-9.678804397583008
20190719_sample_1,CT,-5.512766540050507,-6.218389511108398,-6.218389511108398
20190719_sample_2,IT,-0.7015317678451538,-4.042034149169922,-4.042034149169922
20190719_sample_4,IT,-4.236668348312378,-4.137347221374512,-4.137347221374512
20190719_sample_5,IT,-3.4069791436195374,-5.593903541564941,-5.593903541564941
20190719_sample_6,IT,-3.318674862384796,-3.8425655364990234,-3.8425655364990234
20190719_sample_9,IT,-2.677038311958313,-5.855469703674316,-5.855469703674316
20190719_sample_10,IT,-2.3439042270183563,-2.6422557830810547,-2.6422557830810547
20190722_sample_1,CT,-10.5307437479496,-7.469753265380859,-7.469753265380859
20190722_sample_6,CT,-1.6833916306495669,-6.119952201843262,-6.119952201843262
20190722_sample_7,low quality,-4.743475466966629,-9.706259727478027,-9.706259727478027
20190722_sample_8,low quality,-8.664626628160477,-10.614213943481445,-10.614213943481445
20190724_sample_1,Vip,-8.470628410577774,-9.075891494750977,-9.075891494750977
20190724_sample_2,CT,0.3201253712177276,-9.544351577758789,-9.544351577758789
20190724_sample_4,Vip,-10.725386440753937,-6.882155418395996,-6.882155418395996
20190724_sample_5,Vip,-5.399703979492188,-8.391162872314453,-8.391162872314453
20190724_sample_6,IT,-10.45222207903862,-6.107565402984619,-6.107565402984619
20190724_sample_9,Vip,-10.636094957590103,-7.989377975463867,-7.989377975463867
20190724_sample_10,Vip,-14.345038682222366,-10.516669273376465,-10.516669273376465
20190724_sample_12,Vip,-6.001502275466919,-9.877375602722168,-9.877375602722168
20190724_sample_16,low quality,-6.244577467441559,-9.957677841186523,-9.957677841186523
20190725_sample_1,Vip,-11.31763681769371,-8.989940643310547,-8.989940643310547
20190725_sample_3,Vip,-4.806876182556152,-6.701125144958496,-6.701125144958496
20190725_sample_4,Sst,-18.0152989923954,-11.9564847946167,-11.9564847946167
20190725_sample_5,CT,6.460543721914291,-9.451745986938477,-9.451745986938477
20190725_sample_6,Vip,-5.594354122877121,-7.831168174743652,-7.831168174743652
20190725_sample_7,Vip,-12.77155801653862,-9.13674259185791,-9.13674259185791
20190725_sample_8,Vip,-7.675614207983017,-10.854962348937988,-10.854962348937988
20190725_sample_9,Vip,-8.154548704624176,-9.552469253540039,-9.552469253540039
20190725_sample_10,low quality,-7.173292338848114,-11.33292007446289,-11.33292007446289
20190726_sample_1,Lamp5,-11.447777971625328,-11.882575035095215,-11.882575035095215
20190726_sample_2,Pvalb,-14.710620045661926,-15.833714485168457,-15.833714485168457
20190726_sample_3,Lamp5,-11.714909225702286,-13.734671592712402,-13.734671592712402
20190726_sample_4,IT,-0.9771250188350676,-3.7338919639587402,-3.7338919639587402
20190726_sample_5,Lamp5,-13.686958700418472,-11.142599105834961,-11.142599105834961
20190726_sample_6,Sst,-10.620463639497755,-12.343095779418945,-12.343095779418945
20190726_sample_7,Lamp5,-13.279527425765991,-15.624942779541016,-15.624942779541016
20190729_sample_2,Sst,-10.437965393066406,-10.749611854553223,-10.749611854553223
20190729_sample_3,Sst,-6.639007478952408,-13.811808586120605,-13.811808586120605
20190729_sample_5,Pvalb,-21.24287188053131,-13.967000007629395,-13.967000007629395
20190730_sample_1,Vip,-11.717434972524645,-10.154489517211914,-10.154489517211914
20190730_sample_2,Vip,-7.855348289012909,-10.109334945678711,-10.109334945678711
20190730_sample_5,Vip,-11.051636189222336,-9.643651962280273,-9.643651962280273
20190730_sample_6,Vip,-9.236495941877363,-8.343523979187012,-8.343523979187012
20190730_sample_7,Vip,-1.035153865814209,-8.677492141723633,-8.677492141723633
20190730_sample_9,Lamp5,-17.671920359134674,-12.43453598022461,-12.43453598022461
20190731_sample_1,Pvalb,-14.561772346496582,-17.398723602294922,-17.398723602294922
20190731_sample_2,Lamp5,-14.635985717177393,-11.111926078796387,-11.111926078796387
20190731_sample_3,low quality,-8.67319293320179,-8.95449161529541,-8.95449161529541
20190731_sample_4,Vip,-2.7720630168914795,-10.216238021850586,-10.216238021850586
20190731_sample_5,Pvalb,-18.83597858250141,-15.314018249511719,-15.314018249511719
20190731_sample_6,low quality,-14.506414532661438,-10.137722969055176,-10.137722969055176
20190731_sample_8,Pvalb,-18.83597858250141,-19.200241088867188,-19.200241088867188
20190801_sample_1,IT,-4.190213978290558,-4.942733287811279,-4.942733287811279
20190801_sample_2,Sst,-17.36260950565338,-13.098943710327148,-13.098943710327148
20190801_sample_3,Sst,-16.688227653503418,-13.364095687866211,-13.364095687866211
20190801_sample_4,Sst,-9.246239438652992,-11.084165573120117,-11.084165573120117
20190801_sample_7,Sst,-20.63019759953022,-14.3983154296875,-14.3983154296875
20190801_sample_8,low quality,-3.823228180408478,-7.647342681884766,-7.647342681884766
20190820_sample_1,Sst,-0.2753958106040954,-13.692923545837402,-13.692923545837402
20190820_sample_2,CT,-6.027232855558395,-4.719345569610596,-4.719345569610596
20190820_sample_3,Pvalb,-19.143689423799515,-15.603229522705078,-15.603229522705078
20190820_sample_5,Sst,-7.260898128151894,-12.766626358032227,-12.766626358032227
20190820_sample_6,CT,-8.021049201488495,-4.583380699157715,-4.583380699157715
20190821_sample_1,IT,-2.0764581859111786,-7.146947860717773,-7.146947860717773
20190821_sample_2,IT,2.0537618547678,-4.300190448760986,-4.300190448760986
20190821_sample_3,CT,-5.942778661847115,-8.095160484313965,-8.095160484313965
20190821_sample_4,IT,-2.169240266084671,-5.190451622009277,-5.190451622009277
20190821_sample_5,IT,-0.7302667945623398,-4.542388439178467,-4.542388439178467
20190821_sample_6,IT,-4.266118630766869,-2.363008499145508,-2.363008499145508
20190821_sample_7,IT,-3.2089482992887497,-4.755054473876953,-4.755054473876953
20190823_sample_1,IT,-0.4867389798164367,-3.9881458282470703,-3.9881458282470703
20190823_sample_3,Pvalb,-17.80887320637703,-13.554426193237305,-13.554426193237305
20190823_sample_5,low quality,-7.38966092467308,-10.580779075622559,-10.580779075622559
20190823_sample_6,IT,3.320116549730301,-5.133512020111084,-5.133512020111084
20190823_sample_7,IT,0.1937262713909149,-3.9378042221069336,-3.9378042221069336
20190827_sample_1,Sst,-20.637866109609604,-12.613752365112305,-12.613752365112305
20190827_sample_2,low quality,1.2485403567552569,-8.75626277923584,-8.75626277923584
20190827_sample_3,Sst,1.4492347836494446,-11.706680297851562,-11.706680297851562
20190827_sample_4,Sst,-6.249483674764633,-10.093716621398926,-10.093716621398926
20190827_sample_5,CT,-1.8802285194396973,-7.605039596557617,-7.605039596557617
20190827_sample_6,Sst,-18.56129616498947,-11.07293701171875,-11.07293701171875
20190827_sample_7,Pvalb,-8.167814463376999,-12.580784797668457,-12.580784797668457
20190827_sample_8,Sst,-13.882596045732498,-11.204337120056152,-11.204337120056152
20190827_sample_9,Sst,-14.367163181304932,-12.256170272827148,-12.256170272827148
20190828_sample_1,Vip,-4.434488713741303,-10.456123352050781,-10.456123352050781
20190828_sample_3,Vip,-10.833151638507845,-11.265379905700684,-11.265379905700684
20190828_sample_4,Vip,-6.992615759372711,-8.756229400634766,-8.756229400634766
20190828_sample_5,Vip,-9.577903896570206,-8.805715560913086,-8.805715560913086
20190828_sample_6,Vip,-5.873385816812515,-7.998112678527832,-7.998112678527832
20190828_sample_7,Vip,-9.856566786766052,-12.143792152404785,-12.143792152404785
20190829_sample_1,low quality,-18.707025796175003,-9.547380447387695,-9.547380447387695
20190829_sample_2,Lamp5,-7.080297917127609,-12.588964462280273,-12.588964462280273
20190829_sample_3,IT,-7.462676614522934,-2.572411060333252,-2.572411060333252
20190829_sample_4,Lamp5,-10.357163846492767,-13.797672271728516,-13.797672271728516
20190829_sample_6,Lamp5,-7.080297917127609,-10.325858116149902,-10.325858116149902
20190829_sample_9,Pvalb,-20.543117076158524,-16.003021240234375,-16.003021240234375
20190830_sample_1,IT,-2.251889556646347,-3.3099493980407715,-3.3099493980407715
20190830_sample_2,IT,-4.9615465104579926,-4.129398345947266,-4.129398345947266
20190830_sample_3,low quality,-3.201376646757126,-7.364769458770752,-7.364769458770752
20190830_sample_4,low quality,-9.65912640094757,-8.997735977172852,-8.997735977172852
20190830_sample_6,IT,-2.9592365026474,-3.6015729904174805,-3.6015729904174805
20190830_sample_8,IT,-4.9123987555503845,-5.040426254272461,-5.040426254272461
20190830_sample_9,NP,-3.2905377447605133,-8.91811752319336,-8.91811752319336
20190904_sample_1,low quality,-14.501959085464478,-11.808586120605469,-11.808586120605469
20190904_sample_2,Vip,-10.255377739667892,-9.400712013244629,-9.400712013244629
20190904_sample_3,Vip,-7.670819759368896,-8.965217590332031,-8.965217590332031
20190904_sample_4,Vip,-9.61533933877945,-8.509525299072266,-8.509525299072266
20190904_sample_5,Vip,-12.62681931257248,-10.449504852294922,-10.449504852294922
20190904_sample_7,Vip,-16.516651958227158,-8.03619384765625,-8.03619384765625
20190905_sample_1,low quality,-15.96948504447937,-8.348421096801758,-8.348421096801758
20190905_sample_3,Sst,-0.0424832105636596,-9.479413986206055,-9.479413986206055
20190906_sample_1,Lamp5,-11.40313595533371,-11.629575729370117,-11.629575729370117
20190906_sample_5,CT,-12.732800096273422,-5.260483264923096,-5.260483264923096
20190906_sample_6,Lamp5,-14.492349699139597,-13.652652740478516,-13.652652740478516
20190910_sample_1,Lamp5,-6.321646273136139,-12.993608474731445,-12.993608474731445
20190910_sample_2,Vip,-4.63804230093956,-7.54578161239624,-7.54578161239624
20190910_sample_3,Vip,-11.141818016767502,-8.848634719848633,-8.848634719848633
20190910_sample_4,Vip,-5.499660968780518,-6.159206867218018,-6.159206867218018
20190910_sample_6,Vip,-5.391426384449005,-9.620062828063965,-9.620062828063965
20190911_sample_3,NP,-1.8174462020397184,-7.512909412384033,-7.512909412384033
20190911_sample_4,IT,-3.4080147743225098,-6.853551387786865,-6.853551387786865
20190911_sample_6,low quality,-4.77851927280426,-10.038702964782715,-10.038702964782715
20190911_sample_7,low quality,-6.408087909221649,-6.411271095275879,-6.411271095275879
20190911_sample_9,CT,-12.75109127163887,-4.868911266326904,-4.868911266326904
20190912_sample_1,CT,-13.810692355036736,-8.141864776611328,-8.141864776611328
20190912_sample_2,CT,-9.615156799554825,-5.110747814178467,-5.110747814178467
20190912_sample_3,CT,-13.05452361702919,-6.055463790893555,-6.055463790893555
20190912_sample_4,Lamp5,-18.75315234065056,-13.751832962036133,-13.751832962036133
20190912_sample_6,NP,-6.153624504804611,-7.850765228271484,-7.850765228271484
20190912_sample_8,CT,-11.65543496608734,-8.174312591552734,-8.174312591552734
20190912_sample_10,Pvalb,7.590159773826599,-13.485968589782715,-13.485968589782715
20190917_sample_1,CT,-9.260732680559158,-9.155800819396973,-9.155800819396973
20190917_sample_2,Lamp5,-18.37424747645855,-14.097957611083984,-14.097957611083984
20190917_sample_3,IT,-6.467010825872421,-8.918277740478516,-8.918277740478516
20190919_sample_1,low quality,-7.642269134521484,-9.565116882324219,-9.565116882324219
20190919_sample_4,Lamp5,-10.64063236117363,-12.519035339355469,-12.519035339355469
20190919_sample_5,CT,-11.826198548078535,-4.331040382385254,-4.331040382385254
20190924_sample_1,Sst,-18.419325351715088,-10.926413536071777,-10.926413536071777
20190924_sample_2,Sst,-5.543150007724762,-10.614222526550293,-10.614222526550293
20190924_sample_3,IT,1.3423282653093338,-2.808506965637207,-2.808506965637207
20190924_sample_4,Sst,-7.624488323926926,-11.314839363098145,-11.314839363098145
20190924_sample_5,Sst,-13.563152402639387,-13.107250213623047,-13.107250213623047
20190924_sample_6,Sst,-13.85587826371193,-14.591726303100586,-14.591726303100586
20190924_sample_7,Pvalb,-14.975037425756454,-14.485250473022461,-14.485250473022461
20190924_sample_8,CT,-5.402304232120514,-4.329297065734863,-4.329297065734863
20190925_sample_2,Pvalb,-18.49015057086945,-14.158540725708008,-14.158540725708008
20190925_sample_3,Sst,-9.92506928741932,-9.224757194519043,-9.224757194519043
20190925_sample_4,CT,-9.684136137366297,-9.56112289428711,-9.56112289428711
20190925_sample_5,Sst,-19.23750899732113,-12.231624603271484,-12.231624603271484
20190925_sample_6,Pvalb,-15.545152127742767,-15.21529483795166,-15.21529483795166
20190925_sample_7,Sst,-17.193689942359924,-10.48565673828125,-10.48565673828125
20190926_sample_2,ET,8.536949753761292,-4.073874473571777,-4.073874473571777
20190926_sample_3,Sst,-0.1406446099281311,-11.461275100708008,-11.461275100708008
20190926_sample_4,ET,-1.324031502008438,-8.926042556762695,-8.926042556762695
20190926_sample_5,Pvalb,-18.616849556565285,-15.530693054199219,-15.530693054199219
20190926_sample_6,Sst,-9.731408208608627,-12.062363624572754,-12.062363624572754
20190927_sample_1,IT,-5.3163208067417145,-5.164055824279785,-5.164055824279785
20190927_sample_2,CT,-4.754941910505295,-5.8580474853515625,-5.8580474853515625
20190927_sample_3,Pvalb,-17.085257917642593,-16.871429443359375,-16.871429443359375
20190927_sample_4,IT,1.2730136513710022,-4.262589931488037,-4.262589931488037
20190927_sample_5,Pvalb,-17.43568480014801,-16.546798706054688,-16.546798706054688
20190927_sample_6,Vip,-10.170891880989076,-9.634537696838379,-9.634537696838379
20190927_sample_7,CT,-4.196751862764359,-7.650102615356445,-7.650102615356445
20191001_sample_1,Sst,8.259408175945282,-10.311986923217773,-10.311986923217773
20191001_sample_2,low quality,2.50944122672081,-9.589237213134766,-9.589237213134766
20191001_sample_3,Sst,-22.090399637818336,-11.545709609985352,-11.545709609985352
20191001_sample_4,Pvalb,-8.519526571035385,-13.132426261901855,-13.132426261901855
20191001_sample_5,Sst,-22.465677931904796,-11.416264533996582,-11.416264533996582
20191001_sample_6,Sst,-13.77318799495697,-9.500445365905762,-9.500445365905762
20191003_sample_2,low quality,-8.958974853157997,-10.587353706359863,-10.587353706359863
20191003_sample_3,Sst,-7.912777364253998,-11.680229187011719,-11.680229187011719
20191003_sample_4,Sst,-11.25866174697876,-14.014119148254395,-14.014119148254395
20191003_sample_5,Sst,-7.285567000508308,-9.835390090942383,-9.835390090942383
20191003_sample_6,CT,-11.050526052713394,-6.664118766784668,-6.664118766784668
20191010_sample_1,IT,-4.374522715806961,-5.804487705230713,-5.804487705230713
20191010_sample_2,Sst,-17.10239052772522,-14.76327133178711,-14.76327133178711
20191010_sample_3,IT,0.1478977501392364,-2.4944372177124023,-2.4944372177124023
20191010_sample_4,Pvalb,-20.52726224064827,-15.450014114379883,-15.450014114379883
20191010_sample_6,Pvalb,-20.80249041318893,-16.334697723388672,-16.334697723388672
20191010_sample_7,ET,1.334838569164276,-9.421364784240723,-9.421364784240723
20191028_sample_1,Sst,-8.819788694381714,-11.15794563293457,-11.15794563293457
20191028_sample_2,Sst,-10.809864848852158,-9.311685562133789,-9.311685562133789
20191028_sample_3,Pvalb,-18.004026263952255,-13.840625762939453,-13.840625762939453
20191028_sample_4,low quality,-1.063518226146698,-10.613582611083984,-10.613582611083984
20191028_sample_5,low quality,-1.4935769140720367,-9.354080200195312,-9.354080200195312
20191030_sample_2,Sst,-9.934235364198685,-10.779204368591309,-10.779204368591309
20191030_sample_3,ET,1.9265245646238327,-6.052768230438232,-6.052768230438232
20191030_sample_4,NP,-0.1857019960880279,-8.97118091583252,-8.97118091583252
20191030_sample_5,Sst,-7.483657449483871,-14.50967025756836,-14.50967025756836
20191101_sample_1,Lamp5,-17.903929576277733,-12.348209381103516,-12.348209381103516
20191101_sample_2,CT,-6.125420331954956,-6.107051849365234,-6.107051849365234
20191101_sample_3,Lamp5,-7.586715742945671,-10.448974609375,-10.448974609375
20191101_sample_4,CT,-10.59017889201641,-5.741465091705322,-5.741465091705322
20191101_sample_5,CT,-9.700141847133636,-8.369735717773438,-8.369735717773438
20191101_sample_6,CT,-4.329424351453781,-5.994232654571533,-5.994232654571533
20191104_sample_1,Sst,-11.660570278763773,-11.201478004455566,-11.201478004455566
20191104_sample_2,Lamp5,-10.113611817359924,-10.031105995178223,-10.031105995178223
20191104_sample_3,low quality,-12.19303533434868,-13.32773208618164,-13.32773208618164
20191104_sample_4,Pvalb,-16.81188866496086,-13.074188232421875,-13.074188232421875
20191105_sample_1,Pvalb,-21.48125506937504,-13.21437931060791,-13.21437931060791
20191105_sample_2,IT,-5.219561979174614,-9.611157417297363,-9.611157417297363
20191105_sample_3,Sst,-11.874314397573473,-11.32094955444336,-11.32094955444336
20191105_sample_4,Pvalb,-16.10240899026394,-13.196874618530273,-13.196874618530273
20191105_sample_5,Sst,-14.59038257598877,-13.713216781616211,-13.713216781616211
20191106_sample_2,Lamp5,-14.083443209528925,-11.437234878540039,-11.437234878540039
20191106_sample_3,IT,-2.277534455060959,-5.440454483032227,-5.440454483032227
20191106_sample_5,Lamp5,-13.534395024180412,-14.193889617919922,-14.193889617919922
20191107_sample_1,low quality,0.9769666939973832,-8.229734420776367,-8.229734420776367
20191107_sample_2,Sst,-10.389192029833794,-13.285892486572266,-13.285892486572266
20191107_sample_3,Sst,-8.106321096420288,-9.924939155578613,-9.924939155578613
20191107_sample_4,Sst,-4.752010107040405,-12.746596336364746,-12.746596336364746
20191108_sample_1,CT,-5.157649517059326,-8.140277862548828,-8.140277862548828
20191108_sample_4,CT,-3.723852336406708,-5.126835346221924,-5.126835346221924
20191108_sample_5,IT,-3.858339041471481,-3.8950939178466797,-3.8950939178466797
20191114_sample_1,Lamp5,-5.013994872570038,-10.8377685546875,-10.8377685546875
20191114_sample_2,CT,-8.037451654672623,-7.435710430145264,-7.435710430145264
20191114_sample_3,IT,-5.076766014099121,-5.790678024291992,-5.790678024291992
20191114_sample_4,Sst,-9.258724749088287,-11.784380912780762,-11.784380912780762
20191114_sample_5,low quality,-4.200346767902374,-11.014062881469727,-11.014062881469727
20191114_sample_7,IT,-3.147028386592865,-5.40311861038208,-5.40311861038208
20191114_sample_8,IT,-1.3446509838104248,-4.469377040863037,-4.469377040863037
20191114_sample_9,ET,-3.957945853471756,-9.056623458862305,-9.056623458862305
20200106_sample_1,Lamp5,-13.096494600176811,-14.507150650024414,-14.507150650024414
20200106_sample_4,IT,-6.20100274682045,-4.587557792663574,-4.587557792663574
20200106_sample_5,IT,-5.579853430390358,-6.57095193862915,-6.57095193862915
20200106_sample_6,IT,-0.0241994857788085,-4.501380920410156,-4.501380920410156
20200225_sample_2,IT,-8.632775396108627,-4.812351703643799,-4.812351703643799
20200225_sample_5,Sncg,-11.677157133817673,-10.644357681274414,-10.644357681274414
20200316_sample_1,ET,-5.336008965969086,-3.3375067710876465,-3.3375067710876465
20200316_sample_2,low quality,-3.9114542305469513,-9.15188217163086,-9.15188217163086
20200316_sample_3,Pvalb,-10.052338242530825,-16.066564559936523,-16.066564559936523
