cell_id,RNA_family,y_true,y_pred,y_pred_train_space
20171204_sample_2,ET,-3.216313198208809,-9.061589241027832,-9.061589241027832
20171204_sample_4,IT,-6.4414553344249725,-3.93599271774292,-3.93599271774292
20171204_sample_5,IT,-0.6206687539815903,-4.620582103729248,-4.620582103729248
20171204_sample_6,ET,4.595445469021797,-7.250827789306641,-7.250827789306641
20171207_sample_1,ET,-4.912097007036209,-8.096959114074707,-8.096959114074707
20171207_sample_2,ET,1.7313063144683838,-8.210676193237305,-8.210676193237305
20171207_sample_6,IT,-11.593997478485107,-8.485797882080078,-8.485797882080078
20171207_sample_7,IT,-12.140847742557526,-3.619295597076416,-3.619295597076416
20171219_sample_1,IT,2.867337316274643,-3.4396209716796875,-3.4396209716796875
20171219_sample_2,IT,0.864814966917038,-3.878244400024414,-3.878244400024414
20171219_sample_3,IT,0.2132244408130645,-2.8946399688720703,-2.8946399688720703
20171219_sample_4,ET,-1.4177262783050537,-12.287095069885254,-12.287095069885254
20171219_sample_6,ET,-0.4345364868640899,-6.479267120361328,-6.479267120361328
20171219_sample_7,IT,2.598777413368225,-2.1691341400146484,-2.1691341400146484
20171219_sample_8,ET,0.927560031414032,-9.248157501220703,-9.248157501220703
20180102_sample_1,ET,-2.688586711883545,-7.6584978103637695,-7.6584978103637695
20180102_sample_2,IT,-0.6868876516819,-3.6767220497131348,-3.6767220497131348
20180102_sample_3,ET,-5.753971636295319,-6.954974174499512,-6.954974174499512
20180102_sample_4,ET,2.156618982553482,-6.8462910652160645,-6.8462910652160645
20180102_sample_5,IT,-1.2999698519706726,-7.714456558227539,-7.714456558227539
20180103_sample_1,ET,1.6689412295818329,-9.512272834777832,-9.512272834777832
20180103_sample_2,ET,3.8413330912590022,-8.759407043457031,-8.759407043457031
20180103_sample_3,ET,-1.243777573108673,-11.462468147277832,-11.462468147277832
20180103_sample_4,low quality,-1.641109585762024,-8.419401168823242,-8.419401168823242
20180103_sample_5,IT,-7.878366857767105,-7.379417896270752,-7.379417896270752
20180103_sample_6,IT,0.2302266657352447,-3.219183921813965,-3.219183921813965
20180103_sample_7,IT,-0.7782727479934692,-5.27805233001709,-5.27805233001709
20180103_sample_8,IT,-5.705725401639938,-3.876469612121582,-3.876469612121582
20180104_sample_1,low quality,-4.545439034700394,-6.892660617828369,-6.892660617828369
20180104_sample_2,IT,-3.61957773566246,-7.838344573974609,-7.838344573974609
20180104_sample_3,IT,-7.933363318443298,-3.2741951942443848,-3.2741951942443848
20180104_sample_4,low quality,-2.186845988035202,-9.57594108581543,-9.57594108581543
20180104_sample_6,ET,-4.119504243135452,-8.655001640319824,-8.655001640319824
20180105_sample_4,IT,-1.1369548738002777,-2.8773159980773926,-2.8773159980773926
20180105_sample_5,IT,8.07270035147667,-7.170468330383301,-7.170468330383301
20180105_sample_6,IT,-3.1364448368549347,-3.8846964836120605,-3.8846964836120605
20180108_sample_1,IT,1.705661416053772,-4.282942295074463,-4.282942295074463
20180108_sample_2,low quality,-2.663593739271164,-7.264420509338379,-7.264420509338379
20180108_sample_3,IT,-2.8350763022899628,-8.085782051086426,-8.085782051086426
20180108_sample_4,ET,1.3165324926376345,-9.093661308288574,-9.093661308288574
20180108_sample_5,ET,1.7216652631759644,-6.402828216552734,-6.402828216552734
20180108_sample_7,IT,1.093938946723938,-4.276133060455322,-4.276133060455322
20180108_sample_8,ET,-4.026077687740326,-7.111701965332031,-7.111701965332031
20180108_sample_9,IT,0.5204826593399048,-5.375247955322266,-5.375247955322266
20180108_sample_10,ET,0.2104528248310089,-12.274004936218262,-12.274004936218262
20180109_sample_1,IT,-0.9390339255332948,-4.182685375213623,-4.182685375213623
20180109_sample_2,IT,-1.836869865655899,-7.403339385986328,-7.403339385986328
20180109_sample_5,IT,-4.488416016101837,-2.4975833892822266,-2.4975833892822266
20180110_sample_1,IT,-4.146996885538101,-2.143827438354492,-2.143827438354492
20180110_sample_2,IT,-6.274357438087463,-4.255922794342041,-4.255922794342041
20180110_sample_3,IT,-0.3682896494865417,-4.834486484527588,-4.834486484527588
20180110_sample_4,IT,-7.980657741427422,-7.558650016784668,-7.558650016784668
20180110_sample_5,IT,-5.705695599317551,-4.701620578765869,-4.701620578765869
20180110_sample_7,IT,-5.724009126424789,-1.6033105850219727,-1.6033105850219727
20180110_sample_8,ET,7.477246224880218,-7.998323440551758,-7.998323440551758
20180111_sample_5,IT,-3.3198781311512,-4.150322437286377,-4.150322437286377
20180115_sample_2,IT,-6.54112733900547,-8.582510948181152,-8.582510948181152
20180115_sample_5,IT,-2.6495642960071564,-3.841364860534668,-3.841364860534668
20180115_sample_6,low quality,0.3904402256011963,-7.338859558105469,-7.338859558105469
20180115_sample_7,IT,0.1818500459194183,-3.8693647384643555,-3.8693647384643555
20180115_sample_8,IT,1.9956491887569427,-5.4374470710754395,-5.4374470710754395
20180115_sample_9,IT,-3.1322017312049866,-4.018436908721924,-4.018436908721924
20180118_sample_1,IT,-1.5823189169168472,-6.951192855834961,-6.951192855834961
20180118_sample_2,IT,-4.150163382291794,-6.292128562927246,-6.292128562927246
20180118_sample_4,IT,-5.194798111915588,-6.628572940826416,-6.628572940826416
20180118_sample_6,IT,3.737248480319977,-5.142078399658203,-5.142078399658203
20180118_sample_7,ET,-1.3515986502170565,-9.374885559082031,-9.374885559082031
20180118_sample_10,ET,3.0748024582862854,-7.581550598144531,-7.581550598144531
20180123_sample_1,ET,-0.8166376501321793,-6.973735809326172,-6.973735809326172
20180123_sample_3,ET,2.350596711039543,-9.628449440002441,-9.628449440002441
20180123_sample_5,ET,2.649780362844467,-10.276166915893555,-10.276166915893555
20180123_sample_6,ET,-3.4324191510677338,-7.245776176452637,-7.245776176452637
20180123_sample_7,ET,1.7845910042524338,-9.923041343688965,-9.923041343688965
20180208_sample_1,low quality,-2.2990666329860687,-11.299003601074219,-11.299003601074219
20180208_sample_2,ET,0.8111931383609772,-8.889208793640137,-8.889208793640137
20180208_sample_3,ET,-1.4186017215251925,-11.175007820129395,-11.175007820129395
20180208_sample_4,IT,0.4976242780685425,-3.812284469604492,-3.812284469604492
20180208_sample_5,IT,-1.6897395253181458,-4.5967864990234375,-4.5967864990234375
20180213_sample_3,ET,0.2988912165164947,-6.605645179748535,-6.605645179748535
20180213_sample_5,Pvalb,-13.931162655353546,-17.737934112548828,-17.737934112548828
20180215_sample_1,Pvalb,-17.72448793053627,-17.134674072265625,-17.134674072265625
20180220_sample_1,Sst,-17.5161212682724,-12.950037956237793,-12.950037956237793
20180220_sample_2,IT,-0.1325160264968872,-8.16611099243164,-8.16611099243164
20180225_sample_1,IT,-14.656297862529756,-5.767355442047119,-5.767355442047119
20180225_sample_2,IT,-4.625130444765091,-4.3266496658325195,-4.3266496658325195
20180225_sample_3,IT,-2.7577467262744904,-6.946023464202881,-6.946023464202881
20180225_sample_4,IT,-6.1173215508461,-2.6569361686706543,-2.6569361686706543
20180225_sample_5,ET,0.9897761046886444,-8.795548439025879,-8.795548439025879
20180225_sample_7,Pvalb,-16.102928668260574,-18.934961318969727,-18.934961318969727
20180228_sample_3,IT,-6.204783916473389,-4.156313419342041,-4.156313419342041
20180306_sample_1,Pvalb,-22.153936326503757,-16.23886489868164,-16.23886489868164
20180306_sample_2,IT,-1.344539225101471,-5.53292179107666,-5.53292179107666
20180306_sample_3,IT,-6.991136819124222,-6.914368629455566,-6.914368629455566
20180306_sample_5,IT,-4.595158621668816,-4.390048027038574,-4.390048027038574
20180309_sample_4,IT,-5.13116642832756,-5.436893939971924,-5.436893939971924
20180309_sample_6,IT,-5.238093435764313,-6.074060440063477,-6.074060440063477
20180309_sample_7,IT,-3.386810421943665,-3.552617073059082,-3.552617073059082
20180309_sample_8,IT,-6.209701299667358,-6.397634506225586,-6.397634506225586
20180313_sample_1,low quality,-8.772891014814377,-8.882204055786133,-8.882204055786133
20180313_sample_2,ET,-3.826417028903961,-8.14096450805664,-8.14096450805664
20180313_sample_3,ET,-12.170696631073952,-10.26443862915039,-10.26443862915039
20180313_sample_7,IT,-9.582623839378355,-2.726616382598877,-2.726616382598877
20180313_sample_8,low quality,-3.400765359401703,-9.68591022491455,-9.68591022491455
20180313_sample_9,Pvalb,-23.102223873138428,-14.347970962524414,-14.347970962524414
20180315_sample_1,ET,-6.281860172748566,-7.98305606842041,-7.98305606842041
20180315_sample_2,low quality,-3.506030887365341,-7.017772674560547,-7.017772674560547
20180315_sample_5,IT,-9.18145664036274,-1.0063982009887695,-1.0063982009887695
20180315_sample_6,IT,-25.367315858602524,-5.89204216003418,-5.89204216003418
20180321_sample_2,IT,-2.804640680551529,-8.25462532043457,-8.25462532043457
20180321_sample_3,IT,-6.828857585787773,-7.227604866027832,-7.227604866027832
20180321_sample_4,IT,-15.486951917409897,-6.231122970581055,-6.231122970581055
20180321_sample_8,ET,-7.573641836643219,-11.014310836791992,-11.014310836791992
20180321_sample_9,ET,-6.202099844813347,-10.926671981811523,-10.926671981811523
20180322_sample_1,IT,-2.756815403699875,-1.5058326721191406,-1.5058326721191406
20180322_sample_2,IT,-4.890846088528633,-2.4445009231567383,-2.4445009231567383
20180322_sample_3,IT,-3.198746591806412,-6.094875335693359,-6.094875335693359
20180322_sample_4,IT,-5.4059699177742,-4.836491107940674,-4.836491107940674
20180322_sample_5,IT,-3.1850039958953857,-6.2413787841796875,-6.2413787841796875
20180322_sample_6,ET,-2.7096793055534363,-8.636072158813477,-8.636072158813477
20180322_sample_7,ET,-0.7034651935100555,-7.347661972045898,-7.347661972045898
20180327_sample_1,Pvalb,-17.697002738714218,-15.777914047241211,-15.777914047241211
20180327_sample_2,Pvalb,-11.391792446374891,-18.56854248046875,-18.56854248046875
20180327_sample_3,IT,-0.234309583902359,-6.529029846191406,-6.529029846191406
20180327_sample_4,Pvalb,-18.52069422602653,-16.421630859375,-16.421630859375
20180327_sample_5,Pvalb,-16.10393449664116,-17.404403686523438,-17.404403686523438
20180327_sample_6,IT,-4.450440406799316,-3.7443981170654297,-3.7443981170654297
20180329_sample_1,IT,-3.358658403158188,-5.627507209777832,-5.627507209777832
20180329_sample_2,IT,-4.276074469089508,-6.933428764343262,-6.933428764343262
20180329_sample_3,IT,-5.636420100927353,-6.449225902557373,-6.449225902557373
20180329_sample_4,ET,6.712574511766434,-11.073580741882324,-11.073580741882324
20180329_sample_5,IT,-5.405217409133911,-2.2653799057006836,-2.2653799057006836
20180329_sample_6,IT,-4.861153662204742,-4.655210018157959,-4.655210018157959
20180329_sample_7,low quality,-10.25133952498436,-8.452178955078125,-8.452178955078125
20180329_sample_8,IT,-4.47145476937294,-6.184994697570801,-6.184994697570801
20180403_sample_5,IT,-5.20341657102108,-5.18894624710083,-5.18894624710083
20180403_sample_6,ET,-4.848267883062363,-11.419464111328125,-11.419464111328125
20180403_sample_7,IT,-2.459544688463211,-5.1368255615234375,-5.1368255615234375
20180404_sample_1,Pvalb,-19.91602778434753,-14.431244850158691,-14.431244850158691
20180404_sample_2,Pvalb,-16.291294246912003,-10.503074645996094,-10.503074645996094
20180404_sample_3,IT,-0.5424022674560547,-1.611588478088379,-1.611588478088379
20180404_sample_4,Pvalb,-20.41567489504814,-14.556354522705078,-14.556354522705078
20180404_sample_5,Pvalb,1.3392344117164612,-13.82606029510498,-13.82606029510498
20180404_sample_7,IT,-6.63747638463974,-4.807733058929443,-4.807733058929443
20180405_sample_1,ET,-5.889397114515305,-5.5802903175354,-5.5802903175354
20180405_sample_2,IT,-7.095005363225937,-6.196120738983154,-6.196120738983154
20180405_sample_3,IT,-3.145456314086914,-4.074583053588867,-4.074583053588867
20180410_sample_1,Pvalb,-17.468374222517014,-17.765172958374023,-17.765172958374023
20180410_sample_3,IT,-6.301064044237137,-6.281120777130127,-6.281120777130127
20180410_sample_4,IT,-9.027941152453424,0.13681316375732422,0.13681316375732422
20180410_sample_5,IT,-5.647934973239899,-1.3797025680541992,-1.3797025680541992
20180410_sample_6,IT,-0.1010950654745101,-4.50464391708374,-4.50464391708374
20180410_sample_9,Pvalb,-20.93777060508728,-19.86318016052246,-19.86318016052246
20180411_sample_1,IT,-4.937095567584038,-1.466461181640625,-1.466461181640625
20180411_sample_3,IT,-2.3292433470487595,-2.910794258117676,-2.910794258117676
20180411_sample_4,Pvalb,-16.402389854192734,-11.892051696777344,-11.892051696777344
20180411_sample_5,Pvalb,-17.59290136396885,-17.465045928955078,-17.465045928955078
20180412_sample_1,IT,2.988658845424652,-3.112579822540283,-3.112579822540283
20180412_sample_2,Pvalb,-12.928124517202376,-16.266633987426758,-16.266633987426758
20180412_sample_3,IT,-9.37863066792488,-4.470570087432861,-4.470570087432861
20180412_sample_4,IT,-5.570463836193085,-1.3694829940795898,-1.3694829940795898
20180412_sample_7,IT,-4.9801599234342575,-3.0617260932922363,-3.0617260932922363
20180413_sample_2,Pvalb,-17.18558743596077,-18.332656860351562,-18.332656860351562
20180413_sample_3,Pvalb,-17.465021461248398,-17.783428192138672,-17.783428192138672
20180413_sample_4,IT,-1.3738349080085754,-4.310340881347656,-4.310340881347656
20180417_sample_1,Vip,-6.314864382147789,-9.708154678344727,-9.708154678344727
20180417_sample_2,Pvalb,-21.69245295226574,-15.963098526000977,-15.963098526000977
20180417_sample_3,IT,-10.034944862127304,-4.065244197845459,-4.065244197845459
20180417_sample_4,Pvalb,-14.34275321662426,-17.901138305664062,-17.901138305664062
20180417_sample_5,IT,-6.322138011455536,-6.350706100463867,-6.350706100463867
20180417_sample_6,IT,-7.395192980766296,-5.184132099151611,-5.184132099151611
20180417_sample_7,Pvalb,-9.145405143499374,-16.260509490966797,-16.260509490966797
20180417_sample_8,Sst,-13.151124119758606,-12.416412353515625,-12.416412353515625
20180417_sample_9,IT,-8.333994075655937,-2.383765697479248,-2.383765697479248
20180418_sample_1,Pvalb,-19.448265433311462,-14.110635757446289,-14.110635757446289
20180418_sample_2,Pvalb,-13.754982501268389,-15.027186393737793,-15.027186393737793
20180418_sample_3,Pvalb,-19.076712429523468,-16.071216583251953,-16.071216583251953
20180418_sample_5,IT,-1.1556372046470642,-6.5536322593688965,-6.5536322593688965
20180418_sample_6,IT,-5.862481892108917,-2.6862645149230957,-2.6862645149230957
20180420_sample_2,low quality,-5.580965429544449,-7.64879035949707,-7.64879035949707
20180420_sample_3,IT,-0.7387436926364899,-10.432150840759277,-10.432150840759277
20180420_sample_4,IT,-3.439962863922119,-8.228918075561523,-8.228918075561523
20180424_sample_1,IT,-6.655197590589523,-5.936053276062012,-5.936053276062012
20180424_sample_2,IT,0.5517080426216125,-4.792078971862793,-4.792078971862793
20180424_sample_3,IT,-7.269050925970077,-2.8014278411865234,-2.8014278411865234
20180424_sample_6,IT,-4.386935383081436,-2.8068480491638184,-2.8068480491638184
20180425_sample_2,IT,-0.3259815275669098,-3.650360107421875,-3.650360107421875
20180425_sample_3,Pvalb,-20.323218777775764,-14.429586410522461,-14.429586410522461
20180425_sample_4,IT,-6.662387400865555,-6.220516681671143,-6.220516681671143
20180425_sample_5,Sncg,-6.925009191036224,-10.498265266418457,-10.498265266418457
20180425_sample_7,Pvalb,-16.62255823612213,-16.74323844909668,-16.74323844909668
20180425_sample_8,Vip,-5.538575351238251,-9.383526802062988,-9.383526802062988
20180425_sample_9,IT,-6.821736693382263,-8.028556823730469,-8.028556823730469
20180426_sample_1,ET,-5.289459601044655,-9.175607681274414,-9.175607681274414
20180426_sample_3,IT,-5.378911271691322,-2.2697649002075195,-2.2697649002075195
20180426_sample_4,IT,-4.972238093614578,-3.9578447341918945,-3.9578447341918945
20180426_sample_5,Pvalb,-15.777744352817535,-13.223291397094727,-13.223291397094727
20180426_sample_7,IT,-8.604681119322777,-5.3185296058654785,-5.3185296058654785
20180426_sample_9,Pvalb,-17.150282859802246,-11.476222038269043,-11.476222038269043
20180501_sample_2,IT,-4.219718277454376,-4.665536880493164,-4.665536880493164
20180501_sample_3,IT,-6.709452718496323,-4.368837833404541,-4.368837833404541
20180501_sample_4,IT,-5.739521235227585,-3.88486909866333,-3.88486909866333
20180501_sample_5,IT,-7.273126393556595,-6.386743068695068,-6.386743068695068
20180501_sample_6,low quality,0.6594732403755188,-9.092321395874023,-9.092321395874023
20180501_sample_7,low quality,-14.261573553085327,-9.931646347045898,-9.931646347045898
20180501_sample_8,Lamp5,-18.29487457871437,-11.971577644348145,-11.971577644348145
20180502_sample_1,low quality,-15.694443136453629,-11.307825088500977,-11.307825088500977
20180502_sample_2,low quality,-6.4819566905498505,-9.448776245117188,-9.448776245117188
20180502_sample_3,IT,-5.050184205174446,-2.003328323364258,-2.003328323364258
20180502_sample_4,IT,-6.774146109819412,-3.9119443893432617,-3.9119443893432617
20180508_sample_1,Pvalb,-14.578480273485184,-14.021315574645996,-14.021315574645996
20180508_sample_2,IT,-5.009658634662628,-8.72535514831543,-8.72535514831543
20180508_sample_3,IT,-2.4882815778255463,-2.601379871368408,-2.601379871368408
20180508_sample_4,IT,-6.520483642816544,-5.200779914855957,-5.200779914855957
20180509_sample_1,low quality,-2.185910940170288,-8.909130096435547,-8.909130096435547
20180509_sample_2,IT,-6.078094244003296,-3.7204766273498535,-3.7204766273498535
20180509_sample_3,IT,-7.554929703474045,-4.551786422729492,-4.551786422729492
20180509_sample_4,IT,-6.138648837804794,-6.291396141052246,-6.291396141052246
20180509_sample_5,IT,-4.782784730195999,-5.605144500732422,-5.605144500732422
20180509_sample_7,IT,4.435833543539047,-4.722733497619629,-4.722733497619629
20180509_sample_9,IT,1.2755431234836578,-2.3638253211975098,-2.3638253211975098
20180510_sample_2,Pvalb,-13.48770409822464,-17.360118865966797,-17.360118865966797
20180510_sample_3,IT,-7.991457358002663,-4.881009101867676,-4.881009101867676
20180510_sample_4,IT,-8.515151217579842,-1.7075519561767578,-1.7075519561767578
20180510_sample_5,IT,1.885570585727692,-6.160069942474365,-6.160069942474365
20180510_sample_9,IT,-3.788786008954048,-3.080745220184326,-3.080745220184326
20180515_sample_1,Pvalb,-21.618306636810303,-16.386804580688477,-16.386804580688477
20180515_sample_6,Pvalb,-16.427669674158096,-10.563051223754883,-10.563051223754883
20180522_sample_1,IT,-4.970848560333252,-4.165634632110596,-4.165634632110596
20180522_sample_2,IT,-2.628881484270096,-5.281496047973633,-5.281496047973633
20180522_sample_3,IT,-7.822461426258087,-6.61314582824707,-6.61314582824707
20180522_sample_4,IT,-5.115702748298645,-4.759666919708252,-4.759666919708252
20180522_sample_5,Pvalb,-14.817044138908386,-18.01541519165039,-18.01541519165039
20180522_sample_6,ET,2.416282892227173,-7.533192157745361,-7.533192157745361
20180522_sample_7,IT,-7.559116929769516,-5.240608215332031,-5.240608215332031
20180524_sample_5,low quality,-10.770188644528387,-8.606637001037598,-8.606637001037598
20180524_sample_8,IT,-6.1001889407634735,-3.8137106895446777,-3.8137106895446777
20180524_sample_9,Pvalb,-16.89564809203148,-13.176237106323242,-13.176237106323242
20180529_sample_3,IT,-1.1244043707847595,-4.91367244720459,-4.91367244720459
20180608_sample_1,Lamp5,-5.115125328302383,-15.31201171875,-15.31201171875
20180608_sample_2,Pvalb,-14.311112463474274,-18.581825256347656,-18.581825256347656
20180608_sample_3,IT,-4.748757928609848,-9.051976203918457,-9.051976203918457
20180608_sample_5,Pvalb,-16.184046864509583,-19.49713134765625,-19.49713134765625
20180619_sample_3,Pvalb,-22.043317556381226,-12.924583435058594,-12.924583435058594
20180619_sample_5,IT,-6.206944584846497,-3.4929490089416504,-3.4929490089416504
20180619_sample_7,Lamp5,-12.112440541386604,-11.047931671142578,-11.047931671142578
20180621_sample_1,IT,-5.958974361419678,-4.884484767913818,-4.884484767913818
20180621_sample_2,IT,-7.934983819723129,-4.452208995819092,-4.452208995819092
20180621_sample_3,Sncg,-8.916381746530533,-10.388525009155273,-10.388525009155273
20180621_sample_4,IT,-9.728264063596724,-2.606832981109619,-2.606832981109619
20180621_sample_5,Vip,-16.39677584171295,-12.428417205810547,-12.428417205810547
20180621_sample_7,Pvalb,-20.703107118606567,-17.970142364501953,-17.970142364501953
20180621_sample_8,Pvalb,-8.116651326417923,-18.17841911315918,-18.17841911315918
20180628_sample_2,Pvalb,-18.056966364383698,-10.545973777770996,-10.545973777770996
20180628_sample_3,Pvalb,-17.31828972697258,-14.073822021484375,-14.073822021484375
20180628_sample_4,low quality,-16.53134822845459,-8.230122566223145,-8.230122566223145
20180628_sample_6,Pvalb,-14.801789075136185,-14.093111991882324,-14.093111991882324
20180628_sample_7,Lamp5,-2.4102628231048584,-10.328577995300293,-10.328577995300293
20180703_sample_1,Pvalb,-18.135756254196167,-14.327550888061523,-14.327550888061523
20180703_sample_2,IT,-5.417436361312866,-4.804951190948486,-4.804951190948486
20180703_sample_3,low quality,-3.5153180360794067,-10.413734436035156,-10.413734436035156
20180704_sample_1,Pvalb,-19.52655240893364,-12.840394973754883,-12.840394973754883
20180704_sample_2,Pvalb,-21.272797137498856,-16.645442962646484,-16.645442962646484
20180704_sample_3,Pvalb,-17.331045120954514,-15.712991714477539,-15.712991714477539
20180704_sample_4,IT,-5.365818738937378,-3.422691822052002,-3.422691822052002
20180704_sample_5,Pvalb,-16.386404633522034,-16.28516960144043,-16.28516960144043
20180705_sample_1,Pvalb,-20.49971744418144,-15.354618072509766,-15.354618072509766
20180705_sample_4,Pvalb,-21.81165292859077,-18.753419876098633,-18.753419876098633
20180709_sample_2,IT,-6.301909685134888,-1.0949773788452148,-1.0949773788452148
20180709_sample_3,Lamp5,-15.733156353235245,-12.364420890808105,-12.364420890808105
20180709_sample_4,IT,-4.67352569103241,-3.682832717895508,-3.682832717895508
20180709_sample_6,IT,-6.588201969861984,-6.336144924163818,-6.336144924163818
20180710_sample_1,Pvalb,-19.602425396442413,-9.20280647277832,-9.20280647277832
20180710_sample_2,Pvalb,-9.171266108751295,-17.87175178527832,-17.87175178527832
20180710_sample_3,Pvalb,-21.17954194545746,-14.659605026245117,-14.659605026245117
20180710_sample_5,Pvalb,-22.7959081530571,-17.950824737548828,-17.950824737548828
20180711_sample_1,Pvalb,-22.011354565620422,-13.501572608947754,-13.501572608947754
20180711_sample_2,Sst,-12.105118483304976,-11.876801490783691,-11.876801490783691
20180711_sample_3,Sst,-14.60263878107071,-10.176414489746094,-10.176414489746094
20180711_sample_4,Sst,-11.671535670757294,-9.939977645874023,-9.939977645874023
20180712_sample_2,low quality,-13.766314834356308,-7.286692142486572,-7.286692142486572
20180712_sample_3,Sncg,-7.218640297651291,-9.925223350524902,-9.925223350524902
20180712_sample_5,Pvalb,-15.711870044469832,-14.626543045043945,-14.626543045043945
20180712_sample_11,Pvalb,-11.783406138420103,-14.733851432800293,-14.733851432800293
20180712_sample_12,Pvalb,-16.18174836039543,-17.823246002197266,-17.823246002197266
20180712_sample_13,IT,-10.03141701221466,-0.6656990051269531,-0.6656990051269531
20180712_sample_14,Pvalb,-21.07882872223854,-17.459362030029297,-17.459362030029297
20180712_sample_15,Pvalb,-16.82611182332039,-17.972461700439453,-17.972461700439453
20180717_sample_1,Pvalb,-19.15944740176201,-14.108940124511719,-14.108940124511719
20180717_sample_2,Lamp5,0.4828721284866333,-10.685312271118164,-10.685312271118164
20180717_sample_3,Pvalb,-21.60422876477241,-15.539621353149414,-15.539621353149414
20180717_sample_4,Pvalb,-21.58140018582344,-15.212642669677734,-15.212642669677734
20180717_sample_6,Pvalb,-17.630761489272118,-13.626815795898438,-13.626815795898438
20180717_sample_7,ET,-0.436391681432724,-6.573618412017822,-6.573618412017822
20180718_sample_2,Pvalb,-17.697975039482117,-16.058727264404297,-16.058727264404297
20180718_sample_3,Pvalb,-16.803201287984848,-13.76054573059082,-13.76054573059082
20180718_sample_4,Pvalb,-14.828935265541077,-17.72527313232422,-17.72527313232422
20180719_sample_1,Pvalb,-13.66724818944931,-17.105331420898438,-17.105331420898438
20180719_sample_4,Pvalb,-19.110094755887985,-16.341493606567383,-16.341493606567383
20180720_sample_2,Sncg,5.682811141014099,-9.812419891357422,-9.812419891357422
20180720_sample_3,Pvalb,-15.608791261911392,-14.937179565429688,-14.937179565429688
20180720_sample_5,Lamp5,-19.670087844133377,-14.542428970336914,-14.542428970336914
20180725_sample_3,IT,-2.325247973203659,-3.6143689155578613,-3.6143689155578613
20180725_sample_4,low quality,-7.457036525011063,-7.17734432220459,-7.17734432220459
20180725_sample_6,Pvalb,-18.5320433229208,-14.26669692993164,-14.26669692993164
20180725_sample_7,IT,-8.609352633357048,-1.803349494934082,-1.803349494934082
20180725_sample_9,Lamp5,-19.37747560441494,-8.646716117858887,-8.646716117858887
20180726_sample_3,Pvalb,-15.906885266304016,-14.65983772277832,-14.65983772277832
20180726_sample_4,Pvalb,-18.094033002853397,-15.736581802368164,-15.736581802368164
20180726_sample_5,Pvalb,-18.833205103874207,-12.577445983886719,-12.577445983886719
20180726_sample_6,Pvalb,-19.242968410253525,-12.784649848937988,-12.784649848937988
20180726_sample_7,Pvalb,-20.205434411764145,-14.23119068145752,-14.23119068145752
20180817_sample_2,Pvalb,-20.937416702508926,-15.865178108215332,-15.865178108215332
20180817_sample_3,Pvalb,-21.877985447645187,-18.077861785888672,-18.077861785888672
20180817_sample_4,Pvalb,-14.222845435142515,-15.254679679870605,-15.254679679870605
20180817_sample_5,Pvalb,-20.693566650152206,-14.895237922668457,-14.895237922668457
20180817_sample_6,IT,-6.217151880264282,-5.568416595458984,-5.568416595458984
20180817_sample_7,Pvalb,-16.612771898508072,-18.861209869384766,-18.861209869384766
20180820_sample_1,Sst,-8.827561512589455,-12.240361213684082,-12.240361213684082
20180820_sample_2,IT,-4.280127584934235,-4.086792469024658,-4.086792469024658
20180820_sample_3,Sst,-12.837067246437073,-11.873071670532227,-11.873071670532227
20180820_sample_4,Sst,-10.034415870904922,-10.39525032043457,-10.39525032043457
20180820_sample_5,Sst,-13.189993798732758,-12.743001937866211,-12.743001937866211
20180820_sample_6,IT,-7.0883408188819885,-3.4854393005371094,-3.4854393005371094
20180820_sample_7,Sst,-13.398103415966034,-15.705580711364746,-15.705580711364746
20180822_sample_1,Pvalb,-20.42185701429844,-13.563509941101074,-13.563509941101074
20180822_sample_2,Pvalb,-18.98369565606117,-17.63875961303711,-17.63875961303711
20180822_sample_3,Pvalb,-25.309831835329533,-12.38468074798584,-12.38468074798584
20180822_sample_4,Pvalb,-18.078818917274475,-11.718226432800293,-11.718226432800293
20180822_sample_6,Pvalb,-12.109916657209396,-16.409015655517578,-16.409015655517578
20180822_sample_7,Pvalb,-21.28559723496437,-16.96942901611328,-16.96942901611328
20180828_sample_2,Pvalb,-20.291196182370182,-14.196053504943848,-14.196053504943848
20180828_sample_3,Pvalb,-16.78309589624405,-14.26072883605957,-14.26072883605957
20180828_sample_4,IT,-3.306940197944641,-3.8130197525024414,-3.8130197525024414
20180828_sample_5,Pvalb,-16.76122471690178,-16.026161193847656,-16.026161193847656
20180828_sample_6,Pvalb,-20.84029465913773,-19.157499313354492,-19.157499313354492
20180828_sample_7,low quality,-5.840975791215897,-10.02713394165039,-10.02713394165039
20180828_sample_8,IT,-2.859633415937424,-2.6785364151000977,-2.6785364151000977
20180829_sample_1,Sst,-12.097720056772232,-10.609110832214355,-10.609110832214355
20180829_sample_2,Sst,-7.99940899014473,-12.034783363342285,-12.034783363342285
20180829_sample_3,Sst,-16.72842912375927,-8.973950386047363,-8.973950386047363
20180829_sample_4,Sst,-9.637638926506042,-10.260458946228027,-10.260458946228027
20180829_sample_5,Sst,-14.26381804049015,-12.373054504394531,-12.373054504394531
20180829_sample_6,Sst,-15.022549778223038,-11.669984817504883,-11.669984817504883
20180829_sample_7,Sst,-2.179998904466629,-10.941020965576172,-10.941020965576172
20180829_sample_8,IT,-8.007951080799103,-4.5435051918029785,-4.5435051918029785
20180830_sample_1,Pvalb,-17.040185630321503,-10.040215492248535,-10.040215492248535
20180830_sample_2,Pvalb,-18.171921372413635,-15.241931915283203,-15.241931915283203
20180830_sample_5,Pvalb,-22.66804687678814,-15.621830940246582,-15.621830940246582
20180830_sample_6,Pvalb,-15.678301453590391,-16.683425903320312,-16.683425903320312
20180904_sample_1,Pvalb,-14.955315738916395,-15.277194023132324,-15.277194023132324
20180904_sample_2,Pvalb,-18.024086952209476,-16.873470306396484,-16.873470306396484
20180904_sample_3,Pvalb,-13.365574181079865,-17.767393112182617,-17.767393112182617
20180904_sample_4,Pvalb,-19.48212832212448,-16.816577911376953,-16.816577911376953
20180904_sample_5,Pvalb,-18.22792924940586,-14.119980812072754,-14.119980812072754
20180904_sample_6,Pvalb,-18.04269850254059,-17.571109771728516,-17.571109771728516
20180904_sample_7,Pvalb,-17.43321679532528,-15.838336944580078,-15.838336944580078
20180904_sample_9,Pvalb,-18.83427239954472,-14.954385757446289,-14.954385757446289
20180905_sample_1,Sst,-10.327275842428207,-10.952530860900879,-10.952530860900879
20180905_sample_2,Sst,-16.06617122888565,-11.797733306884766,-11.797733306884766
20180910_sample_2,Sst,-7.787980139255524,-12.830636978149414,-12.830636978149414
20180910_sample_3,Sst,-13.55823501944542,-9.796122550964355,-9.796122550964355
20180911_sample_1,Sst,-8.679218590259552,-13.390776634216309,-13.390776634216309
20180911_sample_2,Sst,-19.198477268218998,-12.525177955627441,-12.525177955627441
20180911_sample_3,Sst,-11.910218745470049,-12.094560623168945,-12.094560623168945
20180911_sample_5,Sst,-16.89993217587471,-8.241135597229004,-8.241135597229004
20180911_sample_6,Sst,-12.1009461581707,-12.903663635253906,-12.903663635253906
20180912_sample_2,Pvalb,-16.88644289970398,-14.838102340698242,-14.838102340698242
20180912_sample_3,Pvalb,-16.791708767414093,-15.549325942993164,-15.549325942993164
20180912_sample_6,Pvalb,-26.34966187179089,-17.710086822509766,-17.710086822509766
20180913_sample_2,low quality,-7.033471018075943,-9.228449821472168,-9.228449821472168
20180917_sample_1,Sst,-14.805026352405548,-10.4332857131958,-10.4332857131958
20180917_sample_2,Pvalb,-16.95491001009941,-15.863758087158203,-15.863758087158203
20180917_sample_3,IT,-3.9419159293174735,-2.600944995880127,-2.600944995880127
20180917_sample_4,Pvalb,-18.160298466682438,-14.710390090942383,-14.710390090942383
20180917_sample_5,Sst,-14.108415693044662,-9.011907577514648,-9.011907577514648
20180918_sample_1,Vip,-9.962908923625946,-10.802630424499512,-10.802630424499512
20180918_sample_2,Vip,-6.289858371019363,-10.47104549407959,-10.47104549407959
20180918_sample_3,Vip,-12.59886845946312,-7.862442970275879,-7.862442970275879
20180920_sample_1,low quality,-15.77458158135414,-9.148355484008789,-9.148355484008789
20180920_sample_2,Pvalb,-16.10637456178665,-16.412996292114258,-16.412996292114258
20180920_sample_3,Pvalb,-21.78730815649033,-18.266386032104492,-18.266386032104492
20180920_sample_4,Pvalb,-19.86249908804893,-17.934566497802734,-17.934566497802734
20180921_sample_1,low quality,-4.1015371680259705,-10.52605152130127,-10.52605152130127
20180921_sample_2,Pvalb,-14.42836970090866,-17.356563568115234,-17.356563568115234
20180921_sample_3,Pvalb,-17.574481666088104,-16.242992401123047,-16.242992401123047
20180925_sample_9,Pvalb,-21.92392572760582,-13.5441312789917,-13.5441312789917
20180926_sample_1,Pvalb,-23.232227191329,-17.873207092285156,-17.873207092285156
20180926_sample_3,Pvalb,-20.816437900066376,-12.749157905578613,-12.749157905578613
20180926_sample_4,low quality,-18.30478385090828,-12.339542388916016,-12.339542388916016
20180926_sample_7,Pvalb,-23.967083543539047,-17.832109451293945,-17.832109451293945
20180926_sample_9,IT,-8.921260014176369,-0.9295215606689453,-0.9295215606689453
20180927_sample_1,Pvalb,-18.391110002994537,-17.345046997070312,-17.345046997070312
20180927_sample_2,Pvalb,-17.418604344129562,-15.137396812438965,-15.137396812438965
20180927_sample_3,low quality,-22.22207933664322,-12.929464340209961,-12.929464340209961
20180927_sample_4,Pvalb,-16.175203025341034,-18.87824249267578,-18.87824249267578
20180927_sample_5,Pvalb,-16.522690653800964,-16.075538635253906,-16.075538635253906
20180927_sample_7,Pvalb,-17.879262566566467,-16.102462768554688,-16.102462768554688
20180927_sample_9,IT,-1.3142377138137815,-5.5020623207092285,-5.5020623207092285
20180927_sample_10,low quality,-17.600923776626587,-9.674710273742676,-9.674710273742676
20181002_sample_1,low quality,-18.084891140460968,-11.00494384765625,-11.00494384765625
20181002_sample_2,Pvalb,-18.20497214794159,-16.10190200805664,-16.10190200805664
20181002_sample_3,Pvalb,-16.670532524585724,-15.275148391723633,-15.275148391723633
20181002_sample_4,Pvalb,-19.65165883302689,-13.286847114562988,-13.286847114562988
20181002_sample_5,Pvalb,-21.724220365285877,-19.12052345275879,-19.12052345275879
20181002_sample_6,Pvalb,-10.855495929718018,-14.37912368774414,-14.37912368774414
20181002_sample_7,IT,-9.918581694364548,-2.7165446281433105,-2.7165446281433105
20181002_sample_8,Pvalb,-18.313217908144,-13.748624801635742,-13.748624801635742
20181002_sample_9,Sst,-20.97834832966328,-17.87824821472168,-17.87824821472168
20181002_sample_10,Pvalb,-16.90245419740677,-18.23020362854004,-18.23020362854004
20181003_sample_1,low quality,-13.348761945962906,-9.740076065063477,-9.740076065063477
20181003_sample_2,Sst,-10.006606578826904,-7.654181480407715,-7.654181480407715
20181003_sample_3,Sst,-12.422166764736176,-9.180816650390625,-9.180816650390625
20181003_sample_4,Sst,-10.987594723701475,-15.215914726257324,-15.215914726257324
20181003_sample_5,Sst,-13.227596879005432,-10.010592460632324,-10.010592460632324
20181003_sample_6,Sst,-9.858466684818268,-11.384088516235352,-11.384088516235352
20181003_sample_7,Sst,-17.967689782381058,-13.03754997253418,-13.03754997253418
20181003_sample_8,Sst,-10.479897260665894,-12.41568660736084,-12.41568660736084
20181003_sample_9,Sst,-21.31875790655613,-18.09188461303711,-18.09188461303711
20181003_sample_10,Sst,-16.524285078048706,-13.209029197692871,-13.209029197692871
20181004_sample_1,low quality,-12.719154357910156,-9.22900390625,-9.22900390625
20181004_sample_3,Sst,-16.577357426285744,-13.378104209899902,-13.378104209899902
20181004_sample_5,Sst,-16.224300488829613,-13.321903228759766,-13.321903228759766
20181004_sample_6,Sst,-12.210309505462646,-12.300960540771484,-12.300960540771484
20181004_sample_8,Sst,-19.991807639598846,-16.993757247924805,-16.993757247924805
20181009_sample_2,Sst,-7.163744419813156,-12.639699935913086,-12.639699935913086
20181009_sample_3,Sst,-12.3356394469738,-10.111997604370117,-10.111997604370117
20181009_sample_4,Sst,-10.26800274848938,-10.984156608581543,-10.984156608581543
20181009_sample_5,Sst,-18.2826966047287,-10.80508804321289,-10.80508804321289
20181009_sample_6,IT,-7.036145776510239,-1.1053133010864258,-1.1053133010864258
20181009_sample_7,Sst,-13.010099530220032,-12.623680114746094,-12.623680114746094
20181010_sample_1,Sst,-13.664953410625458,-14.816866874694824,-14.816866874694824
20181010_sample_3,Sst,-8.865099400281906,-9.582538604736328,-9.582538604736328
20181010_sample_4,Sst,-11.785689741373062,-12.077077865600586,-12.077077865600586
20181010_sample_5,IT,-12.838618829846382,-0.5939502716064453,-0.5939502716064453
20181010_sample_6,Sst,-7.512647658586502,-12.089815139770508,-12.089815139770508
20181010_sample_8,Sst,-11.6056427359581,-10.344382286071777,-10.344382286071777
20181010_sample_10,Sst,-13.845626264810562,-13.305201530456543,-13.305201530456543
20181011_sample_3,Sst,-21.459277719259266,-14.755571365356445,-14.755571365356445
20181011_sample_4,Sst,-10.378874838352203,-10.486404418945312,-10.486404418945312
20181011_sample_8,Sst,-13.318445533514025,-12.568138122558594,-12.568138122558594
20181011_sample_9,Sst,-10.79460233449936,-12.59922981262207,-12.59922981262207
20181011_sample_10,Sst,-14.63392749428749,-17.975975036621094,-17.975975036621094
20181109_sample_1,Sst,-2.698894590139389,-11.213285446166992,-11.213285446166992
20181109_sample_2,Sst,-18.20310950279236,-9.632789611816406,-9.632789611816406
20181109_sample_3,Sst,-15.00288024544716,-11.437748908996582,-11.437748908996582
20181109_sample_5,Sst,-8.134003728628159,-10.320779800415039,-10.320779800415039
20181109_sample_7,Sst,-9.815070778131483,-10.101593971252441,-10.101593971252441
20181109_sample_8,Sst,-7.233176380395889,-11.606343269348145,-11.606343269348145
20181109_sample_9,Sst,-17.21852272748947,-9.709778785705566,-9.709778785705566
20181109_sample_10,Sst,4.399742931127548,-12.285808563232422,-12.285808563232422
20181112_sample_1,low quality,-10.903950780630112,-12.529662132263184,-12.529662132263184
20181112_sample_4,Sst,-6.180986762046814,-15.77940559387207,-15.77940559387207
20181112_sample_5,low quality,-13.32833245396614,-9.895528793334961,-9.895528793334961
20181112_sample_6,Sst,-18.55425909161568,-11.530120849609375,-11.530120849609375
20181112_sample_8,Sst,-12.119710445404053,-12.703399658203125,-12.703399658203125
20181112_sample_11,Sst,-12.601051479578018,-15.369136810302734,-15.369136810302734
20181114_sample_1,Pvalb,-19.492294639348984,-12.694379806518555,-12.694379806518555
20181114_sample_2,Pvalb,-24.61737021803856,-17.3262939453125,-17.3262939453125
20181114_sample_4,Pvalb,-20.449403673410416,-11.44952392578125,-11.44952392578125
20181116_sample_2,Pvalb,-20.131457597017288,-16.460674285888672,-16.460674285888672
20181116_sample_3,Pvalb,-19.61162686347961,-12.922698974609375,-12.922698974609375
20181116_sample_4,Pvalb,-20.131457597017288,-16.710895538330078,-16.710895538330078
20181116_sample_5,Pvalb,-19.77234706282616,-11.759161949157715,-11.759161949157715
20181116_sample_7,low quality,-19.71091888844967,-8.305736541748047,-8.305736541748047
20181116_sample_10,low quality,-16.341067850589752,-8.731475830078125,-8.731475830078125
20181116_sample_12,Pvalb,-18.65334063768387,-15.947182655334473,-15.947182655334473
20181121_sample_1,Sst,-9.948190301656725,-8.896141052246094,-8.896141052246094
20181121_sample_2,Sst,-8.867710828781128,-11.449158668518066,-11.449158668518066
20181121_sample_3,Pvalb,-19.17940005660057,-18.38797378540039,-18.38797378540039
20181121_sample_4,low quality,-8.661728352308273,-11.871487617492676,-11.871487617492676
20181121_sample_5,Sst,-10.73753461241722,-14.131254196166992,-14.131254196166992
20181121_sample_6,Sst,-16.388360410928726,-14.911711692810059,-14.911711692810059
20181121_sample_7,Sst,-12.076400220394136,-9.332147598266602,-9.332147598266602
20181126_sample_2,Sst,-14.746509492397308,-14.700460433959961,-14.700460433959961
20181126_sample_6,Sst,-14.618124812841415,-12.540019989013672,-12.540019989013672
20181127_sample_1,Sst,-16.930103302001953,-11.009382247924805,-11.009382247924805
20181127_sample_3,Sst,-11.76469773054123,-11.085796356201172,-11.085796356201172
20181127_sample_4,Sst,-14.789663255214691,-12.633206367492676,-12.633206367492676
20181127_sample_5,Sst,-8.922159671783447,-9.767083168029785,-9.767083168029785
20181127_sample_7,Sst,-8.05598497390747,-13.14666748046875,-13.14666748046875
20181129_sample_1,Sst,-9.834971278905869,-14.68106460571289,-14.68106460571289
20181129_sample_2,low quality,-10.687623172998428,-9.608746528625488,-9.608746528625488
20181129_sample_3,Sst,-8.693549782037735,-10.77945327758789,-10.77945327758789
20181129_sample_4,Sst,-13.047181069850922,-10.33570384979248,-10.33570384979248
20181129_sample_5,Sst,-10.830409824848177,-12.640562057495117,-12.640562057495117
20181129_sample_6,Sst,-9.096924215555193,-10.914131164550781,-10.914131164550781
20181203_sample_2,Sst,-9.398680180311205,-9.964527130126953,-9.964527130126953
20181203_sample_3,Sst,-15.145201236009598,-12.20141315460205,-12.20141315460205
20181203_sample_4,Sst,-13.16796988248825,-7.292971611022949,-7.292971611022949
20181203_sample_5,Sst,-14.896363019943236,-10.319741249084473,-10.319741249084473
20181203_sample_6,Pvalb,-23.908130824565887,-13.270971298217773,-13.270971298217773
20181203_sample_7,Sst,-9.751252830028534,-9.003602981567383,-9.003602981567383
20181203_sample_8,Sst,-16.244277358055115,-16.319320678710938,-16.319320678710938
20181203_sample_9,Sst,-15.232160687446594,-10.091620445251465,-10.091620445251465
20181203_sample_10,low quality,-16.549911350011826,-11.787126541137695,-11.787126541137695
20181205_sample_1,Sst,-3.3352263271808624,-12.222101211547852,-12.222101211547852
20181205_sample_2,Sst,-10.457918047904968,-11.372445106506348,-11.372445106506348
20181207_sample_1,Pvalb,-19.38856393098831,-17.679662704467773,-17.679662704467773
20181207_sample_2,Pvalb,-16.64944738149643,-14.555475234985352,-14.555475234985352
20181207_sample_3,Pvalb,-10.47787070274353,-14.566970825195312,-14.566970825195312
20181207_sample_4,Pvalb,-18.253717571496964,-15.215924263000488,-15.215924263000488
20181207_sample_5,Pvalb,-18.082009628415108,-15.388420104980469,-15.388420104980469
20181207_sample_6,low quality,-18.004942685365677,-11.789974212646484,-11.789974212646484
20181207_sample_7,Pvalb,-18.378932029008865,-15.787099838256836,-15.787099838256836
20181208_sample_1,low quality,-17.823535948991776,-8.576011657714844,-8.576011657714844
20181208_sample_2,Sst,-4.405580461025238,-9.371898651123047,-9.371898651123047
20181208_sample_3,Sst,-10.778196156024933,-6.681731224060059,-6.681731224060059
20181208_sample_4,Sst,-5.518808960914612,-11.835746765136719,-11.835746765136719
20181208_sample_5,Sst,-11.665325611829758,-9.6114501953125,-9.6114501953125
20181208_sample_6,Sst,0.6955303251743317,-12.000171661376953,-12.000171661376953
20181208_sample_7,Sst,-16.83320850133896,-12.508420944213867,-12.508420944213867
20181208_sample_8,Sst,-7.460858672857283,-13.807198524475098,-13.807198524475098
20181208_sample_9,Sst,-6.338808685541153,-11.8959321975708,-11.8959321975708
20181208_sample_10,Sst,-7.957909256219864,-13.283120155334473,-13.283120155334473
20181211_sample_1,CT,-4.732280969619751,-10.499529838562012,-10.499529838562012
20181211_sample_2,Pvalb,-17.129071056842804,-16.384784698486328,-16.384784698486328
20181211_sample_4,Pvalb,-19.2052461206913,-12.519393920898438,-12.519393920898438
20181211_sample_5,low quality,-16.81606099009514,-9.349196434020996,-9.349196434020996
20181211_sample_6,Pvalb,-18.07660609483719,-15.869693756103516,-15.869693756103516
20181211_sample_7,Pvalb,-19.401807337999344,-13.367767333984375,-13.367767333984375
20181211_sample_8,Pvalb,-19.19549331068993,-16.34112548828125,-16.34112548828125
20181211_sample_9,Pvalb,-17.22928136587143,-15.187173843383789,-15.187173843383789
20181213_sample_1,Sst,-12.178879231214523,-11.793915748596191,-11.793915748596191
20181213_sample_2,Sst,-9.071823209524156,-13.559884071350098,-13.559884071350098
20181213_sample_3,Sst,-3.439206629991532,-12.020835876464844,-12.020835876464844
20181213_sample_4,Sst,-10.64673438668251,-10.823217391967773,-10.823217391967773
20181213_sample_5,IT,-6.578404456377029,-5.053843021392822,-5.053843021392822
20181213_sample_6,Sst,-10.94832643866539,-16.844741821289062,-16.844741821289062
20181213_sample_7,Sst,-4.80564683675766,-12.638680458068848,-12.638680458068848
20181214_sample_1,low quality,-3.7041418254375458,-10.742480278015137,-10.742480278015137
20181214_sample_2,Sst,-8.327249437570572,-9.291691780090332,-9.291691780090332
20190108_sample_1,Pvalb,-19.598064944148064,-18.159229278564453,-18.159229278564453
20190108_sample_2,Vip,-6.166204810142517,-10.274574279785156,-10.274574279785156
20190108_sample_3,IT,-5.018662661314011,-5.785433769226074,-5.785433769226074
20190108_sample_5,Vip,-1.2227725237607956,-13.51654052734375,-13.51654052734375
20190108_sample_6,Lamp5,-14.452015981078148,-13.464912414550781,-13.464912414550781
20190109_sample_2,Sst,-10.326284915208817,-12.63746452331543,-12.63746452331543
20190110_sample_1,Sst,-7.0578232407569885,-12.326192855834961,-12.326192855834961
20190110_sample_3,Sst,-18.34173873066902,-12.009528160095215,-12.009528160095215
20190110_sample_4,Sst,-17.614614218473434,-12.786250114440918,-12.786250114440918
20190110_sample_6,IT,-2.725206315517425,-1.2025833129882812,-1.2025833129882812
20190110_sample_7,IT,-2.204395830631256,-5.136703968048096,-5.136703968048096
20190117_sample_1,Vip,-13.224812224507332,-12.874519348144531,-12.874519348144531
20190117_sample_2,IT,-6.041213870048523,-2.7082176208496094,-2.7082176208496094
20190117_sample_3,Sst,-10.363083332777023,-11.187013626098633,-11.187013626098633
20190117_sample_4,IT,-9.368933737277985,-3.5308895111083984,-3.5308895111083984
20190117_sample_5,Sst,-14.753300696611404,-12.606335639953613,-12.606335639953613
20190122_sample_1,Pvalb,-21.0527777671814,-16.926513671875,-16.926513671875
20190122_sample_2,IT,-10.596215724945068,-2.6150898933410645,-2.6150898933410645
20190122_sample_3,Pvalb,-23.668132722377777,-14.089590072631836,-14.089590072631836
20190122_sample_5,Pvalb,-23.991398513317108,-14.178489685058594,-14.178489685058594
20190122_sample_6,IT,-15.71415364742279,-2.202608108520508,-2.202608108520508
20190122_sample_9,Pvalb,-21.399272605776787,-9.716663360595703,-9.716663360595703
20190122_sample_10,Pvalb,-19.554097205400467,-10.84470272064209,-10.84470272064209
20190122_sample_11,low quality,-12.531254440546036,-8.668573379516602,-8.668573379516602
20190122_sample_12,Pvalb,-22.557629272341728,-14.637325286865234,-14.637325286865234
20190122_sample_13,Pvalb,-17.807725816965103,-18.03064727783203,-18.03064727783203
20190122_sample_14,Pvalb,-23.28076586127281,-14.60448169708252,-14.60448169708252
20190122_sample_16,Pvalb,-20.51127701997757,-16.813282012939453,-16.813282012939453
20190122_sample_17,Pvalb,-18.671482801437374,-13.872697830200195,-13.872697830200195
20190123_sample_5,Pvalb,-22.26785756647587,-14.667390823364258,-14.667390823364258
20190123_sample_7,Pvalb,-16.722608357667923,-14.47177791595459,-14.47177791595459
20190123_sample_8,Pvalb,-17.561141401529312,-16.195341110229492,-16.195341110229492
20190124_sample_4,Pvalb,-13.483308255672457,-12.377979278564453,-12.377979278564453
20190128_sample_2,Pvalb,-15.144247561693192,-17.04974365234375,-17.04974365234375
20190128_sample_3,low quality,-21.29198983311653,-9.891616821289062,-9.891616821289062
20190128_sample_4,Pvalb,-18.7925398349762,-14.163934707641602,-14.163934707641602
20190128_sample_6,Lamp5,-7.444784045219421,-11.34911823272705,-11.34911823272705
20190128_sample_7,Pvalb,-21.385660395026207,-13.68215560913086,-13.68215560913086
20190128_sample_11,Pvalb,-20.415738224983212,-10.478140830993652,-10.478140830993652
20190128_sample_12,Pvalb,-15.870828181505203,-18.243770599365234,-18.243770599365234
20190130_sample_2,low quality,-18.804434686899185,-8.53159236907959,-8.53159236907959
20190130_sample_3,Lamp5,-13.166770339012146,-12.094341278076172,-12.094341278076172
20190130_sample_6,Pvalb,-20.536664873361588,-13.38845157623291,-13.38845157623291
20190130_sample_8,CT,-6.223322823643684,-4.506991386413574,-4.506991386413574
20190130_sample_9,Sst,-4.660725593566895,-10.544682502746582,-10.544682502746582
20190130_sample_10,Sst,-16.261551529169083,-10.276439666748047,-10.276439666748047
20190130_sample_15,Pvalb,-14.739647507667542,-16.61451530456543,-16.61451530456543
20190130_sample_17,Sst,-9.959332644939424,-14.476079940795898,-14.476079940795898
20190130_sample_18,Sst,-6.057258695363998,-12.119828224182129,-12.119828224182129
20190131_sample_1,Sst,-12.882290408015251,-10.635761260986328,-10.635761260986328
20190131_sample_3,Pvalb,-21.20653912425041,-10.050480842590332,-10.050480842590332
20190131_sample_4,Sst,-11.36641390621662,-13.371434211730957,-13.371434211730957
20190131_sample_5,Sst,-16.92226529121399,-16.826400756835938,-16.826400756835938
20190131_sample_6,Sst,-12.65648752450943,-13.918487548828125,-13.918487548828125
20190131_sample_10,Sst,-8.438315242528915,-11.97553825378418,-11.97553825378418
20190201_sample_2,Pvalb,-16.5446437895298,-13.194921493530273,-13.194921493530273
20190201_sample_3,Pvalb,-19.140910357236866,-16.419198989868164,-16.419198989868164
20190201_sample_4,Pvalb,-23.27514067292213,-16.38486099243164,-16.38486099243164
20190201_sample_7,Pvalb,-18.65803264081478,-13.367467880249023,-13.367467880249023
20190201_sample_8,Pvalb,-21.033361554145813,-14.05361557006836,-14.05361557006836
20190201_sample_10,Pvalb,-15.347454696893692,-13.085149765014648,-13.085149765014648
20190204_sample_1,Sst,-12.604093179106712,-11.882049560546875,-11.882049560546875
20190204_sample_2,CT,-6.949074566364288,-5.744836807250977,-5.744836807250977
20190204_sample_4,Sst,-6.033241748809815,-10.753662109375,-10.753662109375
20190204_sample_5,Sst,-10.906312614679337,-11.181560516357422,-11.181560516357422
20190204_sample_6,Sst,-11.908989399671556,-10.364402770996094,-10.364402770996094
20190204_sample_7,Pvalb,-16.007550060749054,-17.126590728759766,-17.126590728759766
20190204_sample_8,Pvalb,-15.522178262472153,-15.151382446289062,-15.151382446289062
20190204_sample_9,Pvalb,-20.28789184987545,-15.034005165100098,-15.034005165100098
20190204_sample_10,Pvalb,-18.33103410899639,-18.1449031829834,-18.1449031829834
20190204_sample_11,Sst,-19.602641463279724,-12.450529098510742,-12.450529098510742
20190204_sample_14,Sst,-7.9146623611450195,-14.288609504699707,-14.288609504699707
20190204_sample_15,Sst,-15.83481952548027,-11.964524269104004,-11.964524269104004
20190204_sample_16,Sst,-26.80111676454544,-13.20447063446045,-13.20447063446045
20190204_sample_17,Sst,-17.26110279560089,-13.998400688171387,-13.998400688171387
20190204_sample_18,Sst,-10.75393334031105,-11.230775833129883,-11.230775833129883
20190204_sample_19,low quality,-18.779493868350983,-11.173391342163086,-11.173391342163086
20190204_sample_20,low quality,-16.390398144721985,-11.99000358581543,-11.99000358581543
20190204_sample_21,Pvalb,-22.40336127579212,-15.014760971069336,-15.014760971069336
20190204_sample_22,IT,-4.131006076931953,-4.3583807945251465,-4.3583807945251465
20190204_sample_24,CT,-5.388349294662476,-6.2653350830078125,-6.2653350830078125
20190205_sample_1,Pvalb,-20.49826458096504,-12.368291854858398,-12.368291854858398
20190205_sample_2,Sst,-6.424285471439362,-11.722623825073242,-11.722623825073242
20190205_sample_3,low quality,-18.57538148760796,-10.388154983520508,-10.388154983520508
20190205_sample_4,Sst,-8.093994110822678,-10.874540328979492,-10.874540328979492
20190205_sample_5,Sst,-12.309569865465164,-8.6871919631958,-8.6871919631958
20190205_sample_6,Sst,-18.057771027088165,-13.890347480773926,-13.890347480773926
20190205_sample_7,Pvalb,-21.6745063662529,-16.367904663085938,-16.367904663085938
20190211_sample_1,Pvalb,-20.94229683279991,-17.75354766845703,-17.75354766845703
20190211_sample_2,IT,-1.1217035353183746,-2.208606719970703,-2.208606719970703
20190211_sample_3,Pvalb,-16.433943063020706,-15.292587280273438,-15.292587280273438
20190211_sample_4,IT,-3.9561688899993896,-4.112064838409424,-4.112064838409424
20190211_sample_6,Pvalb,-13.23140785098076,-17.04621124267578,-17.04621124267578
20190211_sample_8,Pvalb,-15.84765687584877,-10.394465446472168,-10.394465446472168
20190211_sample_9,Pvalb,-15.37194848060608,-16.33742904663086,-16.33742904663086
20190211_sample_11,Pvalb,-15.29514417052269,-11.619053840637207,-11.619053840637207
20190211_sample_12,low quality,-18.13928782939911,-10.789772033691406,-10.789772033691406
20190212_sample_1,Sst,-12.220367789268494,-12.869146347045898,-12.869146347045898
20190212_sample_4,Sst,-11.46797090768814,-8.626482009887695,-8.626482009887695
20190212_sample_5,Sst,-15.745099633932114,-8.424544334411621,-8.424544334411621
20190212_sample_6,Sst,-11.64531335234642,-10.390543937683105,-10.390543937683105
20190212_sample_7,Sst,-17.22818985581398,-9.07597827911377,-9.07597827911377
20190212_sample_8,Sst,-6.503760814666748,-12.586760520935059,-12.586760520935059
20190213_sample_1,Pvalb,-14.742933213710783,-15.523460388183594,-15.523460388183594
20190213_sample_4,Pvalb,-14.513039961457253,-14.754636764526367,-14.754636764526367
20190213_sample_7,Pvalb,-17.817173153162003,-18.116701126098633,-18.116701126098633
20190213_sample_8,Pvalb,-16.254602000117302,-16.01470184326172,-16.01470184326172
20190214_sample_1,Pvalb,-14.731917530298231,-13.586102485656738,-13.586102485656738
20190214_sample_2,Pvalb,-20.58358862996101,-13.393287658691406,-13.393287658691406
20190214_sample_3,Pvalb,-13.290725648403168,-13.44123649597168,-13.44123649597168
20190214_sample_6,Pvalb,-20.17315477132797,-11.466768264770508,-11.466768264770508
20190214_sample_9,Pvalb,-14.83546569943428,-14.132725715637207,-14.132725715637207
20190218_sample_3,Sst,-7.232539355754852,-10.819499015808105,-10.819499015808105
20190218_sample_4,Sst,-10.481595993041992,-10.751450538635254,-10.751450538635254
20190218_sample_5,Sst,-9.298186749219894,-11.219927787780762,-11.219927787780762
20190219_sample_1,Vip,-7.503364235162735,-10.474913597106934,-10.474913597106934
20190219_sample_3,Sncg,-13.430126011371613,-9.123878479003906,-9.123878479003906
20190219_sample_4,Vip,-9.1024748980999,-8.66847038269043,-8.66847038269043
20190219_sample_7,Vip,-7.2183758020401,-7.737199783325195,-7.737199783325195
20190219_sample_8,IT,-3.341719508171081,-7.26075553894043,-7.26075553894043
20190221_sample_1,Sst,-12.55132257938385,-11.63582706451416,-11.63582706451416
20190221_sample_2,Sst,-11.58607006072998,-10.57169246673584,-10.57169246673584
20190221_sample_4,Sst,-23.010101169347763,-12.99267292022705,-12.99267292022705
20190221_sample_10,Sst,-10.508682578802109,-14.02127742767334,-14.02127742767334
20190221_sample_11,Pvalb,-13.03967460989952,-17.409286499023438,-17.409286499023438
20190222_sample_2,CT,-17.18197949230671,-5.491274833679199,-5.491274833679199
20190222_sample_3,IT,2.7243271470069885,-1.9279098510742188,-1.9279098510742188
20190222_sample_4,CT,-8.900199085474014,-9.029868125915527,-9.029868125915527
20190222_sample_5,CT,-11.578042060136797,-3.8134942054748535,-3.8134942054748535
20190222_sample_7,Vip,-3.615777939558029,-11.20926284790039,-11.20926284790039
20190222_sample_8,IT,-6.864849478006363,-1.421341896057129,-1.421341896057129
20190226_sample_1,Pvalb,-16.855701804161072,-12.685553550720215,-12.685553550720215
20190226_sample_2,Lamp5,-21.23294211924076,-14.29426097869873,-14.29426097869873
20190226_sample_3,CT,-18.62226612865925,-9.68199348449707,-9.68199348449707
20190226_sample_5,IT,-8.672833442687988,-1.6289892196655273,-1.6289892196655273
20190226_sample_6,IT,-5.610190331935883,-4.6778340339660645,-4.6778340339660645
20190226_sample_7,Lamp5,-13.094425201416016,-11.555063247680664,-11.555063247680664
20190226_sample_9,Pvalb,-18.740683794021606,-17.27085304260254,-17.27085304260254
20190227_sample_1,Sst,-6.646908819675446,-10.537572860717773,-10.537572860717773
20190227_sample_2,Sst,-12.912753969430923,-13.272268295288086,-13.272268295288086
20190227_sample_3,Sst,-10.560613125562668,-12.644570350646973,-12.644570350646973
20190227_sample_4,Sst,-1.7691738903522491,-9.689151763916016,-9.689151763916016
20190227_sample_5,Sst,-11.01638749241829,-11.554651260375977,-11.554651260375977
20190227_sample_6,Sst,-14.118660241365433,-11.180545806884766,-11.180545806884766
20190227_sample_7,Pvalb,-17.250023782253265,-14.81016731262207,-14.81016731262207
20190318_sample_3,Sst,-6.272610276937485,-15.48598575592041,-15.48598575592041
20190318_sample_4,Sst,-16.918644309043884,-14.77261734008789,-14.77261734008789
20190318_sample_5,Sst,-7.917366921901703,-11.721463203430176,-11.721463203430176
20190318_sample_6,Sst,-8.526407182216644,-11.730783462524414,-11.730783462524414
20190320_sample_4,IT,-6.212294101715088,-3.402878761291504,-3.402878761291504
20190320_sample_5,CT,-11.478997766971588,-3.4722280502319336,-3.4722280502319336
20190320_sample_6,CT,-1.431744545698166,-7.313843727111816,-7.313843727111816
20190320_sample_9,IT,-5.497194826602936,-5.899209499359131,-5.899209499359131
20190321_sample_2,low quality,-11.011667549610138,-4.765725135803223,-4.765725135803223
20190321_sample_4,IT,-1.7737075686454773,-1.6346492767333984,-1.6346492767333984
20190321_sample_6,CT,-4.719190299510956,-4.29473876953125,-4.29473876953125
20190322_sample_1,IT,-1.1326111853122711,-1.598820686340332,-1.598820686340332
20190322_sample_2,IT,-2.5184936821460724,-2.4381961822509766,-2.4381961822509766
20190322_sample_3,CT,-17.28658191859722,-5.911276340484619,-5.911276340484619
20190322_sample_4,CT,-5.788084119558334,-2.9051380157470703,-2.9051380157470703
20190325_sample_1,Lamp5,-11.979952454566956,-11.592884063720703,-11.592884063720703
20190325_sample_2,low quality,-18.157903105020523,-11.486006736755371,-11.486006736755371
20190325_sample_3,IT,-7.32886791229248,-2.8631644248962402,-2.8631644248962402
20190325_sample_4,CT,-6.5535325556993484,-3.875741958618164,-3.875741958618164
20190325_sample_5,CT,-9.010633453726768,-4.184112071990967,-4.184112071990967
20190325_sample_6,CT,-1.9494220614433289,-6.43750524520874,-6.43750524520874
20190325_sample_7,IT,-4.44670207798481,-3.7050704956054688,-3.7050704956054688
20190325_sample_9,CT,-1.2175925076007843,-7.522160530090332,-7.522160530090332
20190326_sample_1,CT,-5.857322365045548,-4.188117504119873,-4.188117504119873
20190326_sample_2,Vip,-3.611117601394653,-11.157513618469238,-11.157513618469238
20190326_sample_3,Vip,-4.2130909860134125,-9.595386505126953,-9.595386505126953
20190326_sample_4,CT,-9.992249310016632,-6.664688587188721,-6.664688587188721
20190327_sample_1,CT,-5.878087133169174,-6.40528678894043,-6.40528678894043
20190327_sample_2,IT,7.344391196966171,-3.8440051078796387,-3.8440051078796387
20190327_sample_4,CT,-2.186540514230728,-5.509089946746826,-5.509089946746826
20190327_sample_7,Vip,-11.3427322357893,-12.76537036895752,-12.76537036895752
20190328_sample_1,CT,-8.423279970884323,-11.000112533569336,-11.000112533569336
20190328_sample_2,CT,-10.42427495121956,-9.273676872253418,-9.273676872253418
20190328_sample_3,CT,-3.3271685242652893,-4.364323139190674,-4.364323139190674
20190328_sample_4,CT,-7.5595080852508545,-4.111464500427246,-4.111464500427246
20190328_sample_5,CT,-7.938344031572342,-2.900162696838379,-2.900162696838379
20190328_sample_6,CT,-6.681196391582489,-5.76621150970459,-5.76621150970459
20190328_sample_8,IT,-6.808191537857056,-4.36293363571167,-4.36293363571167
20190328_sample_9,CT,1.8448233604431152,-8.643067359924316,-8.643067359924316
20190329_sample_3,CT,-5.971074104309082,-7.30511999130249,-7.30511999130249
20190329_sample_4,CT,-9.128190577030182,-3.6236319541931152,-3.6236319541931152
20190329_sample_5,CT,-4.770487546920776,-6.1261515617370605,-6.1261515617370605
20190402_sample_2,CT,-13.284824788570404,-5.111955165863037,-5.111955165863037
20190402_sample_3,IT,0.1230798661708831,-7.908077716827393,-7.908077716827393
20190402_sample_5,low quality,-9.598594158887863,-9.350359916687012,-9.350359916687012
20190402_sample_6,Vip,0.93122199177742,-9.928966522216797,-9.928966522216797
20190403_sample_3,low quality,-12.6865953207016,-9.113187789916992,-9.113187789916992
20190403_sample_5,IT,-2.580445259809494,-1.9094018936157227,-1.9094018936157227
20190403_sample_6,Sst,-9.266369044780731,-15.164175987243652,-15.164175987243652
20190403_sample_7,Sst,-12.46500015258789,-9.92411994934082,-9.92411994934082
20190408_sample_1,Pvalb,-21.72108367085457,-16.71246910095215,-16.71246910095215
20190408_sample_2,Sst,-18.342498689889908,-10.232216835021973,-10.232216835021973
20190408_sample_5,Sst,-8.998818695545197,-9.277109146118164,-9.277109146118164
20190408_sample_6,Sst,-13.399682939052582,-9.77303409576416,-9.77303409576416
20190409_sample_2,low quality,-14.469552785158156,-9.220052719116211,-9.220052719116211
20190409_sample_3,low quality,-6.974868476390839,-10.598462104797363,-10.598462104797363
20190409_sample_4,Sst,-12.568004429340364,-10.052361488342285,-10.052361488342285
20190409_sample_5,CT,-6.6552311182022095,-7.345922946929932,-7.345922946929932
20190409_sample_7,Sst,-12.2477188706398,-10.192177772521973,-10.192177772521973
20190409_sample_8,CT,-5.495864897966385,-4.877915382385254,-4.877915382385254
20190409_sample_9,IT,-0.744156539440155,-3.01515531539917,-3.01515531539917
20190409_sample_10,CT,-6.139878183603287,-6.554121017456055,-6.554121017456055
20190409_sample_11,IT,-5.803991109132767,-3.245687484741211,-3.245687484741211
20190410_sample_3,CT,-1.747678965330124,-8.482205390930176,-8.482205390930176
20190410_sample_4,Sst,-5.512900650501251,-8.746380805969238,-8.746380805969238
20190410_sample_6,IT,-5.256382748484612,-2.0606689453125,-2.0606689453125
20190410_sample_7,CT,-8.541896939277649,-5.433927536010742,-5.433927536010742
20190410_sample_10,CT,-6.086494773626328,-13.337438583374023,-13.337438583374023
20190411_sample_1,CT,-10.43647900223732,-10.550798416137695,-10.550798416137695
20190411_sample_3,low quality,-18.07607337832451,-11.146836280822754,-11.146836280822754
20190411_sample_5,CT,-9.302590042352676,-7.364104270935059,-7.364104270935059
20190411_sample_6,Pvalb,-11.815879493951796,-17.466066360473633,-17.466066360473633
20190411_sample_8,CT,-5.079604685306549,-6.051962375640869,-6.051962375640869
20190412_sample_1,Pvalb,-17.769139260053635,-16.177364349365234,-16.177364349365234
20190412_sample_3,IT,-5.662985146045685,-6.803698539733887,-6.803698539733887
20190412_sample_6,Pvalb,-16.15016534924507,-13.268306732177734,-13.268306732177734
20190415_sample_1,Pvalb,-14.83704149723053,-17.974472045898438,-17.974472045898438
20190415_sample_3,CT,-6.765693426132202,-6.980931282043457,-6.980931282043457
20190415_sample_4,IT,-0.4986077547073364,-2.670426368713379,-2.670426368713379
20190415_sample_6,CT,-6.588563323020935,-8.704206466674805,-8.704206466674805
20190415_sample_8,Sst,-6.895001977682114,-14.92310905456543,-14.92310905456543
20190415_sample_10,IT,0.9488016366958618,-1.4838323593139648,-1.4838323593139648
20190416_sample_3,CT,-7.0795901119709015,-5.917039394378662,-5.917039394378662
20190416_sample_4,Pvalb,-16.714025288820267,-14.751020431518555,-14.751020431518555
20190416_sample_5,Sst,-19.52938735485077,-11.361679077148438,-11.361679077148438
20190416_sample_6,IT,-3.0298084020614624,-5.5477166175842285,-5.5477166175842285
20190416_sample_7,Sncg,-11.08083873987198,-10.361230850219727,-10.361230850219727
20190416_sample_8,Pvalb,-18.05848255753517,-18.800811767578125,-18.800811767578125
20190416_sample_9,IT,0.5501993000507355,-1.1944828033447266,-1.1944828033447266
20190416_sample_10,CT,-11.4864781498909,-10.63422679901123,-10.63422679901123
20190417_sample_2,CT,-12.416955083608627,-5.457050800323486,-5.457050800323486
20190417_sample_3,CT,-9.427711367607117,-14.268842697143555,-14.268842697143555
20190417_sample_4,Sst,-6.753027439117432,-15.553302764892578,-15.553302764892578
20190417_sample_5,Sst,-20.19152045249939,-11.655557632446289,-11.655557632446289
20190417_sample_9,CT,-7.733816280961037,-4.091968059539795,-4.091968059539795
20190417_sample_10,Sst,-14.577098190784454,-8.629542350769043,-8.629542350769043
20190418_sample_2,Sst,-9.812522679567335,-10.267364501953125,-10.267364501953125
20190418_sample_4,CT,-11.100057512521744,-6.075225830078125,-6.075225830078125
20190418_sample_5,IT,2.8351396322250366,-2.3965368270874023,-2.3965368270874023
20190418_sample_7,CT,-6.532382220029831,-5.695736885070801,-5.695736885070801
20190418_sample_8,Pvalb,-11.822391301393507,-12.661474227905273,-12.661474227905273
20190418_sample_9,CT,-8.271116763353348,-9.15873908996582,-9.15873908996582
20190418_sample_10,CT,-10.647609829902647,-10.139230728149414,-10.139230728149414
20190422_sample_1,Pvalb,-12.114565819501877,-14.789697647094727,-14.789697647094727
20190422_sample_4,Pvalb,-13.597015291452408,-11.121524810791016,-11.121524810791016
20190422_sample_5,Pvalb,-15.502281486988068,-14.470205307006836,-14.470205307006836
20190422_sample_6,CT,-7.863793522119522,-5.080811500549316,-5.080811500549316
20190422_sample_7,IT,-5.909673869609833,-4.403783321380615,-4.403783321380615
20190422_sample_8,Pvalb,-16.616933047771454,-16.05404281616211,-16.05404281616211
20190422_sample_10,CT,-5.865804851055145,-5.187824249267578,-5.187824249267578
20190423_sample_1,IT,-3.939196467399597,-4.159534454345703,-4.159534454345703
20190423_sample_3,CT,-5.969073623418808,-13.731485366821289,-13.731485366821289
20190423_sample_5,CT,-3.4990832209587097,-8.308738708496094,-8.308738708496094
20190423_sample_7,CT,-14.689292758703232,-4.690206527709961,-4.690206527709961
20190423_sample_8,Pvalb,-24.403169751167297,-11.690017700195312,-11.690017700195312
20190423_sample_10,Pvalb,-18.3061957359314,-16.99776840209961,-16.99776840209961
20190424_sample_1,CT,-12.29216530919075,-12.179964065551758,-12.179964065551758
20190424_sample_2,Pvalb,-19.87992972135544,-16.635337829589844,-16.635337829589844
20190424_sample_3,CT,-8.898701518774033,-6.290485382080078,-6.290485382080078
20190424_sample_4,CT,-7.05326721072197,-4.6398396492004395,-4.6398396492004395
20190424_sample_5,CT,-4.424683749675751,-8.24357795715332,-8.24357795715332
20190424_sample_6,IT,-4.294473677873612,-2.638321876525879,-2.638321876525879
20190424_sample_7,Lamp5,-8.425239473581314,-14.525525093078613,-14.525525093078613
20190425_sample_1,IT,2.605259418487549,-3.528801918029785,-3.528801918029785
20190425_sample_4,Lamp5,-5.606595426797867,-14.17512321472168,-14.17512321472168
20190425_sample_6,Sst,-13.151615858078005,-13.139551162719727,-13.139551162719727
20190425_sample_7,IT,-8.900761604309082,-4.367289066314697,-4.367289066314697
20190425_sample_8,CT,-6.827045232057571,-5.834068298339844,-5.834068298339844
20190425_sample_9,CT,-5.884714424610138,-10.400195121765137,-10.400195121765137
20190425_sample_12,CT,-15.59612900018692,-9.061159133911133,-9.061159133911133
20190425_sample_13,CT,-8.829459547996521,-4.630171775817871,-4.630171775817871
20190425_sample_14,CT,-13.211268931627274,-6.404750347137451,-6.404750347137451
20190425_sample_16,IT,-1.30554661154747,-1.9467229843139648,-1.9467229843139648
20190429_sample_1,Pvalb,-18.394283950328827,-15.047718048095703,-15.047718048095703
20190429_sample_4,Pvalb,-20.08259668946266,-15.915451049804688,-15.915451049804688
20190429_sample_5,Pvalb,-21.196510642766956,-14.50439453125,-14.50439453125
20190429_sample_6,Pvalb,-18.062196671962734,-13.370929718017578,-13.370929718017578
20190429_sample_7,CT,-11.655233800411224,-1.5580635070800781,-1.5580635070800781
20190430_sample_1,Vip,-12.08503544330597,-12.917892456054688,-12.917892456054688
20190430_sample_3,Vip,-7.759027183055878,-9.586735725402832,-9.586735725402832
20190430_sample_4,Vip,0.0671371817588806,-9.114829063415527,-9.114829063415527
20190430_sample_5,Vip,-6.721045821905136,-9.905329704284668,-9.905329704284668
20190430_sample_6,Vip,-10.26267558336258,-14.419795989990234,-14.419795989990234
20190430_sample_7,IT,-6.716471165418625,-3.0497403144836426,-3.0497403144836426
20190430_sample_8,Vip,-11.8965245783329,-8.616578102111816,-8.616578102111816
20190430_sample_9,IT,-3.622792661190033,-2.0596532821655273,-2.0596532821655273
20190430_sample_10,IT,0.044994056224823,-3.8800368309020996,-3.8800368309020996
20190501_sample_1,Vip,-9.756825864315031,-9.274090766906738,-9.274090766906738
20190501_sample_3,Vip,-6.339423358440399,-9.846648216247559,-9.846648216247559
20190501_sample_4,Vip,-13.737142086029053,-10.509757041931152,-10.509757041931152
20190501_sample_5,CT,-2.56945937871933,-6.745650768280029,-6.745650768280029
20190501_sample_6,Vip,-7.877431809902191,-9.301627159118652,-9.301627159118652
20190501_sample_7,Pvalb,-21.49450033903122,-17.438766479492188,-17.438766479492188
20190501_sample_8,Vip,-4.095129668712616,-10.578664779663086,-10.578664779663086
20190501_sample_9,Pvalb,-22.64014631509781,-15.728218078613281,-15.728218078613281
20190501_sample_11,Pvalb,-17.96456053853035,-14.260700225830078,-14.260700225830078
20190501_sample_12,IT,-0.3665797412395477,-3.503586769104004,-3.503586769104004
20190501_sample_14,Pvalb,-20.44675499200821,-17.331066131591797,-17.331066131591797
20190503_sample_1,Vip,-3.308594226837158,-9.574807167053223,-9.574807167053223
20190503_sample_3,Vip,-6.716832518577576,-12.654720306396484,-12.654720306396484
20190506_sample_1,Vip,-8.617155253887177,-11.17796802520752,-11.17796802520752
20190506_sample_2,Vip,-12.845061719417572,-9.949883460998535,-9.949883460998535
20190506_sample_3,Vip,-9.052090346813202,-9.926480293273926,-9.926480293273926
20190506_sample_4,CT,-7.078651338815689,-5.1364970207214355,-5.1364970207214355
20190506_sample_5,Vip,-4.73504513502121,-11.053232192993164,-11.053232192993164
20190506_sample_6,CT,-6.274227052927017,-7.369060516357422,-7.369060516357422
20190506_sample_7,Vip,-1.628965139389038,-12.34398365020752,-12.34398365020752
20190507_sample_2,Vip,-10.003868490457537,-10.78819751739502,-10.78819751739502
20190507_sample_3,CT,-3.4114867448806763,-7.215291976928711,-7.215291976928711
20190507_sample_4,Vip,-2.4281032383441925,-9.011673927307129,-9.011673927307129
20190507_sample_5,Vip,-8.028071373701096,-12.07448959350586,-12.07448959350586
20190507_sample_6,Vip,-8.805397897958755,-10.99866771697998,-10.99866771697998
20190508_sample_1,Lamp5,-11.53350993990898,-10.314980506896973,-10.314980506896973
20190508_sample_2,Sst,-9.432170540094376,-11.391021728515625,-11.391021728515625
20190508_sample_3,Lamp5,-21.05505764484405,-13.037447929382324,-13.037447929382324
20190508_sample_4,Sst,-11.317450553178787,-9.37188720703125,-9.37188720703125
20190508_sample_5,low quality,-1.1640451848506927,-10.601885795593262,-10.601885795593262
20190508_sample_6,Pvalb,-18.6740942299366,-13.595490455627441,-13.595490455627441
20190508_sample_7,Sst,-13.084378093481064,-10.769903182983398,-10.769903182983398
20190509_sample_2,Vip,-1.5389733016490936,-8.495923042297363,-8.495923042297363
20190509_sample_3,Lamp5,-9.703349322080612,-9.782081604003906,-9.782081604003906
20190509_sample_4,Vip,-12.326840311288834,-9.983362197875977,-9.983362197875977
20190509_sample_5,Lamp5,-11.357173323631288,-13.141091346740723,-13.141091346740723
20190509_sample_9,Vip,-2.886351197957993,-9.888751983642578,-9.888751983642578
20190513_sample_1,Lamp5,-3.110133111476898,-11.565902709960938,-11.565902709960938
20190513_sample_2,Vip,-8.807484060525894,-10.692936897277832,-10.692936897277832
20190513_sample_3,Vip,-2.865578979253769,-8.876582145690918,-8.876582145690918
20190513_sample_4,Vip,-17.45648682117462,-11.350497245788574,-11.350497245788574
20190513_sample_5,Lamp5,-5.437593907117844,-12.388168334960938,-12.388168334960938
20190514_sample_2,Pvalb,-14.569740742444992,-18.454235076904297,-18.454235076904297
20190514_sample_4,Lamp5,3.042317926883697,-11.966474533081055,-11.966474533081055
20190514_sample_7,Lamp5,-16.224803403019905,-13.010969161987305,-13.010969161987305
20190514_sample_8,Pvalb,-18.014436587691307,-17.148632049560547,-17.148632049560547
20190515_sample_1,Lamp5,-12.138575315475464,-13.775548934936523,-13.775548934936523
20190515_sample_2,low quality,-12.627825140953064,-9.77483081817627,-9.77483081817627
20190515_sample_3,low quality,-12.269824743270874,-8.968656539916992,-8.968656539916992
20190515_sample_4,Vip,-4.403457045555115,-9.938217163085938,-9.938217163085938
20190515_sample_5,Lamp5,-7.589463144540787,-12.445669174194336,-12.445669174194336
20190515_sample_6,Vip,-9.152904152870178,-9.621562004089355,-9.621562004089355
20190515_sample_7,Lamp5,-2.765398472547531,-10.392780303955078,-10.392780303955078
20190515_sample_8,Vip,-7.766261696815491,-9.038352966308594,-9.038352966308594
20190515_sample_9,Lamp5,-1.8872767686843872,-11.59542465209961,-11.59542465209961
20190515_sample_10,Vip,-13.471018522977827,-9.267629623413086,-9.267629623413086
20190515_sample_11,Lamp5,-11.44280657172203,-12.665278434753418,-12.665278434753418
20190515_sample_12,Vip,-9.692788124084473,-11.12514591217041,-11.12514591217041
20190515_sample_13,Vip,-13.185713440179825,-10.431325912475586,-10.431325912475586
20190515_sample_14,Vip,-9.87255945801735,-11.72475814819336,-11.72475814819336
20190515_sample_15,Lamp5,-17.23298616707325,-12.583893775939941,-12.583893775939941
20190516_sample_2,Sst,-14.2616406083107,-8.782065391540527,-8.782065391540527
20190516_sample_3,Lamp5,-7.821232080459595,-13.180761337280273,-13.180761337280273
20190516_sample_4,Sst,-19.503455609083176,-10.492406845092773,-10.492406845092773
20190516_sample_5,Lamp5,-11.603707447648048,-11.786507606506348,-11.786507606506348
20190516_sample_6,Sst,-15.094071626663208,-12.332019805908203,-12.332019805908203
20190522_sample_1,Lamp5,-8.283291012048721,-12.114624977111816,-12.114624977111816
20190528_sample_2,Vip,-8.978158235549927,-12.299471855163574,-12.299471855163574
20190528_sample_4,Vip,-12.398820370435716,-13.02472972869873,-13.02472972869873
20190528_sample_6,Vip,-11.692114174365996,-11.51452922821045,-11.51452922821045
20190528_sample_7,Lamp5,-10.481474921107292,-11.164175987243652,-11.164175987243652
20190528_sample_8,Vip,-11.507544666528702,-12.452386856079102,-12.452386856079102
20190528_sample_9,Vip,-12.030959129333496,-11.10340690612793,-11.10340690612793
20190529_sample_2,Vip,-7.794242352247238,-8.304401397705078,-8.304401397705078
20190529_sample_3,Sncg,-8.081121370196342,-11.168600082397461,-11.168600082397461
20190529_sample_6,Vip,-19.40453052520752,-10.990028381347656,-10.990028381347656
20190603_sample_1,Lamp5,-9.563013911247252,-10.791290283203125,-10.791290283203125
20190603_sample_2,Vip,-6.063079461455345,-10.25748348236084,-10.25748348236084
20190603_sample_3,Vip,-7.585614919662476,-10.475560188293457,-10.475560188293457
20190603_sample_4,Vip,-8.239666000008583,-9.18826961517334,-9.18826961517334
20190603_sample_5,Lamp5,-16.435107216238976,-13.549213409423828,-13.549213409423828
20190603_sample_6,Lamp5,-12.8453578799963,-11.801840782165527,-11.801840782165527
20190603_sample_7,Lamp5,-8.56528989970684,-12.078707695007324,-12.078707695007324
20190603_sample_9,Sncg,-7.251257076859474,-13.442056655883789,-13.442056655883789
20190603_sample_10,Vip,-9.712997823953629,-8.329163551330566,-8.329163551330566
20190604_sample_2,Pvalb,-19.45614069700241,-16.60780143737793,-16.60780143737793
20190604_sample_4,Lamp5,-6.806669756770134,-14.809276580810547,-14.809276580810547
20190604_sample_6,Lamp5,-18.51585879921913,-14.281532287597656,-14.281532287597656
20190604_sample_8,Pvalb,-18.43814551830292,-16.967296600341797,-16.967296600341797
20190604_sample_12,IT,1.9443854689598083,-2.558478355407715,-2.558478355407715
20190605_sample_1,low quality,-11.022021993994713,-9.545938491821289,-9.545938491821289
20190605_sample_2,Vip,-5.856767296791077,-10.629659652709961,-10.629659652709961
20190605_sample_4,Vip,-9.419303387403488,-9.559051513671875,-9.559051513671875
20190605_sample_5,Lamp5,-6.935570389032364,-15.021490097045898,-15.021490097045898
20190605_sample_6,Vip,-8.348807692527771,-10.990802764892578,-10.990802764892578
20190606_sample_1,Pvalb,-13.297047466039658,-15.906667709350586,-15.906667709350586
20190606_sample_2,Pvalb,-16.164183616638184,-15.006109237670898,-15.006109237670898
20190606_sample_3,Pvalb,-12.715283781290054,-9.279975891113281,-9.279975891113281
20190606_sample_5,Pvalb,-15.391919761896132,-13.115303039550781,-13.115303039550781
20190606_sample_6,IT,-4.428081214427948,-0.25794506072998047,-0.25794506072998047
20190606_sample_7,low quality,-19.260741770267487,-15.010335922241211,-15.010335922241211
20190606_sample_9,Sst,-15.25447890162468,-13.783443450927734,-13.783443450927734
20190607_sample_2,Sst,-16.61508157849312,-11.44288444519043,-11.44288444519043
20190607_sample_3,Lamp5,-10.46323962509632,-13.980169296264648,-13.980169296264648
20190607_sample_5,low quality,-10.77023148536682,-11.362479209899902,-11.362479209899902
20190610_sample_1,Sst,-13.710036873817444,-14.924571990966797,-14.924571990966797
20190610_sample_2,Pvalb,-16.135692596435547,-13.069501876831055,-13.069501876831055
20190610_sample_3,Lamp5,-13.449950143694878,-14.200845718383789,-14.200845718383789
20190610_sample_4,Pvalb,-12.7594992518425,-14.568017959594727,-14.568017959594727
20190610_sample_5,low quality,-14.39860463142395,-9.383931159973145,-9.383931159973145
20190610_sample_7,low quality,-15.062790364027023,-11.439984321594238,-11.439984321594238
20190610_sample_8,Pvalb,-14.711795374751093,-12.493674278259277,-12.493674278259277
20190610_sample_9,Lamp5,-16.639402136206627,-11.158336639404297,-11.158336639404297
20190610_sample_10,Pvalb,-5.229875445365906,-11.183390617370605,-11.183390617370605
20190610_sample_12,Pvalb,-15.645984560251236,-14.308575630187988,-14.308575630187988
20190610_sample_16,Lamp5,-12.661142274737358,-12.493886947631836,-12.493886947631836
20190610_sample_18,Vip,-10.994458571076391,-8.810750007629395,-8.810750007629395
20190611_sample_1,IT,-11.450652033090591,-6.386082649230957,-6.386082649230957
20190611_sample_3,Lamp5,-9.625107049942017,-11.940654754638672,-11.940654754638672
20190611_sample_4,Sst,-20.235110074281693,-12.037895202636719,-12.037895202636719
20190611_sample_5,low quality,-10.371755808591844,-7.967439651489258,-7.967439651489258
20190611_sample_7,Lamp5,-7.348474115133285,-12.091920852661133,-12.091920852661133
20190611_sample_8,Sst,-11.914171278476717,-11.091192245483398,-11.091192245483398
20190611_sample_10,Sst,-16.50037243962288,-14.77286434173584,-14.77286434173584
20190611_sample_11,IT,-22.200360894203182,-15.09573745727539,-15.09573745727539
20190611_sample_14,Sncg,-8.833825588226318,-9.918246269226074,-9.918246269226074
20190611_sample_15,Lamp5,-8.870981633663177,-14.01920223236084,-14.01920223236084
20190612_sample_1,Lamp5,-20.68445272743702,-11.679167747497559,-11.679167747497559
20190612_sample_2,Pvalb,-16.96794107556343,-13.87486457824707,-13.87486457824707
20190612_sample_4,Vip,-7.690124213695526,-11.370985984802246,-11.370985984802246
20190612_sample_6,Pvalb,-16.305696219205856,-13.874960899353027,-13.874960899353027
20190612_sample_7,Lamp5,-19.08450946211815,-14.457761764526367,-14.457761764526367
20190612_sample_8,Lamp5,-9.013306349515917,-14.541814804077148,-14.541814804077148
20190613_sample_2,Sst,-5.8519914746284485,-10.756307601928711,-10.756307601928711
20190613_sample_3,Sst,-9.498663246631622,-12.094306945800781,-12.094306945800781
20190613_sample_4,Sst,-0.0796616077423095,-11.426017761230469,-11.426017761230469
20190613_sample_6,Pvalb,-18.873203545808792,-14.807936668395996,-14.807936668395996
20190613_sample_7,Sst,-5.312386900186539,-13.602592468261719,-13.602592468261719
20190613_sample_8,Pvalb,-19.55968141555786,-17.320144653320312,-17.320144653320312
20190613_sample_9,Sst,-11.041000485420229,-10.035820007324219,-10.035820007324219
20190613_sample_10,Sst,-9.738922119140623,-12.04544448852539,-12.04544448852539
20190614_sample_2,Vip,-8.415665477514267,-11.082968711853027,-11.082968711853027
20190614_sample_3,Lamp5,-11.152658611536026,-12.229905128479004,-12.229905128479004
20190614_sample_4,Vip,-4.362788051366806,-9.830303192138672,-9.830303192138672
20190614_sample_6,Vip,-2.8482042253017426,-8.756621360778809,-8.756621360778809
20190614_sample_8,Vip,-9.507406502962112,-8.234333992004395,-8.234333992004395
20190617_sample_1,Lamp5,-15.69661870598793,-10.320657730102539,-10.320657730102539
20190617_sample_2,CT,-8.941847831010818,-5.327206134796143,-5.327206134796143
20190617_sample_3,Sst,-20.87109163403511,-11.713075637817383,-11.713075637817383
20190617_sample_4,Sst,-10.673649609088898,-12.535520553588867,-12.535520553588867
20190617_sample_5,Sncg,-4.14334237575531,-10.054571151733398,-10.054571151733398
20190617_sample_6,Sst,-13.1741501390934,-10.374030113220215,-10.374030113220215
20190618_sample_1,low quality,-10.927662253379822,-9.996376991271973,-9.996376991271973
20190618_sample_2,Vip,-10.714426636695862,-8.740297317504883,-8.740297317504883
20190618_sample_4,Vip,-10.22743433713913,-9.273133277893066,-9.273133277893066
20190618_sample_5,Vip,-8.938081562519073,-9.421411514282227,-9.421411514282227
20190618_sample_7,Lamp5,-13.31140473484993,-15.280448913574219,-15.280448913574219
20190618_sample_8,Lamp5,-9.202565997838974,-10.545066833496094,-10.545066833496094
20190619_sample_1,Lamp5,-16.09349623322487,-12.454667091369629,-12.454667091369629
20190619_sample_3,Pvalb,-14.52922448515892,-16.90612030029297,-16.90612030029297
20190619_sample_4,Pvalb,-14.689184725284576,-9.481792449951172,-9.481792449951172
20190619_sample_5,Pvalb,-12.688640505075456,-14.947490692138672,-14.947490692138672
20190619_sample_6,Lamp5,-11.381246149539948,-15.82335090637207,-15.82335090637207
20190620_sample_1,Lamp5,-17.239337787032127,-12.613273620605469,-12.613273620605469
20190620_sample_2,Sst,-15.897586941719055,-13.234572410583496,-13.234572410583496
20190620_sample_5,Sst,-6.829682737588882,-11.774980545043945,-11.774980545043945
20190620_sample_6,Sst,-12.062162160873411,-11.425636291503906,-11.425636291503906
20190620_sample_8,Pvalb,-18.578842282295227,-15.458702087402344,-15.458702087402344
20190624_sample_1,Sst,-16.500912606716156,-12.557500839233398,-12.557500839233398
20190624_sample_2,Sst,-4.5919157564640045,-11.16529369354248,-11.16529369354248
20190624_sample_3,Sst,-16.86873659491539,-10.717891693115234,-10.717891693115234
20190624_sample_4,Pvalb,-16.165684908628464,-16.436660766601562,-16.436660766601562
20190624_sample_5,Sst,-22.61761948466301,-12.233784675598145,-12.233784675598145
20190624_sample_6,Sst,-8.812244981527328,-14.127189636230469,-14.127189636230469
20190625_sample_1,Vip,-12.39059865474701,-10.687067031860352,-10.687067031860352
20190625_sample_2,low quality,-5.201905965805054,-8.78569507598877,-8.78569507598877
20190625_sample_3,Vip,-11.518947780132294,-10.069149017333984,-10.069149017333984
20190625_sample_4,Vip,-9.27245058119297,-8.837770462036133,-8.837770462036133
20190625_sample_5,Vip,-8.624527603387833,-9.181990623474121,-9.181990623474121
20190625_sample_6,Lamp5,-19.627274945378304,-12.177263259887695,-12.177263259887695
20190625_sample_7,Vip,-7.190436124801636,-11.08048152923584,-11.08048152923584
20190625_sample_8,Vip,-2.7466975152492523,-9.249808311462402,-9.249808311462402
20190625_sample_10,Vip,-7.402177900075912,-11.911303520202637,-11.911303520202637
20190625_sample_11,Vip,-9.0966634452343,-10.7638521194458,-10.7638521194458
20190625_sample_12,Vip,-2.785846590995789,-9.367279052734375,-9.367279052734375
20190625_sample_13,Vip,-2.473581582307816,-11.636366844177246,-11.636366844177246
20190626_sample_1,Vip,-8.692294359207153,-9.858115196228027,-9.858115196228027
20190626_sample_4,low quality,-5.821060389280319,-9.685070991516113,-9.685070991516113
20190626_sample_5,Vip,-4.801690578460693,-10.03253173828125,-10.03253173828125
20190627_sample_1,CT,-14.065641909837725,-7.239439487457275,-7.239439487457275
20190627_sample_2,Lamp5,-11.591944843530657,-14.548002243041992,-14.548002243041992
20190627_sample_4,NP,1.684144139289856,-7.722904205322266,-7.722904205322266
20190627_sample_6,Pvalb,-19.579965621232983,-15.133015632629395,-15.133015632629395
20190627_sample_8,IT,-3.166705369949341,-6.387147903442383,-6.387147903442383
20190628_sample_1,Sst,-12.563381344079971,-10.307385444641113,-10.307385444641113
20190628_sample_2,Pvalb,-17.21133664250374,-15.542855262756348,-15.542855262756348
20190628_sample_3,Sst,-13.335175812244415,-12.875310897827148,-12.875310897827148
20190628_sample_4,Sst,-16.823727637529373,-9.4702730178833,-9.4702730178833
20190628_sample_5,Sst,-2.664979547262192,-10.51793098449707,-10.51793098449707
20190628_sample_6,Pvalb,-15.08454978466034,-14.900588989257812,-14.900588989257812
20190628_sample_7,Sst,-12.047719210386276,-11.600046157836914,-11.600046157836914
20190703_sample_1,Pvalb,-20.06755024194717,-16.883769989013672,-16.883769989013672
20190703_sample_2,Pvalb,-22.088240832090374,-15.787827491760254,-15.787827491760254
20190703_sample_3,Pvalb,-21.758977323770523,-12.415698051452637,-12.415698051452637
20190703_sample_5,Pvalb,-23.489758372306824,-14.343452453613281,-14.343452453613281
20190703_sample_6,Pvalb,-20.92066779732704,-13.618677139282227,-13.618677139282227
20190703_sample_8,Pvalb,-16.159437596797943,-16.876760482788086,-16.876760482788086
20190703_sample_10,Pvalb,-18.489670008420944,-17.973388671875,-17.973388671875
20190703_sample_12,Pvalb,-18.58469098806381,-15.969184875488281,-15.969184875488281
20190703_sample_13,Sst,-15.038782730698586,-10.999900817871094,-10.999900817871094
20190703_sample_14,low quality,-9.169138967990875,-10.36129379272461,-10.36129379272461
20190703_sample_15,Sst,-15.0105319917202,-10.668025970458984,-10.668025970458984
20190704_sample_2,Sst,-13.01312819123268,-13.208946228027344,-13.208946228027344
20190704_sample_12,Vip,-5.618695169687271,-8.70913314819336,-8.70913314819336
20190704_sample_14,Vip,-8.849725127220154,-11.002303123474121,-11.002303123474121
20190705_sample_1,Vip,-7.390394806861877,-9.986419677734375,-9.986419677734375
20190705_sample_3,Vip,-5.738381296396256,-10.31253433227539,-10.31253433227539
20190705_sample_4,Vip,-4.442393779754639,-10.537914276123047,-10.537914276123047
20190705_sample_5,Vip,-1.4450550079345703,-9.095717430114746,-9.095717430114746
20190705_sample_9,Vip,-9.304124861955644,-9.657129287719727,-9.657129287719727
20190708_sample_3,low quality,-14.760471880435944,-9.281167030334473,-9.281167030334473
20190708_sample_4,Pvalb,-15.633422881364822,-15.073847770690918,-15.073847770690918
20190708_sample_6,Vip,-3.4525394439697266,-10.873062133789062,-10.873062133789062
20190708_sample_7,Vip,-11.849861592054369,-8.156188011169434,-8.156188011169434
20190708_sample_8,IT,-3.557860851287842,-3.9165267944335938,-3.9165267944335938
20190708_sample_12,Vip,-7.21152126789093,-10.671135902404785,-10.671135902404785
20190709_sample_1,Vip,-10.21357998251915,-10.595051765441895,-10.595051765441895
20190709_sample_2,Vip,-7.205750793218613,-8.056751251220703,-8.056751251220703
20190709_sample_3,Vip,-3.560822457075119,-9.802939414978027,-9.802939414978027
20190709_sample_8,Sncg,-2.124633640050888,-9.903185844421387,-9.903185844421387
20190709_sample_10,Vip,-8.310094475746155,-9.661232948303223,-9.661232948303223
20190709_sample_11,Vip,-3.3702142536640167,-10.987408638000488,-10.987408638000488
20190709_sample_12,Vip,-12.978196144104004,-9.185461044311523,-9.185461044311523
20190709_sample_13,Vip,-7.239311933517456,-8.68502426147461,-8.68502426147461
20190709_sample_14,Vip,-6.944939494132996,-10.988093376159668,-10.988093376159668
20190710_sample_3,Sst,-15.261199325323105,-10.30053997039795,-10.30053997039795
20190710_sample_4,Sst,-17.79889687895775,-8.85750961303711,-8.85750961303711
20190710_sample_5,Sst,-21.143272519111637,-14.420297622680664,-14.420297622680664
20190710_sample_6,Sst,-14.09842073917389,-11.244650840759277,-11.244650840759277
20190710_sample_8,Vip,-15.570882707834244,-12.415549278259277,-12.415549278259277
20190710_sample_10,Vip,-10.563960298895836,-9.092869758605957,-9.092869758605957
20190712_sample_1,CT,-6.31481409072876,-3.789914131164551,-3.789914131164551
20190712_sample_3,Sst,-16.62609726190567,-14.904550552368164,-14.904550552368164
20190712_sample_4,low quality,-16.714923083782196,-12.011698722839355,-12.011698722839355
20190712_sample_5,Lamp5,-7.763659581542015,-14.449714660644531,-14.449714660644531
20190712_sample_6,Lamp5,-22.728784009814262,-11.126090049743652,-11.126090049743652
20190712_sample_7,Lamp5,-15.785755589604378,-15.029163360595703,-15.029163360595703
20190715_sample_1,Lamp5,-15.0582455098629,-12.016128540039062,-12.016128540039062
20190715_sample_4,Lamp5,-20.5700658261776,-13.830808639526367,-13.830808639526367
20190715_sample_5,Vip,-8.296385407447815,-10.026185989379883,-10.026185989379883
20190715_sample_6,Lamp5,-16.45638421177864,-14.395540237426758,-14.395540237426758
20190715_sample_7,Vip,-8.907079696655273,-10.388131141662598,-10.388131141662598
20190715_sample_8,Lamp5,-16.643987968564034,-13.758670806884766,-13.758670806884766
20190715_sample_9,Vip,-5.914829671382904,-11.0431547164917,-11.0431547164917
20190715_sample_10,Sncg,-3.850046545267105,-9.526552200317383,-9.526552200317383
20190715_sample_11,Lamp5,-13.05614411830902,-15.425545692443848,-15.425545692443848
20190716_sample_1,low quality,-6.765618920326233,-12.460018157958984,-12.460018157958984
20190716_sample_3,Sst,-11.388981714844704,-10.424040794372559,-10.424040794372559
20190716_sample_5,Sst,-22.59962633252144,-14.593856811523438,-14.593856811523438
20190716_sample_7,Vip,-7.4482262134552,-9.757702827453613,-9.757702827453613
20190716_sample_8,Lamp5,-11.52682863175869,-14.003196716308594,-14.003196716308594
20190716_sample_9,Vip,-5.061160773038864,-9.608929634094238,-9.608929634094238
20190717_sample_1,Sst,-10.154776275157928,-10.95444107055664,-10.95444107055664
20190717_sample_2,Sst,-14.408860355615616,-11.39242935180664,-11.39242935180664
20190717_sample_3,Sst,-16.09737053513527,-11.290759086608887,-11.290759086608887
20190718_sample_1,Vip,-10.95714420080185,-13.738792419433594,-13.738792419433594
20190718_sample_2,CT,-4.083581268787384,-8.06821060180664,-8.06821060180664
20190718_sample_3,CT,-5.6506432592868805,-9.650463104248047,-9.650463104248047
20190718_sample_4,Vip,-11.452648788690569,-9.227140426635742,-9.227140426635742
20190718_sample_5,Vip,-10.698135942220688,-9.543146133422852,-9.543146133422852
20190718_sample_6,Vip,-4.556030035018921,-9.420292854309082,-9.420292854309082
20190718_sample_7,Vip,-12.58060336112976,-9.218161582946777,-9.218161582946777
20190718_sample_8,Vip,-3.886718302965164,-11.692964553833008,-11.692964553833008
20190718_sample_9,Vip,-6.225407123565674,-9.25648307800293,-9.25648307800293
20190719_sample_1,CT,-5.512766540050507,-7.442511558532715,-7.442511558532715
20190719_sample_2,IT,-0.7015317678451538,-5.314260959625244,-5.314260959625244
20190719_sample_4,IT,-4.236668348312378,-4.804714679718018,-4.804714679718018
20190719_sample_5,IT,-3.4069791436195374,-4.81993293762207,-4.81993293762207
20190719_sample_6,IT,-3.318674862384796,-3.012030601501465,-3.012030601501465
20190719_sample_9,IT,-2.677038311958313,-3.565284252166748,-3.565284252166748
20190719_sample_10,IT,-2.3439042270183563,-1.2891225814819336,-1.2891225814819336
20190722_sample_1,CT,-10.5307437479496,-7.663183212280273,-7.663183212280273
20190722_sample_6,CT,-1.6833916306495669,-6.881465911865234,-6.881465911865234
20190722_sample_7,low quality,-4.743475466966629,-9.095717430114746,-9.095717430114746
20190722_sample_8,low quality,-8.664626628160477,-10.948283195495605,-10.948283195495605
20190724_sample_1,Vip,-8.470628410577774,-7.8609161376953125,-7.8609161376953125
20190724_sample_2,CT,0.3201253712177276,-8.594615936279297,-8.594615936279297
20190724_sample_4,Vip,-10.725386440753937,-8.578468322753906,-8.578468322753906
20190724_sample_5,Vip,-5.399703979492188,-10.148333549499512,-10.148333549499512
20190724_sample_6,IT,-10.45222207903862,-6.815160751342773,-6.815160751342773
20190724_sample_9,Vip,-10.636094957590103,-8.895950317382812,-8.895950317382812
20190724_sample_10,Vip,-14.345038682222366,-10.045242309570312,-10.045242309570312
20190724_sample_12,Vip,-6.001502275466919,-10.036799430847168,-10.036799430847168
20190724_sample_16,low quality,-6.244577467441559,-8.962848663330078,-8.962848663330078
20190725_sample_1,Vip,-11.31763681769371,-10.693044662475586,-10.693044662475586
20190725_sample_3,Vip,-4.806876182556152,-8.319684982299805,-8.319684982299805
20190725_sample_4,Sst,-18.0152989923954,-10.798200607299805,-10.798200607299805
20190725_sample_5,CT,6.460543721914291,-6.793580055236816,-6.793580055236816
20190725_sample_6,Vip,-5.594354122877121,-8.89409351348877,-8.89409351348877
20190725_sample_7,Vip,-12.77155801653862,-9.391101837158203,-9.391101837158203
20190725_sample_8,Vip,-7.675614207983017,-9.877382278442383,-9.877382278442383
20190725_sample_9,Vip,-8.154548704624176,-10.89462661743164,-10.89462661743164
20190725_sample_10,low quality,-7.173292338848114,-10.390036582946777,-10.390036582946777
20190726_sample_1,Lamp5,-11.447777971625328,-12.639641761779785,-12.639641761779785
20190726_sample_2,Pvalb,-14.710620045661926,-16.260257720947266,-16.260257720947266
20190726_sample_3,Lamp5,-11.714909225702286,-12.605829238891602,-12.605829238891602
20190726_sample_4,IT,-0.9771250188350676,-5.6902384757995605,-5.6902384757995605
20190726_sample_5,Lamp5,-13.686958700418472,-12.554527282714844,-12.554527282714844
20190726_sample_6,Sst,-10.620463639497755,-10.07070541381836,-10.07070541381836
20190726_sample_7,Lamp5,-13.279527425765991,-14.656597137451172,-14.656597137451172
20190729_sample_2,Sst,-10.437965393066406,-9.830458641052246,-9.830458641052246
20190729_sample_3,Sst,-6.639007478952408,-12.447237968444824,-12.447237968444824
20190729_sample_5,Pvalb,-21.24287188053131,-13.274032592773438,-13.274032592773438
20190730_sample_1,Vip,-11.717434972524645,-9.803915977478027,-9.803915977478027
20190730_sample_2,Vip,-7.855348289012909,-10.49333381652832,-10.49333381652832
20190730_sample_5,Vip,-11.051636189222336,-9.967287063598633,-9.967287063598633
20190730_sample_6,Vip,-9.236495941877363,-9.537498474121094,-9.537498474121094
20190730_sample_7,Vip,-1.035153865814209,-8.861442565917969,-8.861442565917969
20190730_sample_9,Lamp5,-17.671920359134674,-12.429546356201172,-12.429546356201172
20190731_sample_1,Pvalb,-14.561772346496582,-16.39753532409668,-16.39753532409668
20190731_sample_2,Lamp5,-14.635985717177393,-11.617363929748535,-11.617363929748535
20190731_sample_3,low quality,-8.67319293320179,-9.215019226074219,-9.215019226074219
20190731_sample_4,Vip,-2.7720630168914795,-10.852197647094727,-10.852197647094727
20190731_sample_5,Pvalb,-18.83597858250141,-13.989606857299805,-13.989606857299805
20190731_sample_6,low quality,-14.506414532661438,-10.225683212280273,-10.225683212280273
20190731_sample_8,Pvalb,-18.83597858250141,-16.64397430419922,-16.64397430419922
20190801_sample_1,IT,-4.190213978290558,-3.966735363006592,-3.966735363006592
20190801_sample_2,Sst,-17.36260950565338,-13.551029205322266,-13.551029205322266
20190801_sample_3,Sst,-16.688227653503418,-12.276911735534668,-12.276911735534668
20190801_sample_4,Sst,-9.246239438652992,-9.371767044067383,-9.371767044067383
20190801_sample_7,Sst,-20.63019759953022,-15.368452072143555,-15.368452072143555
20190801_sample_8,low quality,-3.823228180408478,-8.24492073059082,-8.24492073059082
20190820_sample_1,Sst,-0.2753958106040954,-14.291783332824707,-14.291783332824707
20190820_sample_2,CT,-6.027232855558395,-4.855263710021973,-4.855263710021973
20190820_sample_3,Pvalb,-19.143689423799515,-13.161178588867188,-13.161178588867188
20190820_sample_5,Sst,-7.260898128151894,-11.995746612548828,-11.995746612548828
20190820_sample_6,CT,-8.021049201488495,-4.2438740730285645,-4.2438740730285645
20190821_sample_1,IT,-2.0764581859111786,-5.873141288757324,-5.873141288757324
20190821_sample_2,IT,2.0537618547678,-5.279475212097168,-5.279475212097168
20190821_sample_3,CT,-5.942778661847115,-8.560423851013184,-8.560423851013184
20190821_sample_4,IT,-2.169240266084671,-3.2217955589294434,-3.2217955589294434
20190821_sample_5,IT,-0.7302667945623398,-4.056916236877441,-4.056916236877441
20190821_sample_6,IT,-4.266118630766869,-4.009681701660156,-4.009681701660156
20190821_sample_7,IT,-3.2089482992887497,-2.3619890213012695,-2.3619890213012695
20190823_sample_1,IT,-0.4867389798164367,-3.5913987159729004,-3.5913987159729004
20190823_sample_3,Pvalb,-17.80887320637703,-12.463485717773438,-12.463485717773438
20190823_sample_5,low quality,-7.38966092467308,-9.458817481994629,-9.458817481994629
20190823_sample_6,IT,3.320116549730301,-4.35613489151001,-4.35613489151001
20190823_sample_7,IT,0.1937262713909149,-2.262014389038086,-2.262014389038086
20190827_sample_1,Sst,-20.637866109609604,-12.160122871398926,-12.160122871398926
20190827_sample_2,low quality,1.2485403567552569,-9.698501586914062,-9.698501586914062
20190827_sample_3,Sst,1.4492347836494446,-10.992406845092773,-10.992406845092773
20190827_sample_4,Sst,-6.249483674764633,-10.387850761413574,-10.387850761413574
20190827_sample_5,CT,-1.8802285194396973,-7.822413444519043,-7.822413444519043
20190827_sample_6,Sst,-18.56129616498947,-10.970216751098633,-10.970216751098633
20190827_sample_7,Pvalb,-8.167814463376999,-12.351625442504883,-12.351625442504883
20190827_sample_8,Sst,-13.882596045732498,-11.255474090576172,-11.255474090576172
20190827_sample_9,Sst,-14.367163181304932,-13.310909271240234,-13.310909271240234
20190828_sample_1,Vip,-4.434488713741303,-11.148415565490723,-11.148415565490723
20190828_sample_3,Vip,-10.833151638507845,-9.519238471984863,-9.519238471984863
20190828_sample_4,Vip,-6.992615759372711,-7.93840217590332,-7.93840217590332
20190828_sample_5,Vip,-9.577903896570206,-8.15334701538086,-8.15334701538086
20190828_sample_6,Vip,-5.873385816812515,-10.03069019317627,-10.03069019317627
20190828_sample_7,Vip,-9.856566786766052,-13.973165512084961,-13.973165512084961
20190829_sample_1,low quality,-18.707025796175003,-9.394708633422852,-9.394708633422852
20190829_sample_2,Lamp5,-7.080297917127609,-12.127228736877441,-12.127228736877441
20190829_sample_3,IT,-7.462676614522934,-3.7717862129211426,-3.7717862129211426
20190829_sample_4,Lamp5,-10.357163846492767,-12.479137420654297,-12.479137420654297
20190829_sample_6,Lamp5,-7.080297917127609,-9.634182929992676,-9.634182929992676
20190829_sample_9,Pvalb,-20.543117076158524,-14.895284652709961,-14.895284652709961
20190830_sample_1,IT,-2.251889556646347,-2.797667980194092,-2.797667980194092
20190830_sample_2,IT,-4.9615465104579926,-4.861296653747559,-4.861296653747559
20190830_sample_3,low quality,-3.201376646757126,-6.299282550811768,-6.299282550811768
20190830_sample_4,low quality,-9.65912640094757,-8.989664077758789,-8.989664077758789
20190830_sample_6,IT,-2.9592365026474,-2.3275575637817383,-2.3275575637817383
20190830_sample_8,IT,-4.9123987555503845,-3.6150870323181152,-3.6150870323181152
20190830_sample_9,NP,-3.2905377447605133,-8.156996726989746,-8.156996726989746
20190904_sample_1,low quality,-14.501959085464478,-11.664984703063965,-11.664984703063965
20190904_sample_2,Vip,-10.255377739667892,-8.807831764221191,-8.807831764221191
20190904_sample_3,Vip,-7.670819759368896,-9.450069427490234,-9.450069427490234
20190904_sample_4,Vip,-9.61533933877945,-10.207291603088379,-10.207291603088379
20190904_sample_5,Vip,-12.62681931257248,-10.458639144897461,-10.458639144897461
20190904_sample_7,Vip,-16.516651958227158,-7.002750396728516,-7.002750396728516
20190905_sample_1,low quality,-15.96948504447937,-10.293294906616211,-10.293294906616211
20190905_sample_3,Sst,-0.0424832105636596,-11.78961181640625,-11.78961181640625
20190906_sample_1,Lamp5,-11.40313595533371,-12.194314956665039,-12.194314956665039
20190906_sample_5,CT,-12.732800096273422,-4.737058162689209,-4.737058162689209
20190906_sample_6,Lamp5,-14.492349699139597,-12.965126991271973,-12.965126991271973
20190910_sample_1,Lamp5,-6.321646273136139,-12.997838973999023,-12.997838973999023
20190910_sample_2,Vip,-4.63804230093956,-9.466631889343262,-9.466631889343262
20190910_sample_3,Vip,-11.141818016767502,-9.99488353729248,-9.99488353729248
20190910_sample_4,Vip,-5.499660968780518,-8.521968841552734,-8.521968841552734
20190910_sample_6,Vip,-5.391426384449005,-10.06423282623291,-10.06423282623291
20190911_sample_3,NP,-1.8174462020397184,-8.398346900939941,-8.398346900939941
20190911_sample_4,IT,-3.4080147743225098,-7.606287956237793,-7.606287956237793
20190911_sample_6,low quality,-4.77851927280426,-12.060044288635254,-12.060044288635254
20190911_sample_7,low quality,-6.408087909221649,-8.898359298706055,-8.898359298706055
20190911_sample_9,CT,-12.75109127163887,-5.573848247528076,-5.573848247528076
20190912_sample_1,CT,-13.810692355036736,-8.33169174194336,-8.33169174194336
20190912_sample_2,CT,-9.615156799554825,-6.748392105102539,-6.748392105102539
20190912_sample_3,CT,-13.05452361702919,-6.957889080047607,-6.957889080047607
20190912_sample_4,Lamp5,-18.75315234065056,-13.827897071838379,-13.827897071838379
20190912_sample_6,NP,-6.153624504804611,-9.93642807006836,-9.93642807006836
20190912_sample_8,CT,-11.65543496608734,-8.950701713562012,-8.950701713562012
20190912_sample_10,Pvalb,7.590159773826599,-13.217321395874023,-13.217321395874023
20190917_sample_1,CT,-9.260732680559158,-10.7258882522583,-10.7258882522583
20190917_sample_2,Lamp5,-18.37424747645855,-14.836894989013672,-14.836894989013672
20190917_sample_3,IT,-6.467010825872421,-8.463985443115234,-8.463985443115234
20190919_sample_1,low quality,-7.642269134521484,-9.923271179199219,-9.923271179199219
20190919_sample_4,Lamp5,-10.64063236117363,-12.72382926940918,-12.72382926940918
20190919_sample_5,CT,-11.826198548078535,-5.34199333190918,-5.34199333190918
20190924_sample_1,Sst,-18.419325351715088,-11.27151107788086,-11.27151107788086
20190924_sample_2,Sst,-5.543150007724762,-10.112298965454102,-10.112298965454102
20190924_sample_3,IT,1.3423282653093338,-2.68148136138916,-2.68148136138916
20190924_sample_4,Sst,-7.624488323926926,-9.183575630187988,-9.183575630187988
20190924_sample_5,Sst,-13.563152402639387,-11.741180419921875,-11.741180419921875
20190924_sample_6,Sst,-13.85587826371193,-10.469106674194336,-10.469106674194336
20190924_sample_7,Pvalb,-14.975037425756454,-13.79780387878418,-13.79780387878418
20190924_sample_8,CT,-5.402304232120514,-7.230051517486572,-7.230051517486572
20190925_sample_2,Pvalb,-18.49015057086945,-13.457368850708008,-13.457368850708008
20190925_sample_3,Sst,-9.92506928741932,-9.714033126831055,-9.714033126831055
20190925_sample_4,CT,-9.684136137366297,-9.604423522949219,-9.604423522949219
20190925_sample_5,Sst,-19.23750899732113,-11.550346374511719,-11.550346374511719
20190925_sample_6,Pvalb,-15.545152127742767,-15.126669883728027,-15.126669883728027
20190925_sample_7,Sst,-17.193689942359924,-10.173839569091797,-10.173839569091797
20190926_sample_2,ET,8.536949753761292,-5.692564010620117,-5.692564010620117
20190926_sample_3,Sst,-0.1406446099281311,-9.712183952331543,-9.712183952331543
20190926_sample_4,ET,-1.324031502008438,-10.5465726852417,-10.5465726852417
20190926_sample_5,Pvalb,-18.616849556565285,-14.160015106201172,-14.160015106201172
20190926_sample_6,Sst,-9.731408208608627,-10.028984069824219,-10.028984069824219
20190927_sample_1,IT,-5.3163208067417145,-4.501269817352295,-4.501269817352295
20190927_sample_2,CT,-4.754941910505295,-6.227315425872803,-6.227315425872803
20190927_sample_3,Pvalb,-17.085257917642593,-16.220775604248047,-16.220775604248047
20190927_sample_4,IT,1.2730136513710022,-4.971094608306885,-4.971094608306885
20190927_sample_5,Pvalb,-17.43568480014801,-16.015596389770508,-16.015596389770508
20190927_sample_6,Vip,-10.170891880989076,-10.019350051879883,-10.019350051879883
20190927_sample_7,CT,-4.196751862764359,-6.277055740356445,-6.277055740356445
20191001_sample_1,Sst,8.259408175945282,-11.161005020141602,-11.161005020141602
20191001_sample_2,low quality,2.50944122672081,-10.211236000061035,-10.211236000061035
20191001_sample_3,Sst,-22.090399637818336,-11.150638580322266,-11.150638580322266
20191001_sample_4,Pvalb,-8.519526571035385,-12.225255966186523,-12.225255966186523
20191001_sample_5,Sst,-22.465677931904796,-9.62027645111084,-9.62027645111084
20191001_sample_6,Sst,-13.77318799495697,-11.003767013549805,-11.003767013549805
20191003_sample_2,low quality,-8.958974853157997,-9.824324607849121,-9.824324607849121
20191003_sample_3,Sst,-7.912777364253998,-11.854486465454102,-11.854486465454102
20191003_sample_4,Sst,-11.25866174697876,-13.067344665527344,-13.067344665527344
20191003_sample_5,Sst,-7.285567000508308,-11.727970123291016,-11.727970123291016
20191003_sample_6,CT,-11.050526052713394,-9.020822525024414,-9.020822525024414
20191010_sample_1,IT,-4.374522715806961,-5.6035590171813965,-5.6035590171813965
20191010_sample_2,Sst,-17.10239052772522,-15.680702209472656,-15.680702209472656
20191010_sample_3,IT,0.1478977501392364,-1.991044044494629,-1.991044044494629
20191010_sample_4,Pvalb,-20.52726224064827,-13.651705741882324,-13.651705741882324
20191010_sample_6,Pvalb,-20.80249041318893,-16.500835418701172,-16.500835418701172
20191010_sample_7,ET,1.334838569164276,-8.873226165771484,-8.873226165771484
20191028_sample_1,Sst,-8.819788694381714,-9.844379425048828,-9.844379425048828
20191028_sample_2,Sst,-10.809864848852158,-8.84958267211914,-8.84958267211914
20191028_sample_3,Pvalb,-18.004026263952255,-12.148900985717773,-12.148900985717773
20191028_sample_4,low quality,-1.063518226146698,-10.396059036254883,-10.396059036254883
20191028_sample_5,low quality,-1.4935769140720367,-9.966565132141113,-9.966565132141113
20191030_sample_2,Sst,-9.934235364198685,-10.62728214263916,-10.62728214263916
20191030_sample_3,ET,1.9265245646238327,-7.516450881958008,-7.516450881958008
20191030_sample_4,NP,-0.1857019960880279,-9.179420471191406,-9.179420471191406
20191030_sample_5,Sst,-7.483657449483871,-14.180904388427734,-14.180904388427734
20191101_sample_1,Lamp5,-17.903929576277733,-14.749320983886719,-14.749320983886719
20191101_sample_2,CT,-6.125420331954956,-6.715965270996094,-6.715965270996094
20191101_sample_3,Lamp5,-7.586715742945671,-10.581048011779785,-10.581048011779785
20191101_sample_4,CT,-10.59017889201641,-5.135705471038818,-5.135705471038818
20191101_sample_5,CT,-9.700141847133636,-8.705516815185547,-8.705516815185547
20191101_sample_6,CT,-4.329424351453781,-5.957609176635742,-5.957609176635742
20191104_sample_1,Sst,-11.660570278763773,-12.75367546081543,-12.75367546081543
20191104_sample_2,Lamp5,-10.113611817359924,-10.843019485473633,-10.843019485473633
20191104_sample_3,low quality,-12.19303533434868,-12.898584365844727,-12.898584365844727
20191104_sample_4,Pvalb,-16.81188866496086,-14.676298141479492,-14.676298141479492
20191105_sample_1,Pvalb,-21.48125506937504,-13.11587905883789,-13.11587905883789
20191105_sample_2,IT,-5.219561979174614,-7.657525062561035,-7.657525062561035
20191105_sample_3,Sst,-11.874314397573473,-10.119811058044434,-10.119811058044434
20191105_sample_4,Pvalb,-16.10240899026394,-12.673787117004395,-12.673787117004395
20191105_sample_5,Sst,-14.59038257598877,-14.920503616333008,-14.920503616333008
20191106_sample_2,Lamp5,-14.083443209528925,-13.2190523147583,-13.2190523147583
20191106_sample_3,IT,-2.277534455060959,-4.9142584800720215,-4.9142584800720215
20191106_sample_5,Lamp5,-13.534395024180412,-14.381208419799805,-14.381208419799805
20191107_sample_1,low quality,0.9769666939973832,-8.343286514282227,-8.343286514282227
20191107_sample_2,Sst,-10.389192029833794,-13.907794952392578,-13.907794952392578
20191107_sample_3,Sst,-8.106321096420288,-10.915239334106445,-10.915239334106445
20191107_sample_4,Sst,-4.752010107040405,-10.676651000976562,-10.676651000976562
20191108_sample_1,CT,-5.157649517059326,-10.434814453125,-10.434814453125
20191108_sample_4,CT,-3.723852336406708,-6.069809913635254,-6.069809913635254
20191108_sample_5,IT,-3.858339041471481,-4.433938980102539,-4.433938980102539
20191114_sample_1,Lamp5,-5.013994872570038,-11.539082527160645,-11.539082527160645
20191114_sample_2,CT,-8.037451654672623,-8.345539093017578,-8.345539093017578
20191114_sample_3,IT,-5.076766014099121,-4.781379699707031,-4.781379699707031
20191114_sample_4,Sst,-9.258724749088287,-11.02114200592041,-11.02114200592041
20191114_sample_5,low quality,-4.200346767902374,-12.622694969177246,-12.622694969177246
20191114_sample_7,IT,-3.147028386592865,-6.735640048980713,-6.735640048980713
20191114_sample_8,IT,-1.3446509838104248,-4.3046369552612305,-4.3046369552612305
20191114_sample_9,ET,-3.957945853471756,-7.897787094116211,-7.897787094116211
20200106_sample_1,Lamp5,-13.096494600176811,-16.251991271972656,-16.251991271972656
20200106_sample_4,IT,-6.20100274682045,-3.8843002319335938,-3.8843002319335938
20200106_sample_5,IT,-5.579853430390358,-9.094157218933105,-9.094157218933105
20200106_sample_6,IT,-0.0241994857788085,-2.6587586402893066,-2.6587586402893066
20200225_sample_2,IT,-8.632775396108627,-5.7336554527282715,-5.7336554527282715
20200225_sample_5,Sncg,-11.677157133817673,-12.766613960266113,-12.766613960266113
20200316_sample_1,ET,-5.336008965969086,-6.171389102935791,-6.171389102935791
20200316_sample_2,low quality,-3.9114542305469513,-8.899734497070312,-8.899734497070312
20200316_sample_3,Pvalb,-10.052338242530825,-15.969581604003906,-15.969581604003906
