cell_id,RNA_family,y_true,y_pred,y_pred_train_space
20171204_sample_2,ET,92.47087314724922,82.57855224609375,82.57855224609375
20171204_sample_4,IT,88.16828951239586,91.60958862304688,91.60958862304688
20171204_sample_5,IT,85.79682372510433,88.8049087524414,88.8049087524414
20171204_sample_6,ET,97.31810167431831,87.46318054199219,87.46318054199219
20171207_sample_1,ET,86.9474820792675,88.44761657714844,88.44761657714844
20171207_sample_2,ET,87.67633885145187,87.96926879882812,87.96926879882812
20171207_sample_6,IT,83.90875905752182,87.81954956054688,87.81954956054688
20171207_sample_7,IT,82.13865384459496,93.28573608398438,93.28573608398438
20171219_sample_1,IT,102.0633727312088,91.19267272949219,91.19267272949219
20171219_sample_2,IT,95.3690968453884,89.73727416992188,89.73727416992188
20171219_sample_3,IT,90.89738130569458,90.50292205810547,90.50292205810547
20171219_sample_4,ET,97.28781506419182,84.0385971069336,84.0385971069336
20171219_sample_6,ET,102.04087942838667,88.97724151611328,88.97724151611328
20171219_sample_7,IT,93.87445077300072,88.86041259765625,88.86041259765625
20171219_sample_8,ET,94.58387643098833,86.4944076538086,86.4944076538086
20180102_sample_1,ET,90.95333144068718,87.21630859375,87.21630859375
20180102_sample_2,IT,92.02490746974944,91.88546752929688,91.88546752929688
20180102_sample_3,ET,88.61049264669418,88.03115844726562,88.03115844726562
20180102_sample_4,ET,96.54813259840012,91.08560180664062,91.08560180664062
20180102_sample_5,IT,98.4029807150364,83.17924499511719,83.17924499511719
20180103_sample_1,ET,94.370249658823,87.1787109375,87.1787109375
20180103_sample_2,ET,93.3276265859604,89.34183502197266,89.34183502197266
20180103_sample_3,ET,93.8943661749363,86.548095703125,86.548095703125
20180103_sample_4,low quality,94.85192969441414,81.99530792236328,81.99530792236328
20180103_sample_5,IT,80.3433544933796,87.04222869873047,87.04222869873047
20180103_sample_6,IT,91.49793162941933,90.33082580566406,90.33082580566406
20180103_sample_7,IT,95.22538632154463,90.6136245727539,90.6136245727539
20180103_sample_8,IT,94.16643530130386,87.95512390136719,87.95512390136719
20180104_sample_1,low quality,89.49867635965347,85.3071517944336,85.3071517944336
20180104_sample_2,IT,85.32115444540977,87.9400405883789,87.9400405883789
20180104_sample_3,IT,84.21312272548676,88.84031677246094,88.84031677246094
20180104_sample_4,low quality,97.09524363279344,83.38128662109375,83.38128662109375
20180104_sample_6,ET,90.42133018374444,80.06360626220703,80.06360626220703
20180105_sample_4,IT,92.89172291755676,91.96910095214844,91.96910095214844
20180105_sample_5,IT,83.80497619509697,82.78227996826172,82.78227996826172
20180105_sample_6,IT,96.03945910930634,89.74429321289062,89.74429321289062
20180108_sample_1,IT,89.68296647071838,90.37992858886719,90.37992858886719
20180108_sample_2,low quality,84.46697518229485,84.93213653564453,84.93213653564453
20180108_sample_3,IT,91.0160280764103,80.82978820800781,80.82978820800781
20180108_sample_4,ET,97.3787009716034,77.4637222290039,77.4637222290039
20180108_sample_5,ET,93.6613529920578,84.30081176757812,84.30081176757812
20180108_sample_7,IT,90.12246876955032,89.1293716430664,89.1293716430664
20180108_sample_8,ET,93.97679939866066,88.69837188720703,88.69837188720703
20180108_sample_9,IT,89.73200991749763,87.82572937011719,87.82572937011719
20180108_sample_10,ET,95.10144963860512,81.04022979736328,81.04022979736328
20180109_sample_1,IT,87.04487234354019,90.03553771972656,90.03553771972656
20180109_sample_2,IT,94.10649165511133,88.98458862304688,88.98458862304688
20180109_sample_5,IT,83.80269631743431,91.89446258544922,91.89446258544922
20180110_sample_1,IT,91.83963015675543,90.22200012207031,90.22200012207031
20180110_sample_2,IT,92.6712602376938,88.93819427490234,88.93819427490234
20180110_sample_3,IT,86.244136095047,88.09858703613281,88.09858703613281
20180110_sample_4,IT,86.61612682044506,83.13667297363281,83.13667297363281
20180110_sample_5,IT,79.84795421361923,86.41864776611328,86.41864776611328
20180110_sample_7,IT,94.57208588719368,92.04307556152344,92.04307556152344
20180110_sample_8,ET,97.00382500886916,82.0206527709961,82.0206527709961
20180111_sample_5,IT,86.85732260346413,88.7562255859375,88.7562255859375
20180115_sample_2,IT,85.95578558743,83.38429260253906,83.38429260253906
20180115_sample_5,IT,82.72863924503326,91.27757263183594,91.27757263183594
20180115_sample_6,low quality,95.27092427015305,83.04230499267578,83.04230499267578
20180115_sample_7,IT,95.21934390068054,87.16007995605469,87.16007995605469
20180115_sample_8,IT,94.63605657219888,85.36329650878906,85.36329650878906
20180115_sample_9,IT,97.1166230738163,90.9778823852539,90.9778823852539
20180118_sample_1,IT,86.37119084596634,86.55362701416016,86.55362701416016
20180118_sample_2,IT,91.00639447569849,88.58495330810547,88.58495330810547
20180118_sample_4,IT,94.4959968328476,86.84069061279297,86.84069061279297
20180118_sample_6,IT,99.3916317820549,89.26954650878906,89.26954650878906
20180118_sample_7,ET,92.5399586558342,84.0883560180664,84.0883560180664
20180118_sample_10,ET,95.59965133666992,83.36273956298828,83.36273956298828
20180123_sample_1,ET,87.1211439371109,84.03364562988281,84.03364562988281
20180123_sample_3,ET,82.69264549016953,83.72124481201172,83.72124481201172
20180123_sample_5,ET,87.55454793572426,77.0208511352539,77.0208511352539
20180123_sample_6,ET,90.0347288697958,89.78600311279297,89.78600311279297
20180123_sample_7,ET,82.67212472856045,82.71318817138672,82.71318817138672
20180208_sample_1,low quality,74.61574673652649,87.786865234375,87.786865234375
20180208_sample_2,ET,94.7621874511242,83.16749572753906,83.16749572753906
20180208_sample_3,ET,92.23024547100069,85.82262420654297,85.82262420654297
20180208_sample_4,IT,96.97907045483588,88.11383819580078,88.11383819580078
20180208_sample_5,IT,91.29592403769492,88.48699951171875,88.48699951171875
20180213_sample_3,ET,95.90008482336998,87.66497802734375,87.66497802734375
20180213_sample_5,Pvalb,73.84117506444454,67.06916809082031,67.06916809082031
20180215_sample_1,Pvalb,73.13334569334984,70.6545181274414,70.6545181274414
20180220_sample_1,Sst,95.44073417782784,81.82901000976562,81.82901000976562
20180220_sample_2,IT,90.879799798131,88.78716278076172,88.78716278076172
20180225_sample_1,IT,73.04880768060684,85.93492889404297,85.93492889404297
20180225_sample_2,IT,93.84187310934068,92.10633850097656,92.10633850097656
20180225_sample_3,IT,89.99757841229439,85.69841766357422,85.69841766357422
20180225_sample_4,IT,95.04282101988792,88.68987274169922,88.68987274169922
20180225_sample_5,ET,90.34120664000513,86.27146911621094,86.27146911621094
20180225_sample_7,Pvalb,70.0608491897583,66.79825592041016,66.79825592041016
20180228_sample_3,IT,89.11179006099701,92.00017547607422,92.00017547607422
20180306_sample_1,Pvalb,72.69775867462158,75.348876953125,75.348876953125
20180306_sample_2,IT,102.23996639251708,88.14039611816406,88.14039611816406
20180306_sample_3,IT,93.88887882232666,86.55909729003906,86.55909729003906
20180306_sample_5,IT,89.05146829783916,90.30538940429688,90.30538940429688
20180309_sample_4,IT,90.97693115472794,90.48597717285156,90.48597717285156
20180309_sample_6,IT,90.47770127654076,86.57417297363281,86.57417297363281
20180309_sample_7,IT,85.87438240647316,88.42088317871094,88.42088317871094
20180309_sample_8,IT,89.57675099372864,88.50904083251953,88.50904083251953
20180313_sample_1,low quality,79.04718071222305,87.82884979248047,87.82884979248047
20180313_sample_2,ET,85.25040745735168,84.84979248046875,84.84979248046875
20180313_sample_3,ET,76.14015974104404,89.36676025390625,89.36676025390625
20180313_sample_7,IT,91.3885049521923,89.21717071533203,89.21717071533203
20180313_sample_8,low quality,89.37995880842209,82.26811981201172,82.26811981201172
20180313_sample_9,Pvalb,80.6073509156704,74.17393493652344,74.17393493652344
20180315_sample_1,ET,80.42476326227188,81.99874877929688,81.99874877929688
20180315_sample_2,low quality,91.09412878751756,86.31890869140625,86.31890869140625
20180315_sample_5,IT,81.44921623170376,92.74858093261719,92.74858093261719
20180315_sample_6,IT,57.28661268949509,87.18927001953125,87.18927001953125
20180321_sample_2,IT,82.4008472263813,88.29304504394531,88.29304504394531
20180321_sample_3,IT,80.62120340764523,88.5352783203125,88.5352783203125
20180321_sample_4,IT,73.6326053738594,86.25582122802734,86.25582122802734
20180321_sample_8,ET,87.16028928756714,81.09628295898438,81.09628295898438
20180321_sample_9,ET,85.89262329041958,81.44656372070312,81.44656372070312
20180322_sample_1,IT,91.04026481509209,95.5133285522461,95.5133285522461
20180322_sample_2,IT,90.4876124113798,92.40291595458984,92.40291595458984
20180322_sample_3,IT,85.91854572296143,84.2979736328125,84.2979736328125
20180322_sample_4,IT,89.3038660287857,89.05508422851562,89.05508422851562
20180322_sample_5,IT,88.19959685206413,85.61322784423828,85.61322784423828
20180322_sample_6,ET,97.63096645474434,85.88082122802734,85.88082122802734
20180322_sample_7,ET,92.45722368359566,84.93187713623047,84.93187713623047
20180327_sample_1,Pvalb,75.44292509555817,74.56792449951172,74.56792449951172
20180327_sample_2,Pvalb,84.06639471650124,68.97862243652344,68.97862243652344
20180327_sample_3,IT,82.20387995243073,87.1473617553711,87.1473617553711
20180327_sample_4,Pvalb,75.57600364089012,70.14010620117188,70.14010620117188
20180327_sample_5,Pvalb,67.39871203899384,69.3446273803711,69.3446273803711
20180327_sample_6,IT,81.40858262777328,88.74225616455078,88.74225616455078
20180329_sample_1,IT,88.484987616539,87.80445861816406,87.80445861816406
20180329_sample_2,IT,87.041687220335,83.93601989746094,83.93601989746094
20180329_sample_3,IT,80.70667460560799,84.32035827636719,84.32035827636719
20180329_sample_4,ET,85.86439117789268,82.19384765625,82.19384765625
20180329_sample_5,IT,84.82276648283005,94.47102355957031,94.47102355957031
20180329_sample_6,IT,86.77594736218452,87.40383911132812,87.40383911132812
20180329_sample_7,low quality,82.5846865773201,84.88029479980469,84.88029479980469
20180329_sample_8,IT,82.80127495527267,88.5192642211914,88.5192642211914
20180403_sample_5,IT,75.47011785209179,89.88457489013672,89.88457489013672
20180403_sample_6,ET,81.15822076797485,81.60100555419922,81.60100555419922
20180403_sample_7,IT,79.54370975494385,89.9677505493164,89.9677505493164
20180404_sample_1,Pvalb,67.5855353474617,72.17900848388672,72.17900848388672
20180404_sample_2,Pvalb,74.29856993258,75.93913269042969,75.93913269042969
20180404_sample_3,IT,91.398436576128,90.18394470214844,90.18394470214844
20180404_sample_4,Pvalb,75.91119781136513,73.0821304321289,73.0821304321289
20180404_sample_5,Pvalb,83.07785727083683,73.98091125488281,73.98091125488281
20180404_sample_7,IT,96.44933044910432,85.94528198242188,85.94528198242188
20180405_sample_1,ET,90.5398242175579,90.34801483154297,90.34801483154297
20180405_sample_2,IT,89.54614400863647,90.24563598632812,90.24563598632812
20180405_sample_3,IT,94.31250765919684,88.03213500976562,88.03213500976562
20180410_sample_1,Pvalb,64.5474586635828,71.08787536621094,71.08787536621094
20180410_sample_3,IT,93.0764302611351,87.50764465332031,87.50764465332031
20180410_sample_4,IT,83.40447582304478,93.11116790771484,93.11116790771484
20180410_sample_5,IT,88.08841928839684,89.64189147949219,89.64189147949219
20180410_sample_6,IT,95.53638659417628,89.77906036376953,89.77906036376953
20180410_sample_9,Pvalb,64.17489796876907,65.45112609863281,65.45112609863281
20180411_sample_1,IT,80.2801102399826,90.28987121582031,90.28987121582031
20180411_sample_3,IT,76.53718255460262,88.80413818359375,88.80413818359375
20180411_sample_4,Pvalb,69.27335634827614,73.9410629272461,73.9410629272461
20180411_sample_5,Pvalb,64.5310003310442,66.64042663574219,66.64042663574219
20180412_sample_1,IT,92.53506362438202,89.259765625,89.259765625
20180412_sample_2,Pvalb,82.5280211865902,71.2173080444336,71.2173080444336
20180412_sample_3,IT,70.54517976939678,88.46514129638672,88.46514129638672
20180412_sample_4,IT,90.30646830797195,89.7899169921875,89.7899169921875
20180412_sample_7,IT,83.88112857937813,86.42568969726562,86.42568969726562
20180413_sample_2,Pvalb,82.44701474905014,68.4764175415039,68.4764175415039
20180413_sample_3,Pvalb,71.28221541643143,68.38490295410156,68.38490295410156
20180413_sample_4,IT,96.6009609401226,89.66048431396484,89.66048431396484
20180417_sample_1,Vip,84.37242545187473,85.57552337646484,85.57552337646484
20180417_sample_2,Pvalb,59.68988128006458,71.42155456542969,71.42155456542969
20180417_sample_3,IT,75.23251697421074,90.83598327636719,90.83598327636719
20180417_sample_4,Pvalb,70.61859406530857,68.78269958496094,68.78269958496094
20180417_sample_5,IT,93.48413348197936,86.01495361328125,86.01495361328125
20180417_sample_6,IT,77.99485698342323,85.3572998046875,85.3572998046875
20180417_sample_7,Pvalb,78.88136059045792,69.657958984375,69.657958984375
20180417_sample_8,Sst,65.42682461440563,79.932861328125,79.932861328125
20180417_sample_9,IT,81.306466832757,89.4185562133789,89.4185562133789
20180418_sample_1,Pvalb,73.62952828407288,75.34032440185547,75.34032440185547
20180418_sample_2,Pvalb,73.0753093957901,71.3308334350586,71.3308334350586
20180418_sample_3,Pvalb,72.21347838640213,71.78318786621094,71.78318786621094
20180418_sample_5,IT,85.47993749380112,86.45075225830078,86.45075225830078
20180418_sample_6,IT,96.2093360722065,85.49008178710938,85.49008178710938
20180420_sample_2,low quality,86.53418347239494,87.64073944091797,87.64073944091797
20180420_sample_3,IT,96.06990590691566,85.15840148925781,85.15840148925781
20180420_sample_4,IT,93.74388866126536,86.9590072631836,86.9590072631836
20180424_sample_1,IT,82.28543773293495,86.87955474853516,86.87955474853516
20180424_sample_2,IT,90.58714658021928,87.94652557373047,87.94652557373047
20180424_sample_3,IT,91.03874489665031,89.12759399414062,89.12759399414062
20180424_sample_6,IT,87.9172571003437,91.03569030761719,91.03569030761719
20180425_sample_2,IT,91.74195677042007,88.79612731933594,88.79612731933594
20180425_sample_3,Pvalb,67.08334945142269,76.46012115478516,76.46012115478516
20180425_sample_4,IT,90.01004695892334,88.1354751586914,88.1354751586914
20180425_sample_5,Sncg,84.26027372479439,86.2754898071289,86.2754898071289
20180425_sample_7,Pvalb,66.40996783971786,74.4109878540039,74.4109878540039
20180425_sample_8,Vip,83.13487470149994,89.11128997802734,89.11128997802734
20180425_sample_9,IT,89.6676704287529,84.9407958984375,84.9407958984375
20180426_sample_1,ET,93.171251937747,86.89849090576172,86.89849090576172
20180426_sample_3,IT,81.40270784497261,88.37419128417969,88.37419128417969
20180426_sample_4,IT,96.195500344038,84.3712158203125,84.3712158203125
20180426_sample_5,Pvalb,74.63713362812996,74.50109100341797,74.50109100341797
20180426_sample_7,IT,84.57321859896183,90.5234375,90.5234375
20180426_sample_9,Pvalb,69.41903382539749,80.63040924072266,80.63040924072266
20180501_sample_2,IT,90.15274792909622,89.87033081054688,89.87033081054688
20180501_sample_3,IT,90.97887203097343,88.51849365234375,88.51849365234375
20180501_sample_4,IT,91.45180508494376,90.9825668334961,90.9825668334961
20180501_sample_5,IT,95.02853080630302,87.35981750488281,87.35981750488281
20180501_sample_6,low quality,96.87885642051695,83.28076171875,83.28076171875
20180501_sample_7,low quality,66.17087125778198,81.56197357177734,81.56197357177734
20180501_sample_8,Lamp5,68.8125379383564,78.85324096679688,78.85324096679688
20180502_sample_1,low quality,62.59674951434136,78.87427520751953,78.87427520751953
20180502_sample_2,low quality,98.91686588525772,80.24099731445312,80.24099731445312
20180502_sample_3,IT,94.32101808488368,89.68411254882812,89.68411254882812
20180502_sample_4,IT,95.00059857964516,87.17121124267578,87.17121124267578
20180508_sample_1,Pvalb,79.3455746024847,73.11518859863281,73.11518859863281
20180508_sample_2,IT,96.52532637119292,83.75358581542969,83.75358581542969
20180508_sample_3,IT,92.51658618450163,89.20053100585938,89.20053100585938
20180508_sample_4,IT,91.51620045304298,85.26101684570312,85.26101684570312
20180509_sample_1,low quality,96.30699828267096,83.29778289794922,83.29778289794922
20180509_sample_2,IT,88.97586166858673,89.65129089355469,89.65129089355469
20180509_sample_3,IT,90.67527949810028,91.19688415527344,91.19688415527344
20180509_sample_4,IT,91.71120822429656,88.67398834228516,88.67398834228516
20180509_sample_5,IT,95.39321437478064,85.62834930419922,85.62834930419922
20180509_sample_7,IT,93.09404715895651,89.04255676269531,89.04255676269531
20180509_sample_9,IT,97.51158580183984,90.63483428955078,90.63483428955078
20180510_sample_2,Pvalb,64.98273648321629,70.40168762207031,70.40168762207031
20180510_sample_3,IT,81.60834573209286,89.0924301147461,89.0924301147461
20180510_sample_4,IT,87.17137016355991,91.64259338378906,91.64259338378906
20180510_sample_5,IT,87.91330829262733,87.50421142578125,87.50421142578125
20180510_sample_9,IT,80.2729744464159,87.40425872802734,87.40425872802734
20180515_sample_1,Pvalb,70.03893703222275,72.99258422851562,72.99258422851562
20180515_sample_6,Pvalb,74.81352984905243,78.20911407470703,78.20911407470703
20180522_sample_1,IT,81.72039315104485,90.50030517578125,90.50030517578125
20180522_sample_2,IT,90.02939984202385,86.04953002929688,86.04953002929688
20180522_sample_3,IT,82.18463882803917,87.45123291015625,87.45123291015625
20180522_sample_4,IT,74.95684921741486,87.96061706542969,87.96061706542969
20180522_sample_5,Pvalb,68.47870349884033,67.2040023803711,67.2040023803711
20180522_sample_6,ET,92.1756774187088,83.64836883544922,83.64836883544922
20180522_sample_7,IT,90.07572755217552,87.88284301757812,87.88284301757812
20180524_sample_5,low quality,57.879798114299774,82.57383728027344,82.57383728027344
20180524_sample_8,IT,84.45867151021957,91.12220764160156,91.12220764160156
20180524_sample_9,Pvalb,71.78668677806854,80.49412536621094,80.49412536621094
20180529_sample_3,IT,83.43897014856339,89.08584594726562,89.08584594726562
20180608_sample_1,Lamp5,89.14856240153313,77.38167572021484,77.38167572021484
20180608_sample_2,Pvalb,64.24202676862478,68.29281616210938,68.29281616210938
20180608_sample_3,IT,83.26061069965363,82.52442169189453,82.52442169189453
20180608_sample_5,Pvalb,70.14918141067028,68.94435119628906,68.94435119628906
20180619_sample_3,Pvalb,60.77215075492859,77.98622131347656,77.98622131347656
20180619_sample_5,IT,82.27599412202835,89.1896743774414,89.1896743774414
20180619_sample_7,Lamp5,63.90149332582951,77.22431182861328,77.22431182861328
20180621_sample_1,IT,88.63486722111702,88.09107971191406,88.09107971191406
20180621_sample_2,IT,80.49415051937103,88.86776733398438,88.86776733398438
20180621_sample_3,Sncg,90.32370150089264,83.58769989013672,83.58769989013672
20180621_sample_4,IT,87.70238980650902,91.49015808105469,91.49015808105469
20180621_sample_5,Vip,73.50563816726208,81.89973449707031,81.89973449707031
20180621_sample_7,Pvalb,58.90969559550285,71.31045532226562,71.31045532226562
20180621_sample_8,Pvalb,48.76242391765118,70.27394104003906,70.27394104003906
20180628_sample_2,Pvalb,68.18087585270405,76.15038299560547,76.15038299560547
20180628_sample_3,Pvalb,58.03002044558525,74.34791564941406,74.34791564941406
20180628_sample_4,low quality,58.8576216250658,81.85924530029297,81.85924530029297
20180628_sample_6,Pvalb,69.95398923754692,69.17825317382812,69.17825317382812
20180628_sample_7,Lamp5,74.99665021896362,84.51054382324219,84.51054382324219
20180703_sample_1,Pvalb,73.5081247985363,78.010009765625,78.010009765625
20180703_sample_2,IT,89.76751938462257,88.60118865966797,88.60118865966797
20180703_sample_3,low quality,90.3918333351612,79.74723815917969,79.74723815917969
20180704_sample_1,Pvalb,63.275450840592384,73.09779357910156,73.09779357910156
20180704_sample_2,Pvalb,71.6162659227848,69.2831802368164,69.2831802368164
20180704_sample_3,Pvalb,62.60566599667072,73.93543243408203,73.93543243408203
20180704_sample_4,IT,92.74689853191376,91.95489501953125,91.95489501953125
20180704_sample_5,Pvalb,63.50659765303135,72.81026458740234,72.81026458740234
20180705_sample_1,Pvalb,76.47163607180119,74.48343658447266,74.48343658447266
20180705_sample_4,Pvalb,74.23965260386467,70.37147521972656,70.37147521972656
20180709_sample_2,IT,89.75828438997269,91.13316345214844,91.13316345214844
20180709_sample_3,Lamp5,73.8082155585289,75.87361145019531,75.87361145019531
20180709_sample_4,IT,89.23959732055664,88.54042053222656,88.54042053222656
20180709_sample_6,IT,88.01422640681267,81.53350067138672,81.53350067138672
20180710_sample_1,Pvalb,72.30186462402344,81.70482635498047,81.70482635498047
20180710_sample_2,Pvalb,60.16158685088158,68.03628540039062,68.03628540039062
20180710_sample_3,Pvalb,73.71238619089127,71.03167724609375,71.03167724609375
20180710_sample_5,Pvalb,65.36898948252201,67.92031860351562,67.92031860351562
20180711_sample_1,Pvalb,68.10126826167107,73.14191436767578,73.14191436767578
20180711_sample_2,Sst,88.31312879920006,84.32846069335938,84.32846069335938
20180711_sample_3,Sst,83.63693952560425,83.00013732910156,83.00013732910156
20180711_sample_4,Sst,87.73492649197578,88.10112762451172,88.10112762451172
20180712_sample_2,low quality,60.62894873321056,82.03117370605469,82.03117370605469
20180712_sample_3,Sncg,78.11001315712929,87.1099624633789,87.1099624633789
20180712_sample_5,Pvalb,70.09867578744888,79.38092803955078,79.38092803955078
20180712_sample_11,Pvalb,51.7217330634594,73.79525756835938,73.79525756835938
20180712_sample_12,Pvalb,76.15662179887295,66.78190612792969,66.78190612792969
20180712_sample_13,IT,85.71524173021317,90.16436767578125,90.16436767578125
20180712_sample_14,Pvalb,67.00249575078487,69.13763427734375,69.13763427734375
20180712_sample_15,Pvalb,71.65496610105038,66.54104614257812,66.54104614257812
20180717_sample_1,Pvalb,76.0747566819191,75.18000793457031,75.18000793457031
20180717_sample_2,Lamp5,89.650459587574,81.85746765136719,81.85746765136719
20180717_sample_3,Pvalb,66.61725789308548,73.22795867919922,73.22795867919922
20180717_sample_4,Pvalb,65.79107232391834,70.0712661743164,70.0712661743164
20180717_sample_6,Pvalb,72.23345898091793,71.89627075195312,71.89627075195312
20180717_sample_7,ET,87.5682570040226,86.44619750976562,86.44619750976562
20180718_sample_2,Pvalb,72.14999757707119,70.81697082519531,70.81697082519531
20180718_sample_3,Pvalb,73.98795336484909,74.685791015625,74.685791015625
20180718_sample_4,Pvalb,75.19057393074036,72.9297103881836,72.9297103881836
20180719_sample_1,Pvalb,78.18632572889328,67.20381164550781,67.20381164550781
20180719_sample_4,Pvalb,70.7276463508606,69.80044555664062,69.80044555664062
20180720_sample_2,Sncg,89.548509567976,82.8882827758789,82.8882827758789
20180720_sample_3,Pvalb,75.34469664096832,73.69015502929688,73.69015502929688
20180720_sample_5,Lamp5,68.78877989947796,74.89765167236328,74.89765167236328
20180725_sample_3,IT,86.70781180262566,85.78362274169922,85.78362274169922
20180725_sample_4,low quality,92.474065721035,83.86532592773438,83.86532592773438
20180725_sample_6,Pvalb,58.71840380132198,73.35658264160156,73.35658264160156
20180725_sample_7,IT,84.2991340905428,90.74623107910156,90.74623107910156
20180725_sample_9,Lamp5,59.46622602641583,79.36849975585938,79.36849975585938
20180726_sample_3,Pvalb,72.79549911618233,71.45846557617188,71.45846557617188
20180726_sample_4,Pvalb,75.43018460273743,69.77326965332031,69.77326965332031
20180726_sample_5,Pvalb,65.46937860548496,74.70233917236328,74.70233917236328
20180726_sample_6,Pvalb,69.56142745912075,74.99720001220703,74.99720001220703
20180726_sample_7,Pvalb,67.1868845820427,73.65885162353516,73.65885162353516
20180817_sample_2,Pvalb,53.893253207206726,68.74273681640625,68.74273681640625
20180817_sample_3,Pvalb,42.72043891251087,68.05565643310547,68.05565643310547
20180817_sample_4,Pvalb,77.0476907491684,71.53793334960938,71.53793334960938
20180817_sample_5,Pvalb,72.51262292265892,76.91448974609375,76.91448974609375
20180817_sample_6,IT,84.82567220926285,87.25511169433594,87.25511169433594
20180817_sample_7,Pvalb,66.14776886999607,69.85303497314453,69.85303497314453
20180820_sample_1,Sst,71.0799302905798,80.01293182373047,80.01293182373047
20180820_sample_2,IT,92.2188051044941,91.62272644042969,91.62272644042969
20180820_sample_3,Sst,82.47614651918411,82.4178237915039,82.4178237915039
20180820_sample_4,Sst,87.30059862136841,82.5577621459961,82.5577621459961
20180820_sample_5,Sst,60.55087223649025,80.4490966796875,80.4490966796875
20180820_sample_6,IT,90.77879786491394,91.08380126953125,91.08380126953125
20180820_sample_7,Sst,51.18114501237869,72.54549407958984,72.54549407958984
20180822_sample_1,Pvalb,67.51974858343601,72.60238647460938,72.60238647460938
20180822_sample_2,Pvalb,72.45942205190659,69.5798568725586,69.5798568725586
20180822_sample_3,Pvalb,41.94128978997469,75.16494750976562,75.16494750976562
20180822_sample_4,Pvalb,79.36432585120201,74.56924438476562,74.56924438476562
20180822_sample_6,Pvalb,71.7204287648201,69.47511291503906,69.47511291503906
20180822_sample_7,Pvalb,71.94321602582932,70.43333435058594,70.43333435058594
20180828_sample_2,Pvalb,67.9281372576952,70.65087890625,70.65087890625
20180828_sample_3,Pvalb,69.32239048182964,71.58160400390625,71.58160400390625
20180828_sample_4,IT,87.921854108572,87.69575500488281,87.69575500488281
20180828_sample_5,Pvalb,61.2096767872572,72.01597595214844,72.01597595214844
20180828_sample_6,Pvalb,70.32652199268341,66.68643188476562,66.68643188476562
20180828_sample_7,low quality,89.42839875817299,84.2479476928711,84.2479476928711
20180828_sample_8,IT,95.9230549633503,89.56086730957031,89.56086730957031
20180829_sample_1,Sst,79.60300520062447,81.92457580566406,81.92457580566406
20180829_sample_2,Sst,91.39162302017212,82.91497039794922,82.91497039794922
20180829_sample_3,Sst,78.93406040966511,85.16928100585938,85.16928100585938
20180829_sample_4,Sst,90.9189060330391,82.83233642578125,82.83233642578125
20180829_sample_5,Sst,80.32406307756901,77.41532897949219,77.41532897949219
20180829_sample_6,Sst,80.90867102146149,81.60832977294922,81.60832977294922
20180829_sample_7,Sst,76.08122006058693,81.25756072998047,81.25756072998047
20180829_sample_8,IT,87.75929734110832,88.22357177734375,88.22357177734375
20180830_sample_1,Pvalb,70.63889876008034,82.5555191040039,82.5555191040039
20180830_sample_2,Pvalb,77.5396041572094,72.75714111328125,72.75714111328125
20180830_sample_5,Pvalb,65.15251658856869,69.8929443359375,69.8929443359375
20180830_sample_6,Pvalb,81.01353794336319,70.76074981689453,70.76074981689453
20180904_sample_1,Pvalb,75.51344484090805,72.49093627929688,72.49093627929688
20180904_sample_2,Pvalb,68.72247532010078,69.52979278564453,69.52979278564453
20180904_sample_3,Pvalb,73.35451245307922,68.71405792236328,68.71405792236328
20180904_sample_4,Pvalb,71.13175839185715,70.2488021850586,70.2488021850586
20180904_sample_5,Pvalb,62.38172762095928,74.1475601196289,74.1475601196289
20180904_sample_6,Pvalb,73.67852702736855,72.16503143310547,72.16503143310547
20180904_sample_7,Pvalb,46.66248336434364,69.41629028320312,69.41629028320312
20180904_sample_9,Pvalb,68.8647385686636,70.51878356933594,70.51878356933594
20180905_sample_1,Sst,74.7741386294365,84.83424377441406,84.83424377441406
20180905_sample_2,Sst,81.58191293478012,79.69268798828125,79.69268798828125
20180910_sample_2,Sst,86.23669669032097,85.7568359375,85.7568359375
20180910_sample_3,Sst,75.78277215361595,84.08826446533203,84.08826446533203
20180911_sample_1,Sst,79.05552536249161,81.35824584960938,81.35824584960938
20180911_sample_2,Sst,88.51072937250137,82.14456939697266,82.14456939697266
20180911_sample_3,Sst,73.92795383930206,82.93970489501953,82.93970489501953
20180911_sample_5,Sst,67.90295988321304,84.8751449584961,84.8751449584961
20180911_sample_6,Sst,93.37875247001648,77.41311645507812,77.41311645507812
20180912_sample_2,Pvalb,61.35168299078941,71.19935607910156,71.19935607910156
20180912_sample_3,Pvalb,54.52664103358984,71.73152923583984,71.73152923583984
20180912_sample_6,Pvalb,57.920871302485466,68.22865295410156,68.22865295410156
20180913_sample_2,low quality,90.66513925790788,81.41565704345703,81.41565704345703
20180917_sample_1,Sst,83.0070748925209,86.83905792236328,86.83905792236328
20180917_sample_2,Pvalb,79.81842756271362,75.58345031738281,75.58345031738281
20180917_sample_3,IT,91.78993478417397,90.51018524169922,90.51018524169922
20180917_sample_4,Pvalb,60.21853722631931,72.6778564453125,72.6778564453125
20180917_sample_5,Sst,86.27951890230179,81.72383880615234,81.72383880615234
20180918_sample_1,Vip,75.5690410733223,79.748291015625,79.748291015625
20180918_sample_2,Vip,86.73293888568878,84.45938110351562,84.45938110351562
20180918_sample_3,Vip,80.27533069252968,89.08568572998047,89.08568572998047
20180920_sample_1,low quality,71.31113857030869,81.07035827636719,81.07035827636719
20180920_sample_2,Pvalb,75.45290142297745,71.14726257324219,71.14726257324219
20180920_sample_3,Pvalb,73.14194738864899,68.13761901855469,68.13761901855469
20180920_sample_4,Pvalb,70.1559130102396,69.09064483642578,69.09064483642578
20180921_sample_1,low quality,76.2822050601244,85.46759033203125,85.46759033203125
20180921_sample_2,Pvalb,73.46101105213165,67.75467681884766,67.75467681884766
20180921_sample_3,Pvalb,81.8498320877552,72.3297348022461,72.3297348022461
20180925_sample_9,Pvalb,68.84156540036201,73.8251724243164,73.8251724243164
20180926_sample_1,Pvalb,58.87141078710556,70.28105926513672,70.28105926513672
20180926_sample_3,Pvalb,68.8474215567112,71.42560577392578,71.42560577392578
20180926_sample_4,low quality,69.12168115377426,83.43978118896484,83.43978118896484
20180926_sample_7,Pvalb,55.15125393867493,67.7170639038086,67.7170639038086
20180926_sample_9,IT,86.84278465807438,91.0255355834961,91.0255355834961
20180927_sample_1,Pvalb,69.17916983366013,67.57329559326172,67.57329559326172
20180927_sample_2,Pvalb,74.1024762392044,72.48170471191406,72.48170471191406
20180927_sample_3,low quality,64.47382271289825,79.11090087890625,79.11090087890625
20180927_sample_4,Pvalb,75.3876343369484,67.74432373046875,67.74432373046875
20180927_sample_5,Pvalb,71.26464694738388,69.97323608398438,69.97323608398438
20180927_sample_7,Pvalb,50.544094294309616,67.35968017578125,67.35968017578125
20180927_sample_9,IT,90.6199924647808,91.42711639404297,91.42711639404297
20180927_sample_10,low quality,75.18665120005608,83.02450561523438,83.02450561523438
20181002_sample_1,low quality,70.92264294624329,80.00762939453125,80.00762939453125
20181002_sample_2,Pvalb,73.55144619941711,67.77098083496094,67.77098083496094
20181002_sample_3,Pvalb,67.8098313510418,69.8294448852539,69.8294448852539
20181002_sample_4,Pvalb,80.17195388674736,79.16107177734375,79.16107177734375
20181002_sample_5,Pvalb,61.254993081092834,67.67515563964844,67.67515563964844
20181002_sample_6,Pvalb,85.52628755569458,71.13053894042969,71.13053894042969
20181002_sample_7,IT,90.41282534599304,89.61405944824219,89.61405944824219
20181002_sample_8,Pvalb,73.23465496301651,71.85012817382812,71.85012817382812
20181002_sample_9,Sst,58.52203629910946,69.21520233154297,69.21520233154297
20181002_sample_10,Pvalb,56.67545087635517,68.16190338134766,68.16190338134766
20181003_sample_1,low quality,71.35990262031555,84.76924133300781,84.76924133300781
20181003_sample_2,Sst,73.43336567282677,89.52507019042969,89.52507019042969
20181003_sample_3,Sst,79.42638918757439,83.14629364013672,83.14629364013672
20181003_sample_4,Sst,87.95200288295746,78.84004974365234,78.84004974365234
20181003_sample_5,Sst,80.24235814809799,87.76194763183594,87.76194763183594
20181003_sample_6,Sst,90.26427194476128,87.66407775878906,87.66407775878906
20181003_sample_7,Sst,68.07846203446388,79.70661926269531,79.70661926269531
20181003_sample_8,Sst,87.1727243065834,80.61647033691406,80.61647033691406
20181003_sample_9,Sst,60.64131297171116,69.55451965332031,69.55451965332031
20181003_sample_10,Sst,76.42195373773575,76.38928985595703,76.38928985595703
20181004_sample_1,low quality,82.4127271771431,78.56021881103516,78.56021881103516
20181004_sample_3,Sst,70.7519855350256,77.32036590576172,77.32036590576172
20181004_sample_5,Sst,56.385306641459465,78.38212585449219,78.38212585449219
20181004_sample_6,Sst,88.38270232081413,85.73406219482422,85.73406219482422
20181004_sample_8,Sst,65.85603207349777,70.31317138671875,70.31317138671875
20181009_sample_2,Sst,78.08304578065872,79.22673797607422,79.22673797607422
20181009_sample_3,Sst,82.15690776705742,82.14469146728516,82.14469146728516
20181009_sample_4,Sst,83.81949551403522,77.96340942382812,77.96340942382812
20181009_sample_5,Sst,77.67233997583389,81.89790344238281,81.89790344238281
20181009_sample_6,IT,93.77593547105788,92.14981842041016,92.14981842041016
20181009_sample_7,Sst,87.15135976672173,80.53473663330078,80.53473663330078
20181010_sample_1,Sst,67.67860427498817,73.63505554199219,73.63505554199219
20181010_sample_3,Sst,75.67954808473587,83.52604675292969,83.52604675292969
20181010_sample_4,Sst,82.53918588161469,84.8265609741211,84.8265609741211
20181010_sample_5,IT,86.75352670252323,90.19314575195312,90.19314575195312
20181010_sample_6,Sst,90.63956514000893,84.72840881347656,84.72840881347656
20181010_sample_8,Sst,87.6193456351757,82.42341613769531,82.42341613769531
20181010_sample_10,Sst,75.85882395505905,79.37191772460938,79.37191772460938
20181011_sample_3,Sst,65.67974016070366,73.58541870117188,73.58541870117188
20181011_sample_4,Sst,92.26950630545616,84.41024017333984,84.41024017333984
20181011_sample_8,Sst,78.49634438753128,78.89163970947266,78.89163970947266
20181011_sample_9,Sst,82.69445598125458,78.6679916381836,78.6679916381836
20181011_sample_10,Sst,91.05299785733224,70.56108093261719,70.56108093261719
20181109_sample_1,Sst,83.8797576725483,84.71163940429688,84.71163940429688
20181109_sample_2,Sst,74.29692521691322,82.06317901611328,82.06317901611328
20181109_sample_3,Sst,81.01269975304604,84.9776840209961,84.9776840209961
20181109_sample_5,Sst,90.95927700400352,79.9364013671875,79.9364013671875
20181109_sample_7,Sst,82.60852470993996,85.05067443847656,85.05067443847656
20181109_sample_8,Sst,84.36572924256325,82.31269836425781,82.31269836425781
20181109_sample_9,Sst,88.09943869709969,83.28811645507812,83.28811645507812
20181109_sample_10,Sst,107.73680731654169,80.53887939453125,80.53887939453125
20181112_sample_1,low quality,87.66088634729385,86.78943634033203,86.78943634033203
20181112_sample_4,Sst,91.70500189065932,74.39051055908203,74.39051055908203
20181112_sample_5,low quality,86.52636036276817,85.91000366210938,85.91000366210938
20181112_sample_6,Sst,76.98080316185951,82.48319244384766,82.48319244384766
20181112_sample_8,Sst,75.03237947821617,78.86668395996094,78.86668395996094
20181112_sample_11,Sst,81.17250725626945,78.01876831054688,78.01876831054688
20181114_sample_1,Pvalb,69.91182267665863,76.51791381835938,76.51791381835938
20181114_sample_2,Pvalb,74.14822280406952,76.33370971679688,76.33370971679688
20181114_sample_4,Pvalb,64.66951221227646,80.69535064697266,80.69535064697266
20181116_sample_2,Pvalb,74.69624280929565,70.83810424804688,70.83810424804688
20181116_sample_3,Pvalb,44.03705522418022,74.59678649902344,74.59678649902344
20181116_sample_4,Pvalb,74.69624280929565,67.88050079345703,67.88050079345703
20181116_sample_5,Pvalb,59.8294772207737,74.99198150634766,74.99198150634766
20181116_sample_7,low quality,62.235428020358086,80.54376220703125,80.54376220703125
20181116_sample_10,low quality,67.95520521700382,82.16363525390625,82.16363525390625
20181116_sample_12,Pvalb,68.15643794834614,69.45823669433594,69.45823669433594
20181121_sample_1,Sst,96.07882425189018,91.33973693847656,91.33973693847656
20181121_sample_2,Sst,89.22629803419113,78.96735382080078,78.96735382080078
20181121_sample_3,Pvalb,67.91084259748459,71.74380493164062,71.74380493164062
20181121_sample_4,low quality,90.79964458942412,81.16168212890625,81.16168212890625
20181121_sample_5,Sst,85.30665189027786,81.13545227050781,81.13545227050781
20181121_sample_6,Sst,77.32737436890602,75.8736572265625,75.8736572265625
20181121_sample_7,Sst,91.7113907635212,86.62034606933594,86.62034606933594
20181126_sample_2,Sst,87.4478779733181,76.80846405029297,76.80846405029297
20181126_sample_6,Sst,80.32946661114693,81.5808334350586,81.5808334350586
20181127_sample_1,Sst,90.28110280632971,83.9124984741211,83.9124984741211
20181127_sample_3,Sst,94.40571442246436,84.46781158447266,84.46781158447266
20181127_sample_4,Sst,88.23691681027412,84.92010498046875,84.92010498046875
20181127_sample_5,Sst,89.51395750045776,85.9345932006836,85.9345932006836
20181127_sample_7,Sst,89.60648998618126,79.43882751464844,79.43882751464844
20181129_sample_1,Sst,82.89729803800583,80.80619049072266,80.80619049072266
20181129_sample_2,low quality,96.12744674086572,81.6401596069336,81.6401596069336
20181129_sample_3,Sst,88.1827250123024,81.05818176269531,81.05818176269531
20181129_sample_4,Sst,93.8141532242298,88.8932876586914,88.8932876586914
20181129_sample_5,Sst,86.45636960864067,76.8330307006836,76.8330307006836
20181129_sample_6,Sst,82.2267048060894,84.2608871459961,84.2608871459961
20181203_sample_2,Sst,87.56098523736,85.37702178955078,85.37702178955078
20181203_sample_3,Sst,84.65743064880371,84.61062622070312,84.61062622070312
20181203_sample_4,Sst,86.90053597092628,88.7720718383789,88.7720718383789
20181203_sample_5,Sst,97.0180407166481,82.3083724975586,82.3083724975586
20181203_sample_6,Pvalb,72.46660441160202,79.13273620605469,79.13273620605469
20181203_sample_7,Sst,91.36196598410606,86.12764739990234,86.12764739990234
20181203_sample_8,Sst,88.3994847536087,78.34024810791016,78.34024810791016
20181203_sample_9,Sst,93.71811151504517,84.97216796875,84.97216796875
20181203_sample_10,low quality,84.10017564892769,76.44585418701172,76.44585418701172
20181205_sample_1,Sst,96.81878611445428,83.3296127319336,83.3296127319336
20181205_sample_2,Sst,91.2231169641018,78.58769226074219,78.58769226074219
20181207_sample_1,Pvalb,59.11475233733654,72.67569732666016,72.67569732666016
20181207_sample_2,Pvalb,76.94757357239723,75.21749877929688,75.21749877929688
20181207_sample_3,Pvalb,75.34616068005562,74.34651184082031,74.34651184082031
20181207_sample_4,Pvalb,70.65074145793915,68.7340087890625,68.7340087890625
20181207_sample_5,Pvalb,59.49666537344456,73.6337661743164,73.6337661743164
20181207_sample_6,low quality,76.10784098505974,81.68392944335938,81.68392944335938
20181207_sample_7,Pvalb,75.57920180261135,76.92710876464844,76.92710876464844
20181208_sample_1,low quality,64.09322284162045,90.32046508789062,90.32046508789062
20181208_sample_2,Sst,91.11664816737176,79.7457504272461,79.7457504272461
20181208_sample_3,Sst,87.80569210648537,86.56253814697266,86.56253814697266
20181208_sample_4,Sst,94.79834139347076,78.72682189941406,78.72682189941406
20181208_sample_5,Sst,94.11324560642242,86.01252746582031,86.01252746582031
20181208_sample_6,Sst,94.05487030744553,78.52161407470703,78.52161407470703
20181208_sample_7,Sst,81.0643695294857,83.66739654541016,83.66739654541016
20181208_sample_8,Sst,82.04088732600212,79.37079620361328,79.37079620361328
20181208_sample_9,Sst,80.28149604797363,82.40186309814453,82.40186309814453
20181208_sample_10,Sst,86.42473071813583,78.511474609375,78.511474609375
20181211_sample_1,CT,91.32495895028114,85.74620056152344,85.74620056152344
20181211_sample_2,Pvalb,69.75822523236275,73.41075134277344,73.41075134277344
20181211_sample_4,Pvalb,67.40245781838894,74.65609741210938,74.65609741210938
20181211_sample_5,low quality,72.25754670798779,81.40927124023438,81.40927124023438
20181211_sample_6,Pvalb,68.12426820397377,72.70077514648438,72.70077514648438
20181211_sample_7,Pvalb,78.40195298194885,77.05896759033203,77.05896759033203
20181211_sample_8,Pvalb,77.48255878686905,75.10737609863281,75.10737609863281
20181211_sample_9,Pvalb,72.56659865379333,75.37151336669922,75.37151336669922
20181213_sample_1,Sst,81.88975229859352,80.75047302246094,80.75047302246094
20181213_sample_2,Sst,68.63627955317497,78.13953399658203,78.13953399658203
20181213_sample_3,Sst,76.02759450674057,79.57095336914062,79.57095336914062
20181213_sample_4,Sst,92.17436611652374,83.20978546142578,83.20978546142578
20181213_sample_5,IT,87.9376120865345,91.83364868164062,91.83364868164062
20181213_sample_6,Sst,85.02447232604027,76.40702819824219,76.40702819824219
20181213_sample_7,Sst,82.86075294017792,79.44635772705078,79.44635772705078
20181214_sample_1,low quality,87.72683516144753,76.58484649658203,76.58484649658203
20181214_sample_2,Sst,86.75648644566536,82.14466857910156,82.14466857910156
20190108_sample_1,Pvalb,61.500029638409615,67.45950317382812,67.45950317382812
20190108_sample_2,Vip,75.92645287513733,85.11753845214844,85.11753845214844
20190108_sample_3,IT,91.11148118972778,88.75827026367188,88.75827026367188
20190108_sample_5,Vip,73.31754826009274,79.6271743774414,79.6271743774414
20190108_sample_6,Lamp5,72.83802144229412,76.20303344726562,76.20303344726562
20190109_sample_2,Sst,85.34383773803711,77.99388885498047,77.99388885498047
20190110_sample_1,Sst,91.67829155921936,80.6604995727539,80.6604995727539
20190110_sample_3,Sst,83.52096006274223,79.3245849609375,79.3245849609375
20190110_sample_4,Sst,70.74876502156258,81.05219268798828,81.05219268798828
20190110_sample_6,IT,94.70657631754877,88.41675567626953,88.41675567626953
20190110_sample_7,IT,85.90000122785568,86.46131896972656,86.46131896972656
20190117_sample_1,Vip,82.1413192898035,81.28900146484375,81.28900146484375
20190117_sample_2,IT,70.84060832858086,92.32339477539062,92.32339477539062
20190117_sample_3,Sst,75.8507251739502,83.83220672607422,83.83220672607422
20190117_sample_4,IT,90.00863507390022,86.56961059570312,86.56961059570312
20190117_sample_5,Sst,76.25202089548111,79.47929382324219,79.47929382324219
20190122_sample_1,Pvalb,62.91602924466133,71.31239318847656,71.31239318847656
20190122_sample_2,IT,71.44272327423096,92.02285766601562,92.02285766601562
20190122_sample_3,Pvalb,58.3289060741663,73.5042724609375,73.5042724609375
20190122_sample_5,Pvalb,65.73900207877159,72.42420959472656,72.42420959472656
20190122_sample_6,IT,60.7387125492096,93.09754180908203,93.09754180908203
20190122_sample_9,Pvalb,59.0684786438942,81.43401336669922,81.43401336669922
20190122_sample_10,Pvalb,55.61588332056999,77.02005767822266,77.02005767822266
20190122_sample_11,low quality,57.933567091822624,81.63097381591797,81.63097381591797
20190122_sample_12,Pvalb,52.42161080241203,74.20816802978516,74.20816802978516
20190122_sample_13,Pvalb,78.53172719478607,69.664306640625,69.664306640625
20190122_sample_14,Pvalb,62.69560009241104,76.77539825439453,76.77539825439453
20190122_sample_16,Pvalb,69.23428736627102,66.44294738769531,66.44294738769531
20190122_sample_17,Pvalb,76.10583677887917,72.53361511230469,72.53361511230469
20190123_sample_5,Pvalb,56.114690378308296,72.90208435058594,72.90208435058594
20190123_sample_7,Pvalb,80.62400668859482,74.0208969116211,74.0208969116211
20190123_sample_8,Pvalb,82.07651600241661,70.84895324707031,70.84895324707031
20190124_sample_4,Pvalb,75.73869451880455,74.32251739501953,74.32251739501953
20190128_sample_2,Pvalb,43.516311794519424,67.73914337158203,67.73914337158203
20190128_sample_3,low quality,64.1009472310543,80.92382049560547,80.92382049560547
20190128_sample_4,Pvalb,68.397656083107,73.39232635498047,73.39232635498047
20190128_sample_6,Lamp5,78.13877239823341,80.06942749023438,80.06942749023438
20190128_sample_7,Pvalb,63.32712061703205,72.91090393066406,72.91090393066406
20190128_sample_11,Pvalb,81.20493590831757,82.64219665527344,82.64219665527344
20190128_sample_12,Pvalb,80.52735030651093,66.82315826416016,66.82315826416016
20190130_sample_2,low quality,71.67911902070045,81.57089233398438,81.57089233398438
20190130_sample_3,Lamp5,80.93930035829544,77.68973541259766,77.68973541259766
20190130_sample_6,Pvalb,67.74996221065521,72.52119445800781,72.52119445800781
20190130_sample_8,CT,93.2642538100481,87.0550765991211,87.0550765991211
20190130_sample_9,Sst,75.9996809065342,78.63394165039062,78.63394165039062
20190130_sample_10,Sst,72.67500087618828,82.27818298339844,82.27818298339844
20190130_sample_15,Pvalb,74.87925887107849,70.09286499023438,70.09286499023438
20190130_sample_17,Sst,73.78264516592026,82.77281951904297,82.77281951904297
20190130_sample_18,Sst,71.19802758097649,78.25491333007812,78.25491333007812
20190131_sample_1,Sst,84.69193615019321,81.87178802490234,81.87178802490234
20190131_sample_3,Pvalb,56.75450526177883,76.93096160888672,76.93096160888672
20190131_sample_4,Sst,71.1174625903368,83.1648178100586,83.1648178100586
20190131_sample_5,Sst,73.8520696759224,72.10538482666016,72.10538482666016
20190131_sample_6,Sst,76.86975970864296,77.19535827636719,77.19535827636719
20190131_sample_10,Sst,78.96247506141663,77.07889556884766,77.07889556884766
20190201_sample_2,Pvalb,60.40351837873459,72.11260223388672,72.11260223388672
20190201_sample_3,Pvalb,69.62521374225616,74.20747375488281,74.20747375488281
20190201_sample_4,Pvalb,61.37713976204395,67.92803955078125,67.92803955078125
20190201_sample_7,Pvalb,65.13501890003681,80.83270263671875,80.83270263671875
20190201_sample_8,Pvalb,69.01605427265167,74.50489044189453,74.50489044189453
20190201_sample_10,Pvalb,69.64103691279888,75.58967590332031,75.58967590332031
20190204_sample_1,Sst,71.35624252259731,80.07852935791016,80.07852935791016
20190204_sample_2,CT,80.24139702320099,87.03115844726562,87.03115844726562
20190204_sample_4,Sst,86.01600676774979,80.31094360351562,80.31094360351562
20190204_sample_5,Sst,74.84593614935875,82.99702453613281,82.99702453613281
20190204_sample_6,Sst,78.55420559644699,84.15715026855469,84.15715026855469
20190204_sample_7,Pvalb,64.3570851534605,70.9594955444336,70.9594955444336
20190204_sample_8,Pvalb,70.41541486978531,73.0785140991211,73.0785140991211
20190204_sample_9,Pvalb,59.332093223929405,71.42440795898438,71.42440795898438
20190204_sample_10,Pvalb,59.379005804657936,68.8896484375,68.8896484375
20190204_sample_11,Sst,81.099983304739,79.78045654296875,79.78045654296875
20190204_sample_14,Sst,73.24637100100517,77.40153503417969,77.40153503417969
20190204_sample_15,Sst,76.2857124209404,77.97265625,77.97265625
20190204_sample_16,Sst,80.62806725502014,79.10143280029297,79.10143280029297
20190204_sample_17,Sst,82.54886418581009,80.65262603759766,80.65262603759766
20190204_sample_18,Sst,79.80620861053467,83.415283203125,83.415283203125
20190204_sample_19,low quality,79.75251600146294,77.56295776367188,77.56295776367188
20190204_sample_20,low quality,68.49057599902153,80.98804473876953,80.98804473876953
20190204_sample_21,Pvalb,61.66628189384937,72.78564453125,72.78564453125
20190204_sample_22,IT,89.36270140111446,88.01216888427734,88.01216888427734
20190204_sample_24,CT,88.14286813139915,91.9891357421875,91.9891357421875
20190205_sample_1,Pvalb,84.38947051763535,77.95025634765625,77.95025634765625
20190205_sample_2,Sst,84.54042673110962,81.95142364501953,81.95142364501953
20190205_sample_3,low quality,76.349176466465,82.7397232055664,82.7397232055664
20190205_sample_4,Sst,82.5708881020546,81.18004608154297,81.18004608154297
20190205_sample_5,Sst,85.93536540865898,84.9837875366211,84.9837875366211
20190205_sample_6,Sst,74.42037016153336,78.15045166015625,78.15045166015625
20190205_sample_7,Pvalb,64.84530866146088,71.6054458618164,71.6054458618164
20190211_sample_1,Pvalb,77.44389027357101,68.11305236816406,68.11305236816406
20190211_sample_2,IT,83.2475982606411,92.723876953125,92.723876953125
20190211_sample_3,Pvalb,69.10249218344688,74.8114013671875,74.8114013671875
20190211_sample_4,IT,85.9408974647522,89.40833282470703,89.40833282470703
20190211_sample_6,Pvalb,67.20800325274467,67.89913940429688,67.89913940429688
20190211_sample_8,Pvalb,73.52657616138458,83.2816390991211,83.2816390991211
20190211_sample_9,Pvalb,65.24720601737499,71.90898132324219,71.90898132324219
20190211_sample_11,Pvalb,68.15249845385551,76.57014465332031,76.57014465332031
20190211_sample_12,low quality,69.80433687567711,81.2651138305664,81.2651138305664
20190212_sample_1,Sst,77.20937952399254,78.28385925292969,78.28385925292969
20190212_sample_4,Sst,75.24784281849861,83.42395782470703,83.42395782470703
20190212_sample_5,Sst,86.87775954604149,82.92224884033203,82.92224884033203
20190212_sample_6,Sst,88.63542973995209,81.41014862060547,81.41014862060547
20190212_sample_7,Sst,87.8821611404419,83.41445922851562,83.41445922851562
20190212_sample_8,Sst,84.851935505867,80.05168914794922,80.05168914794922
20190213_sample_1,Pvalb,73.49205389618874,70.93978881835938,70.93978881835938
20190213_sample_4,Pvalb,58.44944342970848,70.93148040771484,70.93148040771484
20190213_sample_7,Pvalb,78.9974294602871,69.48469543457031,69.48469543457031
20190213_sample_8,Pvalb,63.87201882898808,68.57958221435547,68.57958221435547
20190214_sample_1,Pvalb,69.64459456503391,75.91799926757812,75.91799926757812
20190214_sample_2,Pvalb,64.69228863716125,75.10303497314453,75.10303497314453
20190214_sample_3,Pvalb,64.89905342459679,73.91130065917969,73.91130065917969
20190214_sample_6,Pvalb,42.85773262381554,75.06771850585938,75.06771850585938
20190214_sample_9,Pvalb,68.94219294190407,72.19580841064453,72.19580841064453
20190218_sample_3,Sst,90.59863537549973,82.57487487792969,82.57487487792969
20190218_sample_4,Sst,83.28337967395782,83.17365264892578,83.17365264892578
20190218_sample_5,Sst,75.82758367061615,79.9186019897461,79.9186019897461
20190219_sample_1,Vip,94.24768015742302,85.36499786376953,85.36499786376953
20190219_sample_3,Sncg,87.76741847395897,83.30840301513672,83.30840301513672
20190219_sample_4,Vip,86.17333695292473,84.20285034179688,84.20285034179688
20190219_sample_7,Vip,83.91285687685013,84.3492431640625,84.3492431640625
20190219_sample_8,IT,94.58117932081224,84.00526428222656,84.00526428222656
20190221_sample_1,Sst,64.09190967679024,81.2871322631836,81.2871322631836
20190221_sample_2,Sst,72.18155264854431,81.37767791748047,81.37767791748047
20190221_sample_4,Sst,60.65128557384014,77.407958984375,77.407958984375
20190221_sample_10,Sst,77.28859409689903,76.01835632324219,76.01835632324219
20190221_sample_11,Pvalb,67.11445748806,68.9634780883789,68.9634780883789
20190222_sample_2,CT,79.11454699933529,88.92351531982422,88.92351531982422
20190222_sample_3,IT,93.36332976818083,90.60767364501953,90.60767364501953
20190222_sample_4,CT,97.15916216373444,88.41384887695312,88.41384887695312
20190222_sample_5,CT,78.25144939124584,90.18756103515625,90.18756103515625
20190222_sample_7,Vip,77.86186039447784,76.18899536132812,76.18899536132812
20190222_sample_8,IT,91.47126600146294,92.23397827148438,92.23397827148438
20190226_sample_1,Pvalb,74.41053539514542,75.41505432128906,75.41505432128906
20190226_sample_2,Lamp5,76.56639255583286,80.02981567382812,80.02981567382812
20190226_sample_3,CT,85.27701534330845,88.35797882080078,88.35797882080078
20190226_sample_5,IT,80.38515597581863,88.78271484375,88.78271484375
20190226_sample_6,IT,91.77589789032936,86.51165771484375,86.51165771484375
20190226_sample_7,Lamp5,88.25407922267914,80.1996078491211,80.1996078491211
20190226_sample_9,Pvalb,64.53191302716732,72.26087188720703,72.26087188720703
20190227_sample_1,Sst,81.19979873299599,80.42729949951172,80.42729949951172
20190227_sample_2,Sst,74.42209869623184,77.89562225341797,77.89562225341797
20190227_sample_3,Sst,74.86415654420853,78.9551010131836,78.9551010131836
20190227_sample_4,Sst,91.49758145213129,84.01586151123047,84.01586151123047
20190227_sample_5,Sst,81.82083815336227,80.11824798583984,80.11824798583984
20190227_sample_6,Sst,83.76537263393402,82.88904571533203,82.88904571533203
20190227_sample_7,Pvalb,66.97503663599491,73.72415161132812,73.72415161132812
20190318_sample_3,Sst,79.79261502623558,77.11331176757812,77.11331176757812
20190318_sample_4,Sst,83.19851756095886,74.8772964477539,74.8772964477539
20190318_sample_5,Sst,75.02164132893085,81.20069122314453,81.20069122314453
20190318_sample_6,Sst,88.62888440489769,81.78076171875,81.78076171875
20190320_sample_4,IT,84.5920704305172,90.35408020019531,90.35408020019531
20190320_sample_5,CT,83.23248848319054,90.19284057617188,90.19284057617188
20190320_sample_6,CT,82.69401080906391,89.41366577148438,89.41366577148438
20190320_sample_9,IT,85.26246249675751,91.74566650390625,91.74566650390625
20190321_sample_2,low quality,86.06179803609848,89.71846008300781,89.71846008300781
20190321_sample_4,IT,99.99826550483704,92.9527816772461,92.9527816772461
20190321_sample_6,CT,83.31293612718582,90.37873840332031,90.37873840332031
20190322_sample_1,IT,87.79515698552132,91.59754943847656,91.59754943847656
20190322_sample_2,IT,92.71639585494997,90.52572631835938,90.52572631835938
20190322_sample_3,CT,70.9520522505045,88.72502136230469,88.72502136230469
20190322_sample_4,CT,91.0138487815857,87.27780151367188,87.27780151367188
20190325_sample_1,Lamp5,75.35040751099586,77.16230010986328,77.16230010986328
20190325_sample_2,low quality,74.59656521677971,84.03158569335938,84.03158569335938
20190325_sample_3,IT,84.54316481947899,92.15319061279297,92.15319061279297
20190325_sample_4,CT,83.68217013776302,89.77562713623047,89.77562713623047
20190325_sample_5,CT,87.09315024316311,90.38052368164062,90.38052368164062
20190325_sample_6,CT,93.13945472240448,85.58880615234375,85.58880615234375
20190325_sample_7,IT,82.34000764787197,92.8792953491211,92.8792953491211
20190325_sample_9,CT,85.29018610715866,88.86919403076172,88.86919403076172
20190326_sample_1,CT,79.65486869215965,88.78789520263672,88.78789520263672
20190326_sample_2,Vip,88.86945247650146,86.24463653564453,86.24463653564453
20190326_sample_3,Vip,94.89331021904944,85.09854888916016,85.09854888916016
20190326_sample_4,CT,93.1616723537445,87.61075592041016,87.61075592041016
20190327_sample_1,CT,87.66460418701172,91.63300323486328,91.63300323486328
20190327_sample_2,IT,91.1821499466896,90.36843872070312,90.36843872070312
20190327_sample_4,CT,89.23131972551346,89.96114349365234,89.96114349365234
20190327_sample_7,Vip,81.83619938790798,81.9964370727539,81.9964370727539
20190328_sample_1,CT,92.642392963171,83.16157531738281,83.16157531738281
20190328_sample_2,CT,80.53122088313103,86.4453125,86.4453125
20190328_sample_3,CT,95.67064419388772,90.69532775878906,90.69532775878906
20190328_sample_4,CT,84.85731482505798,89.09220886230469,89.09220886230469
20190328_sample_5,CT,77.33345404267311,90.7095947265625,90.7095947265625
20190328_sample_6,CT,79.87029105424881,86.65571594238281,86.65571594238281
20190328_sample_8,IT,84.9335603415966,90.09500122070312,90.09500122070312
20190328_sample_9,CT,95.28905153274536,85.64081573486328,85.64081573486328
20190329_sample_3,CT,80.64241707324982,87.48927307128906,87.48927307128906
20190329_sample_4,CT,78.55642959475517,92.83432006835938,92.83432006835938
20190329_sample_5,CT,80.79256862401962,85.6608657836914,85.6608657836914
20190402_sample_2,CT,84.66124162077904,90.44049835205078,90.44049835205078
20190402_sample_3,IT,88.94643187522888,87.53335571289062,87.53335571289062
20190402_sample_5,low quality,84.17326211929321,79.29544830322266,79.29544830322266
20190402_sample_6,Vip,83.49979668855667,84.38128662109375,84.38128662109375
20190403_sample_3,low quality,73.59538599848747,81.59199523925781,81.59199523925781
20190403_sample_5,IT,86.19694784283638,93.89733123779297,93.89733123779297
20190403_sample_6,Sst,78.8726918399334,78.251220703125,78.251220703125
20190403_sample_7,Sst,81.11663907766342,83.99771118164062,83.99771118164062
20190408_sample_1,Pvalb,62.522031366825104,71.18716430664062,71.18716430664062
20190408_sample_2,Sst,77.49702781438828,82.10537719726562,82.10537719726562
20190408_sample_5,Sst,73.2230544090271,81.2801513671875,81.2801513671875
20190408_sample_6,Sst,76.26180350780487,80.61394500732422,80.61394500732422
20190409_sample_2,low quality,73.1385201215744,82.68939971923828,82.68939971923828
20190409_sample_3,low quality,90.5023105442524,84.44715118408203,84.44715118408203
20190409_sample_4,Sst,89.95022624731064,85.23955535888672,85.23955535888672
20190409_sample_5,CT,83.26983451843262,89.67042541503906,89.67042541503906
20190409_sample_7,Sst,75.82852616906166,82.22030639648438,82.22030639648438
20190409_sample_8,CT,87.25356683135033,91.65447998046875,91.65447998046875
20190409_sample_9,IT,87.87432126700878,89.88861083984375,89.88861083984375
20190409_sample_10,CT,94.08621862530708,87.027587890625,87.027587890625
20190409_sample_11,IT,88.54580670595169,91.61736297607422,91.61736297607422
20190410_sample_3,CT,96.14389762282372,86.98884582519531,86.98884582519531
20190410_sample_4,Sst,80.22316545248032,81.59868621826172,81.59868621826172
20190410_sample_6,IT,94.53407861292362,88.40337371826172,88.40337371826172
20190410_sample_7,CT,95.71128338575365,86.23660278320312,86.23660278320312
20190410_sample_10,CT,92.55918487906456,83.04360961914062,83.04360961914062
20190411_sample_1,CT,94.63581442832948,92.01815795898438,92.01815795898438
20190411_sample_3,low quality,67.30474717915058,80.9966812133789,80.9966812133789
20190411_sample_5,CT,77.13204249739647,88.55126190185547,88.55126190185547
20190411_sample_6,Pvalb,64.43304196000099,70.05455017089844,70.05455017089844
20190411_sample_8,CT,91.46342426538467,89.97024536132812,89.97024536132812
20190412_sample_1,Pvalb,64.13283199071884,70.65776062011719,70.65776062011719
20190412_sample_3,IT,96.04007378220558,90.83250427246094,90.83250427246094
20190412_sample_6,Pvalb,79.7375738620758,77.4103012084961,77.4103012084961
20190415_sample_1,Pvalb,70.13487443327904,69.22959899902344,69.22959899902344
20190415_sample_3,CT,92.17743575572968,87.3400650024414,87.3400650024414
20190415_sample_4,IT,84.91148054599762,91.58815002441406,91.58815002441406
20190415_sample_6,CT,88.67596834897995,87.63674926757812,87.63674926757812
20190415_sample_8,Sst,98.75188395380974,77.6813735961914,77.6813735961914
20190415_sample_10,IT,93.33907812833786,92.76017761230469,92.76017761230469
20190416_sample_3,CT,85.9910137951374,92.33152770996094,92.33152770996094
20190416_sample_4,Pvalb,80.07996529340744,73.64337921142578,73.64337921142578
20190416_sample_5,Sst,82.40899816155434,84.94790649414062,84.94790649414062
20190416_sample_6,IT,91.24798327684402,87.96971893310547,87.96971893310547
20190416_sample_7,Sncg,87.3347781598568,84.12310791015625,84.12310791015625
20190416_sample_8,Pvalb,70.3493170440197,67.13346099853516,67.13346099853516
20190416_sample_9,IT,71.64989784359932,94.09591674804688,94.09591674804688
20190416_sample_10,CT,93.09175238013268,88.11548614501953,88.11548614501953
20190417_sample_2,CT,91.15064516663551,91.9439926147461,91.9439926147461
20190417_sample_3,CT,83.85783806443214,82.83245849609375,82.83245849609375
20190417_sample_4,Sst,86.5284763276577,75.2553482055664,75.2553482055664
20190417_sample_5,Sst,76.3992890715599,82.99554443359375,82.99554443359375
20190417_sample_9,CT,87.67540194094181,92.85064697265625,92.85064697265625
20190417_sample_10,Sst,80.94653859734535,88.32379913330078,88.32379913330078
20190418_sample_2,Sst,82.86372199654579,82.33795166015625,82.33795166015625
20190418_sample_4,CT,83.625927567482,88.90846252441406,88.90846252441406
20190418_sample_5,IT,95.32060101628304,92.56794738769531,92.56794738769531
20190418_sample_7,CT,92.46956557035446,88.67098999023438,88.67098999023438
20190418_sample_8,Pvalb,72.51263409852982,78.39205169677734,78.39205169677734
20190418_sample_9,CT,97.68320992588995,83.73056030273438,83.73056030273438
20190418_sample_10,CT,96.80044278502464,87.93437194824219,87.93437194824219
20190422_sample_1,Pvalb,73.08951020240784,75.43707275390625,75.43707275390625
20190422_sample_4,Pvalb,76.27905532717705,78.4409408569336,78.4409408569336
20190422_sample_5,Pvalb,74.82000812888145,72.37007904052734,72.37007904052734
20190422_sample_6,CT,94.85702589154243,91.8508529663086,91.8508529663086
20190422_sample_7,IT,87.27382495999336,87.22647094726562,87.22647094726562
20190422_sample_8,Pvalb,82.0709802210331,70.83238983154297,70.83238983154297
20190422_sample_10,CT,93.33831444382668,91.63085174560547,91.63085174560547
20190423_sample_1,IT,94.48688477277756,88.90609741210938,88.90609741210938
20190423_sample_3,CT,90.3736837208271,91.12094116210938,91.12094116210938
20190423_sample_5,CT,85.12067422270775,85.39069366455078,85.39069366455078
20190423_sample_7,CT,85.98145842552185,85.1150131225586,85.1150131225586
20190423_sample_8,Pvalb,72.48838245868683,77.019775390625,77.019775390625
20190423_sample_10,Pvalb,73.55273142457008,67.75597381591797,67.75597381591797
20190424_sample_1,CT,93.55700016021729,92.37842559814453,92.37842559814453
20190424_sample_2,Pvalb,85.60793846845627,69.1579360961914,69.1579360961914
20190424_sample_3,CT,87.37025782465935,87.35232543945312,87.35232543945312
20190424_sample_4,CT,93.595240265131,86.23941040039062,86.23941040039062
20190424_sample_5,CT,92.6484726369381,85.76132202148438,85.76132202148438
20190424_sample_6,IT,89.21555057168007,90.71610260009766,90.71610260009766
20190424_sample_7,Lamp5,74.33873414993286,71.92070007324219,71.92070007324219
20190425_sample_1,IT,95.0661525130272,90.4565658569336,90.4565658569336
20190425_sample_4,Lamp5,92.06105396151544,77.02139282226562,77.02139282226562
20190425_sample_6,Sst,89.07821774482727,78.03014373779297,78.03014373779297
20190425_sample_7,IT,85.61282604932785,89.26859283447266,89.26859283447266
20190425_sample_8,CT,93.1018590927124,87.57577514648438,87.57577514648438
20190425_sample_9,CT,97.54357486963272,81.88595581054688,81.88595581054688
20190425_sample_12,CT,90.22025391459464,88.18637084960938,88.18637084960938
20190425_sample_13,CT,79.47559654712677,95.45415496826172,95.45415496826172
20190425_sample_14,CT,93.78451853990556,92.85972595214844,92.85972595214844
20190425_sample_16,IT,92.56749600172044,92.72456359863281,92.72456359863281
20190429_sample_1,Pvalb,82.43559300899506,68.60469818115234,68.60469818115234
20190429_sample_4,Pvalb,77.95417681336403,72.29664611816406,72.29664611816406
20190429_sample_5,Pvalb,64.03008289635181,76.10556030273438,76.10556030273438
20190429_sample_6,Pvalb,76.15016400814056,75.24143981933594,75.24143981933594
20190429_sample_7,CT,85.98475530743599,92.99385070800781,92.99385070800781
20190430_sample_1,Vip,80.47840371727943,79.50800323486328,79.50800323486328
20190430_sample_3,Vip,80.18844574689865,81.99221801757812,81.99221801757812
20190430_sample_4,Vip,95.7612544298172,87.3089370727539,87.3089370727539
20190430_sample_5,Vip,94.9060581624508,85.16638946533203,85.16638946533203
20190430_sample_6,Vip,86.14795282483101,77.4881820678711,77.4881820678711
20190430_sample_7,IT,87.00781315565109,88.30026245117188,88.30026245117188
20190430_sample_8,Vip,79.4881209731102,85.40922546386719,85.40922546386719
20190430_sample_9,IT,94.04561668634416,91.43817138671875,91.43817138671875
20190430_sample_10,IT,87.45067939162254,88.63337707519531,88.63337707519531
20190501_sample_1,Vip,72.97488301992416,86.60525512695312,86.60525512695312
20190501_sample_3,Vip,77.48232781887054,83.85918426513672,83.85918426513672
20190501_sample_4,Vip,98.16055372357368,81.82891845703125,81.82891845703125
20190501_sample_5,CT,93.75589340925217,87.24473571777344,87.24473571777344
20190501_sample_6,Vip,85.13852953910828,87.30326080322266,87.30326080322266
20190501_sample_7,Pvalb,65.71706384420395,72.954833984375,72.954833984375
20190501_sample_8,Vip,82.82921463251114,82.52386474609375,82.52386474609375
20190501_sample_9,Pvalb,63.5858066380024,73.05172729492188,73.05172729492188
20190501_sample_11,Pvalb,66.93664193153381,75.17591094970703,75.17591094970703
20190501_sample_12,IT,95.90091556310654,88.99540710449219,88.99540710449219
20190501_sample_14,Pvalb,72.64611683785915,68.92221069335938,68.92221069335938
20190503_sample_1,Vip,87.48893439769745,84.10910034179688,84.10910034179688
20190503_sample_3,Vip,90.57026356458664,78.40635681152344,78.40635681152344
20190506_sample_1,Vip,79.38801497220993,82.89397430419922,82.89397430419922
20190506_sample_2,Vip,91.51550382375716,85.34933471679688,85.34933471679688
20190506_sample_3,Vip,82.63454213738441,83.23519134521484,83.23519134521484
20190506_sample_4,CT,86.11929789185524,90.34519958496094,90.34519958496094
20190506_sample_5,Vip,76.56962424516678,85.0267333984375,85.0267333984375
20190506_sample_6,CT,84.33423563838005,86.70726013183594,86.70726013183594
20190506_sample_7,Vip,56.47172499448061,78.12277221679688,78.12277221679688
20190507_sample_2,Vip,81.22365549206734,81.74853515625,81.74853515625
20190507_sample_3,CT,74.8269222676754,89.50535583496094,89.50535583496094
20190507_sample_4,Vip,77.00823619961739,84.78437042236328,84.78437042236328
20190507_sample_5,Vip,89.21604230999947,83.01228332519531,83.01228332519531
20190507_sample_6,Vip,86.9259163737297,85.95628356933594,85.95628356933594
20190508_sample_1,Lamp5,71.787029504776,77.72272491455078,77.72272491455078
20190508_sample_2,Sst,73.62933456897736,79.45516967773438,79.45516967773438
20190508_sample_3,Lamp5,57.82293155789375,80.51856231689453,80.51856231689453
20190508_sample_4,Sst,82.03897252678871,87.29155731201172,87.29155731201172
20190508_sample_5,low quality,76.81557536125183,83.821533203125,83.821533203125
20190508_sample_6,Pvalb,79.07163724303246,73.14105224609375,73.14105224609375
20190508_sample_7,Sst,74.48645681142807,82.45668029785156,82.45668029785156
20190509_sample_2,Vip,90.12071415781976,88.56532287597656,88.56532287597656
20190509_sample_3,Lamp5,65.2772244066,78.89466857910156,78.89466857910156
20190509_sample_4,Vip,88.91259133815765,85.65100860595703,85.65100860595703
20190509_sample_5,Lamp5,66.96617975831032,79.0843734741211,79.0843734741211
20190509_sample_9,Vip,97.695454955101,83.16018676757812,83.16018676757812
20190513_sample_1,Lamp5,66.43734499812126,79.41722106933594,79.41722106933594
20190513_sample_2,Vip,88.44901993870735,82.01957702636719,82.01957702636719
20190513_sample_3,Vip,72.08895310759544,84.34371948242188,84.34371948242188
20190513_sample_4,Vip,90.29637277126312,83.13973236083984,83.13973236083984
20190513_sample_5,Lamp5,60.37425808608532,79.04402923583984,79.04402923583984
20190514_sample_2,Pvalb,81.9956436753273,67.7940673828125,67.7940673828125
20190514_sample_4,Lamp5,94.0735824406147,79.4814682006836,79.4814682006836
20190514_sample_7,Lamp5,54.71796356141567,77.45022583007812,77.45022583007812
20190514_sample_8,Pvalb,80.10352589190006,70.24868774414062,70.24868774414062
20190515_sample_1,Lamp5,69.4056898355484,80.04621124267578,80.04621124267578
20190515_sample_2,low quality,97.17118367552756,82.4902572631836,82.4902572631836
20190515_sample_3,low quality,70.12465596199036,84.87479400634766,84.87479400634766
20190515_sample_4,Vip,95.42955085635184,84.23812103271484,84.23812103271484
20190515_sample_5,Lamp5,68.3404915034771,78.30899047851562,78.30899047851562
20190515_sample_6,Vip,91.04027599096298,82.91170501708984,82.91170501708984
20190515_sample_7,Lamp5,73.72315973043442,81.45952606201172,81.45952606201172
20190515_sample_8,Vip,92.67153218388556,82.13015747070312,82.13015747070312
20190515_sample_9,Lamp5,75.0914178788662,85.13971710205078,85.13971710205078
20190515_sample_10,Vip,86.38951182365417,84.98794555664062,84.98794555664062
20190515_sample_11,Lamp5,74.68767464160919,76.15946197509766,76.15946197509766
20190515_sample_12,Vip,93.48787367343904,78.73597717285156,78.73597717285156
20190515_sample_13,Vip,77.60562002658844,84.31082153320312,84.31082153320312
20190515_sample_14,Vip,89.45520967245102,83.49559783935547,83.49559783935547
20190515_sample_15,Lamp5,73.5280979424715,76.2570571899414,76.2570571899414
20190516_sample_2,Sst,90.26158601045609,86.86915588378906,86.86915588378906
20190516_sample_3,Lamp5,63.89335542917252,72.6854476928711,72.6854476928711
20190516_sample_4,Sst,79.82237637042999,85.34642028808594,85.34642028808594
20190516_sample_5,Lamp5,74.48666729032993,78.57361602783203,78.57361602783203
20190516_sample_6,Sst,85.8621597290039,79.93952941894531,79.93952941894531
20190522_sample_1,Lamp5,85.65478399395943,78.84976196289062,78.84976196289062
20190528_sample_2,Vip,91.10582619905472,81.54630279541016,81.54630279541016
20190528_sample_4,Vip,85.51528677344322,80.87015533447266,80.87015533447266
20190528_sample_6,Vip,97.9081317782402,83.61288452148438,83.61288452148438
20190528_sample_7,Lamp5,54.178522899746895,78.12510681152344,78.12510681152344
20190528_sample_8,Vip,91.27450361847878,80.75330352783203,80.75330352783203
20190528_sample_9,Vip,82.90886133909225,82.92615509033203,82.92615509033203
20190529_sample_2,Vip,100.60613229870796,81.18950653076172,81.18950653076172
20190529_sample_3,Sncg,83.92720483243465,77.47528076171875,77.47528076171875
20190529_sample_6,Vip,90.423334389925,83.96391296386719,83.96391296386719
20190603_sample_1,Lamp5,67.43091344833374,79.14845275878906,79.14845275878906
20190603_sample_2,Vip,96.86670266091824,83.16815185546875,83.16815185546875
20190603_sample_3,Vip,84.36662703752518,80.70269775390625,80.70269775390625
20190603_sample_4,Vip,85.03990434110165,86.77357482910156,86.77357482910156
20190603_sample_5,Lamp5,75.09558089077473,79.1044921875,79.1044921875
20190603_sample_6,Lamp5,67.65948422253132,76.6873550415039,76.6873550415039
20190603_sample_7,Lamp5,84.16818268597126,78.76847839355469,78.76847839355469
20190603_sample_9,Sncg,85.12735925614834,77.46173095703125,77.46173095703125
20190603_sample_10,Vip,85.61769872903824,88.0566635131836,88.0566635131836
20190604_sample_2,Pvalb,80.32530546188354,69.90252685546875,69.90252685546875
20190604_sample_4,Lamp5,80.84733970463276,72.66857147216797,72.66857147216797
20190604_sample_6,Lamp5,71.40236347913742,72.8048095703125,72.8048095703125
20190604_sample_8,Pvalb,81.8246342241764,72.43009185791016,72.43009185791016
20190604_sample_12,IT,95.217015594244,91.51468658447266,91.51468658447266
20190605_sample_1,low quality,85.82372777163982,81.17424774169922,81.17424774169922
20190605_sample_2,Vip,74.80413839221,79.29238891601562,79.29238891601562
20190605_sample_4,Vip,78.24202254414558,82.93733978271484,82.93733978271484
20190605_sample_5,Lamp5,72.78033345937729,74.8790283203125,74.8790283203125
20190605_sample_6,Vip,85.3877030313015,80.4043960571289,80.4043960571289
20190606_sample_1,Pvalb,76.68016478419304,70.16156005859375,70.16156005859375
20190606_sample_2,Pvalb,80.78563958406448,71.78125,71.78125
20190606_sample_3,Pvalb,66.80646166205406,82.75818634033203,82.75818634033203
20190606_sample_5,Pvalb,75.12207329273224,77.2046890258789,77.2046890258789
20190606_sample_6,IT,94.63248401880264,90.4975814819336,90.4975814819336
20190606_sample_7,low quality,83.02994444966316,77.91531372070312,77.91531372070312
20190606_sample_9,Sst,73.18837940692902,81.59304809570312,81.59304809570312
20190607_sample_2,Sst,91.84540808200836,86.11199951171875,86.11199951171875
20190607_sample_3,Lamp5,76.06158964335918,77.01136016845703,77.01136016845703
20190607_sample_5,low quality,84.82658490538597,79.89518737792969,79.89518737792969
20190610_sample_1,Sst,69.1150352358818,73.88003540039062,73.88003540039062
20190610_sample_2,Pvalb,66.08241982758045,78.02037048339844,78.02037048339844
20190610_sample_3,Lamp5,66.71013869345188,74.91093444824219,74.91093444824219
20190610_sample_4,Pvalb,70.2524445950985,74.83094024658203,74.83094024658203
20190610_sample_5,low quality,68.70929524302483,81.36557006835938,81.36557006835938
20190610_sample_7,low quality,68.50340589880943,81.1225814819336,81.1225814819336
20190610_sample_8,Pvalb,60.20066700875759,75.78602600097656,75.78602600097656
20190610_sample_9,Lamp5,73.3757484704256,78.8338623046875,78.8338623046875
20190610_sample_10,Pvalb,79.83145862817764,78.78888702392578,78.78888702392578
20190610_sample_12,Pvalb,64.26027417182922,75.03120422363281,75.03120422363281
20190610_sample_16,Lamp5,75.71334950625896,79.22944641113281,79.22944641113281
20190610_sample_18,Vip,77.3592907935381,86.58238220214844,86.58238220214844
20190611_sample_1,IT,80.0911970436573,82.53475189208984,82.53475189208984
20190611_sample_3,Lamp5,72.77696952223778,78.60807037353516,78.60807037353516
20190611_sample_4,Sst,81.55297674238682,81.14989471435547,81.14989471435547
20190611_sample_5,low quality,82.48959109187126,82.72989654541016,82.72989654541016
20190611_sample_7,Lamp5,77.1331749856472,77.01901245117188,77.01901245117188
20190611_sample_8,Sst,75.19236207008362,82.044921875,82.044921875
20190611_sample_10,Sst,86.74611523747444,75.77883911132812,75.77883911132812
20190611_sample_11,IT,56.6187147051096,76.983642578125,76.983642578125
20190611_sample_14,Sncg,89.46691080927849,89.10767364501953,89.10767364501953
20190611_sample_15,Lamp5,75.98338648676872,78.69863891601562,78.69863891601562
20190612_sample_1,Lamp5,62.21841461956501,79.67475128173828,79.67475128173828
20190612_sample_2,Pvalb,81.77851885557175,71.12714385986328,71.12714385986328
20190612_sample_4,Vip,97.75020554661752,83.71337127685547,83.71337127685547
20190612_sample_6,Pvalb,70.19775733351707,71.61221313476562,71.61221313476562
20190612_sample_7,Lamp5,76.64493843913078,77.15704345703125,77.15704345703125
20190612_sample_8,Lamp5,75.24597272276878,77.4629135131836,77.4629135131836
20190613_sample_2,Sst,90.19096195697784,78.21841430664062,78.21841430664062
20190613_sample_3,Sst,78.73644307255745,78.8335952758789,78.8335952758789
20190613_sample_4,Sst,94.84394639730452,81.7416763305664,81.7416763305664
20190613_sample_6,Pvalb,81.12912625074387,79.19548034667969,79.19548034667969
20190613_sample_7,Sst,77.2535689175129,81.983154296875,81.983154296875
20190613_sample_8,Pvalb,77.3505661636591,71.4090576171875,71.4090576171875
20190613_sample_9,Sst,80.40131628513336,80.613525390625,80.613525390625
20190613_sample_10,Sst,92.97843277454376,80.6351318359375,80.6351318359375
20190614_sample_2,Vip,89.38978612422943,85.282470703125,85.282470703125
20190614_sample_3,Lamp5,73.08425381779671,81.24427795410156,81.24427795410156
20190614_sample_4,Vip,95.84586322307588,82.51752471923828,82.51752471923828
20190614_sample_6,Vip,99.40556809306143,89.82330322265625,89.82330322265625
20190614_sample_8,Vip,93.86228770017624,84.05966186523438,84.05966186523438
20190617_sample_1,Lamp5,67.78957322239876,78.64106750488281,78.64106750488281
20190617_sample_2,CT,92.83097088336945,91.51189422607422,91.51189422607422
20190617_sample_3,Sst,82.07916468381882,83.1550521850586,83.1550521850586
20190617_sample_4,Sst,83.41246843338013,78.49931335449219,78.49931335449219
20190617_sample_5,Sncg,90.16651660203934,82.65939331054688,82.65939331054688
20190617_sample_6,Sst,90.88674560189249,83.04753112792969,83.04753112792969
20190618_sample_1,low quality,76.16129890084267,81.11856842041016,81.11856842041016
20190618_sample_2,Vip,96.00044786930084,85.89830017089844,85.89830017089844
20190618_sample_4,Vip,79.86650243401527,86.63644409179688,86.63644409179688
20190618_sample_5,Vip,80.52116632461548,84.17411041259766,84.17411041259766
20190618_sample_7,Lamp5,67.78933480381966,75.0150375366211,75.0150375366211
20190618_sample_8,Lamp5,84.3861810863018,83.31275177001953,83.31275177001953
20190619_sample_1,Lamp5,75.7974348962307,79.0346908569336,79.0346908569336
20190619_sample_3,Pvalb,74.42112267017365,69.39682006835938,69.39682006835938
20190619_sample_4,Pvalb,70.13584300875664,83.37549591064453,83.37549591064453
20190619_sample_5,Pvalb,74.7145377099514,75.04299926757812,75.04299926757812
20190619_sample_6,Lamp5,70.3977644443512,73.42340087890625,73.42340087890625
20190620_sample_1,Lamp5,66.0997312515974,76.34667205810547,76.34667205810547
20190620_sample_2,Sst,80.36530390381813,80.69755554199219,80.69755554199219
20190620_sample_5,Sst,77.79135927557945,81.38343048095703,81.38343048095703
20190620_sample_6,Sst,98.73676672577858,84.08737182617188,84.08737182617188
20190620_sample_8,Pvalb,76.71613991260529,73.02655792236328,73.02655792236328
20190624_sample_1,Sst,62.87221238017082,83.20507049560547,83.20507049560547
20190624_sample_2,Sst,85.75166389346123,85.172119140625,85.172119140625
20190624_sample_3,Sst,81.87076821923256,79.31430053710938,79.31430053710938
20190624_sample_4,Pvalb,78.8600966334343,73.17565155029297,73.17565155029297
20190624_sample_5,Sst,85.61693131923676,80.1514663696289,80.1514663696289
20190624_sample_6,Sst,93.69653463363647,79.02357482910156,79.02357482910156
20190625_sample_1,Vip,90.73057770729064,82.14571380615234,82.14571380615234
20190625_sample_2,low quality,72.73014262318611,82.52825927734375,82.52825927734375
20190625_sample_3,Vip,85.45741811394691,82.16888427734375,82.16888427734375
20190625_sample_4,Vip,85.88294871151447,88.65495300292969,88.65495300292969
20190625_sample_5,Vip,91.98083728551865,83.16874694824219,83.16874694824219
20190625_sample_6,Lamp5,58.15144628286362,78.9176025390625,78.9176025390625
20190625_sample_7,Vip,74.24202561378479,85.60184478759766,85.60184478759766
20190625_sample_8,Vip,81.2198556959629,85.01983642578125,85.01983642578125
20190625_sample_10,Vip,86.74165979027748,79.32665252685547,79.32665252685547
20190625_sample_11,Vip,83.04092288017273,82.32694244384766,82.32694244384766
20190625_sample_12,Vip,83.07996392250061,86.70836639404297,86.70836639404297
20190625_sample_13,Vip,84.95728299021721,80.41287994384766,80.41287994384766
20190626_sample_1,Vip,92.39180013537408,83.31140899658203,83.31140899658203
20190626_sample_4,low quality,86.73802763223648,84.184814453125,84.184814453125
20190626_sample_5,Vip,93.7890224158764,87.89875793457031,87.89875793457031
20190627_sample_1,CT,87.13413029909134,90.27377319335938,90.27377319335938
20190627_sample_2,Lamp5,79.57304641604424,77.07658386230469,77.07658386230469
20190627_sample_4,NP,92.21711754798888,83.3299331665039,83.3299331665039
20190627_sample_6,Pvalb,79.64509725570679,74.34825897216797,74.34825897216797
20190627_sample_8,IT,91.5551669895649,86.50350189208984,86.50350189208984
20190628_sample_1,Sst,83.36228132247925,85.8282699584961,85.8282699584961
20190628_sample_2,Pvalb,71.84189185500145,72.21269226074219,72.21269226074219
20190628_sample_3,Sst,79.91352677345276,81.67181396484375,81.67181396484375
20190628_sample_4,Sst,73.62250238656998,84.85540771484375,84.85540771484375
20190628_sample_5,Sst,79.14137840270996,82.15866088867188,82.15866088867188
20190628_sample_6,Pvalb,79.04048636555672,75.53463745117188,75.53463745117188
20190628_sample_7,Sst,81.54266327619553,80.7008056640625,80.7008056640625
20190703_sample_1,Pvalb,76.5618197619915,70.5793228149414,70.5793228149414
20190703_sample_2,Pvalb,84.67351645231247,72.91387939453125,72.91387939453125
20190703_sample_3,Pvalb,61.783261597156525,75.90863037109375,75.90863037109375
20190703_sample_5,Pvalb,66.86032190918922,72.04874420166016,72.04874420166016
20190703_sample_6,Pvalb,77.04700157046318,73.56492614746094,73.56492614746094
20190703_sample_8,Pvalb,75.47727227210999,73.40113830566406,73.40113830566406
20190703_sample_10,Pvalb,73.5154002904892,71.30724334716797,71.30724334716797
20190703_sample_12,Pvalb,72.75566086173058,73.60728454589844,73.60728454589844
20190703_sample_13,Sst,77.89427228271961,83.55268096923828,83.55268096923828
20190703_sample_14,low quality,83.30779150128365,80.13838958740234,80.13838958740234
20190703_sample_15,Sst,68.51527094841003,84.96900177001953,84.96900177001953
20190704_sample_2,Sst,89.18145671486855,79.16412353515625,79.16412353515625
20190704_sample_12,Vip,89.82475847005844,86.44851684570312,86.44851684570312
20190704_sample_14,Vip,92.22328290343285,82.9740982055664,82.9740982055664
20190705_sample_1,Vip,88.66434171795845,83.0555191040039,83.0555191040039
20190705_sample_3,Vip,81.11570402979851,83.46102905273438,83.46102905273438
20190705_sample_4,Vip,75.65013319253922,86.9281005859375,86.9281005859375
20190705_sample_5,Vip,85.16905084252357,90.14623260498047,90.14623260498047
20190705_sample_9,Vip,80.3065113723278,84.6900634765625,84.6900634765625
20190708_sample_3,low quality,75.43494552373886,82.34868621826172,82.34868621826172
20190708_sample_4,Pvalb,83.72470736503601,75.11701202392578,75.11701202392578
20190708_sample_6,Vip,88.27023208141327,83.43986511230469,83.43986511230469
20190708_sample_7,Vip,85.64125373959541,82.31620025634766,82.31620025634766
20190708_sample_8,IT,89.79751542210579,90.07275390625,90.07275390625
20190708_sample_12,Vip,94.54278647899628,83.71762084960938,83.71762084960938
20190709_sample_1,Vip,84.80262011289597,84.24015045166016,84.24015045166016
20190709_sample_2,Vip,94.49736028909685,86.87940216064453,86.87940216064453
20190709_sample_3,Vip,81.5296433866024,85.07420349121094,85.07420349121094
20190709_sample_8,Sncg,93.76819431781767,87.82854461669922,87.82854461669922
20190709_sample_10,Vip,83.622295409441,87.64875030517578,87.64875030517578
20190709_sample_11,Vip,86.5483507514,88.64513397216797,88.64513397216797
20190709_sample_12,Vip,79.10792157053947,89.98597717285156,89.98597717285156
20190709_sample_13,Vip,92.31282025575638,90.1356430053711,90.1356430053711
20190709_sample_14,Vip,89.25001695752144,85.88851928710938,85.88851928710938
20190710_sample_3,Sst,79.0792666375637,80.75409698486328,80.75409698486328
20190710_sample_4,Sst,89.5283930003643,88.85307312011719,88.85307312011719
20190710_sample_5,Sst,86.51513233780861,78.2973861694336,78.2973861694336
20190710_sample_6,Sst,78.26811075210571,85.02027893066406,85.02027893066406
20190710_sample_8,Vip,89.07946571707726,83.3181381225586,83.3181381225586
20190710_sample_10,Vip,83.52959342300892,83.23062133789062,83.23062133789062
20190712_sample_1,CT,87.45753392577171,96.9962158203125,96.9962158203125
20190712_sample_3,Sst,85.84269508719444,79.57386016845703,79.57386016845703
20190712_sample_4,low quality,86.6934321820736,84.15000915527344,84.15000915527344
20190712_sample_5,Lamp5,78.1963337212801,76.16270446777344,76.16270446777344
20190712_sample_6,Lamp5,75.47877542674541,80.93987274169922,80.93987274169922
20190712_sample_7,Lamp5,75.10438747704029,74.07575988769531,74.07575988769531
20190715_sample_1,Lamp5,72.62801751494408,78.68750762939453,78.68750762939453
20190715_sample_4,Lamp5,74.20151680707932,77.70942687988281,77.70942687988281
20190715_sample_5,Vip,90.21377936005592,85.24958038330078,85.24958038330078
20190715_sample_6,Lamp5,76.21791213750839,76.34170532226562,76.34170532226562
20190715_sample_7,Vip,82.66369998455048,82.40969848632812,82.40969848632812
20190715_sample_8,Lamp5,73.81362654268742,75.3382568359375,75.3382568359375
20190715_sample_9,Vip,90.33479914069176,79.76520538330078,79.76520538330078
20190715_sample_10,Sncg,89.87720310688019,82.97140502929688,82.97140502929688
20190715_sample_11,Lamp5,76.85369998216629,74.2427978515625,74.2427978515625
20190716_sample_1,low quality,88.15728314220905,81.26192474365234,81.26192474365234
20190716_sample_3,Sst,78.38915102183819,85.64788055419922,85.64788055419922
20190716_sample_5,Sst,78.40125262737274,79.64480590820312,79.64480590820312
20190716_sample_7,Vip,90.50673246383668,83.71701049804688,83.71701049804688
20190716_sample_8,Lamp5,75.1418974250555,73.80061340332031,73.80061340332031
20190716_sample_9,Vip,89.64873105287552,85.1485595703125,85.1485595703125
20190717_sample_1,Sst,87.1436558663845,81.70277404785156,81.70277404785156
20190717_sample_2,Sst,76.1377140879631,85.27976989746094,85.27976989746094
20190717_sample_3,Sst,89.48937058448792,80.8703842163086,80.8703842163086
20190718_sample_1,Vip,94.70973536372183,77.90530395507812,77.90530395507812
20190718_sample_2,CT,103.2559648156166,87.87921142578125,87.87921142578125
20190718_sample_3,CT,96.89934551715852,88.1689453125,88.1689453125
20190718_sample_4,Vip,91.8845385313034,85.0677490234375,85.0677490234375
20190718_sample_5,Vip,89.58650752902031,85.00601959228516,85.00601959228516
20190718_sample_6,Vip,99.56033527851103,86.02415466308594,86.02415466308594
20190718_sample_7,Vip,84.26112309098244,87.35198974609375,87.35198974609375
20190718_sample_8,Vip,89.62847292423248,81.26174926757812,81.26174926757812
20190718_sample_9,Vip,92.81560406088828,82.21214294433594,82.21214294433594
20190719_sample_1,CT,89.00845423340797,85.52466583251953,85.52466583251953
20190719_sample_2,IT,89.76919949054718,89.3204574584961,89.3204574584961
20190719_sample_4,IT,93.31005066633224,88.88690185546875,88.88690185546875
20190719_sample_5,IT,92.21085160970688,85.26777648925781,85.26777648925781
20190719_sample_6,IT,89.89058434963226,89.33362579345703,89.33362579345703
20190719_sample_9,IT,92.3454612493515,88.9825439453125,88.9825439453125
20190719_sample_10,IT,88.61547335982323,88.73197937011719,88.73197937011719
20190722_sample_1,CT,92.4963504076004,89.96133422851562,89.96133422851562
20190722_sample_6,CT,100.72198882699011,90.64860534667969,90.64860534667969
20190722_sample_7,low quality,88.79674971103668,86.53694915771484,86.53694915771484
20190722_sample_8,low quality,93.12743321061134,81.20954895019531,81.20954895019531
20190724_sample_1,Vip,93.024343252182,83.78487396240234,83.78487396240234
20190724_sample_2,CT,96.74275293946266,88.36907196044922,88.36907196044922
20190724_sample_4,Vip,96.42738848924635,86.56471252441406,86.56471252441406
20190724_sample_5,Vip,80.28154075145721,85.07493591308594,85.07493591308594
20190724_sample_6,IT,94.42338347434998,87.12499237060547,87.12499237060547
20190724_sample_9,Vip,87.80234307050705,85.72549438476562,85.72549438476562
20190724_sample_10,Vip,89.20169621706009,86.00812530517578,86.00812530517578
20190724_sample_12,Vip,92.0575186610222,82.11969757080078,82.11969757080078
20190724_sample_16,low quality,96.38673812150957,81.46540832519531,81.46540832519531
20190725_sample_1,Vip,89.06951546669006,85.30816650390625,85.30816650390625
20190725_sample_3,Vip,93.90370175242424,87.63069915771484,87.63069915771484
20190725_sample_4,Sst,93.0548943579197,81.52491760253906,81.52491760253906
20190725_sample_5,CT,98.1944352388382,91.0770034790039,91.0770034790039
20190725_sample_6,Vip,97.0211811363697,85.3515625,85.3515625
20190725_sample_7,Vip,88.86480331420898,86.62940979003906,86.62940979003906
20190725_sample_8,Vip,90.72716534137726,84.13159942626953,84.13159942626953
20190725_sample_9,Vip,87.74695172905922,84.06868743896484,84.06868743896484
20190725_sample_10,low quality,81.94601535797119,80.95108795166016,80.95108795166016
20190726_sample_1,Lamp5,72.42018543183804,80.18531799316406,80.18531799316406
20190726_sample_2,Pvalb,77.17734947800636,73.46178436279297,73.46178436279297
20190726_sample_3,Lamp5,70.1645128428936,75.40763854980469,75.40763854980469
20190726_sample_4,IT,88.46180886030197,84.99859619140625,84.99859619140625
20190726_sample_5,Lamp5,78.31868156790733,77.82926177978516,77.82926177978516
20190726_sample_6,Sst,84.94503051042557,82.23900604248047,82.23900604248047
20190726_sample_7,Lamp5,71.46142050623894,73.19319152832031,73.19319152832031
20190729_sample_2,Sst,85.7415497303009,85.75909423828125,85.75909423828125
20190729_sample_3,Sst,82.82477781176567,75.30274963378906,75.30274963378906
20190729_sample_5,Pvalb,68.07608529925346,76.67577362060547,76.67577362060547
20190730_sample_1,Vip,94.78878229856493,80.88632202148438,80.88632202148438
20190730_sample_2,Vip,101.21900588274002,87.22895812988281,87.22895812988281
20190730_sample_5,Vip,87.79903873801231,81.89175415039062,81.89175415039062
20190730_sample_6,Vip,85.14795452356339,83.60741424560547,83.60741424560547
20190730_sample_7,Vip,91.69888868927956,85.51839447021484,85.51839447021484
20190730_sample_9,Lamp5,81.80766552686691,78.76341247558594,78.76341247558594
20190731_sample_1,Pvalb,75.17840713262558,71.49272918701172,71.49272918701172
20190731_sample_2,Lamp5,72.51300849020481,80.75189208984375,80.75189208984375
20190731_sample_3,low quality,85.09685285389423,82.4235610961914,82.4235610961914
20190731_sample_4,Vip,98.01371768116952,82.71179962158203,82.71179962158203
20190731_sample_5,Pvalb,72.29523174464703,74.18473052978516,74.18473052978516
20190731_sample_6,low quality,80.6477852165699,83.07337188720703,83.07337188720703
20190731_sample_8,Pvalb,72.29523174464703,68.41403198242188,68.41403198242188
20190801_sample_1,IT,89.31774646043777,87.58287048339844,87.58287048339844
20190801_sample_2,Sst,79.26666736602783,80.27995300292969,80.27995300292969
20190801_sample_3,Sst,83.23640376329422,80.08792877197266,80.08792877197266
20190801_sample_4,Sst,90.1381764560938,83.46712493896484,83.46712493896484
20190801_sample_7,Sst,72.3551344126463,81.05216217041016,81.05216217041016
20190801_sample_8,low quality,101.1534258723259,85.75154876708984,85.75154876708984
20190820_sample_1,Sst,96.81044146418571,77.4825439453125,77.4825439453125
20190820_sample_2,CT,94.95378658175468,91.81195068359375,91.81195068359375
20190820_sample_3,Pvalb,59.70832705497742,69.96562194824219,69.96562194824219
20190820_sample_5,Sst,88.55000324547291,83.62744903564453,83.62744903564453
20190820_sample_6,CT,93.91068667173386,90.52706146240234,90.52706146240234
20190821_sample_1,IT,87.68242597579956,86.58425903320312,86.58425903320312
20190821_sample_2,IT,99.86676275730132,90.05774688720703,90.05774688720703
20190821_sample_3,CT,96.37112729251383,89.2287368774414,89.2287368774414
20190821_sample_4,IT,92.06879884004591,86.98981475830078,86.98981475830078
20190821_sample_5,IT,90.09847976267338,86.90199279785156,86.90199279785156
20190821_sample_6,IT,94.77378614246844,90.59626007080078,90.59626007080078
20190821_sample_7,IT,94.98382173478603,88.7299575805664,88.7299575805664
20190823_sample_1,IT,97.602229565382,87.78673553466797,87.78673553466797
20190823_sample_3,Pvalb,81.50459825992584,77.12199401855469,77.12199401855469
20190823_sample_5,low quality,95.0371026992798,82.94782257080078,82.94782257080078
20190823_sample_6,IT,87.67914026975632,86.51575469970703,86.51575469970703
20190823_sample_7,IT,87.02883124351501,89.30708312988281,89.30708312988281
20190827_sample_1,Sst,77.79065147042274,79.69110107421875,79.69110107421875
20190827_sample_2,low quality,92.2299213707447,81.71361541748047,81.71361541748047
20190827_sample_3,Sst,84.85443517565727,79.69880676269531,79.69880676269531
20190827_sample_4,Sst,73.36867600679398,81.16523742675781,81.16523742675781
20190827_sample_5,CT,88.43085169792175,86.95223999023438,86.95223999023438
20190827_sample_6,Sst,77.77835056185722,83.41673278808594,83.41673278808594
20190827_sample_7,Pvalb,86.37631312012672,82.51885986328125,82.51885986328125
20190827_sample_8,Sst,72.07035645842552,77.93830871582031,77.93830871582031
20190827_sample_9,Sst,81.32980018854141,83.42900085449219,83.42900085449219
20190828_sample_1,Vip,97.25406393408775,82.38687133789062,82.38687133789062
20190828_sample_3,Vip,97.69585356116296,81.00981140136719,81.00981140136719
20190828_sample_4,Vip,71.38650491833687,85.94915771484375,85.94915771484375
20190828_sample_5,Vip,76.73783972859383,82.8738021850586,82.8738021850586
20190828_sample_6,Vip,86.22603490948677,84.19461059570312,84.19461059570312
20190828_sample_7,Vip,82.6861746609211,77.23188781738281,77.23188781738281
20190829_sample_1,low quality,74.4740217924118,83.12764739990234,83.12764739990234
20190829_sample_2,Lamp5,83.40807259082794,78.71095275878906,78.71095275878906
20190829_sample_3,IT,88.26304972171783,95.78780364990234,95.78780364990234
20190829_sample_4,Lamp5,73.99659231305122,75.47246551513672,75.47246551513672
20190829_sample_6,Lamp5,83.40807259082794,78.11779022216797,78.11779022216797
20190829_sample_9,Pvalb,71.51318155229092,73.346923828125,73.346923828125
20190830_sample_1,IT,94.2111536860466,90.0830078125,90.0830078125
20190830_sample_2,IT,94.48132663965224,91.42234802246094,91.42234802246094
20190830_sample_3,low quality,98.5540933907032,84.80670928955078,84.80670928955078
20190830_sample_4,low quality,87.55084127187729,83.6050796508789,83.6050796508789
20190830_sample_6,IT,93.61525252461432,91.15921020507812,91.15921020507812
20190830_sample_8,IT,88.23735639452934,88.65664672851562,88.65664672851562
20190830_sample_9,NP,99.61574152112009,80.97534942626953,80.97534942626953
20190904_sample_1,low quality,91.98519960045816,80.5921859741211,80.5921859741211
20190904_sample_2,Vip,84.90397036075592,87.52989959716797,87.52989959716797
20190904_sample_3,Vip,89.36211839318275,86.04065704345703,86.04065704345703
20190904_sample_4,Vip,89.41426128149033,85.39315032958984,85.39315032958984
20190904_sample_5,Vip,90.34702554345132,81.348876953125,81.348876953125
20190904_sample_7,Vip,92.73287281394003,84.67142486572266,84.67142486572266
20190905_sample_1,low quality,88.69227766990662,85.27075958251953,85.27075958251953
20190905_sample_3,Sst,92.75547415018082,85.27447509765625,85.27447509765625
20190906_sample_1,Lamp5,78.46776768565178,81.86689758300781,81.86689758300781
20190906_sample_5,CT,89.41030502319336,88.48509216308594,88.48509216308594
20190906_sample_6,Lamp5,72.20355607569218,73.61294555664062,73.61294555664062
20190910_sample_1,Lamp5,76.51371881365776,78.42620086669922,78.42620086669922
20190910_sample_2,Vip,73.33120703697205,87.94621276855469,87.94621276855469
20190910_sample_3,Vip,86.46660670638084,87.25028991699219,87.25028991699219
20190910_sample_4,Vip,91.54733270406724,88.68303680419922,88.68303680419922
20190910_sample_6,Vip,91.20344743132593,85.94316864013672,85.94316864013672
20190911_sample_3,NP,100.0385545194149,84.84022521972656,84.84022521972656
20190911_sample_4,IT,92.839352786541,90.22520446777344,90.22520446777344
20190911_sample_6,low quality,93.44302490353584,85.91969299316406,85.91969299316406
20190911_sample_7,low quality,83.35502073168755,85.25106048583984,85.25106048583984
20190911_sample_9,CT,84.23440903425217,88.5700912475586,88.5700912475586
20190912_sample_1,CT,91.34299866855145,90.01752471923828,90.01752471923828
20190912_sample_2,CT,94.47168931365012,93.99899291992188,93.99899291992188
20190912_sample_3,CT,93.12035515904428,88.88982391357422,88.88982391357422
20190912_sample_4,Lamp5,75.96730440855026,80.64729309082031,80.64729309082031
20190912_sample_6,NP,101.67618468403816,105.11345672607422,105.11345672607422
20190912_sample_8,CT,95.62785550951958,87.78396606445312,87.78396606445312
20190912_sample_10,Pvalb,102.40216180682182,75.55782318115234,75.55782318115234
20190917_sample_1,CT,89.02284502983093,88.96456909179688,88.96456909179688
20190917_sample_2,Lamp5,76.96048356592655,75.9649887084961,75.9649887084961
20190917_sample_3,IT,92.32712909579276,84.75226593017578,84.75226593017578
20190919_sample_1,low quality,99.20590370893478,83.71833801269531,83.71833801269531
20190919_sample_4,Lamp5,84.48053523898125,77.06248474121094,77.06248474121094
20190919_sample_5,CT,92.54289790987968,89.7205810546875,89.7205810546875
20190924_sample_1,Sst,83.04198831319809,81.25731658935547,81.25731658935547
20190924_sample_2,Sst,92.8054042160511,81.58287811279297,81.58287811279297
20190924_sample_3,IT,82.74132199585438,90.4549331665039,90.4549331665039
20190924_sample_4,Sst,62.13421188294888,81.78256225585938,81.78256225585938
20190924_sample_5,Sst,80.23605868220329,79.27732849121094,79.27732849121094
20190924_sample_6,Sst,84.66822281479836,80.30315399169922,80.30315399169922
20190924_sample_7,Pvalb,77.22724229097366,77.70573425292969,77.70573425292969
20190924_sample_8,CT,89.54035490751266,92.48890686035156,92.48890686035156
20190925_sample_2,Pvalb,78.38115096092224,74.38276672363281,74.38276672363281
20190925_sample_3,Sst,80.48454858362675,83.30609893798828,83.30609893798828
20190925_sample_4,CT,92.42943860590458,84.37120056152344,84.37120056152344
20190925_sample_5,Sst,67.80669651925564,77.50498962402344,77.50498962402344
20190925_sample_6,Pvalb,69.01049986481667,72.60184478759766,72.60184478759766
20190925_sample_7,Sst,75.3045417368412,84.68843841552734,84.68843841552734
20190926_sample_2,ET,95.79553827643394,88.85327911376953,88.85327911376953
20190926_sample_3,Sst,95.2596478164196,79.9926528930664,79.9926528930664
20190926_sample_4,ET,97.47423231601717,81.72085571289062,81.72085571289062
20190926_sample_5,Pvalb,68.1877601891756,73.50836944580078,73.50836944580078
20190926_sample_6,Sst,85.30020341277122,80.60503387451172,80.60503387451172
20190927_sample_1,IT,93.99006143212318,89.75701904296875,89.75701904296875
20190927_sample_2,CT,93.22237595915794,86.0360336303711,86.0360336303711
20190927_sample_3,Pvalb,67.30666756629944,72.42970275878906,72.42970275878906
20190927_sample_4,IT,88.40947970747948,86.18089294433594,86.18089294433594
20190927_sample_5,Pvalb,65.431397408247,70.78363037109375,70.78363037109375
20190927_sample_6,Vip,81.00581169128418,81.50471496582031,81.50471496582031
20190927_sample_7,CT,89.0013799071312,86.98323822021484,86.98323822021484
20191001_sample_1,Sst,98.81317988038064,82.05455780029297,82.05455780029297
20191001_sample_2,low quality,99.07160326838492,83.25591278076172,83.25591278076172
20191001_sample_3,Sst,78.27724702656269,85.0615463256836,85.0615463256836
20191001_sample_4,Pvalb,81.23421296477318,77.13643646240234,77.13643646240234
20191001_sample_5,Sst,75.07834397256374,82.41898345947266,82.41898345947266
20191001_sample_6,Sst,83.1439197063446,83.73080444335938,83.73080444335938
20191003_sample_2,low quality,89.84889276325703,80.76191711425781,80.76191711425781
20191003_sample_3,Sst,84.97297018766403,79.43757629394531,79.43757629394531
20191003_sample_4,Sst,87.31969073414803,78.0338363647461,78.0338363647461
20191003_sample_5,Sst,82.68156833946705,85.18651580810547,85.18651580810547
20191003_sample_6,CT,87.89803460240364,90.7060775756836,90.7060775756836
20191010_sample_1,IT,91.87001734972,87.13739776611328,87.13739776611328
20191010_sample_2,Sst,78.54574918746948,73.15119934082031,73.15119934082031
20191010_sample_3,IT,94.16641294956209,91.43777465820312,91.43777465820312
20191010_sample_4,Pvalb,82.72398263216019,75.892822265625,75.892822265625
20191010_sample_6,Pvalb,68.89284029603004,70.96707916259766,70.96707916259766
20191010_sample_7,ET,99.55763816833496,82.16783905029297,82.16783905029297
20191028_sample_1,Sst,88.36884424090385,81.63678741455078,81.63678741455078
20191028_sample_2,Sst,84.33866873383522,88.62715148925781,88.62715148925781
20191028_sample_3,Pvalb,75.64423605799675,74.84915161132812,74.84915161132812
20191028_sample_4,low quality,88.05890753865242,80.8919448852539,80.8919448852539
20191028_sample_5,low quality,101.09222307801248,82.45576477050781,82.45576477050781
20191030_sample_2,Sst,91.53149276971816,80.03025817871094,80.03025817871094
20191030_sample_3,ET,88.21241185069084,84.82789611816406,84.82789611816406
20191030_sample_4,NP,97.50039130449296,86.05345153808594,86.05345153808594
20191030_sample_5,Sst,91.79433062672616,77.1107406616211,77.1107406616211
20191101_sample_1,Lamp5,67.92997755110264,78.5228042602539,78.5228042602539
20191101_sample_2,CT,95.64119204878808,88.44420623779297,88.44420623779297
20191101_sample_3,Lamp5,87.04894222319126,81.39141845703125,81.39141845703125
20191101_sample_4,CT,94.54318694770336,88.32754516601562,88.32754516601562
20191101_sample_5,CT,99.42775592207909,89.06585693359375,89.06585693359375
20191101_sample_6,CT,91.24406799674034,85.67572784423828,85.67572784423828
20191104_sample_1,Sst,88.25436793267727,86.25785827636719,86.25785827636719
20191104_sample_2,Lamp5,88.77617120742798,81.26057434082031,81.26057434082031
20191104_sample_3,low quality,83.43089371919632,80.42192840576172,80.42192840576172
20191104_sample_4,Pvalb,72.14943878352642,74.44389343261719,74.44389343261719
20191105_sample_1,Pvalb,54.95233647525311,77.86659240722656,77.86659240722656
20191105_sample_2,IT,84.39716137945652,83.76909637451172,83.76909637451172
20191105_sample_3,Sst,81.17588981986046,82.6527328491211,82.6527328491211
20191105_sample_4,Pvalb,76.13854296505451,79.87142181396484,79.87142181396484
20191105_sample_5,Sst,90.0360755622387,81.94110107421875,81.94110107421875
20191106_sample_2,Lamp5,77.71383412182331,81.47378540039062,81.47378540039062
20191106_sample_3,IT,95.69456428289412,88.30570983886719,88.30570983886719
20191106_sample_5,Lamp5,66.63051433861256,76.59769439697266,76.59769439697266
20191107_sample_1,low quality,87.16337196528912,84.09773254394531,84.09773254394531
20191107_sample_2,Sst,75.50370134413242,81.5985336303711,81.5985336303711
20191107_sample_3,Sst,85.67208051681519,82.35893249511719,82.35893249511719
20191107_sample_4,Sst,84.53334867954254,83.1054458618164,83.1054458618164
20191108_sample_1,CT,88.51181343197823,86.9956283569336,86.9956283569336
20191108_sample_4,CT,95.783531665802,91.91448211669922,91.91448211669922
20191108_sample_5,IT,85.77816933393478,87.14991760253906,87.14991760253906
20191114_sample_1,Lamp5,83.28896760940552,79.15699768066406,79.15699768066406
20191114_sample_2,CT,96.04336693882942,90.95878601074219,90.95878601074219
20191114_sample_3,IT,89.76722694933414,87.69371795654297,87.69371795654297
20191114_sample_4,Sst,89.98818323016167,81.32804107666016,81.32804107666016
20191114_sample_5,low quality,91.04843251407146,83.69786071777344,83.69786071777344
20191114_sample_7,IT,86.72032877802849,84.69214630126953,84.69214630126953
20191114_sample_8,IT,91.35135263204576,87.40633392333984,87.40633392333984
20191114_sample_9,ET,82.1252353489399,83.13225555419922,83.13225555419922
20200106_sample_1,Lamp5,72.37481139600277,74.37399291992188,74.37399291992188
20200106_sample_4,IT,88.46781775355339,90.11233520507812,90.11233520507812
20200106_sample_5,IT,92.18102134764194,88.47349548339844,88.47349548339844
20200106_sample_6,IT,98.3792208135128,89.2332992553711,89.2332992553711
20200225_sample_2,IT,93.91382709145546,88.39624786376953,88.39624786376953
20200225_sample_5,Sncg,91.1216251552105,79.72792053222656,79.72792053222656
20200316_sample_1,ET,89.0592634677887,90.99859619140625,90.99859619140625
20200316_sample_2,low quality,86.35490760207176,82.44215393066406,82.44215393066406
20200316_sample_3,Pvalb,76.41974650323391,68.67251586914062,68.67251586914062
