cell_id,RNA_family,y_true,y_pred,y_pred_train_space
20171204_sample_2,ET,92.47087314724922,83.62215423583984,83.62215423583984
20171204_sample_4,IT,88.16828951239586,91.2759017944336,91.2759017944336
20171204_sample_5,IT,85.79682372510433,90.78224182128906,90.78224182128906
20171204_sample_6,ET,97.31810167431831,85.14785766601562,85.14785766601562
20171207_sample_1,ET,86.9474820792675,85.33146667480469,85.33146667480469
20171207_sample_2,ET,87.67633885145187,85.53951263427734,85.53951263427734
20171207_sample_6,IT,83.90875905752182,84.4212875366211,84.4212875366211
20171207_sample_7,IT,82.13865384459496,91.33336639404297,91.33336639404297
20171219_sample_1,IT,102.0633727312088,88.87875366210938,88.87875366210938
20171219_sample_2,IT,95.3690968453884,89.88077545166016,89.88077545166016
20171219_sample_3,IT,90.89738130569458,89.57792663574219,89.57792663574219
20171219_sample_4,ET,97.28781506419182,77.91555786132812,77.91555786132812
20171219_sample_6,ET,102.04087942838667,86.40199279785156,86.40199279785156
20171219_sample_7,IT,93.87445077300072,92.45761108398438,92.45761108398438
20171219_sample_8,ET,94.58387643098833,85.72177124023438,85.72177124023438
20180102_sample_1,ET,90.95333144068718,84.7519760131836,84.7519760131836
20180102_sample_2,IT,92.02490746974944,91.3430404663086,91.3430404663086
20180102_sample_3,ET,88.61049264669418,84.91300964355469,84.91300964355469
20180102_sample_4,ET,96.54813259840012,87.43145751953125,87.43145751953125
20180102_sample_5,IT,98.4029807150364,84.81692504882812,84.81692504882812
20180103_sample_1,ET,94.370249658823,84.51456451416016,84.51456451416016
20180103_sample_2,ET,93.3276265859604,83.2187271118164,83.2187271118164
20180103_sample_3,ET,93.8943661749363,82.5706787109375,82.5706787109375
20180103_sample_4,low quality,94.85192969441414,83.43258666992188,83.43258666992188
20180103_sample_5,IT,80.3433544933796,82.08600616455078,82.08600616455078
20180103_sample_6,IT,91.49793162941933,89.16092681884766,89.16092681884766
20180103_sample_7,IT,95.22538632154463,92.24639892578125,92.24639892578125
20180103_sample_8,IT,94.16643530130386,89.35704040527344,89.35704040527344
20180104_sample_1,low quality,89.49867635965347,86.53612518310547,86.53612518310547
20180104_sample_2,IT,85.32115444540977,82.17479705810547,82.17479705810547
20180104_sample_3,IT,84.21312272548676,91.68737030029297,91.68737030029297
20180104_sample_4,low quality,97.09524363279344,84.94149017333984,84.94149017333984
20180104_sample_6,ET,90.42133018374444,81.53138732910156,81.53138732910156
20180105_sample_4,IT,92.89172291755676,93.18648529052734,93.18648529052734
20180105_sample_5,IT,83.80497619509697,84.11711883544922,84.11711883544922
20180105_sample_6,IT,96.03945910930634,87.88982391357422,87.88982391357422
20180108_sample_1,IT,89.68296647071838,87.94664001464844,87.94664001464844
20180108_sample_2,low quality,84.46697518229485,86.61097717285156,86.61097717285156
20180108_sample_3,IT,91.0160280764103,81.93746185302734,81.93746185302734
20180108_sample_4,ET,97.3787009716034,81.50096893310547,81.50096893310547
20180108_sample_5,ET,93.6613529920578,84.15766906738281,84.15766906738281
20180108_sample_7,IT,90.12246876955032,89.09396362304688,89.09396362304688
20180108_sample_8,ET,93.97679939866066,85.38981628417969,85.38981628417969
20180108_sample_9,IT,89.73200991749763,86.8874740600586,86.8874740600586
20180108_sample_10,ET,95.10144963860512,76.61054992675781,76.61054992675781
20180109_sample_1,IT,87.04487234354019,89.31327819824219,89.31327819824219
20180109_sample_2,IT,94.10649165511133,84.14904022216797,84.14904022216797
20180109_sample_5,IT,83.80269631743431,92.80528259277344,92.80528259277344
20180110_sample_1,IT,91.83963015675543,90.78773498535156,90.78773498535156
20180110_sample_2,IT,92.6712602376938,88.62499237060547,88.62499237060547
20180110_sample_3,IT,86.244136095047,88.114013671875,88.114013671875
20180110_sample_4,IT,86.61612682044506,83.19300079345703,83.19300079345703
20180110_sample_5,IT,79.84795421361923,87.5872802734375,87.5872802734375
20180110_sample_7,IT,94.57208588719368,92.87783813476562,92.87783813476562
20180110_sample_8,ET,97.00382500886916,82.45484161376953,82.45484161376953
20180111_sample_5,IT,86.85732260346413,89.46672821044922,89.46672821044922
20180115_sample_2,IT,85.95578558743,82.42222595214844,82.42222595214844
20180115_sample_5,IT,82.72863924503326,89.96241760253906,89.96241760253906
20180115_sample_6,low quality,95.27092427015305,84.37836456298828,84.37836456298828
20180115_sample_7,IT,95.21934390068054,89.11715698242188,89.11715698242188
20180115_sample_8,IT,94.63605657219888,84.64775085449219,84.64775085449219
20180115_sample_9,IT,97.1166230738163,89.92558288574219,89.92558288574219
20180118_sample_1,IT,86.37119084596634,87.38997650146484,87.38997650146484
20180118_sample_2,IT,91.00639447569849,84.79850006103516,84.79850006103516
20180118_sample_4,IT,94.4959968328476,84.13520050048828,84.13520050048828
20180118_sample_6,IT,99.3916317820549,87.26492309570312,87.26492309570312
20180118_sample_7,ET,92.5399586558342,81.4786376953125,81.4786376953125
20180118_sample_10,ET,95.59965133666992,84.7265625,84.7265625
20180123_sample_1,ET,87.1211439371109,83.69487762451172,83.69487762451172
20180123_sample_3,ET,82.69264549016953,80.31575775146484,80.31575775146484
20180123_sample_5,ET,87.55454793572426,79.00189971923828,79.00189971923828
20180123_sample_6,ET,90.0347288697958,85.0999526977539,85.0999526977539
20180123_sample_7,ET,82.67212472856045,81.66851043701172,81.66851043701172
20180208_sample_1,low quality,74.61574673652649,83.51020050048828,83.51020050048828
20180208_sample_2,ET,94.7621874511242,80.55884552001953,80.55884552001953
20180208_sample_3,ET,92.23024547100069,79.13766479492188,79.13766479492188
20180208_sample_4,IT,96.97907045483588,89.69416046142578,89.69416046142578
20180208_sample_5,IT,91.29592403769492,89.58714294433594,89.58714294433594
20180213_sample_3,ET,95.90008482336998,85.44192504882812,85.44192504882812
20180213_sample_5,Pvalb,73.84117506444454,69.95451354980469,69.95451354980469
20180215_sample_1,Pvalb,73.13334569334984,69.69996643066406,69.69996643066406
20180220_sample_1,Sst,95.44073417782784,77.9945297241211,77.9945297241211
20180220_sample_2,IT,90.879799798131,83.38787841796875,83.38787841796875
20180225_sample_1,IT,73.04880768060684,85.27404022216797,85.27404022216797
20180225_sample_2,IT,93.84187310934068,88.74095916748047,88.74095916748047
20180225_sample_3,IT,89.99757841229439,82.83024597167969,82.83024597167969
20180225_sample_4,IT,95.04282101988792,87.72074890136719,87.72074890136719
20180225_sample_5,ET,90.34120664000513,85.65472412109375,85.65472412109375
20180225_sample_7,Pvalb,70.0608491897583,66.04823303222656,66.04823303222656
20180228_sample_3,IT,89.11179006099701,91.55098724365234,91.55098724365234
20180306_sample_1,Pvalb,72.69775867462158,72.28150177001953,72.28150177001953
20180306_sample_2,IT,102.23996639251708,85.98414611816406,85.98414611816406
20180306_sample_3,IT,93.88887882232666,86.01536560058594,86.01536560058594
20180306_sample_5,IT,89.05146829783916,88.87223815917969,88.87223815917969
20180309_sample_4,IT,90.97693115472794,88.74598693847656,88.74598693847656
20180309_sample_6,IT,90.47770127654076,86.59140014648438,86.59140014648438
20180309_sample_7,IT,85.87438240647316,90.60939025878906,90.60939025878906
20180309_sample_8,IT,89.57675099372864,86.85661315917969,86.85661315917969
20180313_sample_1,low quality,79.04718071222305,85.91893768310547,85.91893768310547
20180313_sample_2,ET,85.25040745735168,82.03972625732422,82.03972625732422
20180313_sample_3,ET,76.14015974104404,81.21544647216797,81.21544647216797
20180313_sample_7,IT,91.3885049521923,91.648193359375,91.648193359375
20180313_sample_8,low quality,89.37995880842209,83.42100524902344,83.42100524902344
20180313_sample_9,Pvalb,80.6073509156704,76.68254852294922,76.68254852294922
20180315_sample_1,ET,80.42476326227188,81.6065673828125,81.6065673828125
20180315_sample_2,low quality,91.09412878751756,87.67251586914062,87.67251586914062
20180315_sample_5,IT,81.44921623170376,92.75627899169922,92.75627899169922
20180315_sample_6,IT,57.28661268949509,86.76941680908203,86.76941680908203
20180321_sample_2,IT,82.4008472263813,83.34162139892578,83.34162139892578
20180321_sample_3,IT,80.62120340764523,83.44477081298828,83.44477081298828
20180321_sample_4,IT,73.6326053738594,84.88626098632812,84.88626098632812
20180321_sample_8,ET,87.16028928756714,81.26158905029297,81.26158905029297
20180321_sample_9,ET,85.89262329041958,80.65775299072266,80.65775299072266
20180322_sample_1,IT,91.04026481509209,93.21157836914062,93.21157836914062
20180322_sample_2,IT,90.4876124113798,91.70502471923828,91.70502471923828
20180322_sample_3,IT,85.91854572296143,82.99073791503906,82.99073791503906
20180322_sample_4,IT,89.3038660287857,87.35539245605469,87.35539245605469
20180322_sample_5,IT,88.19959685206413,84.49842834472656,84.49842834472656
20180322_sample_6,ET,97.63096645474434,81.63252258300781,81.63252258300781
20180322_sample_7,ET,92.45722368359566,82.80526733398438,82.80526733398438
20180327_sample_1,Pvalb,75.44292509555817,71.99363708496094,71.99363708496094
20180327_sample_2,Pvalb,84.06639471650124,66.90607452392578,66.90607452392578
20180327_sample_3,IT,82.20387995243073,85.43468475341797,85.43468475341797
20180327_sample_4,Pvalb,75.57600364089012,70.1008071899414,70.1008071899414
20180327_sample_5,Pvalb,67.39871203899384,68.88717651367188,68.88717651367188
20180327_sample_6,IT,81.40858262777328,87.27567291259766,87.27567291259766
20180329_sample_1,IT,88.484987616539,85.4132308959961,85.4132308959961
20180329_sample_2,IT,87.041687220335,86.17610931396484,86.17610931396484
20180329_sample_3,IT,80.70667460560799,84.52597045898438,84.52597045898438
20180329_sample_4,ET,85.86439117789268,77.91557312011719,77.91557312011719
20180329_sample_5,IT,84.82276648283005,91.75822448730469,91.75822448730469
20180329_sample_6,IT,86.77594736218452,86.41593170166016,86.41593170166016
20180329_sample_7,low quality,82.5846865773201,84.60240173339844,84.60240173339844
20180329_sample_8,IT,82.80127495527267,83.68307495117188,83.68307495117188
20180403_sample_5,IT,75.47011785209179,87.98413848876953,87.98413848876953
20180403_sample_6,ET,81.15822076797485,77.47774505615234,77.47774505615234
20180403_sample_7,IT,79.54370975494385,86.8652572631836,86.8652572631836
20180404_sample_1,Pvalb,67.5855353474617,72.47640991210938,72.47640991210938
20180404_sample_2,Pvalb,74.29856993258,78.80266571044922,78.80266571044922
20180404_sample_3,IT,91.398436576128,90.11482238769531,90.11482238769531
20180404_sample_4,Pvalb,75.91119781136513,75.94212341308594,75.94212341308594
20180404_sample_5,Pvalb,83.07785727083683,76.4267578125,76.4267578125
20180404_sample_7,IT,96.44933044910432,89.3839111328125,89.3839111328125
20180405_sample_1,ET,90.5398242175579,88.18887329101562,88.18887329101562
20180405_sample_2,IT,89.54614400863647,84.62869262695312,84.62869262695312
20180405_sample_3,IT,94.31250765919684,87.40973663330078,87.40973663330078
20180410_sample_1,Pvalb,64.5474586635828,70.24834442138672,70.24834442138672
20180410_sample_3,IT,93.0764302611351,85.98771667480469,85.98771667480469
20180410_sample_4,IT,83.40447582304478,95.26961517333984,95.26961517333984
20180410_sample_5,IT,88.08841928839684,91.30506896972656,91.30506896972656
20180410_sample_6,IT,95.53638659417628,89.47940063476562,89.47940063476562
20180410_sample_9,Pvalb,64.17489796876907,64.39532470703125,64.39532470703125
20180411_sample_1,IT,80.2801102399826,91.62680053710938,91.62680053710938
20180411_sample_3,IT,76.53718255460262,91.03701782226562,91.03701782226562
20180411_sample_4,Pvalb,69.27335634827614,76.3468017578125,76.3468017578125
20180411_sample_5,Pvalb,64.5310003310442,68.26786804199219,68.26786804199219
20180412_sample_1,IT,92.53506362438202,91.58604431152344,91.58604431152344
20180412_sample_2,Pvalb,82.5280211865902,70.49085235595703,70.49085235595703
20180412_sample_3,IT,70.54517976939678,88.86944580078125,88.86944580078125
20180412_sample_4,IT,90.30646830797195,92.739501953125,92.739501953125
20180412_sample_7,IT,83.88112857937813,88.54940795898438,88.54940795898438
20180413_sample_2,Pvalb,82.44701474905014,68.40071105957031,68.40071105957031
20180413_sample_3,Pvalb,71.28221541643143,68.03953552246094,68.03953552246094
20180413_sample_4,IT,96.6009609401226,89.57112884521484,89.57112884521484
20180417_sample_1,Vip,84.37242545187473,82.9545669555664,82.9545669555664
20180417_sample_2,Pvalb,59.68988128006458,71.70545196533203,71.70545196533203
20180417_sample_3,IT,75.23251697421074,90.2912368774414,90.2912368774414
20180417_sample_4,Pvalb,70.61859406530857,68.21856689453125,68.21856689453125
20180417_sample_5,IT,93.48413348197936,84.62203216552734,84.62203216552734
20180417_sample_6,IT,77.99485698342323,89.87208557128906,89.87208557128906
20180417_sample_7,Pvalb,78.88136059045792,71.65460205078125,71.65460205078125
20180417_sample_8,Sst,65.42682461440563,79.95806884765625,79.95806884765625
20180417_sample_9,IT,81.306466832757,90.60253143310547,90.60253143310547
20180418_sample_1,Pvalb,73.62952828407288,75.79972076416016,75.79972076416016
20180418_sample_2,Pvalb,73.0753093957901,71.75199127197266,71.75199127197266
20180418_sample_3,Pvalb,72.21347838640213,72.39836883544922,72.39836883544922
20180418_sample_5,IT,85.47993749380112,84.74276733398438,84.74276733398438
20180418_sample_6,IT,96.2093360722065,90.1441650390625,90.1441650390625
20180420_sample_2,low quality,86.53418347239494,88.64988708496094,88.64988708496094
20180420_sample_3,IT,96.06990590691566,84.42792510986328,84.42792510986328
20180420_sample_4,IT,93.74388866126536,87.15589141845703,87.15589141845703
20180424_sample_1,IT,82.28543773293495,88.13628387451172,88.13628387451172
20180424_sample_2,IT,90.58714658021928,87.84263610839844,87.84263610839844
20180424_sample_3,IT,91.03874489665031,90.97911834716797,90.97911834716797
20180424_sample_6,IT,87.9172571003437,91.15093231201172,91.15093231201172
20180425_sample_2,IT,91.74195677042007,90.9374008178711,90.9374008178711
20180425_sample_3,Pvalb,67.08334945142269,77.71665954589844,77.71665954589844
20180425_sample_4,IT,90.01004695892334,86.14564514160156,86.14564514160156
20180425_sample_5,Sncg,84.26027372479439,82.4887466430664,82.4887466430664
20180425_sample_7,Pvalb,66.40996783971786,72.61963653564453,72.61963653564453
20180425_sample_8,Vip,83.13487470149994,85.01470947265625,85.01470947265625
20180425_sample_9,IT,89.6676704287529,84.62055969238281,84.62055969238281
20180426_sample_1,ET,93.171251937747,83.9521484375,83.9521484375
20180426_sample_3,IT,81.40270784497261,89.81900024414062,89.81900024414062
20180426_sample_4,IT,96.195500344038,87.53340148925781,87.53340148925781
20180426_sample_5,Pvalb,74.63713362812996,77.40636444091797,77.40636444091797
20180426_sample_7,IT,84.57321859896183,86.34046936035156,86.34046936035156
20180426_sample_9,Pvalb,69.41903382539749,80.60408782958984,80.60408782958984
20180501_sample_2,IT,90.15274792909622,89.95137786865234,89.95137786865234
20180501_sample_3,IT,90.97887203097343,87.32633972167969,87.32633972167969
20180501_sample_4,IT,91.45180508494376,89.83861541748047,89.83861541748047
20180501_sample_5,IT,95.02853080630302,86.45372009277344,86.45372009277344
20180501_sample_6,low quality,96.87885642051695,83.31112670898438,83.31112670898438
20180501_sample_7,low quality,66.17087125778198,83.08470916748047,83.08470916748047
20180501_sample_8,Lamp5,68.8125379383564,79.14510345458984,79.14510345458984
20180502_sample_1,low quality,62.59674951434136,80.368896484375,80.368896484375
20180502_sample_2,low quality,98.91686588525772,81.69358825683594,81.69358825683594
20180502_sample_3,IT,94.32101808488368,91.89244079589844,91.89244079589844
20180502_sample_4,IT,95.00059857964516,90.20155334472656,90.20155334472656
20180508_sample_1,Pvalb,79.3455746024847,76.34618377685547,76.34618377685547
20180508_sample_2,IT,96.52532637119292,84.6628646850586,84.6628646850586
20180508_sample_3,IT,92.51658618450163,91.8350601196289,91.8350601196289
20180508_sample_4,IT,91.51620045304298,88.89230346679688,88.89230346679688
20180509_sample_1,low quality,96.30699828267096,83.34127807617188,83.34127807617188
20180509_sample_2,IT,88.97586166858673,89.06938934326172,89.06938934326172
20180509_sample_3,IT,90.67527949810028,88.2950210571289,88.2950210571289
20180509_sample_4,IT,91.71120822429656,86.9780502319336,86.9780502319336
20180509_sample_5,IT,95.39321437478064,84.81172943115234,84.81172943115234
20180509_sample_7,IT,93.09404715895651,87.19287109375,87.19287109375
20180509_sample_9,IT,97.51158580183984,92.85981750488281,92.85981750488281
20180510_sample_2,Pvalb,64.98273648321629,68.55058288574219,68.55058288574219
20180510_sample_3,IT,81.60834573209286,88.28917694091797,88.28917694091797
20180510_sample_4,IT,87.17137016355991,93.19169616699219,93.19169616699219
20180510_sample_5,IT,87.91330829262733,85.68885803222656,85.68885803222656
20180510_sample_9,IT,80.2729744464159,89.9947509765625,89.9947509765625
20180515_sample_1,Pvalb,70.03893703222275,72.96754455566406,72.96754455566406
20180515_sample_6,Pvalb,74.81352984905243,82.49549102783203,82.49549102783203
20180522_sample_1,IT,81.72039315104485,88.3272933959961,88.3272933959961
20180522_sample_2,IT,90.02939984202385,86.89775848388672,86.89775848388672
20180522_sample_3,IT,82.18463882803917,82.86727142333984,82.86727142333984
20180522_sample_4,IT,74.95684921741486,87.2309341430664,87.2309341430664
20180522_sample_5,Pvalb,68.47870349884033,69.47509765625,69.47509765625
20180522_sample_6,ET,92.1756774187088,84.69038391113281,84.69038391113281
20180522_sample_7,IT,90.07572755217552,88.18316650390625,88.18316650390625
20180524_sample_5,low quality,57.879798114299774,86.55262756347656,86.55262756347656
20180524_sample_8,IT,84.45867151021957,90.84546661376953,90.84546661376953
20180524_sample_9,Pvalb,71.78668677806854,79.71831512451172,79.71831512451172
20180529_sample_3,IT,83.43897014856339,88.46282958984375,88.46282958984375
20180608_sample_1,Lamp5,89.14856240153313,73.78939819335938,73.78939819335938
20180608_sample_2,Pvalb,64.24202676862478,68.40503692626953,68.40503692626953
20180608_sample_3,IT,83.26061069965363,84.94647216796875,84.94647216796875
20180608_sample_5,Pvalb,70.14918141067028,68.5229721069336,68.5229721069336
20180619_sample_3,Pvalb,60.77215075492859,77.40596771240234,77.40596771240234
20180619_sample_5,IT,82.27599412202835,90.29138946533203,90.29138946533203
20180619_sample_7,Lamp5,63.90149332582951,80.01543426513672,80.01543426513672
20180621_sample_1,IT,88.63486722111702,88.42517852783203,88.42517852783203
20180621_sample_2,IT,80.49415051937103,89.80150604248047,89.80150604248047
20180621_sample_3,Sncg,90.32370150089264,83.07601928710938,83.07601928710938
20180621_sample_4,IT,87.70238980650902,90.64677429199219,90.64677429199219
20180621_sample_5,Vip,73.50563816726208,79.77033996582031,79.77033996582031
20180621_sample_7,Pvalb,58.90969559550285,70.40156555175781,70.40156555175781
20180621_sample_8,Pvalb,48.76242391765118,68.92849731445312,68.92849731445312
20180628_sample_2,Pvalb,68.18087585270405,81.51934814453125,81.51934814453125
20180628_sample_3,Pvalb,58.03002044558525,76.83015441894531,76.83015441894531
20180628_sample_4,low quality,58.8576216250658,84.29719543457031,84.29719543457031
20180628_sample_6,Pvalb,69.95398923754692,75.28924560546875,75.28924560546875
20180628_sample_7,Lamp5,74.99665021896362,83.17381286621094,83.17381286621094
20180703_sample_1,Pvalb,73.5081247985363,76.97187805175781,76.97187805175781
20180703_sample_2,IT,89.76751938462257,86.5741958618164,86.5741958618164
20180703_sample_3,low quality,90.3918333351612,81.69190216064453,81.69190216064453
20180704_sample_1,Pvalb,63.275450840592384,77.62255859375,77.62255859375
20180704_sample_2,Pvalb,71.6162659227848,70.81079864501953,70.81079864501953
20180704_sample_3,Pvalb,62.60566599667072,78.31985473632812,78.31985473632812
20180704_sample_4,IT,92.74689853191376,91.61542510986328,91.61542510986328
20180704_sample_5,Pvalb,63.50659765303135,71.02249145507812,71.02249145507812
20180705_sample_1,Pvalb,76.47163607180119,74.16557312011719,74.16557312011719
20180705_sample_4,Pvalb,74.23965260386467,67.93495178222656,67.93495178222656
20180709_sample_2,IT,89.75828438997269,92.1030502319336,92.1030502319336
20180709_sample_3,Lamp5,73.8082155585289,78.57345581054688,78.57345581054688
20180709_sample_4,IT,89.23959732055664,89.5236587524414,89.5236587524414
20180709_sample_6,IT,88.01422640681267,83.02257537841797,83.02257537841797
20180710_sample_1,Pvalb,72.30186462402344,83.5139389038086,83.5139389038086
20180710_sample_2,Pvalb,60.16158685088158,68.15385437011719,68.15385437011719
20180710_sample_3,Pvalb,73.71238619089127,73.0660629272461,73.0660629272461
20180710_sample_5,Pvalb,65.36898948252201,69.71382904052734,69.71382904052734
20180711_sample_1,Pvalb,68.10126826167107,75.34441375732422,75.34441375732422
20180711_sample_2,Sst,88.31312879920006,81.31230926513672,81.31230926513672
20180711_sample_3,Sst,83.63693952560425,83.39681243896484,83.39681243896484
20180711_sample_4,Sst,87.73492649197578,84.150390625,84.150390625
20180712_sample_2,low quality,60.62894873321056,85.55261993408203,85.55261993408203
20180712_sample_3,Sncg,78.11001315712929,84.89451599121094,84.89451599121094
20180712_sample_5,Pvalb,70.09867578744888,77.87541961669922,77.87541961669922
20180712_sample_11,Pvalb,51.7217330634594,76.10984802246094,76.10984802246094
20180712_sample_12,Pvalb,76.15662179887295,69.07588958740234,69.07588958740234
20180712_sample_13,IT,85.71524173021317,93.89369201660156,93.89369201660156
20180712_sample_14,Pvalb,67.00249575078487,70.18637084960938,70.18637084960938
20180712_sample_15,Pvalb,71.65496610105038,68.4884262084961,68.4884262084961
20180717_sample_1,Pvalb,76.0747566819191,75.5901870727539,75.5901870727539
20180717_sample_2,Lamp5,89.650459587574,82.0147705078125,82.0147705078125
20180717_sample_3,Pvalb,66.61725789308548,74.88959503173828,74.88959503173828
20180717_sample_4,Pvalb,65.79107232391834,72.96159362792969,72.96159362792969
20180717_sample_6,Pvalb,72.23345898091793,74.78850555419922,74.78850555419922
20180717_sample_7,ET,87.5682570040226,84.15660858154297,84.15660858154297
20180718_sample_2,Pvalb,72.14999757707119,72.27386474609375,72.27386474609375
20180718_sample_3,Pvalb,73.98795336484909,78.5947036743164,78.5947036743164
20180718_sample_4,Pvalb,75.19057393074036,69.54945373535156,69.54945373535156
20180719_sample_1,Pvalb,78.18632572889328,68.87340545654297,68.87340545654297
20180719_sample_4,Pvalb,70.7276463508606,69.93630981445312,69.93630981445312
20180720_sample_2,Sncg,89.548509567976,84.58512115478516,84.58512115478516
20180720_sample_3,Pvalb,75.34469664096832,74.75909423828125,74.75909423828125
20180720_sample_5,Lamp5,68.78877989947796,74.636962890625,74.636962890625
20180725_sample_3,IT,86.70781180262566,88.88423156738281,88.88423156738281
20180725_sample_4,low quality,92.474065721035,85.63646697998047,85.63646697998047
20180725_sample_6,Pvalb,58.71840380132198,76.62860107421875,76.62860107421875
20180725_sample_7,IT,84.2991340905428,92.08003997802734,92.08003997802734
20180725_sample_9,Lamp5,59.46622602641583,82.56388092041016,82.56388092041016
20180726_sample_3,Pvalb,72.79549911618233,74.4611587524414,74.4611587524414
20180726_sample_4,Pvalb,75.43018460273743,71.09886169433594,71.09886169433594
20180726_sample_5,Pvalb,65.46937860548496,78.32621765136719,78.32621765136719
20180726_sample_6,Pvalb,69.56142745912075,76.47492980957031,76.47492980957031
20180726_sample_7,Pvalb,67.1868845820427,74.3795166015625,74.3795166015625
20180817_sample_2,Pvalb,53.893253207206726,76.41197204589844,76.41197204589844
20180817_sample_3,Pvalb,42.72043891251087,69.58473205566406,69.58473205566406
20180817_sample_4,Pvalb,77.0476907491684,74.21199035644531,74.21199035644531
20180817_sample_5,Pvalb,72.51262292265892,76.59461212158203,76.59461212158203
20180817_sample_6,IT,84.82567220926285,85.20838165283203,85.20838165283203
20180817_sample_7,Pvalb,66.14776886999607,69.05508422851562,69.05508422851562
20180820_sample_1,Sst,71.0799302905798,80.10733032226562,80.10733032226562
20180820_sample_2,IT,92.2188051044941,90.85106658935547,90.85106658935547
20180820_sample_3,Sst,82.47614651918411,81.07826232910156,81.07826232910156
20180820_sample_4,Sst,87.30059862136841,82.35398864746094,82.35398864746094
20180820_sample_5,Sst,60.55087223649025,80.88837432861328,80.88837432861328
20180820_sample_6,IT,90.77879786491394,91.634765625,91.634765625
20180820_sample_7,Sst,51.18114501237869,72.50312805175781,72.50312805175781
20180822_sample_1,Pvalb,67.51974858343601,76.29486083984375,76.29486083984375
20180822_sample_2,Pvalb,72.45942205190659,71.6869888305664,71.6869888305664
20180822_sample_3,Pvalb,41.94128978997469,78.22001647949219,78.22001647949219
20180822_sample_4,Pvalb,79.36432585120201,77.94451904296875,77.94451904296875
20180822_sample_6,Pvalb,71.7204287648201,70.71009063720703,70.71009063720703
20180822_sample_7,Pvalb,71.94321602582932,71.64533996582031,71.64533996582031
20180828_sample_2,Pvalb,67.9281372576952,73.20719146728516,73.20719146728516
20180828_sample_3,Pvalb,69.32239048182964,73.8338394165039,73.8338394165039
20180828_sample_4,IT,87.921854108572,90.0400619506836,90.0400619506836
20180828_sample_5,Pvalb,61.2096767872572,73.18977355957031,73.18977355957031
20180828_sample_6,Pvalb,70.32652199268341,66.26173400878906,66.26173400878906
20180828_sample_7,low quality,89.42839875817299,82.41567993164062,82.41567993164062
20180828_sample_8,IT,95.9230549633503,92.90225982666016,92.90225982666016
20180829_sample_1,Sst,79.60300520062447,81.27497100830078,81.27497100830078
20180829_sample_2,Sst,91.39162302017212,81.4469985961914,81.4469985961914
20180829_sample_3,Sst,78.93406040966511,85.96558380126953,85.96558380126953
20180829_sample_4,Sst,90.9189060330391,82.67266845703125,82.67266845703125
20180829_sample_5,Sst,80.32406307756901,78.46002197265625,78.46002197265625
20180829_sample_6,Sst,80.90867102146149,81.5971908569336,81.5971908569336
20180829_sample_7,Sst,76.08122006058693,83.02743530273438,83.02743530273438
20180829_sample_8,IT,87.75929734110832,89.42908477783203,89.42908477783203
20180830_sample_1,Pvalb,70.63889876008034,81.62763977050781,81.62763977050781
20180830_sample_2,Pvalb,77.5396041572094,76.1711196899414,76.1711196899414
20180830_sample_5,Pvalb,65.15251658856869,71.94338989257812,71.94338989257812
20180830_sample_6,Pvalb,81.01353794336319,71.66678619384766,71.66678619384766
20180904_sample_1,Pvalb,75.51344484090805,74.9039306640625,74.9039306640625
20180904_sample_2,Pvalb,68.72247532010078,70.88939666748047,70.88939666748047
20180904_sample_3,Pvalb,73.35451245307922,69.82890319824219,69.82890319824219
20180904_sample_4,Pvalb,71.13175839185715,72.64619445800781,72.64619445800781
20180904_sample_5,Pvalb,62.38172762095928,74.22029113769531,74.22029113769531
20180904_sample_6,Pvalb,73.67852702736855,72.53681945800781,72.53681945800781
20180904_sample_7,Pvalb,46.66248336434364,74.96318817138672,74.96318817138672
20180904_sample_9,Pvalb,68.8647385686636,73.32083129882812,73.32083129882812
20180905_sample_1,Sst,74.7741386294365,83.54438018798828,83.54438018798828
20180905_sample_2,Sst,81.58191293478012,81.71517944335938,81.71517944335938
20180910_sample_2,Sst,86.23669669032097,82.58592224121094,82.58592224121094
20180910_sample_3,Sst,75.78277215361595,84.71846008300781,84.71846008300781
20180911_sample_1,Sst,79.05552536249161,78.91565704345703,78.91565704345703
20180911_sample_2,Sst,88.51072937250137,80.36954498291016,80.36954498291016
20180911_sample_3,Sst,73.92795383930206,82.14202117919922,82.14202117919922
20180911_sample_5,Sst,67.90295988321304,85.93069458007812,85.93069458007812
20180911_sample_6,Sst,93.37875247001648,77.58415222167969,77.58415222167969
20180912_sample_2,Pvalb,61.35168299078941,72.97056579589844,72.97056579589844
20180912_sample_3,Pvalb,54.52664103358984,73.13965606689453,73.13965606689453
20180912_sample_6,Pvalb,57.920871302485466,69.02568054199219,69.02568054199219
20180913_sample_2,low quality,90.66513925790788,83.36041259765625,83.36041259765625
20180917_sample_1,Sst,83.0070748925209,83.66844940185547,83.66844940185547
20180917_sample_2,Pvalb,79.81842756271362,73.1761245727539,73.1761245727539
20180917_sample_3,IT,91.78993478417397,92.37886047363281,92.37886047363281
20180917_sample_4,Pvalb,60.21853722631931,73.84239959716797,73.84239959716797
20180917_sample_5,Sst,86.27951890230179,83.11426544189453,83.11426544189453
20180918_sample_1,Vip,75.5690410733223,81.51383209228516,81.51383209228516
20180918_sample_2,Vip,86.73293888568878,85.3374252319336,85.3374252319336
20180918_sample_3,Vip,80.27533069252968,86.28948211669922,86.28948211669922
20180920_sample_1,low quality,71.31113857030869,83.35525512695312,83.35525512695312
20180920_sample_2,Pvalb,75.45290142297745,70.09060668945312,70.09060668945312
20180920_sample_3,Pvalb,73.14194738864899,68.97036743164062,68.97036743164062
20180920_sample_4,Pvalb,70.1559130102396,68.56415557861328,68.56415557861328
20180921_sample_1,low quality,76.2822050601244,82.70349884033203,82.70349884033203
20180921_sample_2,Pvalb,73.46101105213165,69.12802124023438,69.12802124023438
20180921_sample_3,Pvalb,81.8498320877552,72.06094360351562,72.06094360351562
20180925_sample_9,Pvalb,68.84156540036201,75.77256774902344,75.77256774902344
20180926_sample_1,Pvalb,58.87141078710556,70.05862426757812,70.05862426757812
20180926_sample_3,Pvalb,68.8474215567112,77.21185302734375,77.21185302734375
20180926_sample_4,low quality,69.12168115377426,81.22908782958984,81.22908782958984
20180926_sample_7,Pvalb,55.15125393867493,68.93492126464844,68.93492126464844
20180926_sample_9,IT,86.84278465807438,94.21163177490234,94.21163177490234
20180927_sample_1,Pvalb,69.17916983366013,69.52760314941406,69.52760314941406
20180927_sample_2,Pvalb,74.1024762392044,72.77933502197266,72.77933502197266
20180927_sample_3,low quality,64.47382271289825,81.28022766113281,81.28022766113281
20180927_sample_4,Pvalb,75.3876343369484,67.68971252441406,67.68971252441406
20180927_sample_5,Pvalb,71.26464694738388,70.44099426269531,70.44099426269531
20180927_sample_7,Pvalb,50.544094294309616,70.21131896972656,70.21131896972656
20180927_sample_9,IT,90.6199924647808,90.47970581054688,90.47970581054688
20180927_sample_10,low quality,75.18665120005608,83.99735260009766,83.99735260009766
20181002_sample_1,low quality,70.92264294624329,82.14419555664062,82.14419555664062
20181002_sample_2,Pvalb,73.55144619941711,70.17398834228516,70.17398834228516
20181002_sample_3,Pvalb,67.8098313510418,73.16932678222656,73.16932678222656
20181002_sample_4,Pvalb,80.17195388674736,78.58788299560547,78.58788299560547
20181002_sample_5,Pvalb,61.254993081092834,66.5328140258789,66.5328140258789
20181002_sample_6,Pvalb,85.52628755569458,74.93939208984375,74.93939208984375
20181002_sample_7,IT,90.41282534599304,91.2175521850586,91.2175521850586
20181002_sample_8,Pvalb,73.23465496301651,75.89775085449219,75.89775085449219
20181002_sample_9,Sst,58.52203629910946,70.60125732421875,70.60125732421875
20181002_sample_10,Pvalb,56.67545087635517,67.02876281738281,67.02876281738281
20181003_sample_1,low quality,71.35990262031555,84.87175750732422,84.87175750732422
20181003_sample_2,Sst,73.43336567282677,86.09075164794922,86.09075164794922
20181003_sample_3,Sst,79.42638918757439,83.51296997070312,83.51296997070312
20181003_sample_4,Sst,87.95200288295746,75.79563903808594,75.79563903808594
20181003_sample_5,Sst,80.24235814809799,84.52769470214844,84.52769470214844
20181003_sample_6,Sst,90.26427194476128,83.3394546508789,83.3394546508789
20181003_sample_7,Sst,68.07846203446388,78.12512969970703,78.12512969970703
20181003_sample_8,Sst,87.1727243065834,80.04618072509766,80.04618072509766
20181003_sample_9,Sst,60.64131297171116,69.50899505615234,69.50899505615234
20181003_sample_10,Sst,76.42195373773575,77.76445007324219,77.76445007324219
20181004_sample_1,low quality,82.4127271771431,80.619140625,80.619140625
20181004_sample_3,Sst,70.7519855350256,79.30491638183594,79.30491638183594
20181004_sample_5,Sst,56.385306641459465,78.40055084228516,78.40055084228516
20181004_sample_6,Sst,88.38270232081413,81.27821350097656,81.27821350097656
20181004_sample_8,Sst,65.85603207349777,70.095458984375,70.095458984375
20181009_sample_2,Sst,78.08304578065872,79.99667358398438,79.99667358398438
20181009_sample_3,Sst,82.15690776705742,82.51517486572266,82.51517486572266
20181009_sample_4,Sst,83.81949551403522,80.96035766601562,80.96035766601562
20181009_sample_5,Sst,77.67233997583389,83.66049194335938,83.66049194335938
20181009_sample_6,IT,93.77593547105788,93.48095703125,93.48095703125
20181009_sample_7,Sst,87.15135976672173,78.91142272949219,78.91142272949219
20181010_sample_1,Sst,67.67860427498817,75.76730346679688,75.76730346679688
20181010_sample_3,Sst,75.67954808473587,84.62390899658203,84.62390899658203
20181010_sample_4,Sst,82.53918588161469,81.5445327758789,81.5445327758789
20181010_sample_5,IT,86.75352670252323,93.10702514648438,93.10702514648438
20181010_sample_6,Sst,90.63956514000893,81.99279022216797,81.99279022216797
20181010_sample_8,Sst,87.6193456351757,82.32588195800781,82.32588195800781
20181010_sample_10,Sst,75.85882395505905,78.19190216064453,78.19190216064453
20181011_sample_3,Sst,65.67974016070366,75.86865234375,75.86865234375
20181011_sample_4,Sst,92.26950630545616,83.1319808959961,83.1319808959961
20181011_sample_8,Sst,78.49634438753128,80.09611511230469,80.09611511230469
20181011_sample_9,Sst,82.69445598125458,78.6540756225586,78.6540756225586
20181011_sample_10,Sst,91.05299785733224,69.09477233886719,69.09477233886719
20181109_sample_1,Sst,83.8797576725483,83.43264770507812,83.43264770507812
20181109_sample_2,Sst,74.29692521691322,83.851318359375,83.851318359375
20181109_sample_3,Sst,81.01269975304604,83.4761962890625,83.4761962890625
20181109_sample_5,Sst,90.95927700400352,82.54422760009766,82.54422760009766
20181109_sample_7,Sst,82.60852470993996,83.15203857421875,83.15203857421875
20181109_sample_8,Sst,84.36572924256325,79.96417236328125,79.96417236328125
20181109_sample_9,Sst,88.09943869709969,83.2413330078125,83.2413330078125
20181109_sample_10,Sst,107.73680731654169,78.631103515625,78.631103515625
20181112_sample_1,low quality,87.66088634729385,80.40878295898438,80.40878295898438
20181112_sample_4,Sst,91.70500189065932,71.85492706298828,71.85492706298828
20181112_sample_5,low quality,86.52636036276817,85.60548400878906,85.60548400878906
20181112_sample_6,Sst,76.98080316185951,80.91790008544922,80.91790008544922
20181112_sample_8,Sst,75.03237947821617,79.40142822265625,79.40142822265625
20181112_sample_11,Sst,81.17250725626945,74.9769287109375,74.9769287109375
20181114_sample_1,Pvalb,69.91182267665863,79.03031158447266,79.03031158447266
20181114_sample_2,Pvalb,74.14822280406952,69.37053680419922,69.37053680419922
20181114_sample_4,Pvalb,64.66951221227646,79.5003890991211,79.5003890991211
20181116_sample_2,Pvalb,74.69624280929565,71.4609375,71.4609375
20181116_sample_3,Pvalb,44.03705522418022,75.96049499511719,75.96049499511719
20181116_sample_4,Pvalb,74.69624280929565,72.36328125,72.36328125
20181116_sample_5,Pvalb,59.8294772207737,77.72252655029297,77.72252655029297
20181116_sample_7,low quality,62.235428020358086,84.16204833984375,84.16204833984375
20181116_sample_10,low quality,67.95520521700382,84.28994750976562,84.28994750976562
20181116_sample_12,Pvalb,68.15643794834614,70.98824310302734,70.98824310302734
20181121_sample_1,Sst,96.07882425189018,87.29015350341797,87.29015350341797
20181121_sample_2,Sst,89.22629803419113,78.61541748046875,78.61541748046875
20181121_sample_3,Pvalb,67.91084259748459,69.226318359375,69.226318359375
20181121_sample_4,low quality,90.79964458942412,81.46866607666016,81.46866607666016
20181121_sample_5,Sst,85.30665189027786,77.3985366821289,77.3985366821289
20181121_sample_6,Sst,77.32737436890602,77.2029800415039,77.2029800415039
20181121_sample_7,Sst,91.7113907635212,84.24153900146484,84.24153900146484
20181126_sample_2,Sst,87.4478779733181,78.09123992919922,78.09123992919922
20181126_sample_6,Sst,80.32946661114693,78.7041015625,78.7041015625
20181127_sample_1,Sst,90.28110280632971,82.9389877319336,82.9389877319336
20181127_sample_3,Sst,94.40571442246436,83.52619934082031,83.52619934082031
20181127_sample_4,Sst,88.23691681027412,81.8728256225586,81.8728256225586
20181127_sample_5,Sst,89.51395750045776,84.77754211425781,84.77754211425781
20181127_sample_7,Sst,89.60648998618126,77.38922882080078,77.38922882080078
20181129_sample_1,Sst,82.89729803800583,77.76873779296875,77.76873779296875
20181129_sample_2,low quality,96.12744674086572,82.2974853515625,82.2974853515625
20181129_sample_3,Sst,88.1827250123024,80.89891815185547,80.89891815185547
20181129_sample_4,Sst,93.8141532242298,84.84781646728516,84.84781646728516
20181129_sample_5,Sst,86.45636960864067,78.6809310913086,78.6809310913086
20181129_sample_6,Sst,82.2267048060894,83.01219940185547,83.01219940185547
20181203_sample_2,Sst,87.56098523736,81.91384887695312,81.91384887695312
20181203_sample_3,Sst,84.65743064880371,79.36824798583984,79.36824798583984
20181203_sample_4,Sst,86.90053597092628,89.27079772949219,89.27079772949219
20181203_sample_5,Sst,97.0180407166481,82.75328826904297,82.75328826904297
20181203_sample_6,Pvalb,72.46660441160202,78.9134750366211,78.9134750366211
20181203_sample_7,Sst,91.36196598410606,85.76221466064453,85.76221466064453
20181203_sample_8,Sst,88.3994847536087,73.94542694091797,73.94542694091797
20181203_sample_9,Sst,93.71811151504517,81.8604965209961,81.8604965209961
20181203_sample_10,low quality,84.10017564892769,80.89490509033203,80.89490509033203
20181205_sample_1,Sst,96.81878611445428,82.54144287109375,82.54144287109375
20181205_sample_2,Sst,91.2231169641018,79.61725616455078,79.61725616455078
20181207_sample_1,Pvalb,59.11475233733654,71.69420623779297,71.69420623779297
20181207_sample_2,Pvalb,76.94757357239723,77.52549743652344,77.52549743652344
20181207_sample_3,Pvalb,75.34616068005562,75.71600341796875,75.71600341796875
20181207_sample_4,Pvalb,70.65074145793915,73.5069580078125,73.5069580078125
20181207_sample_5,Pvalb,59.49666537344456,75.53836059570312,75.53836059570312
20181207_sample_6,low quality,76.10784098505974,79.75183868408203,79.75183868408203
20181207_sample_7,Pvalb,75.57920180261135,73.75493621826172,73.75493621826172
20181208_sample_1,low quality,64.09322284162045,88.68246459960938,88.68246459960938
20181208_sample_2,Sst,91.11664816737176,81.26534271240234,81.26534271240234
20181208_sample_3,Sst,87.80569210648537,86.521240234375,86.521240234375
20181208_sample_4,Sst,94.79834139347076,82.22798919677734,82.22798919677734
20181208_sample_5,Sst,94.11324560642242,87.46710968017578,87.46710968017578
20181208_sample_6,Sst,94.05487030744553,78.17621612548828,78.17621612548828
20181208_sample_7,Sst,81.0643695294857,80.3971176147461,80.3971176147461
20181208_sample_8,Sst,82.04088732600212,76.60773468017578,76.60773468017578
20181208_sample_9,Sst,80.28149604797363,81.08550262451172,81.08550262451172
20181208_sample_10,Sst,86.42473071813583,77.69953918457031,77.69953918457031
20181211_sample_1,CT,91.32495895028114,78.16964721679688,78.16964721679688
20181211_sample_2,Pvalb,69.75822523236275,71.18531036376953,71.18531036376953
20181211_sample_4,Pvalb,67.40245781838894,79.97490692138672,79.97490692138672
20181211_sample_5,low quality,72.25754670798779,82.63199615478516,82.63199615478516
20181211_sample_6,Pvalb,68.12426820397377,74.71072387695312,74.71072387695312
20181211_sample_7,Pvalb,78.40195298194885,76.85982513427734,76.85982513427734
20181211_sample_8,Pvalb,77.48255878686905,73.3150863647461,73.3150863647461
20181211_sample_9,Pvalb,72.56659865379333,74.9499740600586,74.9499740600586
20181213_sample_1,Sst,81.88975229859352,82.63640594482422,82.63640594482422
20181213_sample_2,Sst,68.63627955317497,76.48226928710938,76.48226928710938
20181213_sample_3,Sst,76.02759450674057,80.23590087890625,80.23590087890625
20181213_sample_4,Sst,92.17436611652374,81.84294891357422,81.84294891357422
20181213_sample_5,IT,87.9376120865345,88.11306762695312,88.11306762695312
20181213_sample_6,Sst,85.02447232604027,72.1923828125,72.1923828125
20181213_sample_7,Sst,82.86075294017792,78.82320404052734,78.82320404052734
20181214_sample_1,low quality,87.72683516144753,82.21251678466797,82.21251678466797
20181214_sample_2,Sst,86.75648644566536,83.12315368652344,83.12315368652344
20190108_sample_1,Pvalb,61.500029638409615,68.41439056396484,68.41439056396484
20190108_sample_2,Vip,75.92645287513733,84.03233337402344,84.03233337402344
20190108_sample_3,IT,91.11148118972778,89.13119506835938,89.13119506835938
20190108_sample_5,Vip,73.31754826009274,78.98739624023438,78.98739624023438
20190108_sample_6,Lamp5,72.83802144229412,75.75067138671875,75.75067138671875
20190109_sample_2,Sst,85.34383773803711,78.7035140991211,78.7035140991211
20190110_sample_1,Sst,91.67829155921936,80.57466125488281,80.57466125488281
20190110_sample_3,Sst,83.52096006274223,78.98204040527344,78.98204040527344
20190110_sample_4,Sst,70.74876502156258,80.15135955810547,80.15135955810547
20190110_sample_6,IT,94.70657631754877,91.50260925292969,91.50260925292969
20190110_sample_7,IT,85.90000122785568,86.04596710205078,86.04596710205078
20190117_sample_1,Vip,82.1413192898035,79.29006958007812,79.29006958007812
20190117_sample_2,IT,70.84060832858086,89.9978256225586,89.9978256225586
20190117_sample_3,Sst,75.8507251739502,83.18946838378906,83.18946838378906
20190117_sample_4,IT,90.00863507390022,89.46031188964844,89.46031188964844
20190117_sample_5,Sst,76.25202089548111,78.50936889648438,78.50936889648438
20190122_sample_1,Pvalb,62.91602924466133,70.50251007080078,70.50251007080078
20190122_sample_2,IT,71.44272327423096,91.10292053222656,91.10292053222656
20190122_sample_3,Pvalb,58.3289060741663,74.89397430419922,74.89397430419922
20190122_sample_5,Pvalb,65.73900207877159,74.05316162109375,74.05316162109375
20190122_sample_6,IT,60.7387125492096,92.63451385498047,92.63451385498047
20190122_sample_9,Pvalb,59.0684786438942,83.09062957763672,83.09062957763672
20190122_sample_10,Pvalb,55.61588332056999,79.70463562011719,79.70463562011719
20190122_sample_11,low quality,57.933567091822624,83.90161895751953,83.90161895751953
20190122_sample_12,Pvalb,52.42161080241203,75.51786041259766,75.51786041259766
20190122_sample_13,Pvalb,78.53172719478607,69.90404510498047,69.90404510498047
20190122_sample_14,Pvalb,62.69560009241104,74.7829360961914,74.7829360961914
20190122_sample_16,Pvalb,69.23428736627102,69.80458068847656,69.80458068847656
20190122_sample_17,Pvalb,76.10583677887917,75.12832641601562,75.12832641601562
20190123_sample_5,Pvalb,56.114690378308296,74.36017608642578,74.36017608642578
20190123_sample_7,Pvalb,80.62400668859482,76.08940124511719,76.08940124511719
20190123_sample_8,Pvalb,82.07651600241661,71.11500549316406,71.11500549316406
20190124_sample_4,Pvalb,75.73869451880455,78.1655044555664,78.1655044555664
20190128_sample_2,Pvalb,43.516311794519424,69.86174774169922,69.86174774169922
20190128_sample_3,low quality,64.1009472310543,82.27002716064453,82.27002716064453
20190128_sample_4,Pvalb,68.397656083107,76.28759765625,76.28759765625
20190128_sample_6,Lamp5,78.13877239823341,81.18717193603516,81.18717193603516
20190128_sample_7,Pvalb,63.32712061703205,75.21770477294922,75.21770477294922
20190128_sample_11,Pvalb,81.20493590831757,83.02143096923828,83.02143096923828
20190128_sample_12,Pvalb,80.52735030651093,69.40775299072266,69.40775299072266
20190130_sample_2,low quality,71.67911902070045,84.32255554199219,84.32255554199219
20190130_sample_3,Lamp5,80.93930035829544,80.26303100585938,80.26303100585938
20190130_sample_6,Pvalb,67.74996221065521,75.5822525024414,75.5822525024414
20190130_sample_8,CT,93.2642538100481,88.5399169921875,88.5399169921875
20190130_sample_9,Sst,75.9996809065342,81.10746002197266,81.10746002197266
20190130_sample_10,Sst,72.67500087618828,83.37788391113281,83.37788391113281
20190130_sample_15,Pvalb,74.87925887107849,70.01361083984375,70.01361083984375
20190130_sample_17,Sst,73.78264516592026,77.80978393554688,77.80978393554688
20190130_sample_18,Sst,71.19802758097649,79.99925994873047,79.99925994873047
20190131_sample_1,Sst,84.69193615019321,82.09332275390625,82.09332275390625
20190131_sample_3,Pvalb,56.75450526177883,81.26400756835938,81.26400756835938
20190131_sample_4,Sst,71.1174625903368,79.09831237792969,79.09831237792969
20190131_sample_5,Sst,73.8520696759224,71.84746551513672,71.84746551513672
20190131_sample_6,Sst,76.86975970864296,78.68086242675781,78.68086242675781
20190131_sample_10,Sst,78.96247506141663,79.9314956665039,79.9314956665039
20190201_sample_2,Pvalb,60.40351837873459,78.90591430664062,78.90591430664062
20190201_sample_3,Pvalb,69.62521374225616,73.4619369506836,73.4619369506836
20190201_sample_4,Pvalb,61.37713976204395,70.58705139160156,70.58705139160156
20190201_sample_7,Pvalb,65.13501890003681,79.40275573730469,79.40275573730469
20190201_sample_8,Pvalb,69.01605427265167,75.0748291015625,75.0748291015625
20190201_sample_10,Pvalb,69.64103691279888,77.82785034179688,77.82785034179688
20190204_sample_1,Sst,71.35624252259731,79.4870376586914,79.4870376586914
20190204_sample_2,CT,80.24139702320099,88.016357421875,88.016357421875
20190204_sample_4,Sst,86.01600676774979,83.82479095458984,83.82479095458984
20190204_sample_5,Sst,74.84593614935875,82.20677185058594,82.20677185058594
20190204_sample_6,Sst,78.55420559644699,82.35894775390625,82.35894775390625
20190204_sample_7,Pvalb,64.3570851534605,71.58881378173828,71.58881378173828
20190204_sample_8,Pvalb,70.41541486978531,73.4169921875,73.4169921875
20190204_sample_9,Pvalb,59.332093223929405,73.6748046875,73.6748046875
20190204_sample_10,Pvalb,59.379005804657936,70.35391235351562,70.35391235351562
20190204_sample_11,Sst,81.099983304739,78.56208801269531,78.56208801269531
20190204_sample_14,Sst,73.24637100100517,76.53022766113281,76.53022766113281
20190204_sample_15,Sst,76.2857124209404,82.96805572509766,82.96805572509766
20190204_sample_16,Sst,80.62806725502014,78.86176300048828,78.86176300048828
20190204_sample_17,Sst,82.54886418581009,77.54904174804688,77.54904174804688
20190204_sample_18,Sst,79.80620861053467,82.21611785888672,82.21611785888672
20190204_sample_19,low quality,79.75251600146294,81.38418579101562,81.38418579101562
20190204_sample_20,low quality,68.49057599902153,80.72657012939453,80.72657012939453
20190204_sample_21,Pvalb,61.66628189384937,73.72261047363281,73.72261047363281
20190204_sample_22,IT,89.36270140111446,89.39494323730469,89.39494323730469
20190204_sample_24,CT,88.14286813139915,90.42872619628906,90.42872619628906
20190205_sample_1,Pvalb,84.38947051763535,81.61622619628906,81.61622619628906
20190205_sample_2,Sst,84.54042673110962,79.34142303466797,79.34142303466797
20190205_sample_3,low quality,76.349176466465,81.76609802246094,81.76609802246094
20190205_sample_4,Sst,82.5708881020546,81.34996032714844,81.34996032714844
20190205_sample_5,Sst,85.93536540865898,87.56466674804688,87.56466674804688
20190205_sample_6,Sst,74.42037016153336,76.00817108154297,76.00817108154297
20190205_sample_7,Pvalb,64.84530866146088,71.3702163696289,71.3702163696289
20190211_sample_1,Pvalb,77.44389027357101,69.18335723876953,69.18335723876953
20190211_sample_2,IT,83.2475982606411,93.33606719970703,93.33606719970703
20190211_sample_3,Pvalb,69.10249218344688,78.12338256835938,78.12338256835938
20190211_sample_4,IT,85.9408974647522,89.5038833618164,89.5038833618164
20190211_sample_6,Pvalb,67.20800325274467,68.79502868652344,68.79502868652344
20190211_sample_8,Pvalb,73.52657616138458,84.1034927368164,84.1034927368164
20190211_sample_9,Pvalb,65.24720601737499,70.98384094238281,70.98384094238281
20190211_sample_11,Pvalb,68.15249845385551,78.00099182128906,78.00099182128906
20190211_sample_12,low quality,69.80433687567711,80.91600036621094,80.91600036621094
20190212_sample_1,Sst,77.20937952399254,77.87854766845703,77.87854766845703
20190212_sample_4,Sst,75.24784281849861,85.00007629394531,85.00007629394531
20190212_sample_5,Sst,86.87775954604149,86.68290710449219,86.68290710449219
20190212_sample_6,Sst,88.63542973995209,83.28489685058594,83.28489685058594
20190212_sample_7,Sst,87.8821611404419,85.22858428955078,85.22858428955078
20190212_sample_8,Sst,84.851935505867,78.76289367675781,78.76289367675781
20190213_sample_1,Pvalb,73.49205389618874,73.49790954589844,73.49790954589844
20190213_sample_4,Pvalb,58.44944342970848,72.57498168945312,72.57498168945312
20190213_sample_7,Pvalb,78.9974294602871,69.97700500488281,69.97700500488281
20190213_sample_8,Pvalb,63.87201882898808,71.19465637207031,71.19465637207031
20190214_sample_1,Pvalb,69.64459456503391,77.19835662841797,77.19835662841797
20190214_sample_2,Pvalb,64.69228863716125,78.54490661621094,78.54490661621094
20190214_sample_3,Pvalb,64.89905342459679,75.55836486816406,75.55836486816406
20190214_sample_6,Pvalb,42.85773262381554,77.42425537109375,77.42425537109375
20190214_sample_9,Pvalb,68.94219294190407,76.41751098632812,76.41751098632812
20190218_sample_3,Sst,90.59863537549973,84.355712890625,84.355712890625
20190218_sample_4,Sst,83.28337967395782,82.85269927978516,82.85269927978516
20190218_sample_5,Sst,75.82758367061615,80.49895477294922,80.49895477294922
20190219_sample_1,Vip,94.24768015742302,84.0646743774414,84.0646743774414
20190219_sample_3,Sncg,87.76741847395897,84.16053771972656,84.16053771972656
20190219_sample_4,Vip,86.17333695292473,85.25521087646484,85.25521087646484
20190219_sample_7,Vip,83.91285687685013,87.4153060913086,87.4153060913086
20190219_sample_8,IT,94.58117932081224,85.40574645996094,85.40574645996094
20190221_sample_1,Sst,64.09190967679024,81.80657958984375,81.80657958984375
20190221_sample_2,Sst,72.18155264854431,81.35452270507812,81.35452270507812
20190221_sample_4,Sst,60.65128557384014,78.44183349609375,78.44183349609375
20190221_sample_10,Sst,77.28859409689903,75.66168212890625,75.66168212890625
20190221_sample_11,Pvalb,67.11445748806,68.39605712890625,68.39605712890625
20190222_sample_2,CT,79.11454699933529,90.27767944335938,90.27767944335938
20190222_sample_3,IT,93.36332976818083,96.16078186035156,96.16078186035156
20190222_sample_4,CT,97.15916216373444,86.62328338623047,86.62328338623047
20190222_sample_5,CT,78.25144939124584,91.95452117919922,91.95452117919922
20190222_sample_7,Vip,77.86186039447784,79.67281341552734,79.67281341552734
20190222_sample_8,IT,91.47126600146294,94.11297607421875,94.11297607421875
20190226_sample_1,Pvalb,74.41053539514542,78.36974334716797,78.36974334716797
20190226_sample_2,Lamp5,76.56639255583286,77.8660888671875,77.8660888671875
20190226_sample_3,CT,85.27701534330845,87.89973449707031,87.89973449707031
20190226_sample_5,IT,80.38515597581863,92.95176696777344,92.95176696777344
20190226_sample_6,IT,91.77589789032936,87.7502212524414,87.7502212524414
20190226_sample_7,Lamp5,88.25407922267914,81.61734771728516,81.61734771728516
20190226_sample_9,Pvalb,64.53191302716732,71.9875259399414,71.9875259399414
20190227_sample_1,Sst,81.19979873299599,80.62042999267578,80.62042999267578
20190227_sample_2,Sst,74.42209869623184,78.97344207763672,78.97344207763672
20190227_sample_3,Sst,74.86415654420853,78.47439575195312,78.47439575195312
20190227_sample_4,Sst,91.49758145213129,84.20005798339844,84.20005798339844
20190227_sample_5,Sst,81.82083815336227,80.39263153076172,80.39263153076172
20190227_sample_6,Sst,83.76537263393402,81.4315414428711,81.4315414428711
20190227_sample_7,Pvalb,66.97503663599491,73.13249969482422,73.13249969482422
20190318_sample_3,Sst,79.79261502623558,75.19056701660156,75.19056701660156
20190318_sample_4,Sst,83.19851756095886,73.33100128173828,73.33100128173828
20190318_sample_5,Sst,75.02164132893085,78.35057067871094,78.35057067871094
20190318_sample_6,Sst,88.62888440489769,79.55496215820312,79.55496215820312
20190320_sample_4,IT,84.5920704305172,91.45590209960938,91.45590209960938
20190320_sample_5,CT,83.23248848319054,93.4875717163086,93.4875717163086
20190320_sample_6,CT,82.69401080906391,88.643310546875,88.643310546875
20190320_sample_9,IT,85.26246249675751,91.60188293457031,91.60188293457031
20190321_sample_2,low quality,86.06179803609848,89.70481872558594,89.70481872558594
20190321_sample_4,IT,99.99826550483704,94.94734954833984,94.94734954833984
20190321_sample_6,CT,83.31293612718582,90.28814697265625,90.28814697265625
20190322_sample_1,IT,87.79515698552132,95.44290161132812,95.44290161132812
20190322_sample_2,IT,92.71639585494997,90.3860092163086,90.3860092163086
20190322_sample_3,CT,70.9520522505045,88.88809967041016,88.88809967041016
20190322_sample_4,CT,91.0138487815857,92.04582214355469,92.04582214355469
20190325_sample_1,Lamp5,75.35040751099586,78.63504028320312,78.63504028320312
20190325_sample_2,low quality,74.59656521677971,83.46391296386719,83.46391296386719
20190325_sample_3,IT,84.54316481947899,92.56939697265625,92.56939697265625
20190325_sample_4,CT,83.68217013776302,93.65737915039062,93.65737915039062
20190325_sample_5,CT,87.09315024316311,88.48973846435547,88.48973846435547
20190325_sample_6,CT,93.13945472240448,86.0206069946289,86.0206069946289
20190325_sample_7,IT,82.34000764787197,92.99330139160156,92.99330139160156
20190325_sample_9,CT,85.29018610715866,88.56893157958984,88.56893157958984
20190326_sample_1,CT,79.65486869215965,90.71469116210938,90.71469116210938
20190326_sample_2,Vip,88.86945247650146,81.96965026855469,81.96965026855469
20190326_sample_3,Vip,94.89331021904944,82.36751556396484,82.36751556396484
20190326_sample_4,CT,93.1616723537445,87.78082275390625,87.78082275390625
20190327_sample_1,CT,87.66460418701172,90.58866882324219,90.58866882324219
20190327_sample_2,IT,91.1821499466896,90.59208679199219,90.59208679199219
20190327_sample_4,CT,89.23131972551346,90.9937973022461,90.9937973022461
20190327_sample_7,Vip,81.83619938790798,78.23406219482422,78.23406219482422
20190328_sample_1,CT,92.642392963171,81.2547607421875,81.2547607421875
20190328_sample_2,CT,80.53122088313103,84.2489013671875,84.2489013671875
20190328_sample_3,CT,95.67064419388772,92.1124496459961,92.1124496459961
20190328_sample_4,CT,84.85731482505798,91.66715240478516,91.66715240478516
20190328_sample_5,CT,77.33345404267311,94.0544204711914,94.0544204711914
20190328_sample_6,CT,79.87029105424881,88.30854034423828,88.30854034423828
20190328_sample_8,IT,84.9335603415966,89.33434295654297,89.33434295654297
20190328_sample_9,CT,95.28905153274536,84.71174621582031,84.71174621582031
20190329_sample_3,CT,80.64241707324982,85.35147857666016,85.35147857666016
20190329_sample_4,CT,78.55642959475517,91.31304168701172,91.31304168701172
20190329_sample_5,CT,80.79256862401962,86.94320678710938,86.94320678710938
20190402_sample_2,CT,84.66124162077904,87.87438201904297,87.87438201904297
20190402_sample_3,IT,88.94643187522888,86.5074691772461,86.5074691772461
20190402_sample_5,low quality,84.17326211929321,80.39137268066406,80.39137268066406
20190402_sample_6,Vip,83.49979668855667,83.62556457519531,83.62556457519531
20190403_sample_3,low quality,73.59538599848747,83.15824890136719,83.15824890136719
20190403_sample_5,IT,86.19694784283638,95.43354797363281,95.43354797363281
20190403_sample_6,Sst,78.8726918399334,75.4951171875,75.4951171875
20190403_sample_7,Sst,81.11663907766342,87.26313018798828,87.26313018798828
20190408_sample_1,Pvalb,62.522031366825104,73.10865020751953,73.10865020751953
20190408_sample_2,Sst,77.49702781438828,82.5274658203125,82.5274658203125
20190408_sample_5,Sst,73.2230544090271,83.9385757446289,83.9385757446289
20190408_sample_6,Sst,76.26180350780487,81.82879638671875,81.82879638671875
20190409_sample_2,low quality,73.1385201215744,82.71512603759766,82.71512603759766
20190409_sample_3,low quality,90.5023105442524,84.3536605834961,84.3536605834961
20190409_sample_4,Sst,89.95022624731064,84.53914642333984,84.53914642333984
20190409_sample_5,CT,83.26983451843262,88.16122436523438,88.16122436523438
20190409_sample_7,Sst,75.82852616906166,83.10031127929688,83.10031127929688
20190409_sample_8,CT,87.25356683135033,91.13170623779297,91.13170623779297
20190409_sample_9,IT,87.87432126700878,92.85845947265625,92.85845947265625
20190409_sample_10,CT,94.08621862530708,86.1185531616211,86.1185531616211
20190409_sample_11,IT,88.54580670595169,91.32907104492188,91.32907104492188
20190410_sample_3,CT,96.14389762282372,82.03614044189453,82.03614044189453
20190410_sample_4,Sst,80.22316545248032,83.79452514648438,83.79452514648438
20190410_sample_6,IT,94.53407861292362,91.21342468261719,91.21342468261719
20190410_sample_7,CT,95.71128338575365,90.73502349853516,90.73502349853516
20190410_sample_10,CT,92.55918487906456,79.12773132324219,79.12773132324219
20190411_sample_1,CT,94.63581442832948,85.85365295410156,85.85365295410156
20190411_sample_3,low quality,67.30474717915058,81.22456359863281,81.22456359863281
20190411_sample_5,CT,77.13204249739647,87.29654693603516,87.29654693603516
20190411_sample_6,Pvalb,64.43304196000099,70.1458740234375,70.1458740234375
20190411_sample_8,CT,91.46342426538467,89.84788513183594,89.84788513183594
20190412_sample_1,Pvalb,64.13283199071884,70.49091339111328,70.49091339111328
20190412_sample_3,IT,96.04007378220558,90.71923828125,90.71923828125
20190412_sample_6,Pvalb,79.7375738620758,77.7145004272461,77.7145004272461
20190415_sample_1,Pvalb,70.13487443327904,68.54157257080078,68.54157257080078
20190415_sample_3,CT,92.17743575572968,87.13668823242188,87.13668823242188
20190415_sample_4,IT,84.91148054599762,94.15745544433594,94.15745544433594
20190415_sample_6,CT,88.67596834897995,88.6832275390625,88.6832275390625
20190415_sample_8,Sst,98.75188395380974,78.50018310546875,78.50018310546875
20190415_sample_10,IT,93.33907812833786,95.50347900390625,95.50347900390625
20190416_sample_3,CT,85.9910137951374,87.8810806274414,87.8810806274414
20190416_sample_4,Pvalb,80.07996529340744,74.70904541015625,74.70904541015625
20190416_sample_5,Sst,82.40899816155434,81.89720916748047,81.89720916748047
20190416_sample_6,IT,91.24798327684402,88.44464111328125,88.44464111328125
20190416_sample_7,Sncg,87.3347781598568,82.53679656982422,82.53679656982422
20190416_sample_8,Pvalb,70.3493170440197,67.0592269897461,67.0592269897461
20190416_sample_9,IT,71.64989784359932,95.59087371826172,95.59087371826172
20190416_sample_10,CT,93.09175238013268,82.29708862304688,82.29708862304688
20190417_sample_2,CT,91.15064516663551,92.28836822509766,92.28836822509766
20190417_sample_3,CT,83.85783806443214,78.16183471679688,78.16183471679688
20190417_sample_4,Sst,86.5284763276577,74.39381408691406,74.39381408691406
20190417_sample_5,Sst,76.3992890715599,82.37025451660156,82.37025451660156
20190417_sample_9,CT,87.67540194094181,91.55256652832031,91.55256652832031
20190417_sample_10,Sst,80.94653859734535,86.02217102050781,86.02217102050781
20190418_sample_2,Sst,82.86372199654579,82.49789428710938,82.49789428710938
20190418_sample_4,CT,83.625927567482,89.21479034423828,89.21479034423828
20190418_sample_5,IT,95.32060101628304,92.27294921875,92.27294921875
20190418_sample_7,CT,92.46956557035446,91.52680206298828,91.52680206298828
20190418_sample_8,Pvalb,72.51263409852982,76.82730865478516,76.82730865478516
20190418_sample_9,CT,97.68320992588995,83.2034912109375,83.2034912109375
20190418_sample_10,CT,96.80044278502464,85.29423522949219,85.29423522949219
20190422_sample_1,Pvalb,73.08951020240784,75.25275421142578,75.25275421142578
20190422_sample_4,Pvalb,76.27905532717705,80.27008819580078,80.27008819580078
20190422_sample_5,Pvalb,74.82000812888145,75.76708984375,75.76708984375
20190422_sample_6,CT,94.85702589154243,91.22696685791016,91.22696685791016
20190422_sample_7,IT,87.27382495999336,89.74979400634766,89.74979400634766
20190422_sample_8,Pvalb,82.0709802210331,71.5664291381836,71.5664291381836
20190422_sample_10,CT,93.33831444382668,92.39550018310547,92.39550018310547
20190423_sample_1,IT,94.48688477277756,88.24159240722656,88.24159240722656
20190423_sample_3,CT,90.3736837208271,81.05531311035156,81.05531311035156
20190423_sample_5,CT,85.12067422270775,84.48939514160156,84.48939514160156
20190423_sample_7,CT,85.98145842552185,90.88404846191406,90.88404846191406
20190423_sample_8,Pvalb,72.48838245868683,79.71732330322266,79.71732330322266
20190423_sample_10,Pvalb,73.55273142457008,69.74486541748047,69.74486541748047
20190424_sample_1,CT,93.55700016021729,82.8053207397461,82.8053207397461
20190424_sample_2,Pvalb,85.60793846845627,70.59071350097656,70.59071350097656
20190424_sample_3,CT,87.37025782465935,88.06883239746094,88.06883239746094
20190424_sample_4,CT,93.595240265131,90.88050079345703,90.88050079345703
20190424_sample_5,CT,92.6484726369381,83.96246337890625,83.96246337890625
20190424_sample_6,IT,89.21555057168007,91.74583435058594,91.74583435058594
20190424_sample_7,Lamp5,74.33873414993286,76.83329010009766,76.83329010009766
20190425_sample_1,IT,95.0661525130272,93.2176284790039,93.2176284790039
20190425_sample_4,Lamp5,92.06105396151544,77.43479919433594,77.43479919433594
20190425_sample_6,Sst,89.07821774482727,77.49861907958984,77.49861907958984
20190425_sample_7,IT,85.61282604932785,89.8335189819336,89.8335189819336
20190425_sample_8,CT,93.1018590927124,85.5293197631836,85.5293197631836
20190425_sample_9,CT,97.54357486963272,83.01083374023438,83.01083374023438
20190425_sample_12,CT,90.22025391459464,85.62084197998047,85.62084197998047
20190425_sample_13,CT,79.47559654712677,91.07241821289062,91.07241821289062
20190425_sample_14,CT,93.78451853990556,89.74031829833984,89.74031829833984
20190425_sample_16,IT,92.56749600172044,93.29518127441406,93.29518127441406
20190429_sample_1,Pvalb,82.43559300899506,71.64212036132812,71.64212036132812
20190429_sample_4,Pvalb,77.95417681336403,72.39898681640625,72.39898681640625
20190429_sample_5,Pvalb,64.03008289635181,76.25654602050781,76.25654602050781
20190429_sample_6,Pvalb,76.15016400814056,74.61636352539062,74.61636352539062
20190429_sample_7,CT,85.98475530743599,94.67214965820312,94.67214965820312
20190430_sample_1,Vip,80.47840371727943,79.43632507324219,79.43632507324219
20190430_sample_3,Vip,80.18844574689865,82.79359436035156,82.79359436035156
20190430_sample_4,Vip,95.7612544298172,84.21823120117188,84.21823120117188
20190430_sample_5,Vip,94.9060581624508,83.70443725585938,83.70443725585938
20190430_sample_6,Vip,86.14795282483101,74.91190338134766,74.91190338134766
20190430_sample_7,IT,87.00781315565109,88.62673950195312,88.62673950195312
20190430_sample_8,Vip,79.4881209731102,85.56172943115234,85.56172943115234
20190430_sample_9,IT,94.04561668634416,91.47480010986328,91.47480010986328
20190430_sample_10,IT,87.45067939162254,88.03907775878906,88.03907775878906
20190501_sample_1,Vip,72.97488301992416,84.21562957763672,84.21562957763672
20190501_sample_3,Vip,77.48232781887054,85.02288055419922,85.02288055419922
20190501_sample_4,Vip,98.16055372357368,81.9013442993164,81.9013442993164
20190501_sample_5,CT,93.75589340925217,82.30884552001953,82.30884552001953
20190501_sample_6,Vip,85.13852953910828,84.4700927734375,84.4700927734375
20190501_sample_7,Pvalb,65.71706384420395,69.47607421875,69.47607421875
20190501_sample_8,Vip,82.82921463251114,81.72620391845703,81.72620391845703
20190501_sample_9,Pvalb,63.5858066380024,73.25642395019531,73.25642395019531
20190501_sample_11,Pvalb,66.93664193153381,75.29149627685547,75.29149627685547
20190501_sample_12,IT,95.90091556310654,90.30741882324219,90.30741882324219
20190501_sample_14,Pvalb,72.64611683785915,69.65658569335938,69.65658569335938
20190503_sample_1,Vip,87.48893439769745,83.67901611328125,83.67901611328125
20190503_sample_3,Vip,90.57026356458664,78.71685028076172,78.71685028076172
20190506_sample_1,Vip,79.38801497220993,81.08656311035156,81.08656311035156
20190506_sample_2,Vip,91.51550382375716,83.79424285888672,83.79424285888672
20190506_sample_3,Vip,82.63454213738441,82.3863754272461,82.3863754272461
20190506_sample_4,CT,86.11929789185524,89.32707977294922,89.32707977294922
20190506_sample_5,Vip,76.56962424516678,80.74243927001953,80.74243927001953
20190506_sample_6,CT,84.33423563838005,87.63409423828125,87.63409423828125
20190506_sample_7,Vip,56.47172499448061,78.45413970947266,78.45413970947266
20190507_sample_2,Vip,81.22365549206734,80.52685546875,80.52685546875
20190507_sample_3,CT,74.8269222676754,87.09998321533203,87.09998321533203
20190507_sample_4,Vip,77.00823619961739,86.11700439453125,86.11700439453125
20190507_sample_5,Vip,89.21604230999947,81.03193664550781,81.03193664550781
20190507_sample_6,Vip,86.9259163737297,83.4222412109375,83.4222412109375
20190508_sample_1,Lamp5,71.787029504776,80.21983337402344,80.21983337402344
20190508_sample_2,Sst,73.62933456897736,80.18799591064453,80.18799591064453
20190508_sample_3,Lamp5,57.82293155789375,78.77979278564453,78.77979278564453
20190508_sample_4,Sst,82.03897252678871,85.5635986328125,85.5635986328125
20190508_sample_5,low quality,76.81557536125183,84.1007308959961,84.1007308959961
20190508_sample_6,Pvalb,79.07163724303246,76.6739501953125,76.6739501953125
20190508_sample_7,Sst,74.48645681142807,82.12391662597656,82.12391662597656
20190509_sample_2,Vip,90.12071415781976,85.64619445800781,85.64619445800781
20190509_sample_3,Lamp5,65.2772244066,82.47723388671875,82.47723388671875
20190509_sample_4,Vip,88.91259133815765,83.1844482421875,83.1844482421875
20190509_sample_5,Lamp5,66.96617975831032,77.79745483398438,77.79745483398438
20190509_sample_9,Vip,97.695454955101,82.97276306152344,82.97276306152344
20190513_sample_1,Lamp5,66.43734499812126,78.70662689208984,78.70662689208984
20190513_sample_2,Vip,88.44901993870735,82.08534240722656,82.08534240722656
20190513_sample_3,Vip,72.08895310759544,84.99334716796875,84.99334716796875
20190513_sample_4,Vip,90.29637277126312,79.73738098144531,79.73738098144531
20190513_sample_5,Lamp5,60.37425808608532,79.037109375,79.037109375
20190514_sample_2,Pvalb,81.9956436753273,68.19432067871094,68.19432067871094
20190514_sample_4,Lamp5,94.0735824406147,79.8427963256836,79.8427963256836
20190514_sample_7,Lamp5,54.71796356141567,78.73339080810547,78.73339080810547
20190514_sample_8,Pvalb,80.10352589190006,69.7322998046875,69.7322998046875
20190515_sample_1,Lamp5,69.4056898355484,79.02687072753906,79.02687072753906
20190515_sample_2,low quality,97.17118367552756,82.53553009033203,82.53553009033203
20190515_sample_3,low quality,70.12465596199036,84.22377014160156,84.22377014160156
20190515_sample_4,Vip,95.42955085635184,83.0892333984375,83.0892333984375
20190515_sample_5,Lamp5,68.3404915034771,78.61592864990234,78.61592864990234
20190515_sample_6,Vip,91.04027599096298,82.08513641357422,82.08513641357422
20190515_sample_7,Lamp5,73.72315973043442,81.66207122802734,81.66207122802734
20190515_sample_8,Vip,92.67153218388556,83.46701049804688,83.46701049804688
20190515_sample_9,Lamp5,75.0914178788662,80.59867858886719,80.59867858886719
20190515_sample_10,Vip,86.38951182365417,83.21353912353516,83.21353912353516
20190515_sample_11,Lamp5,74.68767464160919,78.71395111083984,78.71395111083984
20190515_sample_12,Vip,93.48787367343904,80.18659210205078,80.18659210205078
20190515_sample_13,Vip,77.60562002658844,82.26461029052734,82.26461029052734
20190515_sample_14,Vip,89.45520967245102,82.36064910888672,82.36064910888672
20190515_sample_15,Lamp5,73.5280979424715,79.24595642089844,79.24595642089844
20190516_sample_2,Sst,90.26158601045609,86.74987030029297,86.74987030029297
20190516_sample_3,Lamp5,63.89335542917252,76.8105239868164,76.8105239868164
20190516_sample_4,Sst,79.82237637042999,83.48419952392578,83.48419952392578
20190516_sample_5,Lamp5,74.48666729032993,79.21371459960938,79.21371459960938
20190516_sample_6,Sst,85.8621597290039,79.13414764404297,79.13414764404297
20190522_sample_1,Lamp5,85.65478399395943,78.50930786132812,78.50930786132812
20190528_sample_2,Vip,91.10582619905472,80.44070434570312,80.44070434570312
20190528_sample_4,Vip,85.51528677344322,77.93799591064453,77.93799591064453
20190528_sample_6,Vip,97.9081317782402,81.47364807128906,81.47364807128906
20190528_sample_7,Lamp5,54.178522899746895,79.11268615722656,79.11268615722656
20190528_sample_8,Vip,91.27450361847878,78.38365936279297,78.38365936279297
20190528_sample_9,Vip,82.90886133909225,81.28914642333984,81.28914642333984
20190529_sample_2,Vip,100.60613229870796,84.00950622558594,84.00950622558594
20190529_sample_3,Sncg,83.92720483243465,79.92961120605469,79.92961120605469
20190529_sample_6,Vip,90.423334389925,82.05159759521484,82.05159759521484
20190603_sample_1,Lamp5,67.43091344833374,80.75155639648438,80.75155639648438
20190603_sample_2,Vip,96.86670266091824,83.70954895019531,83.70954895019531
20190603_sample_3,Vip,84.36662703752518,82.18834686279297,82.18834686279297
20190603_sample_4,Vip,85.03990434110165,84.53916931152344,84.53916931152344
20190603_sample_5,Lamp5,75.09558089077473,77.87982177734375,77.87982177734375
20190603_sample_6,Lamp5,67.65948422253132,79.6850814819336,79.6850814819336
20190603_sample_7,Lamp5,84.16818268597126,80.48193359375,80.48193359375
20190603_sample_9,Sncg,85.12735925614834,77.36178588867188,77.36178588867188
20190603_sample_10,Vip,85.61769872903824,86.05020141601562,86.05020141601562
20190604_sample_2,Pvalb,80.32530546188354,70.43827056884766,70.43827056884766
20190604_sample_4,Lamp5,80.84733970463276,73.60086822509766,73.60086822509766
20190604_sample_6,Lamp5,71.40236347913742,76.92642974853516,76.92642974853516
20190604_sample_8,Pvalb,81.8246342241764,73.46007537841797,73.46007537841797
20190604_sample_12,IT,95.217015594244,92.64082336425781,92.64082336425781
20190605_sample_1,low quality,85.82372777163982,83.07376098632812,83.07376098632812
20190605_sample_2,Vip,74.80413839221,80.89388275146484,80.89388275146484
20190605_sample_4,Vip,78.24202254414558,83.2428970336914,83.2428970336914
20190605_sample_5,Lamp5,72.78033345937729,74.4238510131836,74.4238510131836
20190605_sample_6,Vip,85.3877030313015,83.27252960205078,83.27252960205078
20190606_sample_1,Pvalb,76.68016478419304,76.62788391113281,76.62788391113281
20190606_sample_2,Pvalb,80.78563958406448,73.83483123779297,73.83483123779297
20190606_sample_3,Pvalb,66.80646166205406,82.79557037353516,82.79557037353516
20190606_sample_5,Pvalb,75.12207329273224,76.50372314453125,76.50372314453125
20190606_sample_6,IT,94.63248401880264,93.32681274414062,93.32681274414062
20190606_sample_7,low quality,83.02994444966316,75.0125503540039,75.0125503540039
20190606_sample_9,Sst,73.18837940692902,76.99272155761719,76.99272155761719
20190607_sample_2,Sst,91.84540808200836,84.22418212890625,84.22418212890625
20190607_sample_3,Lamp5,76.06158964335918,78.87327575683594,78.87327575683594
20190607_sample_5,low quality,84.82658490538597,81.4922103881836,81.4922103881836
20190610_sample_1,Sst,69.1150352358818,73.90577697753906,73.90577697753906
20190610_sample_2,Pvalb,66.08241982758045,77.73835754394531,77.73835754394531
20190610_sample_3,Lamp5,66.71013869345188,77.65377807617188,77.65377807617188
20190610_sample_4,Pvalb,70.2524445950985,75.22505950927734,75.22505950927734
20190610_sample_5,low quality,68.70929524302483,83.06623077392578,83.06623077392578
20190610_sample_7,low quality,68.50340589880943,80.61543273925781,80.61543273925781
20190610_sample_8,Pvalb,60.20066700875759,77.6047134399414,77.6047134399414
20190610_sample_9,Lamp5,73.3757484704256,80.33282470703125,80.33282470703125
20190610_sample_10,Pvalb,79.83145862817764,81.80325317382812,81.80325317382812
20190610_sample_12,Pvalb,64.26027417182922,74.75052642822266,74.75052642822266
20190610_sample_16,Lamp5,75.71334950625896,79.79434204101562,79.79434204101562
20190610_sample_18,Vip,77.3592907935381,85.41695404052734,85.41695404052734
20190611_sample_1,IT,80.0911970436573,87.4912338256836,87.4912338256836
20190611_sample_3,Lamp5,72.77696952223778,79.51445007324219,79.51445007324219
20190611_sample_4,Sst,81.55297674238682,78.87702178955078,78.87702178955078
20190611_sample_5,low quality,82.48959109187126,83.82048797607422,83.82048797607422
20190611_sample_7,Lamp5,77.1331749856472,79.77449035644531,79.77449035644531
20190611_sample_8,Sst,75.19236207008362,81.51053619384766,81.51053619384766
20190611_sample_10,Sst,86.74611523747444,74.00557708740234,74.00557708740234
20190611_sample_11,IT,56.6187147051096,73.62129974365234,73.62129974365234
20190611_sample_14,Sncg,89.46691080927849,83.65586853027344,83.65586853027344
20190611_sample_15,Lamp5,75.98338648676872,79.71729278564453,79.71729278564453
20190612_sample_1,Lamp5,62.21841461956501,79.28858947753906,79.28858947753906
20190612_sample_2,Pvalb,81.77851885557175,74.632568359375,74.632568359375
20190612_sample_4,Vip,97.75020554661752,80.97679901123047,80.97679901123047
20190612_sample_6,Pvalb,70.19775733351707,75.01126098632812,75.01126098632812
20190612_sample_7,Lamp5,76.64493843913078,76.59423828125,76.59423828125
20190612_sample_8,Lamp5,75.24597272276878,76.21694946289062,76.21694946289062
20190613_sample_2,Sst,90.19096195697784,80.45039367675781,80.45039367675781
20190613_sample_3,Sst,78.73644307255745,81.1764144897461,81.1764144897461
20190613_sample_4,Sst,94.84394639730452,82.1450424194336,82.1450424194336
20190613_sample_6,Pvalb,81.12912625074387,78.34564971923828,78.34564971923828
20190613_sample_7,Sst,77.2535689175129,80.35234832763672,80.35234832763672
20190613_sample_8,Pvalb,77.3505661636591,70.66958618164062,70.66958618164062
20190613_sample_9,Sst,80.40131628513336,82.24090576171875,82.24090576171875
20190613_sample_10,Sst,92.97843277454376,82.33438110351562,82.33438110351562
20190614_sample_2,Vip,89.38978612422943,83.1677474975586,83.1677474975586
20190614_sample_3,Lamp5,73.08425381779671,80.04731750488281,80.04731750488281
20190614_sample_4,Vip,95.84586322307588,83.23152160644531,83.23152160644531
20190614_sample_6,Vip,99.40556809306143,85.99853515625,85.99853515625
20190614_sample_8,Vip,93.86228770017624,84.73328399658203,84.73328399658203
20190617_sample_1,Lamp5,67.78957322239876,81.88008880615234,81.88008880615234
20190617_sample_2,CT,92.83097088336945,88.41390991210938,88.41390991210938
20190617_sample_3,Sst,82.07916468381882,81.87091064453125,81.87091064453125
20190617_sample_4,Sst,83.41246843338013,78.5934066772461,78.5934066772461
20190617_sample_5,Sncg,90.16651660203934,83.27513885498047,83.27513885498047
20190617_sample_6,Sst,90.88674560189249,81.40779113769531,81.40779113769531
20190618_sample_1,low quality,76.16129890084267,84.14558410644531,84.14558410644531
20190618_sample_2,Vip,96.00044786930084,84.66938018798828,84.66938018798828
20190618_sample_4,Vip,79.86650243401527,85.0087661743164,85.0087661743164
20190618_sample_5,Vip,80.52116632461548,83.83123779296875,83.83123779296875
20190618_sample_7,Lamp5,67.78933480381966,75.36337280273438,75.36337280273438
20190618_sample_8,Lamp5,84.3861810863018,81.38567352294922,81.38567352294922
20190619_sample_1,Lamp5,75.7974348962307,79.50088500976562,79.50088500976562
20190619_sample_3,Pvalb,74.42112267017365,68.99747467041016,68.99747467041016
20190619_sample_4,Pvalb,70.13584300875664,83.33341217041016,83.33341217041016
20190619_sample_5,Pvalb,74.7145377099514,76.20110321044922,76.20110321044922
20190619_sample_6,Lamp5,70.3977644443512,74.67355346679688,74.67355346679688
20190620_sample_1,Lamp5,66.0997312515974,78.62710571289062,78.62710571289062
20190620_sample_2,Sst,80.36530390381813,77.63385009765625,77.63385009765625
20190620_sample_5,Sst,77.79135927557945,80.70372772216797,80.70372772216797
20190620_sample_6,Sst,98.73676672577858,82.58856201171875,82.58856201171875
20190620_sample_8,Pvalb,76.71613991260529,71.84354400634766,71.84354400634766
20190624_sample_1,Sst,62.87221238017082,80.74543762207031,80.74543762207031
20190624_sample_2,Sst,85.75166389346123,81.0575942993164,81.0575942993164
20190624_sample_3,Sst,81.87076821923256,80.68453979492188,80.68453979492188
20190624_sample_4,Pvalb,78.8600966334343,72.7634506225586,72.7634506225586
20190624_sample_5,Sst,85.61693131923676,80.59608459472656,80.59608459472656
20190624_sample_6,Sst,93.69653463363647,78.83673858642578,78.83673858642578
20190625_sample_1,Vip,90.73057770729064,83.40009307861328,83.40009307861328
20190625_sample_2,low quality,72.73014262318611,84.49394226074219,84.49394226074219
20190625_sample_3,Vip,85.45741811394691,85.55715942382812,85.55715942382812
20190625_sample_4,Vip,85.88294871151447,85.65393829345703,85.65393829345703
20190625_sample_5,Vip,91.98083728551865,82.74565124511719,82.74565124511719
20190625_sample_6,Lamp5,58.15144628286362,80.12401580810547,80.12401580810547
20190625_sample_7,Vip,74.24202561378479,81.1134033203125,81.1134033203125
20190625_sample_8,Vip,81.2198556959629,84.28020477294922,84.28020477294922
20190625_sample_10,Vip,86.74165979027748,78.7990951538086,78.7990951538086
20190625_sample_11,Vip,83.04092288017273,81.46746826171875,81.46746826171875
20190625_sample_12,Vip,83.07996392250061,84.16818237304688,84.16818237304688
20190625_sample_13,Vip,84.95728299021721,78.0016860961914,78.0016860961914
20190626_sample_1,Vip,92.39180013537408,84.782958984375,84.782958984375
20190626_sample_4,low quality,86.73802763223648,85.07191467285156,85.07191467285156
20190626_sample_5,Vip,93.7890224158764,83.1944808959961,83.1944808959961
20190627_sample_1,CT,87.13413029909134,87.75634002685547,87.75634002685547
20190627_sample_2,Lamp5,79.57304641604424,77.11334228515625,77.11334228515625
20190627_sample_4,NP,92.21711754798888,84.95092010498047,84.95092010498047
20190627_sample_6,Pvalb,79.64509725570679,76.05964660644531,76.05964660644531
20190627_sample_8,IT,91.5551669895649,85.66746520996094,85.66746520996094
20190628_sample_1,Sst,83.36228132247925,83.26583099365234,83.26583099365234
20190628_sample_2,Pvalb,71.84189185500145,73.82567596435547,73.82567596435547
20190628_sample_3,Sst,79.91352677345276,81.84938049316406,81.84938049316406
20190628_sample_4,Sst,73.62250238656998,84.87823486328125,84.87823486328125
20190628_sample_5,Sst,79.14137840270996,83.31175994873047,83.31175994873047
20190628_sample_6,Pvalb,79.04048636555672,74.23713684082031,74.23713684082031
20190628_sample_7,Sst,81.54266327619553,81.09454345703125,81.09454345703125
20190703_sample_1,Pvalb,76.5618197619915,69.24750518798828,69.24750518798828
20190703_sample_2,Pvalb,84.67351645231247,72.54468536376953,72.54468536376953
20190703_sample_3,Pvalb,61.783261597156525,76.9894027709961,76.9894027709961
20190703_sample_5,Pvalb,66.86032190918922,74.80309295654297,74.80309295654297
20190703_sample_6,Pvalb,77.04700157046318,75.22982025146484,75.22982025146484
20190703_sample_8,Pvalb,75.47727227210999,71.65401458740234,71.65401458740234
20190703_sample_10,Pvalb,73.5154002904892,68.1806411743164,68.1806411743164
20190703_sample_12,Pvalb,72.75566086173058,72.7049560546875,72.7049560546875
20190703_sample_13,Sst,77.89427228271961,82.54296112060547,82.54296112060547
20190703_sample_14,low quality,83.30779150128365,81.26067352294922,81.26067352294922
20190703_sample_15,Sst,68.51527094841003,83.96533966064453,83.96533966064453
20190704_sample_2,Sst,89.18145671486855,78.50084686279297,78.50084686279297
20190704_sample_12,Vip,89.82475847005844,84.9900131225586,84.9900131225586
20190704_sample_14,Vip,92.22328290343285,83.08903503417969,83.08903503417969
20190705_sample_1,Vip,88.66434171795845,82.84734344482422,82.84734344482422
20190705_sample_3,Vip,81.11570402979851,81.54562377929688,81.54562377929688
20190705_sample_4,Vip,75.65013319253922,84.11351776123047,84.11351776123047
20190705_sample_5,Vip,85.16905084252357,85.76800537109375,85.76800537109375
20190705_sample_9,Vip,80.3065113723278,82.81953430175781,82.81953430175781
20190708_sample_3,low quality,75.43494552373886,83.60079956054688,83.60079956054688
20190708_sample_4,Pvalb,83.72470736503601,74.56155395507812,74.56155395507812
20190708_sample_6,Vip,88.27023208141327,85.24452209472656,85.24452209472656
20190708_sample_7,Vip,85.64125373959541,84.6178970336914,84.6178970336914
20190708_sample_8,IT,89.79751542210579,88.40216064453125,88.40216064453125
20190708_sample_12,Vip,94.54278647899628,83.97240447998047,83.97240447998047
20190709_sample_1,Vip,84.80262011289597,84.79435729980469,84.79435729980469
20190709_sample_2,Vip,94.49736028909685,85.8754653930664,85.8754653930664
20190709_sample_3,Vip,81.5296433866024,84.55830383300781,84.55830383300781
20190709_sample_8,Sncg,93.76819431781767,83.85366821289062,83.85366821289062
20190709_sample_10,Vip,83.622295409441,83.21253204345703,83.21253204345703
20190709_sample_11,Vip,86.5483507514,82.54012298583984,82.54012298583984
20190709_sample_12,Vip,79.10792157053947,85.39857482910156,85.39857482910156
20190709_sample_13,Vip,92.31282025575638,86.10994720458984,86.10994720458984
20190709_sample_14,Vip,89.25001695752144,81.76008605957031,81.76008605957031
20190710_sample_3,Sst,79.0792666375637,82.32200622558594,82.32200622558594
20190710_sample_4,Sst,89.5283930003643,86.12548828125,86.12548828125
20190710_sample_5,Sst,86.51513233780861,75.65294647216797,75.65294647216797
20190710_sample_6,Sst,78.26811075210571,82.38014221191406,82.38014221191406
20190710_sample_8,Vip,89.07946571707726,80.08909606933594,80.08909606933594
20190710_sample_10,Vip,83.52959342300892,85.70577239990234,85.70577239990234
20190712_sample_1,CT,87.45753392577171,91.52854919433594,91.52854919433594
20190712_sample_3,Sst,85.84269508719444,76.39814758300781,76.39814758300781
20190712_sample_4,low quality,86.6934321820736,81.4389877319336,81.4389877319336
20190712_sample_5,Lamp5,78.1963337212801,75.19319915771484,75.19319915771484
20190712_sample_6,Lamp5,75.47877542674541,80.43672943115234,80.43672943115234
20190712_sample_7,Lamp5,75.10438747704029,73.9925765991211,73.9925765991211
20190715_sample_1,Lamp5,72.62801751494408,79.40702056884766,79.40702056884766
20190715_sample_4,Lamp5,74.20151680707932,78.48600006103516,78.48600006103516
20190715_sample_5,Vip,90.21377936005592,83.18988800048828,83.18988800048828
20190715_sample_6,Lamp5,76.21791213750839,75.69924926757812,75.69924926757812
20190715_sample_7,Vip,82.66369998455048,84.01875305175781,84.01875305175781
20190715_sample_8,Lamp5,73.81362654268742,76.6282730102539,76.6282730102539
20190715_sample_9,Vip,90.33479914069176,80.97941589355469,80.97941589355469
20190715_sample_10,Sncg,89.87720310688019,83.23119354248047,83.23119354248047
20190715_sample_11,Lamp5,76.85369998216629,75.67703247070312,75.67703247070312
20190716_sample_1,low quality,88.15728314220905,81.53001403808594,81.53001403808594
20190716_sample_3,Sst,78.38915102183819,82.71329498291016,82.71329498291016
20190716_sample_5,Sst,78.40125262737274,75.19046020507812,75.19046020507812
20190716_sample_7,Vip,90.50673246383668,83.64092254638672,83.64092254638672
20190716_sample_8,Lamp5,75.1418974250555,78.50067901611328,78.50067901611328
20190716_sample_9,Vip,89.64873105287552,85.5251693725586,85.5251693725586
20190717_sample_1,Sst,87.1436558663845,81.60668182373047,81.60668182373047
20190717_sample_2,Sst,76.1377140879631,84.61399841308594,84.61399841308594
20190717_sample_3,Sst,89.48937058448792,80.19808197021484,80.19808197021484
20190718_sample_1,Vip,94.70973536372183,77.79827117919922,77.79827117919922
20190718_sample_2,CT,103.2559648156166,84.73089599609375,84.73089599609375
20190718_sample_3,CT,96.89934551715852,82.63788604736328,82.63788604736328
20190718_sample_4,Vip,91.8845385313034,84.9329605102539,84.9329605102539
20190718_sample_5,Vip,89.58650752902031,84.3521957397461,84.3521957397461
20190718_sample_6,Vip,99.56033527851103,84.78630065917969,84.78630065917969
20190718_sample_7,Vip,84.26112309098244,86.5281982421875,86.5281982421875
20190718_sample_8,Vip,89.62847292423248,81.47328186035156,81.47328186035156
20190718_sample_9,Vip,92.81560406088828,85.46009063720703,85.46009063720703
20190719_sample_1,CT,89.00845423340797,84.89836883544922,84.89836883544922
20190719_sample_2,IT,89.76919949054718,85.66761779785156,85.66761779785156
20190719_sample_4,IT,93.31005066633224,84.86991882324219,84.86991882324219
20190719_sample_5,IT,92.21085160970688,87.7637939453125,87.7637939453125
20190719_sample_6,IT,89.89058434963226,91.73139190673828,91.73139190673828
20190719_sample_9,IT,92.3454612493515,88.98737335205078,88.98737335205078
20190719_sample_10,IT,88.61547335982323,91.35679626464844,91.35679626464844
20190722_sample_1,CT,92.4963504076004,87.66210174560547,87.66210174560547
20190722_sample_6,CT,100.72198882699011,89.48888397216797,89.48888397216797
20190722_sample_7,low quality,88.79674971103668,86.87867736816406,86.87867736816406
20190722_sample_8,low quality,93.12743321061134,82.06702423095703,82.06702423095703
20190724_sample_1,Vip,93.024343252182,84.72317504882812,84.72317504882812
20190724_sample_2,CT,96.74275293946266,86.55953979492188,86.55953979492188
20190724_sample_4,Vip,96.42738848924635,84.80552673339844,84.80552673339844
20190724_sample_5,Vip,80.28154075145721,82.14293670654297,82.14293670654297
20190724_sample_6,IT,94.42338347434998,86.8936996459961,86.8936996459961
20190724_sample_9,Vip,87.80234307050705,85.54557037353516,85.54557037353516
20190724_sample_10,Vip,89.20169621706009,84.20677947998047,84.20677947998047
20190724_sample_12,Vip,92.0575186610222,80.78954315185547,80.78954315185547
20190724_sample_16,low quality,96.38673812150957,83.73723602294922,83.73723602294922
20190725_sample_1,Vip,89.06951546669006,83.16226196289062,83.16226196289062
20190725_sample_3,Vip,93.90370175242424,85.7801284790039,85.7801284790039
20190725_sample_4,Sst,93.0548943579197,82.8244400024414,82.8244400024414
20190725_sample_5,CT,98.1944352388382,91.27803039550781,91.27803039550781
20190725_sample_6,Vip,97.0211811363697,84.77587890625,84.77587890625
20190725_sample_7,Vip,88.86480331420898,85.57257843017578,85.57257843017578
20190725_sample_8,Vip,90.72716534137726,85.2639389038086,85.2639389038086
20190725_sample_9,Vip,87.74695172905922,82.27460479736328,82.27460479736328
20190725_sample_10,low quality,81.94601535797119,83.12055206298828,83.12055206298828
20190726_sample_1,Lamp5,72.42018543183804,79.19990539550781,79.19990539550781
20190726_sample_2,Pvalb,77.17734947800636,71.04871368408203,71.04871368408203
20190726_sample_3,Lamp5,70.1645128428936,78.72105407714844,78.72105407714844
20190726_sample_4,IT,88.46180886030197,83.41552734375,83.41552734375
20190726_sample_5,Lamp5,78.31868156790733,79.62445831298828,79.62445831298828
20190726_sample_6,Sst,84.94503051042557,83.7640151977539,83.7640151977539
20190726_sample_7,Lamp5,71.46142050623894,74.21929168701172,74.21929168701172
20190729_sample_2,Sst,85.7415497303009,84.6869125366211,84.6869125366211
20190729_sample_3,Sst,82.82477781176567,77.6220932006836,77.6220932006836
20190729_sample_5,Pvalb,68.07608529925346,76.58367156982422,76.58367156982422
20190730_sample_1,Vip,94.78878229856493,81.94700622558594,81.94700622558594
20190730_sample_2,Vip,101.21900588274002,84.30722045898438,84.30722045898438
20190730_sample_5,Vip,87.79903873801231,81.8193130493164,81.8193130493164
20190730_sample_6,Vip,85.14795452356339,83.67269134521484,83.67269134521484
20190730_sample_7,Vip,91.69888868927956,86.10120391845703,86.10120391845703
20190730_sample_9,Lamp5,81.80766552686691,78.05859375,78.05859375
20190731_sample_1,Pvalb,75.17840713262558,73.98979187011719,73.98979187011719
20190731_sample_2,Lamp5,72.51300849020481,79.96682739257812,79.96682739257812
20190731_sample_3,low quality,85.09685285389423,81.90131378173828,81.90131378173828
20190731_sample_4,Vip,98.01371768116952,81.70204162597656,81.70204162597656
20190731_sample_5,Pvalb,72.29523174464703,75.15518951416016,75.15518951416016
20190731_sample_6,low quality,80.6477852165699,83.70137023925781,83.70137023925781
20190731_sample_8,Pvalb,72.29523174464703,72.03605651855469,72.03605651855469
20190801_sample_1,IT,89.31774646043777,87.09571838378906,87.09571838378906
20190801_sample_2,Sst,79.26666736602783,79.40251159667969,79.40251159667969
20190801_sample_3,Sst,83.23640376329422,78.76655578613281,78.76655578613281
20190801_sample_4,Sst,90.1381764560938,85.17879486083984,85.17879486083984
20190801_sample_7,Sst,72.3551344126463,75.32391357421875,75.32391357421875
20190801_sample_8,low quality,101.1534258723259,85.14644622802734,85.14644622802734
20190820_sample_1,Sst,96.81044146418571,76.7522201538086,76.7522201538086
20190820_sample_2,CT,94.95378658175468,92.05608367919922,92.05608367919922
20190820_sample_3,Pvalb,59.70832705497742,75.79041290283203,75.79041290283203
20190820_sample_5,Sst,88.55000324547291,81.77146911621094,81.77146911621094
20190820_sample_6,CT,93.91068667173386,91.07484436035156,91.07484436035156
20190821_sample_1,IT,87.68242597579956,88.18209075927734,88.18209075927734
20190821_sample_2,IT,99.86676275730132,87.87716674804688,87.87716674804688
20190821_sample_3,CT,96.37112729251383,84.74999237060547,84.74999237060547
20190821_sample_4,IT,92.06879884004591,89.40180206298828,89.40180206298828
20190821_sample_5,IT,90.09847976267338,90.1344985961914,90.1344985961914
20190821_sample_6,IT,94.77378614246844,87.00199890136719,87.00199890136719
20190821_sample_7,IT,94.98382173478603,92.44849395751953,92.44849395751953
20190823_sample_1,IT,97.602229565382,87.9964828491211,87.9964828491211
20190823_sample_3,Pvalb,81.50459825992584,77.4162368774414,77.4162368774414
20190823_sample_5,low quality,95.0371026992798,85.37776184082031,85.37776184082031
20190823_sample_6,IT,87.67914026975632,87.4228515625,87.4228515625
20190823_sample_7,IT,87.02883124351501,92.08523559570312,92.08523559570312
20190827_sample_1,Sst,77.79065147042274,81.51810455322266,81.51810455322266
20190827_sample_2,low quality,92.2299213707447,82.9963150024414,82.9963150024414
20190827_sample_3,Sst,84.85443517565727,80.83562469482422,80.83562469482422
20190827_sample_4,Sst,73.36867600679398,81.6102066040039,81.6102066040039
20190827_sample_5,CT,88.43085169792175,88.12859344482422,88.12859344482422
20190827_sample_6,Sst,77.77835056185722,83.01225280761719,83.01225280761719
20190827_sample_7,Pvalb,86.37631312012672,82.74114227294922,82.74114227294922
20190827_sample_8,Sst,72.07035645842552,81.42037200927734,81.42037200927734
20190827_sample_9,Sst,81.32980018854141,78.92093658447266,78.92093658447266
20190828_sample_1,Vip,97.25406393408775,81.06793975830078,81.06793975830078
20190828_sample_3,Vip,97.69585356116296,84.86045837402344,84.86045837402344
20190828_sample_4,Vip,71.38650491833687,85.7943115234375,85.7943115234375
20190828_sample_5,Vip,76.73783972859383,85.07933044433594,85.07933044433594
20190828_sample_6,Vip,86.22603490948677,82.38884735107422,82.38884735107422
20190828_sample_7,Vip,82.6861746609211,79.46317291259766,79.46317291259766
20190829_sample_1,low quality,74.4740217924118,84.4216537475586,84.4216537475586
20190829_sample_2,Lamp5,83.40807259082794,80.15751647949219,80.15751647949219
20190829_sample_3,IT,88.26304972171783,92.07872772216797,92.07872772216797
20190829_sample_4,Lamp5,73.99659231305122,78.2748794555664,78.2748794555664
20190829_sample_6,Lamp5,83.40807259082794,82.18187713623047,82.18187713623047
20190829_sample_9,Pvalb,71.51318155229092,73.49239349365234,73.49239349365234
20190830_sample_1,IT,94.2111536860466,91.83876037597656,91.83876037597656
20190830_sample_2,IT,94.48132663965224,89.49524688720703,89.49524688720703
20190830_sample_3,low quality,98.5540933907032,85.76172637939453,85.76172637939453
20190830_sample_4,low quality,87.55084127187729,84.3167495727539,84.3167495727539
20190830_sample_6,IT,93.61525252461432,91.66292572021484,91.66292572021484
20190830_sample_8,IT,88.23735639452934,90.3904800415039,90.3904800415039
20190830_sample_9,NP,99.61574152112009,85.39574432373047,85.39574432373047
20190904_sample_1,low quality,91.98519960045816,81.89971160888672,81.89971160888672
20190904_sample_2,Vip,84.90397036075592,87.64807891845703,87.64807891845703
20190904_sample_3,Vip,89.36211839318275,84.69194793701172,84.69194793701172
20190904_sample_4,Vip,89.41426128149033,83.39656829833984,83.39656829833984
20190904_sample_5,Vip,90.34702554345132,81.96067810058594,81.96067810058594
20190904_sample_7,Vip,92.73287281394003,86.23590850830078,86.23590850830078
20190905_sample_1,low quality,88.69227766990662,85.7574462890625,85.7574462890625
20190905_sample_3,Sst,92.75547415018082,83.45578002929688,83.45578002929688
20190906_sample_1,Lamp5,78.46776768565178,81.12372589111328,81.12372589111328
20190906_sample_5,CT,89.41030502319336,89.07887268066406,89.07887268066406
20190906_sample_6,Lamp5,72.20355607569218,79.22425079345703,79.22425079345703
20190910_sample_1,Lamp5,76.51371881365776,78.0443115234375,78.0443115234375
20190910_sample_2,Vip,73.33120703697205,84.76812744140625,84.76812744140625
20190910_sample_3,Vip,86.46660670638084,84.77576446533203,84.77576446533203
20190910_sample_4,Vip,91.54733270406724,86.79420471191406,86.79420471191406
20190910_sample_6,Vip,91.20344743132593,83.12095642089844,83.12095642089844
20190911_sample_3,NP,100.0385545194149,86.16960906982422,86.16960906982422
20190911_sample_4,IT,92.839352786541,87.20375061035156,87.20375061035156
20190911_sample_6,low quality,93.44302490353584,82.12235260009766,82.12235260009766
20190911_sample_7,low quality,83.35502073168755,82.29322814941406,82.29322814941406
20190911_sample_9,CT,84.23440903425217,87.84654998779297,87.84654998779297
20190912_sample_1,CT,91.34299866855145,87.026123046875,87.026123046875
20190912_sample_2,CT,94.47168931365012,89.49724578857422,89.49724578857422
20190912_sample_3,CT,93.12035515904428,87.46165466308594,87.46165466308594
20190912_sample_4,Lamp5,75.96730440855026,80.35289001464844,80.35289001464844
20190912_sample_6,NP,101.67618468403816,84.47433471679688,84.47433471679688
20190912_sample_8,CT,95.62785550951958,85.65572357177734,85.65572357177734
20190912_sample_10,Pvalb,102.40216180682182,77.59471893310547,77.59471893310547
20190917_sample_1,CT,89.02284502983093,84.83781433105469,84.83781433105469
20190917_sample_2,Lamp5,76.96048356592655,74.73080444335938,74.73080444335938
20190917_sample_3,IT,92.32712909579276,84.4384765625,84.4384765625
20190919_sample_1,low quality,99.20590370893478,83.15355682373047,83.15355682373047
20190919_sample_4,Lamp5,84.48053523898125,78.44239807128906,78.44239807128906
20190919_sample_5,CT,92.54289790987968,88.20458984375,88.20458984375
20190924_sample_1,Sst,83.04198831319809,79.3656997680664,79.3656997680664
20190924_sample_2,Sst,92.8054042160511,82.03474426269531,82.03474426269531
20190924_sample_3,IT,82.74132199585438,92.67498016357422,92.67498016357422
20190924_sample_4,Sst,62.13421188294888,85.86487579345703,85.86487579345703
20190924_sample_5,Sst,80.23605868220329,81.79989624023438,81.79989624023438
20190924_sample_6,Sst,84.66822281479836,85.79205322265625,85.79205322265625
20190924_sample_7,Pvalb,77.22724229097366,76.38749694824219,76.38749694824219
20190924_sample_8,CT,89.54035490751266,87.0103759765625,87.0103759765625
20190925_sample_2,Pvalb,78.38115096092224,77.3021469116211,77.3021469116211
20190925_sample_3,Sst,80.48454858362675,82.86443328857422,82.86443328857422
20190925_sample_4,CT,92.42943860590458,82.8171157836914,82.8171157836914
20190925_sample_5,Sst,67.80669651925564,78.22681427001953,78.22681427001953
20190925_sample_6,Pvalb,69.01049986481667,73.29007720947266,73.29007720947266
20190925_sample_7,Sst,75.3045417368412,85.6544418334961,85.6544418334961
20190926_sample_2,ET,95.79553827643394,87.3955078125,87.3955078125
20190926_sample_3,Sst,95.2596478164196,83.34441375732422,83.34441375732422
20190926_sample_4,ET,97.47423231601717,80.17203521728516,80.17203521728516
20190926_sample_5,Pvalb,68.1877601891756,75.12635803222656,75.12635803222656
20190926_sample_6,Sst,85.30020341277122,82.5923080444336,82.5923080444336
20190927_sample_1,IT,93.99006143212318,88.95845794677734,88.95845794677734
20190927_sample_2,CT,93.22237595915794,86.04022216796875,86.04022216796875
20190927_sample_3,Pvalb,67.30666756629944,72.81155395507812,72.81155395507812
20190927_sample_4,IT,88.40947970747948,87.76493072509766,87.76493072509766
20190927_sample_5,Pvalb,65.431397408247,70.68597412109375,70.68597412109375
20190927_sample_6,Vip,81.00581169128418,81.70105743408203,81.70105743408203
20190927_sample_7,CT,89.0013799071312,91.05357360839844,91.05357360839844
20191001_sample_1,Sst,98.81317988038064,82.27176666259766,82.27176666259766
20191001_sample_2,low quality,99.07160326838492,82.5908432006836,82.5908432006836
20191001_sample_3,Sst,78.27724702656269,83.6014404296875,83.6014404296875
20191001_sample_4,Pvalb,81.23421296477318,79.62271881103516,79.62271881103516
20191001_sample_5,Sst,75.07834397256374,84.29105377197266,84.29105377197266
20191001_sample_6,Sst,83.1439197063446,81.0419692993164,81.0419692993164
20191003_sample_2,low quality,89.84889276325703,82.4581527709961,82.4581527709961
20191003_sample_3,Sst,84.97297018766403,78.61493682861328,78.61493682861328
20191003_sample_4,Sst,87.31969073414803,78.64447784423828,78.64447784423828
20191003_sample_5,Sst,82.68156833946705,82.14540100097656,82.14540100097656
20191003_sample_6,CT,87.89803460240364,87.00543975830078,87.00543975830078
20191010_sample_1,IT,91.87001734972,87.21063232421875,87.21063232421875
20191010_sample_2,Sst,78.54574918746948,73.80857849121094,73.80857849121094
20191010_sample_3,IT,94.16641294956209,93.3013687133789,93.3013687133789
20191010_sample_4,Pvalb,82.72398263216019,79.67667388916016,79.67667388916016
20191010_sample_6,Pvalb,68.89284029603004,71.70880126953125,71.70880126953125
20191010_sample_7,ET,99.55763816833496,83.816650390625,83.816650390625
20191028_sample_1,Sst,88.36884424090385,84.2601547241211,84.2601547241211
20191028_sample_2,Sst,84.33866873383522,86.40705108642578,86.40705108642578
20191028_sample_3,Pvalb,75.64423605799675,78.22213745117188,78.22213745117188
20191028_sample_4,low quality,88.05890753865242,82.34101104736328,82.34101104736328
20191028_sample_5,low quality,101.09222307801248,83.52645874023438,83.52645874023438
20191030_sample_2,Sst,91.53149276971816,81.27934265136719,81.27934265136719
20191030_sample_3,ET,88.21241185069084,84.21231842041016,84.21231842041016
20191030_sample_4,NP,97.50039130449296,83.8568115234375,83.8568115234375
20191030_sample_5,Sst,91.79433062672616,75.58123779296875,75.58123779296875
20191101_sample_1,Lamp5,67.92997755110264,76.56207275390625,76.56207275390625
20191101_sample_2,CT,95.64119204878808,87.6447525024414,87.6447525024414
20191101_sample_3,Lamp5,87.04894222319126,81.74336242675781,81.74336242675781
20191101_sample_4,CT,94.54318694770336,89.67079162597656,89.67079162597656
20191101_sample_5,CT,99.42775592207909,87.64009094238281,87.64009094238281
20191101_sample_6,CT,91.24406799674034,86.72161865234375,86.72161865234375
20191104_sample_1,Sst,88.25436793267727,79.1517562866211,79.1517562866211
20191104_sample_2,Lamp5,88.77617120742798,81.49696350097656,81.49696350097656
20191104_sample_3,low quality,83.43089371919632,79.99641418457031,79.99641418457031
20191104_sample_4,Pvalb,72.14943878352642,74.00233459472656,74.00233459472656
20191105_sample_1,Pvalb,54.95233647525311,77.1855697631836,77.1855697631836
20191105_sample_2,IT,84.39716137945652,85.76246643066406,85.76246643066406
20191105_sample_3,Sst,81.17588981986046,83.34152221679688,83.34152221679688
20191105_sample_4,Pvalb,76.13854296505451,79.09487915039062,79.09487915039062
20191105_sample_5,Sst,90.0360755622387,78.6523208618164,78.6523208618164
20191106_sample_2,Lamp5,77.71383412182331,78.34066009521484,78.34066009521484
20191106_sample_3,IT,95.69456428289412,88.76152801513672,88.76152801513672
20191106_sample_5,Lamp5,66.63051433861256,75.96344757080078,75.96344757080078
20191107_sample_1,low quality,87.16337196528912,85.91954803466797,85.91954803466797
20191107_sample_2,Sst,75.50370134413242,77.85901641845703,77.85901641845703
20191107_sample_3,Sst,85.67208051681519,81.04666900634766,81.04666900634766
20191107_sample_4,Sst,84.53334867954254,84.48169708251953,84.48169708251953
20191108_sample_1,CT,88.51181343197823,82.42879486083984,82.42879486083984
20191108_sample_4,CT,95.783531665802,89.96675872802734,89.96675872802734
20191108_sample_5,IT,85.77816933393478,88.14807891845703,88.14807891845703
20191114_sample_1,Lamp5,83.28896760940552,80.01028442382812,80.01028442382812
20191114_sample_2,CT,96.04336693882942,88.25613403320312,88.25613403320312
20191114_sample_3,IT,89.76722694933414,88.55802917480469,88.55802917480469
20191114_sample_4,Sst,89.98818323016167,82.30311584472656,82.30311584472656
20191114_sample_5,low quality,91.04843251407146,81.02184295654297,81.02184295654297
20191114_sample_7,IT,86.72032877802849,83.8685531616211,83.8685531616211
20191114_sample_8,IT,91.35135263204576,88.24845123291016,88.24845123291016
20191114_sample_9,ET,82.1252353489399,85.39854431152344,85.39854431152344
20200106_sample_1,Lamp5,72.37481139600277,72.26649475097656,72.26649475097656
20200106_sample_4,IT,88.46781775355339,90.59224700927734,90.59224700927734
20200106_sample_5,IT,92.18102134764194,84.04476165771484,84.04476165771484
20200106_sample_6,IT,98.3792208135128,89.8320541381836,89.8320541381836
20200225_sample_2,IT,93.91382709145546,83.36579132080078,83.36579132080078
20200225_sample_5,Sncg,91.1216251552105,79.0745620727539,79.0745620727539
20200316_sample_1,ET,89.0592634677887,88.37532043457031,88.37532043457031
20200316_sample_2,low quality,86.35490760207176,83.74152374267578,83.74152374267578
20200316_sample_3,Pvalb,76.41974650323391,70.14636993408203,70.14636993408203
