cell_id,RNA_family,y_true,y_pred,y_pred_train_space
20171204_sample_2,ET,-27.95461192727089,-38.42924499511719,-38.42924499511719
20171204_sample_4,IT,-27.82125398516655,-37.33163833618164,-37.33163833618164
20171204_sample_5,IT,-26.363400742411613,-37.127559661865234,-37.127559661865234
20171204_sample_6,ET,-25.52098408341408,-37.774871826171875,-37.774871826171875
20171207_sample_1,ET,-44.82974484562874,-37.79389190673828,-37.79389190673828
20171207_sample_2,ET,-47.62844368815422,-37.76988983154297,-37.76988983154297
20171207_sample_6,IT,-43.76504197716713,-36.345130920410156,-36.345130920410156
20171207_sample_7,IT,-43.915681540966034,-38.41425323486328,-38.41425323486328
20171219_sample_1,IT,-44.96759548783302,-35.63673400878906,-35.63673400878906
20171219_sample_2,IT,-46.30681872367859,-35.35895538330078,-35.35895538330078
20171219_sample_3,IT,-42.491365224123,-35.23925018310547,-35.23925018310547
20171219_sample_4,ET,-44.00912672281265,-37.98191452026367,-37.98191452026367
20171219_sample_6,ET,-46.829842031002045,-37.049964904785156,-37.049964904785156
20171219_sample_7,IT,-41.4273664355278,-35.56879806518555,-35.56879806518555
20171219_sample_8,ET,-44.0932996571064,-38.93258285522461,-38.93258285522461
20180102_sample_1,ET,-43.02830249071121,-37.73522186279297,-37.73522186279297
20180102_sample_2,IT,-41.75026714801788,-37.107540130615234,-37.107540130615234
20180102_sample_3,ET,-32.62410685420036,-39.975379943847656,-39.975379943847656
20180102_sample_4,ET,-48.23116585612297,-37.928802490234375,-37.928802490234375
20180102_sample_5,IT,-43.36781054735184,-38.59028244018555,-38.59028244018555
20180103_sample_1,ET,-45.077256858348846,-37.442562103271484,-37.442562103271484
20180103_sample_2,ET,-47.74453490972519,-37.50448989868164,-37.50448989868164
20180103_sample_3,ET,-35.661328583955765,-38.531494140625,-38.531494140625
20180103_sample_4,low quality,-36.746274679899216,-37.986942291259766,-37.986942291259766
20180103_sample_5,IT,-33.45785662531853,-35.51089096069336,-35.51089096069336
20180103_sample_6,IT,-36.73709183931351,-35.32438278198242,-35.32438278198242
20180103_sample_7,IT,-44.34711486101151,-36.699588775634766,-36.699588775634766
20180103_sample_8,IT,-33.242132514715195,-35.205528259277344,-35.205528259277344
20180104_sample_1,low quality,-36.77577152848244,-35.26552200317383,-35.26552200317383
20180104_sample_2,IT,-34.477341920137405,-35.88432312011719,-35.88432312011719
20180104_sample_3,IT,-44.92177069187164,-36.320701599121094,-36.320701599121094
20180104_sample_4,low quality,-40.3478778898716,-36.4792594909668,-36.4792594909668
20180104_sample_6,ET,-39.32959213852882,-36.36599349975586,-36.36599349975586
20180105_sample_4,IT,-37.24861145019531,-37.06461715698242,-37.06461715698242
20180105_sample_5,IT,-38.04309293627739,-36.13630676269531,-36.13630676269531
20180105_sample_6,IT,-38.99679705500603,-36.08841323852539,-36.08841323852539
20180108_sample_1,IT,-43.13671961426735,-35.40390396118164,-35.40390396118164
20180108_sample_2,low quality,-41.612911969423294,-36.82865905761719,-36.82865905761719
20180108_sample_3,IT,-34.84579548239708,-36.45325469970703,-36.45325469970703
20180108_sample_4,ET,-41.31634533405304,-35.600379943847656,-35.600379943847656
20180108_sample_5,ET,-37.61433064937592,-36.393795013427734,-36.393795013427734
20180108_sample_7,IT,-33.62811356782913,-35.53913497924805,-35.53913497924805
20180108_sample_8,ET,-42.04165935516357,-38.891082763671875,-38.891082763671875
20180108_sample_9,IT,-34.03988853096962,-36.258480072021484,-36.258480072021484
20180108_sample_10,ET,-34.974586218595505,-38.02082824707031,-38.02082824707031
20180109_sample_1,IT,-37.73704171180725,-36.94382095336914,-36.94382095336914
20180109_sample_2,IT,-36.002498120069504,-36.53485107421875,-36.53485107421875
20180109_sample_5,IT,-35.806842148303986,-37.58931350708008,-37.58931350708008
20180110_sample_1,IT,-35.72043403983116,-35.43922424316406,-35.43922424316406
20180110_sample_2,IT,-34.60662439465523,-36.16315841674805,-36.16315841674805
20180110_sample_3,IT,-38.21760043501854,-35.48583984375,-35.48583984375
20180110_sample_4,IT,-29.828866943717003,-36.01762008666992,-36.01762008666992
20180110_sample_5,IT,-31.22999519109726,-34.957275390625,-34.957275390625
20180110_sample_7,IT,-34.253500401973724,-35.99983596801758,-35.99983596801758
20180110_sample_8,ET,-46.693116426467896,-37.60443878173828,-37.60443878173828
20180111_sample_5,IT,-37.996742874383926,-36.06300735473633,-36.06300735473633
20180115_sample_2,IT,-29.888907447457317,-37.20232391357422,-37.20232391357422
20180115_sample_5,IT,-38.36807981133461,-36.85775375366211,-36.85775375366211
20180115_sample_6,low quality,-43.88747364282608,-39.3333740234375,-39.3333740234375
20180115_sample_7,IT,-42.975567281246185,-36.581939697265625,-36.581939697265625
20180115_sample_8,IT,-39.546892046928406,-35.551300048828125,-35.551300048828125
20180115_sample_9,IT,-34.9104106426239,-37.50322341918945,-37.50322341918945
20180118_sample_1,IT,-22.01119065284729,-34.80221176147461,-34.80221176147461
20180118_sample_2,IT,-39.87758606672287,-35.49858093261719,-35.49858093261719
20180118_sample_4,IT,-32.31686353683472,-36.629051208496094,-36.629051208496094
20180118_sample_6,IT,-45.36854103207588,-37.79308319091797,-37.79308319091797
20180118_sample_7,ET,-36.26797720789909,-38.67265319824219,-38.67265319824219
20180118_sample_10,ET,-41.51656851172447,-37.83461380004883,-37.83461380004883
20180123_sample_1,ET,-28.014682233333588,-36.37649917602539,-36.37649917602539
20180123_sample_3,ET,-32.6722264289856,-38.057647705078125,-38.057647705078125
20180123_sample_5,ET,-36.835409700870514,-38.14292526245117,-38.14292526245117
20180123_sample_6,ET,-20.088857039809227,-38.057735443115234,-38.057735443115234
20180123_sample_7,ET,-29.678834602236748,-38.9412727355957,-38.9412727355957
20180208_sample_1,low quality,-36.85739263892174,-47.648521423339844,-47.648521423339844
20180208_sample_2,ET,-40.06797820329666,-38.216854095458984,-38.216854095458984
20180208_sample_3,ET,-47.59714752435684,-37.64304733276367,-37.64304733276367
20180208_sample_4,IT,-41.40359163284302,-34.84035110473633,-34.84035110473633
20180208_sample_5,IT,-42.08500683307648,-35.15379333496094,-35.15379333496094
20180213_sample_3,ET,-45.03101482987404,-34.6468505859375,-34.6468505859375
20180213_sample_5,Pvalb,-50.14824122190476,-36.88025665283203,-36.88025665283203
20180215_sample_1,Pvalb,-38.16723078489304,-35.9063720703125,-35.9063720703125
20180220_sample_1,Sst,-30.153583735227585,-36.311161041259766,-36.311161041259766
20180220_sample_2,IT,-27.31957472860813,-38.0814208984375,-38.0814208984375
20180225_sample_1,IT,-27.83054113388061,-34.182979583740234,-34.182979583740234
20180225_sample_2,IT,-38.06238621473312,-36.53935241699219,-36.53935241699219
20180225_sample_3,IT,-39.240822196006775,-36.79448318481445,-36.79448318481445
20180225_sample_4,IT,-35.09964421391487,-34.99928665161133,-34.99928665161133
20180225_sample_5,ET,-39.05873745679855,-38.1061897277832,-38.1061897277832
20180225_sample_7,Pvalb,-39.35283049941063,-35.33423614501953,-35.33423614501953
20180228_sample_3,IT,-31.48381784558296,-37.283016204833984,-37.283016204833984
20180306_sample_1,Pvalb,-33.11878815293312,-36.85929870605469,-36.85929870605469
20180306_sample_2,IT,-47.93267697095871,-35.06951904296875,-35.06951904296875
20180306_sample_3,IT,-31.022869050502777,-33.607460021972656,-33.607460021972656
20180306_sample_5,IT,-29.34417687356472,-32.86248016357422,-32.86248016357422
20180309_sample_4,IT,-35.50416976213455,-36.74833679199219,-36.74833679199219
20180309_sample_6,IT,-35.76986864209175,-37.34855270385742,-37.34855270385742
20180309_sample_7,IT,-33.74670818448067,-30.868253707885742,-30.868253707885742
20180309_sample_8,IT,-35.98487004637718,-36.238826751708984,-36.238826751708984
20180313_sample_1,low quality,-27.595020830631256,-43.58975601196289,-43.58975601196289
20180313_sample_2,ET,-43.73864457011223,-37.46697235107422,-37.46697235107422
20180313_sample_3,ET,-27.5240708142519,-38.54303741455078,-38.54303741455078
20180313_sample_7,IT,-25.82089975476265,-33.98063278198242,-33.98063278198242
20180313_sample_8,low quality,-34.539807587862015,-34.736106872558594,-34.736106872558594
20180313_sample_9,Pvalb,-34.903764724731445,-36.81245040893555,-36.81245040893555
20180315_sample_1,ET,-39.017826318740845,-35.41275405883789,-35.41275405883789
20180315_sample_2,low quality,-36.18722036480904,-37.60884475708008,-37.60884475708008
20180315_sample_5,IT,-26.866843923926357,-36.67189407348633,-36.67189407348633
20180315_sample_6,IT,-34.291233867406845,-35.76057434082031,-35.76057434082031
20180321_sample_2,IT,-33.19390118122101,-37.27781677246094,-37.27781677246094
20180321_sample_3,IT,-28.72546948492527,-37.36962890625,-37.36962890625
20180321_sample_4,IT,-37.48868405818939,-34.383663177490234,-34.383663177490234
20180321_sample_8,ET,-40.208201855421066,-37.217281341552734,-37.217281341552734
20180321_sample_9,ET,-27.08854712545872,-38.705814361572266,-38.705814361572266
20180322_sample_1,IT,-40.03936052322388,-34.76527786254883,-34.76527786254883
20180322_sample_2,IT,-23.38219992816448,-33.26616287231445,-33.26616287231445
20180322_sample_3,IT,-32.6661542057991,-36.08563232421875,-36.08563232421875
20180322_sample_4,IT,-29.25968170166016,-36.524227142333984,-36.524227142333984
20180322_sample_5,IT,-32.15174004435539,-33.62046813964844,-33.62046813964844
20180322_sample_6,ET,-44.447191059589386,-38.72074508666992,-38.72074508666992
20180322_sample_7,ET,-37.95935586094856,-36.0479850769043,-36.0479850769043
20180327_sample_1,Pvalb,-39.938900619745255,-38.995208740234375,-38.995208740234375
20180327_sample_2,Pvalb,-50.237976014614105,-39.109588623046875,-39.109588623046875
20180327_sample_3,IT,-41.6242778301239,-36.45984649658203,-36.45984649658203
20180327_sample_4,Pvalb,-41.78328067064285,-40.1009635925293,-40.1009635925293
20180327_sample_5,Pvalb,-36.73766553401947,-37.88259506225586,-37.88259506225586
20180327_sample_6,IT,-34.01404991745949,-35.48659896850586,-35.48659896850586
20180329_sample_1,IT,-39.96621817350388,-34.84593963623047,-34.84593963623047
20180329_sample_2,IT,-40.87468609213829,-35.14856719970703,-35.14856719970703
20180329_sample_3,IT,-31.70610219240189,-35.446937561035156,-35.446937561035156
20180329_sample_4,ET,-49.07741770148277,-39.20335388183594,-39.20335388183594
20180329_sample_5,IT,-30.6314118206501,-35.02804183959961,-35.02804183959961
20180329_sample_6,IT,-35.414036363363266,-34.40830993652344,-34.40830993652344
20180329_sample_7,low quality,-31.96001797914505,-38.34912109375,-38.34912109375
20180329_sample_8,IT,-28.583373874425888,-36.210872650146484,-36.210872650146484
20180403_sample_5,IT,-30.811598524451256,-36.0809440612793,-36.0809440612793
20180403_sample_6,ET,-32.89977088570595,-35.4471549987793,-35.4471549987793
20180403_sample_7,IT,-40.59835150837898,-36.02749252319336,-36.02749252319336
20180404_sample_1,Pvalb,-35.57765111327171,-36.71440124511719,-36.71440124511719
20180404_sample_2,Pvalb,-43.39459165930748,-36.64748764038086,-36.64748764038086
20180404_sample_3,IT,-37.66573220491409,-35.848731994628906,-35.848731994628906
20180404_sample_4,Pvalb,-41.86778888106346,-37.332603454589844,-37.332603454589844
20180404_sample_5,Pvalb,-60.13461947441101,-39.48858642578125,-39.48858642578125
20180404_sample_7,IT,-35.93051806092262,-36.803462982177734,-36.803462982177734
20180405_sample_1,ET,-34.47731584310532,-37.13284683227539,-37.13284683227539
20180405_sample_2,IT,-44.84836012125015,-36.024837493896484,-36.024837493896484
20180405_sample_3,IT,-39.50681909918785,-34.431339263916016,-34.431339263916016
20180410_sample_1,Pvalb,-42.66297072172165,-37.34736251831055,-37.34736251831055
20180410_sample_3,IT,-21.961763501167297,-36.52443313598633,-36.52443313598633
20180410_sample_4,IT,-30.88594041764736,-35.760528564453125,-35.760528564453125
20180410_sample_5,IT,-31.472526490688324,-35.13010787963867,-35.13010787963867
20180410_sample_6,IT,-25.70604346692562,-33.98968505859375,-33.98968505859375
20180410_sample_9,Pvalb,-32.86491706967354,-38.87928009033203,-38.87928009033203
20180411_sample_1,IT,-23.12693372368813,-33.28683090209961,-33.28683090209961
20180411_sample_3,IT,-21.560972556471825,-33.84999465942383,-33.84999465942383
20180411_sample_4,Pvalb,-39.154160767793655,-36.54678726196289,-36.54678726196289
20180411_sample_5,Pvalb,-25.0148493796587,-36.94913864135742,-36.94913864135742
20180412_sample_1,IT,-40.42456671595573,-34.4334602355957,-34.4334602355957
20180412_sample_2,Pvalb,-53.32812294363976,-40.20236587524414,-40.20236587524414
20180412_sample_3,IT,-20.076075568795204,-36.215213775634766,-36.215213775634766
20180412_sample_4,IT,-37.47844323515892,-33.93793487548828,-33.93793487548828
20180412_sample_7,IT,-25.7156565785408,-38.23167037963867,-38.23167037963867
20180413_sample_2,Pvalb,-52.42687836289406,-37.36997604370117,-37.36997604370117
20180413_sample_3,Pvalb,-36.8104912340641,-37.55222702026367,-37.55222702026367
20180413_sample_4,IT,-34.41118821501732,-35.4661750793457,-35.4661750793457
20180417_sample_1,Vip,-27.695806697010998,-35.30150604248047,-35.30150604248047
20180417_sample_2,Pvalb,-25.60577727854252,-40.05034255981445,-40.05034255981445
20180417_sample_3,IT,-34.15464237332344,-36.079010009765625,-36.079010009765625
20180417_sample_4,Pvalb,-21.68806828558445,-35.23594284057617,-35.23594284057617
20180417_sample_5,IT,-36.01165860891342,-34.53306198120117,-34.53306198120117
20180417_sample_6,IT,-39.794567972421646,-34.667572021484375,-34.667572021484375
20180417_sample_7,Pvalb,-41.90925136208534,-36.676551818847656,-36.676551818847656
20180417_sample_8,Sst,-42.701706290245056,-36.56726837158203,-36.56726837158203
20180417_sample_9,IT,-30.55713884532452,-34.268524169921875,-34.268524169921875
20180418_sample_1,Pvalb,-31.455516815185547,-36.41071319580078,-36.41071319580078
20180418_sample_2,Pvalb,-33.244192600250244,-37.29622268676758,-37.29622268676758
20180418_sample_3,Pvalb,-28.181403875350952,-38.95849609375,-38.95849609375
20180418_sample_5,IT,-33.81714224815369,-35.91122055053711,-35.91122055053711
20180418_sample_6,IT,-31.98295459151268,-34.385841369628906,-34.385841369628906
20180420_sample_2,low quality,-18.579866737127304,-33.31023025512695,-33.31023025512695
20180420_sample_3,IT,-32.08588436245918,-35.217185974121094,-35.217185974121094
20180420_sample_4,IT,-23.197440430521965,-33.04169845581055,-33.04169845581055
20180424_sample_1,IT,-28.22669595479965,-34.67392349243164,-34.67392349243164
20180424_sample_2,IT,-48.85924234986305,-34.18806076049805,-34.18806076049805
20180424_sample_3,IT,-36.15899384021759,-34.60428237915039,-34.60428237915039
20180424_sample_6,IT,-43.95844787359238,-34.91289520263672,-34.91289520263672
20180425_sample_2,IT,-37.08280250430107,-35.36628341674805,-35.36628341674805
20180425_sample_3,Pvalb,-24.36535619199276,-37.45866775512695,-37.45866775512695
20180425_sample_4,IT,-32.11352229118347,-35.456974029541016,-35.456974029541016
20180425_sample_5,Sncg,-31.96112811565399,-37.5678825378418,-37.5678825378418
20180425_sample_7,Pvalb,-24.54805001616478,-36.58281326293945,-36.58281326293945
20180425_sample_8,Vip,-39.032261818647385,-37.77350997924805,-37.77350997924805
20180425_sample_9,IT,-33.258602023124695,-36.818782806396484,-36.818782806396484
20180426_sample_1,ET,-31.053105369210243,-39.7911491394043,-39.7911491394043
20180426_sample_3,IT,-25.45296773314476,-34.67060470581055,-34.67060470581055
20180426_sample_4,IT,-37.96792030334473,-34.62445831298828,-34.62445831298828
20180426_sample_5,Pvalb,-37.58787363767624,-35.00587844848633,-35.00587844848633
20180426_sample_7,IT,-26.17236040532589,-34.337100982666016,-34.337100982666016
20180426_sample_9,Pvalb,-23.387987166643143,-35.09335708618164,-35.09335708618164
20180501_sample_2,IT,-40.340546518564224,-32.131561279296875,-32.131561279296875
20180501_sample_3,IT,-36.23464703559876,-35.01045608520508,-35.01045608520508
20180501_sample_4,IT,-33.72351825237274,-35.8165283203125,-35.8165283203125
20180501_sample_5,IT,-35.40455549955368,-37.22053146362305,-37.22053146362305
20180501_sample_6,low quality,-40.84241390228272,-36.483978271484375,-36.483978271484375
20180501_sample_7,low quality,-35.252053290605545,-37.3457145690918,-37.3457145690918
20180501_sample_8,Lamp5,-22.430457174777985,-33.87165832519531,-33.87165832519531
20180502_sample_1,low quality,-15.575580298900604,-35.96627426147461,-35.96627426147461
20180502_sample_2,low quality,-40.74236378073692,-36.6204948425293,-36.6204948425293
20180502_sample_3,IT,-21.84254489839077,-35.072166442871094,-35.072166442871094
20180502_sample_4,IT,-34.790944308042526,-35.22245788574219,-35.22245788574219
20180508_sample_1,Pvalb,-48.91074821352959,-37.018856048583984,-37.018856048583984
20180508_sample_2,IT,-44.32544857263565,-34.74931335449219,-34.74931335449219
20180508_sample_3,IT,-43.72163489460945,-35.40076446533203,-35.40076446533203
20180508_sample_4,IT,-36.16878390312195,-29.93877410888672,-29.93877410888672
20180509_sample_1,low quality,-42.05877706408501,-36.6126823425293,-36.6126823425293
20180509_sample_2,IT,-37.54758462309837,-34.751708984375,-34.751708984375
20180509_sample_3,IT,-41.79970920085907,-36.70372772216797,-36.70372772216797
20180509_sample_4,IT,-35.26262193918228,-35.47686767578125,-35.47686767578125
20180509_sample_5,IT,-38.3966788649559,-33.69862747192383,-33.69862747192383
20180509_sample_7,IT,-46.31377756595612,-34.49378204345703,-34.49378204345703
20180509_sample_9,IT,-48.42841625213623,-34.974822998046875,-34.974822998046875
20180510_sample_2,Pvalb,-45.25327682495117,-38.07207107543945,-38.07207107543945
20180510_sample_3,IT,-29.67529557645321,-35.193782806396484,-35.193782806396484
20180510_sample_4,IT,-30.016938224434853,-35.489994049072266,-35.489994049072266
20180510_sample_5,IT,-37.02279552817345,-36.32231903076172,-36.32231903076172
20180510_sample_9,IT,-28.24258618056774,-33.559513092041016,-33.559513092041016
20180515_sample_1,Pvalb,-37.251245230436325,-35.64558410644531,-35.64558410644531
20180515_sample_6,Pvalb,-42.77510568499565,-37.36117172241211,-37.36117172241211
20180522_sample_1,IT,-36.7249920964241,-35.35481262207031,-35.35481262207031
20180522_sample_2,IT,-39.90976884961128,-33.58169937133789,-33.58169937133789
20180522_sample_3,IT,-34.81610491871834,-34.365211486816406,-34.365211486816406
20180522_sample_4,IT,-34.136813133955,-35.4216423034668,-35.4216423034668
20180522_sample_5,Pvalb,-36.16317361593247,-35.82680892944336,-35.82680892944336
20180522_sample_6,ET,-43.8445620238781,-36.53395462036133,-36.53395462036133
20180522_sample_7,IT,-36.56928613781929,-33.79656982421875,-33.79656982421875
20180524_sample_5,low quality,-26.68181993067265,-33.09512710571289,-33.09512710571289
20180524_sample_8,IT,-41.13145172595978,-37.133155822753906,-37.133155822753906
20180524_sample_9,Pvalb,-27.685396373271946,-38.8739013671875,-38.8739013671875
20180529_sample_3,IT,-41.632089763879776,-35.206581115722656,-35.206581115722656
20180608_sample_1,Lamp5,-44.430360198020935,-34.6561164855957,-34.6561164855957
20180608_sample_2,Pvalb,-57.30777978897095,-38.36268615722656,-38.36268615722656
20180608_sample_3,IT,-42.14153811335564,-35.71002197265625,-35.71002197265625
20180608_sample_5,Pvalb,-46.95200175046921,-35.562232971191406,-35.562232971191406
20180619_sample_3,Pvalb,-27.825120836496357,-38.260066986083984,-38.260066986083984
20180619_sample_5,IT,-29.58129346370697,-35.058921813964844,-35.058921813964844
20180619_sample_7,Lamp5,-22.40251563489437,-33.534446716308594,-33.534446716308594
20180621_sample_1,IT,-37.2941792011261,-35.080841064453125,-35.080841064453125
20180621_sample_2,IT,-33.36340934038162,-33.8784065246582,-33.8784065246582
20180621_sample_3,Sncg,-35.26192158460617,-34.29520797729492,-34.29520797729492
20180621_sample_4,IT,-34.31498631834984,-35.112342834472656,-35.112342834472656
20180621_sample_5,Vip,-42.27781668305397,-35.941162109375,-35.941162109375
20180621_sample_7,Pvalb,-24.93177354335785,-37.03886413574219,-37.03886413574219
20180621_sample_8,Pvalb,-29.724985361099243,-35.19028091430664,-35.19028091430664
20180628_sample_2,Pvalb,-37.75062784552574,-36.384552001953125,-36.384552001953125
20180628_sample_3,Pvalb,-31.8576842546463,-35.412139892578125,-35.412139892578125
20180628_sample_4,low quality,-33.74956548213959,-35.403133392333984,-35.403133392333984
20180628_sample_6,Pvalb,-37.19983622431755,-35.08326721191406,-35.08326721191406
20180628_sample_7,Lamp5,-31.77924081683159,-34.89826965332031,-34.89826965332031
20180703_sample_1,Pvalb,-42.21753403544426,-36.405120849609375,-36.405120849609375
20180703_sample_2,IT,-40.69362208247185,-35.30122375488281,-35.30122375488281
20180703_sample_3,low quality,-36.93673387169838,-34.536285400390625,-34.536285400390625
20180704_sample_1,Pvalb,-41.0352535545826,-35.586814880371094,-35.586814880371094
20180704_sample_2,Pvalb,-33.576201647520065,-35.225704193115234,-35.225704193115234
20180704_sample_3,Pvalb,-34.87665578722954,-34.44879150390625,-34.44879150390625
20180704_sample_4,IT,-30.56744858622551,-36.4231071472168,-36.4231071472168
20180704_sample_5,Pvalb,-41.31706431508064,-37.5851936340332,-37.5851936340332
20180705_sample_1,Pvalb,-46.66655138134957,-33.74471664428711,-33.74471664428711
20180705_sample_4,Pvalb,-39.5427942276001,-39.505523681640625,-39.505523681640625
20180709_sample_2,IT,-32.763998955488205,-34.27325439453125,-34.27325439453125
20180709_sample_3,Lamp5,-30.197873711586,-33.569820404052734,-33.569820404052734
20180709_sample_4,IT,-39.45117816329002,-35.860755920410156,-35.860755920410156
20180709_sample_6,IT,-27.47146040201187,-35.34389877319336,-35.34389877319336
20180710_sample_1,Pvalb,-38.718946278095245,-37.95622253417969,-37.95622253417969
20180710_sample_2,Pvalb,-42.29604452848434,-35.635826110839844,-35.635826110839844
20180710_sample_3,Pvalb,-41.26228392124176,-35.222938537597656,-35.222938537597656
20180710_sample_5,Pvalb,-35.86811199784279,-35.61411666870117,-35.61411666870117
20180711_sample_1,Pvalb,-33.02359953522682,-34.9116325378418,-34.9116325378418
20180711_sample_2,Sst,-42.76240989565849,-39.76500701904297,-39.76500701904297
20180711_sample_3,Sst,-36.085598170757294,-38.68830871582031,-38.68830871582031
20180711_sample_4,Sst,-37.50111535191536,-40.43333435058594,-40.43333435058594
20180712_sample_2,low quality,-34.07710790634155,-35.70705032348633,-35.70705032348633
20180712_sample_3,Sncg,-39.92193192243576,-36.48889923095703,-36.48889923095703
20180712_sample_5,Pvalb,-37.70105540752411,-36.46161651611328,-36.46161651611328
20180712_sample_11,Pvalb,-41.15244373679161,-39.549522399902344,-39.549522399902344
20180712_sample_12,Pvalb,-47.83571884036064,-35.32186508178711,-35.32186508178711
20180712_sample_13,IT,-37.27108985185623,-35.953834533691406,-35.953834533691406
20180712_sample_14,Pvalb,-38.40392082929611,-37.80421447753906,-37.80421447753906
20180712_sample_15,Pvalb,-44.27874833345413,-35.04977798461914,-35.04977798461914
20180717_sample_1,Pvalb,-29.38516810536385,-39.312156677246094,-39.312156677246094
20180717_sample_2,Lamp5,-45.2960729598999,-36.15279006958008,-36.15279006958008
20180717_sample_3,Pvalb,-33.53046998381615,-37.614501953125,-37.614501953125
20180717_sample_4,Pvalb,-44.9313260614872,-36.385501861572266,-36.385501861572266
20180717_sample_6,Pvalb,-27.88666822016239,-37.29656219482422,-37.29656219482422
20180717_sample_7,ET,-37.36589848995209,-37.34260177612305,-37.34260177612305
20180718_sample_2,Pvalb,-45.87535560131073,-36.17396545410156,-36.17396545410156
20180718_sample_3,Pvalb,-45.83125188946724,-38.6912956237793,-38.6912956237793
20180718_sample_4,Pvalb,-45.20464316010475,-39.04180908203125,-39.04180908203125
20180719_sample_1,Pvalb,-50.24350434541702,-37.8665657043457,-37.8665657043457
20180719_sample_4,Pvalb,-39.23053666949272,-38.85467529296875,-38.85467529296875
20180720_sample_2,Sncg,-58.61569568514824,-37.21367645263672,-37.21367645263672
20180720_sample_3,Pvalb,-33.936891704797745,-38.21751403808594,-38.21751403808594
20180720_sample_5,Lamp5,-38.22310641407967,-33.75489044189453,-33.75489044189453
20180725_sample_3,IT,-35.98088026046753,-34.43017578125,-34.43017578125
20180725_sample_4,low quality,-33.542223274707794,-37.39894485473633,-37.39894485473633
20180725_sample_6,Pvalb,-22.37781696021557,-34.952178955078125,-34.952178955078125
20180725_sample_7,IT,-30.83597682416439,-35.34474563598633,-35.34474563598633
20180725_sample_9,Lamp5,-25.665944442152977,-37.29941177368164,-37.29941177368164
20180726_sample_3,Pvalb,-35.04420071840286,-34.93488311767578,-34.93488311767578
20180726_sample_4,Pvalb,-46.80833965539932,-34.23681640625,-34.23681640625
20180726_sample_5,Pvalb,-39.53366354107857,-36.982818603515625,-36.982818603515625
20180726_sample_6,Pvalb,-44.366683810949326,-35.2488899230957,-35.2488899230957
20180726_sample_7,Pvalb,-29.823247343301773,-36.813270568847656,-36.813270568847656
20180817_sample_2,Pvalb,-30.074510723352432,-38.565582275390625,-38.565582275390625
20180817_sample_3,Pvalb,-18.15375685691833,-35.28102111816406,-35.28102111816406
20180817_sample_4,Pvalb,-41.36949777603149,-34.07168197631836,-34.07168197631836
20180817_sample_5,Pvalb,-32.89485350251198,-35.86390686035156,-35.86390686035156
20180817_sample_6,IT,-31.305301934480667,-36.0007438659668,-36.0007438659668
20180817_sample_7,Pvalb,-35.13280302286148,-37.60220718383789,-37.60220718383789
20180820_sample_1,Sst,-26.275569573044777,-36.35826873779297,-36.35826873779297
20180820_sample_2,IT,-40.22936895489693,-36.52657699584961,-36.52657699584961
20180820_sample_3,Sst,-40.83053395152092,-36.22122573852539,-36.22122573852539
20180820_sample_4,Sst,-43.61097142100334,-36.043426513671875,-36.043426513671875
20180820_sample_5,Sst,-33.51202234625816,-41.669532775878906,-41.669532775878906
20180820_sample_6,IT,-35.17823666334152,-36.13053512573242,-36.13053512573242
20180820_sample_7,Sst,-18.79017800092697,-35.61233139038086,-35.61233139038086
20180822_sample_1,Pvalb,-29.97558005154133,-35.70343017578125,-35.70343017578125
20180822_sample_2,Pvalb,-39.04680535197258,-37.76369094848633,-37.76369094848633
20180822_sample_3,Pvalb,-14.55382164567709,-35.8696174621582,-35.8696174621582
20180822_sample_4,Pvalb,-43.75102370977402,-37.619049072265625,-37.619049072265625
20180822_sample_6,Pvalb,-41.23011976480484,-35.77478790283203,-35.77478790283203
20180822_sample_7,Pvalb,-35.9986424446106,-37.68869400024414,-37.68869400024414
20180828_sample_2,Pvalb,-29.89011444151401,-34.75374984741211,-34.75374984741211
20180828_sample_3,Pvalb,-38.80136087536812,-35.723472595214844,-35.723472595214844
20180828_sample_4,IT,-34.18893739581108,-34.21691131591797,-34.21691131591797
20180828_sample_5,Pvalb,-34.790657460689545,-37.70549011230469,-37.70549011230469
20180828_sample_6,Pvalb,-37.53253072500229,-36.59966278076172,-36.59966278076172
20180828_sample_7,low quality,-32.31125324964523,-36.49092483520508,-36.49092483520508
20180828_sample_8,IT,-35.42579337954521,-34.454105377197266,-34.454105377197266
20180829_sample_1,Sst,-33.41993689537048,-37.27060317993164,-37.27060317993164
20180829_sample_2,Sst,-39.46344181895256,-37.585941314697266,-37.585941314697266
20180829_sample_3,Sst,-23.074446246027943,-37.84239959716797,-37.84239959716797
20180829_sample_4,Sst,-42.92697086930275,-38.691707611083984,-38.691707611083984
20180829_sample_5,Sst,-29.97828461229801,-35.71106719970703,-35.71106719970703
20180829_sample_6,Sst,-41.66131466627121,-38.80427551269531,-38.80427551269531
20180829_sample_7,Sst,-33.92729535698891,-37.468379974365234,-37.468379974365234
20180829_sample_8,IT,-28.02802622318268,-35.688133239746094,-35.688133239746094
20180830_sample_1,Pvalb,-27.620553970336918,-37.685298919677734,-37.685298919677734
20180830_sample_2,Pvalb,-36.2476259469986,-38.15444564819336,-38.15444564819336
20180830_sample_5,Pvalb,-27.762440964579586,-34.839820861816406,-34.839820861816406
20180830_sample_6,Pvalb,-40.845856070518494,-37.24458312988281,-37.24458312988281
20180904_sample_1,Pvalb,-35.613808780908585,-37.96068572998047,-37.96068572998047
20180904_sample_2,Pvalb,-44.72849518060684,-37.04414749145508,-37.04414749145508
20180904_sample_3,Pvalb,-33.82754325866699,-35.695411682128906,-35.695411682128906
20180904_sample_4,Pvalb,-45.77434062957764,-36.424903869628906,-36.424903869628906
20180904_sample_5,Pvalb,-28.654882684350014,-36.91736602783203,-36.91736602783203
20180904_sample_6,Pvalb,-46.3697761297226,-37.66842269897461,-37.66842269897461
20180904_sample_7,Pvalb,-29.85402755439281,-38.8863410949707,-38.8863410949707
20180904_sample_9,Pvalb,-30.125269666314125,-36.42603302001953,-36.42603302001953
20180905_sample_1,Sst,-41.22257977724075,-38.539981842041016,-38.539981842041016
20180905_sample_2,Sst,-41.11073166131973,-38.11470031738281,-38.11470031738281
20180910_sample_2,Sst,-49.20279234647751,-40.0570068359375,-40.0570068359375
20180910_sample_3,Sst,-42.83631592988968,-39.32533645629883,-39.32533645629883
20180911_sample_1,Sst,-24.242166429758072,-37.895450592041016,-37.895450592041016
20180911_sample_2,Sst,-39.437174797058105,-39.15107345581055,-39.15107345581055
20180911_sample_3,Sst,-38.192301988601685,-39.25263214111328,-39.25263214111328
20180911_sample_5,Sst,-26.69534832239151,-34.78165054321289,-34.78165054321289
20180911_sample_6,Sst,-44.05807703733444,-37.58871841430664,-37.58871841430664
20180912_sample_2,Pvalb,-41.21433198451996,-36.882389068603516,-36.882389068603516
20180912_sample_3,Pvalb,-63.49656730890274,-37.412376403808594,-37.412376403808594
20180912_sample_6,Pvalb,-23.176750168204308,-36.069400787353516,-36.069400787353516
20180913_sample_2,low quality,-42.76233538985253,-33.9531364440918,-33.9531364440918
20180917_sample_1,Sst,-42.020171880722046,-38.91356658935547,-38.91356658935547
20180917_sample_2,Pvalb,-45.06333544850349,-41.285316467285156,-41.285316467285156
20180917_sample_3,IT,-40.47035798430443,-36.1186408996582,-36.1186408996582
20180917_sample_4,Pvalb,-35.97598522901535,-38.131500244140625,-38.131500244140625
20180917_sample_5,Sst,-48.067957162857056,-40.34846496582031,-40.34846496582031
20180918_sample_1,Vip,-33.32220762968063,-37.516658782958984,-37.516658782958984
20180918_sample_2,Vip,-37.26668283343315,-39.21989822387695,-39.21989822387695
20180918_sample_3,Vip,-39.59136456251144,-39.44409942626953,-39.44409942626953
20180920_sample_1,low quality,-38.5492779314518,-36.31513977050781,-36.31513977050781
20180920_sample_2,Pvalb,-35.933658480644226,-35.80315399169922,-35.80315399169922
20180920_sample_3,Pvalb,-36.38622164726257,-40.03947830200195,-40.03947830200195
20180920_sample_4,Pvalb,-41.07527807354927,-38.11522674560547,-38.11522674560547
20180921_sample_1,low quality,-52.61152982711792,-37.20745086669922,-37.20745086669922
20180921_sample_2,Pvalb,-41.95667803287506,-37.20069885253906,-37.20069885253906
20180921_sample_3,Pvalb,-45.38711905479431,-38.96039581298828,-38.96039581298828
20180925_sample_9,Pvalb,-35.62992066144943,-36.98579406738281,-36.98579406738281
20180926_sample_1,Pvalb,-29.26195226609707,-35.30059051513672,-35.30059051513672
20180926_sample_3,Pvalb,-34.170035272836685,-39.16796875,-39.16796875
20180926_sample_4,low quality,-44.15104910731316,-39.74129104614258,-39.74129104614258
20180926_sample_7,Pvalb,-33.69884565472603,-39.09980010986328,-39.09980010986328
20180926_sample_9,IT,-29.43343855440617,-37.7228889465332,-37.7228889465332
20180927_sample_1,Pvalb,-34.0360663831234,-34.380455017089844,-34.380455017089844
20180927_sample_2,Pvalb,-42.13814809918404,-36.921817779541016,-36.921817779541016
20180927_sample_3,low quality,-26.592206209897995,-36.854427337646484,-36.854427337646484
20180927_sample_4,Pvalb,-43.44787448644638,-37.235595703125,-37.235595703125
20180927_sample_5,Pvalb,-39.357732981443405,-36.268306732177734,-36.268306732177734
20180927_sample_7,Pvalb,-28.80639210343361,-37.14318084716797,-37.14318084716797
20180927_sample_9,IT,-56.15753307938576,-36.55204772949219,-36.55204772949219
20180927_sample_10,low quality,-45.22985965013504,-37.67135238647461,-37.67135238647461
20181002_sample_1,low quality,-36.96439787745476,-35.64552688598633,-35.64552688598633
20181002_sample_2,Pvalb,-40.70012271404266,-36.871212005615234,-36.871212005615234
20181002_sample_3,Pvalb,-34.263648092746735,-35.33523941040039,-35.33523941040039
20181002_sample_4,Pvalb,-42.94212907552719,-36.90161895751953,-36.90161895751953
20181002_sample_5,Pvalb,-32.58837014436722,-37.907352447509766,-37.907352447509766
20181002_sample_6,Pvalb,-52.04487591981888,-35.10318374633789,-35.10318374633789
20181002_sample_7,IT,-26.894189417362213,-32.4192008972168,-32.4192008972168
20181002_sample_8,Pvalb,-39.01569917798042,-36.4595947265625,-36.4595947265625
20181002_sample_9,Sst,-23.282138630747795,-37.864295959472656,-37.864295959472656
20181002_sample_10,Pvalb,-34.836117178201675,-36.03483200073242,-36.03483200073242
20181003_sample_1,low quality,-25.60153231024742,-41.52686309814453,-41.52686309814453
20181003_sample_2,Sst,-34.0602844953537,-39.9414176940918,-39.9414176940918
20181003_sample_3,Sst,-32.79683738946915,-37.90751647949219,-37.90751647949219
20181003_sample_4,Sst,-45.6571988761425,-38.513946533203125,-38.513946533203125
20181003_sample_5,Sst,-30.482910573482517,-40.732967376708984,-40.732967376708984
20181003_sample_6,Sst,-37.02118620276451,-41.760196685791016,-41.760196685791016
20181003_sample_7,Sst,-31.221356242895126,-37.6782341003418,-37.6782341003418
20181003_sample_8,Sst,-39.78575766086578,-40.13968276977539,-40.13968276977539
20181003_sample_9,Sst,-22.876618430018425,-36.12714385986328,-36.12714385986328
20181003_sample_10,Sst,-41.0744734108448,-37.726890563964844,-37.726890563964844
20181004_sample_1,low quality,-34.23740342259407,-34.93210220336914,-34.93210220336914
20181004_sample_3,Sst,-29.02892045676708,-41.0062370300293,-41.0062370300293
20181004_sample_5,Sst,-24.21172149479389,-38.48190689086914,-38.48190689086914
20181004_sample_6,Sst,-46.06452956795693,-39.223548889160156,-39.223548889160156
20181004_sample_8,Sst,-33.66628289222717,-38.06062316894531,-38.06062316894531
20181009_sample_2,Sst,-44.80533301830292,-37.46541976928711,-37.46541976928711
20181009_sample_3,Sst,-36.53400018811226,-38.78648376464844,-38.78648376464844
20181009_sample_4,Sst,-54.12600189447403,-36.18798828125,-36.18798828125
20181009_sample_5,Sst,-33.59394520521164,-38.77779769897461,-38.77779769897461
20181009_sample_6,IT,-40.85366800427437,-35.11531448364258,-35.11531448364258
20181009_sample_7,Sst,-35.973623394966125,-39.23702621459961,-39.23702621459961
20181010_sample_1,Sst,-30.35196289420128,-36.72391128540039,-36.72391128540039
20181010_sample_3,Sst,-37.60328143835068,-38.57295227050781,-38.57295227050781
20181010_sample_4,Sst,-39.817702025175095,-39.46138381958008,-39.46138381958008
20181010_sample_5,IT,-28.355075046420097,-34.3598747253418,-34.3598747253418
20181010_sample_6,Sst,-49.77372661232948,-38.41109085083008,-38.41109085083008
20181010_sample_8,Sst,-52.79889702796936,-41.917144775390625,-41.917144775390625
20181010_sample_10,Sst,-43.73263567686081,-37.83573532104492,-37.83573532104492
20181011_sample_3,Sst,-27.899283915758133,-36.586944580078125,-36.586944580078125
20181011_sample_4,Sst,-42.6664799451828,-37.57742691040039,-37.57742691040039
20181011_sample_8,Sst,-39.64723274111748,-41.509578704833984,-41.509578704833984
20181011_sample_9,Sst,-39.08054903149605,-40.3261833190918,-40.3261833190918
20181011_sample_10,Sst,-48.15095290541649,-37.1540412902832,-37.1540412902832
20181109_sample_1,Sst,-52.30490118265152,-39.485111236572266,-39.485111236572266
20181109_sample_2,Sst,-38.1169393658638,-40.27470779418945,-40.27470779418945
20181109_sample_3,Sst,-40.90961068868637,-38.11793899536133,-38.11793899536133
20181109_sample_5,Sst,-51.260147243738174,-37.854515075683594,-37.854515075683594
20181109_sample_7,Sst,-46.90897092223168,-39.49671936035156,-39.49671936035156
20181109_sample_8,Sst,-51.46515741944313,-38.8007926940918,-38.8007926940918
20181109_sample_9,Sst,-41.09299555420876,-38.79740524291992,-38.79740524291992
20181109_sample_10,Sst,-65.15469402074814,-37.503150939941406,-37.503150939941406
20181112_sample_1,low quality,-46.41596600413322,-37.89318084716797,-37.89318084716797
20181112_sample_4,Sst,-52.44467407464981,-36.74924087524414,-36.74924087524414
20181112_sample_5,low quality,-44.15667802095413,-44.87812805175781,-44.87812805175781
20181112_sample_6,Sst,-48.94484207034111,-38.422584533691406,-38.422584533691406
20181112_sample_8,Sst,-42.30332002043724,-43.94148254394531,-43.94148254394531
20181112_sample_11,Sst,-43.18395256996155,-39.06767654418945,-39.06767654418945
20181114_sample_1,Pvalb,-42.22581535577774,-36.732032775878906,-36.732032775878906
20181114_sample_2,Pvalb,-40.3626374900341,-38.253387451171875,-38.253387451171875
20181114_sample_4,Pvalb,-37.22840920090675,-37.63349914550781,-37.63349914550781
20181116_sample_2,Pvalb,-39.25277665257454,-34.672569274902344,-34.672569274902344
20181116_sample_3,Pvalb,-28.989646583795547,-34.44095230102539,-34.44095230102539
20181116_sample_4,Pvalb,-39.25277665257454,-34.91911315917969,-34.91911315917969
20181116_sample_5,Pvalb,-31.695496290922165,-35.051509857177734,-35.051509857177734
20181116_sample_7,low quality,-23.23872037231922,-35.21581268310547,-35.21581268310547
20181116_sample_10,low quality,-37.14888542890549,-35.26161575317383,-35.26161575317383
20181116_sample_12,Pvalb,-42.43644699454308,-37.022850036621094,-37.022850036621094
20181121_sample_1,Sst,-48.2412725687027,-41.21079635620117,-41.21079635620117
20181121_sample_2,Sst,-47.93626070022583,-37.359832763671875,-37.359832763671875
20181121_sample_3,Pvalb,-35.99995002150536,-39.14088821411133,-39.14088821411133
20181121_sample_4,low quality,-42.09468513727188,-33.98793411254883,-33.98793411254883
20181121_sample_5,Sst,-47.03144729137421,-40.75416946411133,-40.75416946411133
20181121_sample_6,Sst,-34.850526601076126,-38.460323333740234,-38.460323333740234
20181121_sample_7,Sst,-51.16301774978638,-41.27918243408203,-41.27918243408203
20181126_sample_2,Sst,-45.04493996500969,-39.44195556640625,-39.44195556640625
20181126_sample_6,Sst,-45.55810987949371,-38.37764358520508,-38.37764358520508
20181127_sample_1,Sst,-43.61960291862488,-38.896156311035156,-38.896156311035156
20181127_sample_3,Sst,-46.90077900886536,-39.254146575927734,-39.254146575927734
20181127_sample_4,Sst,-43.74577850103378,-40.37598419189453,-40.37598419189453
20181127_sample_5,Sst,-43.54072734713554,-40.41666030883789,-40.41666030883789
20181127_sample_7,Sst,-35.92135012149811,-38.46401596069336,-38.46401596069336
20181129_sample_1,Sst,-43.09874400496483,-44.033348083496094,-44.033348083496094
20181129_sample_2,low quality,-43.74154284596443,-37.796932220458984,-37.796932220458984
20181129_sample_3,Sst,-38.54150325059891,-38.04105758666992,-38.04105758666992
20181129_sample_4,Sst,-43.91350597143173,-40.43843078613281,-40.43843078613281
20181129_sample_5,Sst,-43.748628348112106,-36.487152099609375,-36.487152099609375
20181129_sample_6,Sst,-41.28412529826164,-39.4122428894043,-39.4122428894043
20181203_sample_2,Sst,-42.62913018465042,-39.34675979614258,-39.34675979614258
20181203_sample_3,Sst,-45.75993120670319,-40.76869583129883,-40.76869583129883
20181203_sample_4,Sst,-41.657038033008575,-41.31532287597656,-41.31532287597656
20181203_sample_5,Sst,-38.50030526518822,-38.5343132019043,-38.5343132019043
20181203_sample_6,Pvalb,-36.699503660202026,-41.971336364746094,-41.971336364746094
20181203_sample_7,Sst,-41.02183878421784,-40.36524200439453,-40.36524200439453
20181203_sample_8,Sst,-40.06190225481987,-39.03614807128906,-39.03614807128906
20181203_sample_9,Sst,-39.03021290898323,-42.37035369873047,-42.37035369873047
20181203_sample_10,low quality,-39.67299312353134,-40.82466125488281,-40.82466125488281
20181205_sample_1,Sst,-48.19432273507118,-40.80659103393555,-40.80659103393555
20181205_sample_2,Sst,-51.291823387146,-37.895172119140625,-37.895172119140625
20181207_sample_1,Pvalb,-32.64285251498222,-37.93156814575195,-37.93156814575195
20181207_sample_2,Pvalb,-42.45399311184883,-38.888729095458984,-38.888729095458984
20181207_sample_3,Pvalb,-40.57089984416962,-35.03670120239258,-35.03670120239258
20181207_sample_4,Pvalb,-40.695514529943466,-36.06571578979492,-36.06571578979492
20181207_sample_5,Pvalb,-31.15394525229931,-39.11891174316406,-39.11891174316406
20181207_sample_6,low quality,-46.909693628549576,-39.335697174072266,-39.335697174072266
20181207_sample_7,Pvalb,-49.54097792506218,-36.54055404663086,-36.54055404663086
20181208_sample_1,low quality,-34.88447889685631,-34.30061340332031,-34.30061340332031
20181208_sample_2,Sst,-49.013782292604446,-37.06611251831055,-37.06611251831055
20181208_sample_3,Sst,-43.84889081120491,-37.130226135253906,-37.130226135253906
20181208_sample_4,Sst,-51.91852152347565,-37.189693450927734,-37.189693450927734
20181208_sample_5,Sst,-44.05472427606583,-37.975730895996094,-37.975730895996094
20181208_sample_6,Sst,-53.98109182715416,-39.1865234375,-39.1865234375
20181208_sample_7,Sst,-38.625072687864304,-37.58350372314453,-37.58350372314453
20181208_sample_8,Sst,-46.76190763711929,-42.07572937011719,-42.07572937011719
20181208_sample_9,Sst,-45.701559633016586,-39.87982940673828,-39.87982940673828
20181208_sample_10,Sst,-44.60697993636131,-40.0903205871582,-40.0903205871582
20181211_sample_1,CT,-40.33619537949562,-37.04079818725586,-37.04079818725586
20181211_sample_2,Pvalb,-35.73552519083023,-36.48460006713867,-36.48460006713867
20181211_sample_4,Pvalb,-39.36837613582611,-38.84001541137695,-38.84001541137695
20181211_sample_5,low quality,-43.75343769788742,-37.31452178955078,-37.31452178955078
20181211_sample_6,Pvalb,-33.71122106909752,-38.71375274658203,-38.71375274658203
20181211_sample_7,Pvalb,-39.15770724415779,-38.687652587890625,-38.687652587890625
20181211_sample_8,Pvalb,-45.441556721925735,-37.46072006225586,-37.46072006225586
20181211_sample_9,Pvalb,-35.711877048015594,-37.91287612915039,-37.91287612915039
20181213_sample_1,Sst,-44.746845960617065,-40.73265075683594,-40.73265075683594
20181213_sample_2,Sst,-38.11953216791153,-36.749839782714844,-36.749839782714844
20181213_sample_3,Sst,-46.94017767906189,-38.21723556518555,-38.21723556518555
20181213_sample_4,Sst,-48.218004405498505,-39.99937438964844,-39.99937438964844
20181213_sample_5,IT,-40.22758454084397,-37.73912048339844,-37.73912048339844
20181213_sample_6,Sst,-49.99053478240967,-38.44782638549805,-38.44782638549805
20181213_sample_7,Sst,-48.64512383937836,-36.83424758911133,-36.83424758911133
20181214_sample_1,low quality,-43.05314272642136,-38.854766845703125,-38.854766845703125
20181214_sample_2,Sst,-47.91529849171639,-39.93505096435547,-39.93505096435547
20190108_sample_1,Pvalb,-29.476700350642204,-36.55912780761719,-36.55912780761719
20190108_sample_2,Vip,-32.92401880025864,-35.16647720336914,-35.16647720336914
20190108_sample_3,IT,-35.711921751499176,-37.2035026550293,-37.2035026550293
20190108_sample_5,Vip,-28.74870784580708,-35.84821319580078,-35.84821319580078
20190108_sample_6,Lamp5,-26.424912735819817,-32.80431365966797,-32.80431365966797
20190109_sample_2,Sst,-44.22958195209503,-39.00660705566406,-39.00660705566406
20190110_sample_1,Sst,-45.77238857746124,-38.838157653808594,-38.838157653808594
20190110_sample_3,Sst,-30.856937170028687,-37.837013244628906,-37.837013244628906
20190110_sample_4,Sst,-31.40837326645851,-38.44131851196289,-38.44131851196289
20190110_sample_6,IT,-34.075506031513214,-35.57297897338867,-35.57297897338867
20190110_sample_7,IT,-34.69906374812126,-34.65566635131836,-34.65566635131836
20190117_sample_1,Vip,-30.19417636096477,-37.1877555847168,-37.1877555847168
20190117_sample_2,IT,-20.32246440649033,-35.37957763671875,-35.37957763671875
20190117_sample_3,Sst,-32.69874304533005,-36.179588317871094,-36.179588317871094
20190117_sample_4,IT,-36.11120209097862,-36.117164611816406,-36.117164611816406
20190117_sample_5,Sst,-50.27168616652489,-37.880226135253906,-37.880226135253906
20190122_sample_1,Pvalb,-29.86791357398033,-37.557106018066406,-37.557106018066406
20190122_sample_2,IT,-37.35902905464173,-34.73655319213867,-34.73655319213867
20190122_sample_3,Pvalb,-31.23394027352333,-36.225440979003906,-36.225440979003906
20190122_sample_5,Pvalb,-31.76010400056839,-39.36127853393555,-39.36127853393555
20190122_sample_6,IT,-21.97811007499695,-34.98805236816406,-34.98805236816406
20190122_sample_9,Pvalb,-29.65281717479229,-37.77833938598633,-37.77833938598633
20190122_sample_10,Pvalb,-31.05458989739418,-35.79658889770508,-35.79658889770508
20190122_sample_11,low quality,-45.48948630690575,-37.687191009521484,-37.687191009521484
20190122_sample_12,Pvalb,-26.1098463088274,-34.760982513427734,-34.760982513427734
20190122_sample_13,Pvalb,-48.88014867901802,-40.603458404541016,-40.603458404541016
20190122_sample_14,Pvalb,-36.405663937330246,-38.019447326660156,-38.019447326660156
20190122_sample_16,Pvalb,-38.57970982789993,-34.06673812866211,-34.06673812866211
20190122_sample_17,Pvalb,-44.9090301990509,-37.424156188964844,-37.424156188964844
20190123_sample_5,Pvalb,-24.4933869689703,-38.19438171386719,-38.19438171386719
20190123_sample_7,Pvalb,-42.652737349271774,-37.18861770629883,-37.18861770629883
20190123_sample_8,Pvalb,-46.37999460101128,-37.896915435791016,-37.896915435791016
20190124_sample_4,Pvalb,-25.91259777545929,-35.60712432861328,-35.60712432861328
20190128_sample_2,Pvalb,-22.36557006835937,-36.197208404541016,-36.197208404541016
20190128_sample_3,low quality,-27.58209034800529,-37.02875900268555,-37.02875900268555
20190128_sample_4,Pvalb,-38.53139281272888,-36.27783966064453,-36.27783966064453
20190128_sample_6,Lamp5,-40.2570366859436,-36.19462203979492,-36.19462203979492
20190128_sample_7,Pvalb,-23.76004494726658,-35.0350341796875,-35.0350341796875
20190128_sample_11,Pvalb,-37.783801555633545,-36.53341293334961,-36.53341293334961
20190128_sample_12,Pvalb,-46.39270529150963,-36.807674407958984,-36.807674407958984
20190130_sample_2,low quality,-42.343080043792725,-35.66205596923828,-35.66205596923828
20190130_sample_3,Lamp5,-30.382707715034485,-34.294952392578125,-34.294952392578125
20190130_sample_6,Pvalb,-32.15263783931732,-36.118106842041016,-36.118106842041016
20190130_sample_8,CT,-25.94796754419804,-34.79426574707031,-34.79426574707031
20190130_sample_9,Sst,-32.74505212903023,-38.129234313964844,-38.129234313964844
20190130_sample_10,Sst,-35.30791029334068,-34.869232177734375,-34.869232177734375
20190130_sample_15,Pvalb,-46.257272362709045,-37.555450439453125,-37.555450439453125
20190130_sample_17,Sst,-39.42955285310745,-37.646141052246094,-37.646141052246094
20190130_sample_18,Sst,-42.5107479095459,-37.6279182434082,-37.6279182434082
20190131_sample_1,Sst,-31.05228580534458,-38.92808532714844,-38.92808532714844
20190131_sample_3,Pvalb,-31.72246739268303,-36.336795806884766,-36.336795806884766
20190131_sample_4,Sst,-23.517383262515068,-38.52738571166992,-38.52738571166992
20190131_sample_5,Sst,-29.008612036705017,-36.08030700683594,-36.08030700683594
20190131_sample_6,Sst,-38.35458680987358,-37.53155517578125,-37.53155517578125
20190131_sample_10,Sst,-42.24063456058502,-37.41815948486328,-37.41815948486328
20190201_sample_2,Pvalb,-33.22368115186691,-39.12267303466797,-39.12267303466797
20190201_sample_3,Pvalb,-34.90443155169487,-37.79720687866211,-37.79720687866211
20190201_sample_4,Pvalb,-36.560118198394775,-35.6436653137207,-35.6436653137207
20190201_sample_7,Pvalb,-27.33895741403103,-37.69598388671875,-37.69598388671875
20190201_sample_8,Pvalb,-37.62548789381981,-38.82181930541992,-38.82181930541992
20190201_sample_10,Pvalb,-40.38980230689049,-36.90850067138672,-36.90850067138672
20190204_sample_1,Sst,-29.765093699097637,-37.707984924316406,-37.707984924316406
20190204_sample_2,CT,-29.67565506696701,-35.48810577392578,-35.48810577392578
20190204_sample_4,Sst,-44.71711069345474,-37.35560989379883,-37.35560989379883
20190204_sample_5,Sst,-31.90738335251808,-39.252227783203125,-39.252227783203125
20190204_sample_6,Sst,-32.60809928178787,-37.93855667114258,-37.93855667114258
20190204_sample_7,Pvalb,-34.08673778176308,-35.54356384277344,-35.54356384277344
20190204_sample_8,Pvalb,-37.85431012511253,-36.5216064453125,-36.5216064453125
20190204_sample_9,Pvalb,-26.57928876578808,-36.84130096435547,-36.84130096435547
20190204_sample_10,Pvalb,-21.327046677470207,-36.03416442871094,-36.03416442871094
20190204_sample_11,Sst,-40.857817977666855,-37.58090591430664,-37.58090591430664
20190204_sample_14,Sst,-43.487079441547394,-37.37911605834961,-37.37911605834961
20190204_sample_15,Sst,-40.35584628582001,-37.1132698059082,-37.1132698059082
20190204_sample_16,Sst,-36.64414584636688,-37.49312210083008,-37.49312210083008
20190204_sample_17,Sst,-47.703295946121216,-38.54248046875,-38.54248046875
20190204_sample_18,Sst,-42.69653931260109,-39.194419860839844,-39.194419860839844
20190204_sample_19,low quality,-39.54511135816574,-35.76069259643555,-35.76069259643555
20190204_sample_20,low quality,-32.333072274923325,-34.69189453125,-34.69189453125
20190204_sample_21,Pvalb,-24.20138381421566,-36.801025390625,-36.801025390625
20190204_sample_22,IT,-27.234969660639763,-37.80693054199219,-37.80693054199219
20190204_sample_24,CT,-29.427997767925262,-36.56763458251953,-36.56763458251953
20190205_sample_1,Pvalb,-45.663800090551376,-36.202484130859375,-36.202484130859375
20190205_sample_2,Sst,-41.2152074277401,-39.29489517211914,-39.29489517211914
20190205_sample_3,low quality,-35.08109599351883,-35.92051696777344,-35.92051696777344
20190205_sample_4,Sst,-40.67976772785187,-38.805240631103516,-38.805240631103516
20190205_sample_5,Sst,-44.70883309841156,-39.142635345458984,-39.142635345458984
20190205_sample_6,Sst,-38.48596662282944,-39.97388458251953,-39.97388458251953
20190205_sample_7,Pvalb,-40.94479978084564,-37.815067291259766,-37.815067291259766
20190211_sample_1,Pvalb,-31.4236544072628,-35.51350021362305,-35.51350021362305
20190211_sample_2,IT,-37.54209727048874,-36.230796813964844,-36.230796813964844
20190211_sample_3,Pvalb,-33.75912457704544,-39.612342834472656,-39.612342834472656
20190211_sample_4,IT,-35.719793289899826,-36.19593811035156,-36.19593811035156
20190211_sample_6,Pvalb,-38.77992182970047,-36.50823211669922,-36.50823211669922
20190211_sample_8,Pvalb,-41.24641790986061,-37.671630859375,-37.671630859375
20190211_sample_9,Pvalb,-37.01996058225632,-36.22871780395508,-36.22871780395508
20190211_sample_11,Pvalb,-40.610987693071365,-35.97856903076172,-35.97856903076172
20190211_sample_12,low quality,-36.6649329662323,-36.90822982788086,-36.90822982788086
20190212_sample_1,Sst,-39.462536573410034,-36.711212158203125,-36.711212158203125
20190212_sample_4,Sst,-39.14399817585945,-37.49830627441406,-37.49830627441406
20190212_sample_5,Sst,-41.613854467868805,-36.641239166259766,-36.641239166259766
20190212_sample_6,Sst,-41.934359818696976,-38.44081115722656,-38.44081115722656
20190212_sample_7,Sst,-39.504073560237885,-39.487274169921875,-39.487274169921875
20190212_sample_8,Sst,-52.32071131467819,-39.86402130126953,-39.86402130126953
20190213_sample_1,Pvalb,-41.68932512402535,-37.86821365356445,-37.86821365356445
20190213_sample_4,Pvalb,-28.844079002738,-38.01567459106445,-38.01567459106445
20190213_sample_7,Pvalb,-41.84325039386749,-35.82968521118164,-35.82968521118164
20190213_sample_8,Pvalb,-29.35401536524296,-34.818763732910156,-34.818763732910156
20190214_sample_1,Pvalb,-39.35004770755768,-36.821327209472656,-36.821327209472656
20190214_sample_2,Pvalb,-26.60970762372017,-39.34744644165039,-39.34744644165039
20190214_sample_3,Pvalb,-31.789369881153107,-38.81809997558594,-38.81809997558594
20190214_sample_6,Pvalb,-35.02149134874344,-35.8950309753418,-35.8950309753418
20190214_sample_9,Pvalb,-41.80151969194412,-37.76231384277344,-37.76231384277344
20190218_sample_3,Sst,-43.46219450235367,-39.99114227294922,-39.99114227294922
20190218_sample_4,Sst,-36.59952804446221,-38.24576187133789,-38.24576187133789
20190218_sample_5,Sst,-33.34127366542816,-37.86193084716797,-37.86193084716797
20190219_sample_1,Vip,-40.41677340865135,-36.61495590209961,-36.61495590209961
20190219_sample_3,Sncg,-31.666867434978485,-36.57575988769531,-36.57575988769531
20190219_sample_4,Vip,-40.44331982731819,-36.077415466308594,-36.077415466308594
20190219_sample_7,Vip,-35.63637658953667,-36.14768600463867,-36.14768600463867
20190219_sample_8,IT,-41.201408952474594,-34.94040298461914,-34.94040298461914
20190221_sample_1,Sst,-32.91984647512436,-38.27986145019531,-38.27986145019531
20190221_sample_2,Sst,-33.782586455345154,-36.789669036865234,-36.789669036865234
20190221_sample_4,Sst,-30.704304575920105,-37.02377700805664,-37.02377700805664
20190221_sample_10,Sst,-40.6840555369854,-36.8834228515625,-36.8834228515625
20190221_sample_11,Pvalb,-41.45935550332069,-35.23014450073242,-35.23014450073242
20190222_sample_2,CT,-27.623405680060387,-37.11614990234375,-37.11614990234375
20190222_sample_3,IT,-50.16256123781204,-36.215126037597656,-36.215126037597656
20190222_sample_4,CT,-41.1367192864418,-36.04002380371094,-36.04002380371094
20190222_sample_5,CT,-14.152584597468376,-37.080421447753906,-37.080421447753906
20190222_sample_7,Vip,-41.22571647167206,-36.7645378112793,-36.7645378112793
20190222_sample_8,IT,-34.14284437894821,-36.17644119262695,-36.17644119262695
20190226_sample_1,Pvalb,-39.32706266641617,-36.078155517578125,-36.078155517578125
20190226_sample_2,Lamp5,-30.120769515633583,-32.74095916748047,-32.74095916748047
20190226_sample_3,CT,-24.202940985560417,-35.530174255371094,-35.530174255371094
20190226_sample_5,IT,-35.64928472042084,-33.79195022583008,-33.79195022583008
20190226_sample_6,IT,-34.27295386791229,-35.747032165527344,-35.747032165527344
20190226_sample_7,Lamp5,-46.630725264549255,-33.08956527709961,-33.08956527709961
20190226_sample_9,Pvalb,-41.11524298787117,-38.723262786865234,-38.723262786865234
20190227_sample_1,Sst,-52.68055200576782,-38.329383850097656,-38.329383850097656
20190227_sample_2,Sst,-40.39691388607025,-38.72903060913086,-38.72903060913086
20190227_sample_3,Sst,-40.90914875268936,-37.293338775634766,-37.293338775634766
20190227_sample_4,Sst,-50.05145072937012,-39.380062103271484,-39.380062103271484
20190227_sample_5,Sst,-46.09301686286926,-36.6419677734375,-36.6419677734375
20190227_sample_6,Sst,-32.28229284286499,-37.90046691894531,-37.90046691894531
20190227_sample_7,Pvalb,-40.734998881816864,-39.33758544921875,-39.33758544921875
20190318_sample_3,Sst,-38.32309693098068,-37.27519607543945,-37.27519607543945
20190318_sample_4,Sst,-39.89024460315704,-38.08488845825195,-38.08488845825195
20190318_sample_5,Sst,-43.868787586689,-39.67582702636719,-39.67582702636719
20190318_sample_6,Sst,-41.7991541326046,-39.091312408447266,-39.091312408447266
20190320_sample_4,IT,-37.83026337623596,-36.896385192871094,-36.896385192871094
20190320_sample_5,CT,-31.653303653001785,-35.24740219116211,-35.24740219116211
20190320_sample_6,CT,-52.10771411657333,-35.45318603515625,-35.45318603515625
20190320_sample_9,IT,-37.52966225147247,-36.8090705871582,-36.8090705871582
20190321_sample_2,low quality,-29.519129544496536,-36.80231475830078,-36.80231475830078
20190321_sample_4,IT,-46.20557650923729,-35.63655090332031,-35.63655090332031
20190321_sample_6,CT,-35.00007092952728,-35.40190887451172,-35.40190887451172
20190322_sample_1,IT,-34.629836678504944,-36.280757904052734,-36.280757904052734
20190322_sample_2,IT,-34.30589288473129,-34.82568359375,-34.82568359375
20190322_sample_3,CT,-27.5126826018095,-37.158111572265625,-37.158111572265625
20190322_sample_4,CT,-35.19243001937866,-37.323333740234375,-37.323333740234375
20190325_sample_1,Lamp5,-33.29896926879883,-34.06338119506836,-34.06338119506836
20190325_sample_2,low quality,-39.93043676018715,-32.55847930908203,-32.55847930908203
20190325_sample_3,IT,-26.989378035068512,-33.45189666748047,-33.45189666748047
20190325_sample_4,CT,-30.486488714814183,-40.381072998046875,-40.381072998046875
20190325_sample_5,CT,-25.91310627758503,-36.20534896850586,-36.20534896850586
20190325_sample_6,CT,-31.6188745200634,-36.94465255737305,-36.94465255737305
20190325_sample_7,IT,-24.710753932595253,-37.903377532958984,-37.903377532958984
20190325_sample_9,CT,-45.066650956869125,-36.96385192871094,-36.96385192871094
20190326_sample_1,CT,-34.767452627420425,-37.912139892578125,-37.912139892578125
20190326_sample_2,Vip,-41.1556288599968,-37.64624786376953,-37.64624786376953
20190326_sample_3,Vip,-45.47106847167015,-36.28120803833008,-36.28120803833008
20190326_sample_4,CT,-41.09548777341843,-40.817047119140625,-40.817047119140625
20190327_sample_1,CT,-53.66158112883568,-40.125492095947266,-40.125492095947266
20190327_sample_2,IT,-48.38729649782181,-36.63648986816406,-36.63648986816406
20190327_sample_4,CT,-43.53456199169159,-36.71320724487305,-36.71320724487305
20190327_sample_7,Vip,-29.48353625833988,-36.845821380615234,-36.845821380615234
20190328_sample_1,CT,-37.96399384737015,-34.230403900146484,-34.230403900146484
20190328_sample_2,CT,-38.05551305413246,-37.56631088256836,-37.56631088256836
20190328_sample_3,CT,-41.64564982056618,-37.44879913330078,-37.44879913330078
20190328_sample_4,CT,-37.14010864496231,-36.14937973022461,-36.14937973022461
20190328_sample_5,CT,-42.17327386140824,-37.54520034790039,-37.54520034790039
20190328_sample_6,CT,-38.041312247514725,-36.123435974121094,-36.123435974121094
20190328_sample_8,IT,-33.08001905679703,-36.4763298034668,-36.4763298034668
20190328_sample_9,CT,-40.89533910155296,-37.59152603149414,-37.59152603149414
20190329_sample_3,CT,-39.04169797897339,-37.72226333618164,-37.72226333618164
20190329_sample_4,CT,-52.44555696845055,-37.11487579345703,-37.11487579345703
20190329_sample_5,CT,-38.750309497118,-36.012821197509766,-36.012821197509766
20190402_sample_2,CT,-34.324634820222855,-36.73260498046875,-36.73260498046875
20190402_sample_3,IT,-41.744958609342575,-36.970130920410156,-36.970130920410156
20190402_sample_5,low quality,-34.17898342013359,-37.80788040161133,-37.80788040161133
20190402_sample_6,Vip,-39.98175263404846,-36.20738983154297,-36.20738983154297
20190403_sample_3,low quality,-31.76519274711609,-36.08733367919922,-36.08733367919922
20190403_sample_5,IT,-42.96339675784111,-37.222869873046875,-37.222869873046875
20190403_sample_6,Sst,-41.93476587533951,-38.22237777709961,-38.22237777709961
20190403_sample_7,Sst,-42.63583943247795,-38.94718933105469,-38.94718933105469
20190408_sample_1,Pvalb,-30.2472859621048,-39.58998107910156,-39.58998107910156
20190408_sample_2,Sst,-36.94654256105423,-37.201663970947266,-37.201663970947266
20190408_sample_5,Sst,-37.07488626241684,-38.57267379760742,-38.57267379760742
20190408_sample_6,Sst,-36.53198853135109,-37.691524505615234,-37.691524505615234
20190409_sample_2,low quality,-37.079326808452606,-37.51726531982422,-37.51726531982422
20190409_sample_3,low quality,-41.70152917504311,-35.829978942871094,-35.829978942871094
20190409_sample_4,Sst,-44.74650695919991,-37.958377838134766,-37.958377838134766
20190409_sample_5,CT,-41.80490970611572,-37.22932815551758,-37.22932815551758
20190409_sample_7,Sst,-39.15270045399666,-37.01170349121094,-37.01170349121094
20190409_sample_8,CT,-42.6352433860302,-37.77681350708008,-37.77681350708008
20190409_sample_9,IT,-57.47007206082344,-34.99853515625,-34.99853515625
20190409_sample_10,CT,-40.65713658928871,-34.79963302612305,-34.79963302612305
20190409_sample_11,IT,-38.94047066569328,-37.36907196044922,-37.36907196044922
20190410_sample_3,CT,-46.83563485741615,-37.31511306762695,-37.31511306762695
20190410_sample_4,Sst,-42.49757155776024,-36.40444564819336,-36.40444564819336
20190410_sample_6,IT,-26.208126917481422,-34.586299896240234,-34.586299896240234
20190410_sample_7,CT,-43.50697994232178,-35.45256423950195,-35.45256423950195
20190410_sample_10,CT,-26.9852913916111,-36.015018463134766,-36.015018463134766
20190411_sample_1,CT,-40.56014120578766,-33.55399703979492,-33.55399703979492
20190411_sample_3,low quality,-38.98050263524056,-34.53960418701172,-34.53960418701172
20190411_sample_5,CT,-36.65763884782791,-36.20135498046875,-36.20135498046875
20190411_sample_6,Pvalb,-42.790498584508896,-36.909366607666016,-36.909366607666016
20190411_sample_8,CT,-38.365885615348816,-38.20351791381836,-38.20351791381836
20190412_sample_1,Pvalb,-41.49002954363823,-37.43360137939453,-37.43360137939453
20190412_sample_3,IT,-38.141533732414246,-38.60379409790039,-38.60379409790039
20190412_sample_6,Pvalb,-37.8071628510952,-35.16571044921875,-35.16571044921875
20190415_sample_1,Pvalb,-35.53654998540878,-38.80080032348633,-38.80080032348633
20190415_sample_3,CT,-38.10341656208038,-34.20817947387695,-34.20817947387695
20190415_sample_4,IT,-38.17069157958031,-36.99441909790039,-36.99441909790039
20190415_sample_6,CT,-38.68424147367477,-34.233795166015625,-34.233795166015625
20190415_sample_8,Sst,-39.093319326639175,-40.032066345214844,-40.032066345214844
20190415_sample_10,IT,-36.83526441454888,-37.793434143066406,-37.793434143066406
20190416_sample_3,CT,-41.68368503451347,-36.29048538208008,-36.29048538208008
20190416_sample_4,Pvalb,-36.92859411239624,-36.457794189453125,-36.457794189453125
20190416_sample_5,Sst,-36.34820505976677,-39.60688400268555,-39.60688400268555
20190416_sample_6,IT,-37.32314333319664,-35.681915283203125,-35.681915283203125
20190416_sample_7,Sncg,-35.874344408512115,-36.643798828125,-36.643798828125
20190416_sample_8,Pvalb,-38.192253559827805,-36.88662338256836,-36.88662338256836
20190416_sample_9,IT,-32.72562101483345,-34.58781051635742,-34.58781051635742
20190416_sample_10,CT,-36.673400551080704,-35.67781448364258,-35.67781448364258
20190417_sample_2,CT,-39.069000631570816,-37.758628845214844,-37.758628845214844
20190417_sample_3,CT,-36.05324774980545,-33.730045318603516,-33.730045318603516
20190417_sample_4,Sst,-37.65202686190605,-36.372802734375,-36.372802734375
20190417_sample_5,Sst,-34.886837005615234,-36.90010452270508,-36.90010452270508
20190417_sample_9,CT,-30.45184724032879,-35.802391052246094,-35.802391052246094
20190417_sample_10,Sst,-25.39408579468727,-39.58340072631836,-39.58340072631836
20190418_sample_2,Sst,-47.61573672294617,-36.227325439453125,-36.227325439453125
20190418_sample_4,CT,-37.76612877845764,-36.88441848754883,-36.88441848754883
20190418_sample_5,IT,-39.098404347896576,-38.4904899597168,-38.4904899597168
20190418_sample_7,CT,-37.02814131975174,-36.363773345947266,-36.363773345947266
20190418_sample_8,Pvalb,-44.037699699401855,-37.70738220214844,-37.70738220214844
20190418_sample_9,CT,-32.295819371938705,-40.17683410644531,-40.17683410644531
20190418_sample_10,CT,-35.90576723217964,-36.03770065307617,-36.03770065307617
20190422_sample_1,Pvalb,-41.56651720404625,-39.845436096191406,-39.845436096191406
20190422_sample_4,Pvalb,-40.77254608273506,-34.74833679199219,-34.74833679199219
20190422_sample_5,Pvalb,-37.40290924906731,-34.82281494140625,-34.82281494140625
20190422_sample_6,CT,-38.58316317200661,-36.78985595703125,-36.78985595703125
20190422_sample_7,IT,-35.63275560736656,-34.179622650146484,-34.179622650146484
20190422_sample_8,Pvalb,-38.9082096517086,-35.98719787597656,-35.98719787597656
20190422_sample_10,CT,-37.0229110121727,-36.16434097290039,-36.16434097290039
20190423_sample_1,IT,-39.784569293260574,-35.076412200927734,-35.076412200927734
20190423_sample_3,CT,-38.518667221069336,-37.42456817626953,-37.42456817626953
20190423_sample_5,CT,-36.65649890899658,-36.38405990600586,-36.38405990600586
20190423_sample_7,CT,-32.53338485956192,-35.26144790649414,-35.26144790649414
20190423_sample_8,Pvalb,-30.912116169929504,-38.29095458984375,-38.29095458984375
20190423_sample_10,Pvalb,-35.77400743961334,-36.38155746459961,-36.38155746459961
20190424_sample_1,CT,-36.73947975039482,-37.200042724609375,-37.200042724609375
20190424_sample_2,Pvalb,-38.10490295290947,-37.88526153564453,-37.88526153564453
20190424_sample_3,CT,-37.43057698011398,-36.0401725769043,-36.0401725769043
20190424_sample_4,CT,-36.17928922176361,-34.37371826171875,-34.37371826171875
20190424_sample_5,CT,-43.75424608588219,-35.890960693359375,-35.890960693359375
20190424_sample_6,IT,-23.36682006716728,-36.02943801879883,-36.02943801879883
20190424_sample_7,Lamp5,-27.66156569123268,-32.58222961425781,-32.58222961425781
20190425_sample_1,IT,-39.82153534889221,-36.500675201416016,-36.500675201416016
20190425_sample_4,Lamp5,-35.82010790705681,-35.053489685058594,-35.053489685058594
20190425_sample_6,Sst,-44.07304152846336,-38.16025161743164,-38.16025161743164
20190425_sample_7,IT,-28.788994997739792,-34.98853302001953,-34.98853302001953
20190425_sample_8,CT,-43.2930625975132,-38.990882873535156,-38.990882873535156
20190425_sample_9,CT,-41.51447862386704,-36.561431884765625,-36.561431884765625
20190425_sample_12,CT,-35.283662378787994,-34.02387619018555,-34.02387619018555
20190425_sample_13,CT,-34.7149558365345,-36.065391540527344,-36.065391540527344
20190425_sample_14,CT,-36.5045927464962,-36.42805099487305,-36.42805099487305
20190425_sample_16,IT,-39.85441103577614,-36.90038299560547,-36.90038299560547
20190429_sample_1,Pvalb,-42.18064993619919,-36.23335647583008,-36.23335647583008
20190429_sample_4,Pvalb,-39.63775932788849,-37.968605041503906,-37.968605041503906
20190429_sample_5,Pvalb,-35.06385535001755,-38.55707931518555,-38.55707931518555
20190429_sample_6,Pvalb,-36.0911451280117,-37.10300827026367,-37.10300827026367
20190429_sample_7,CT,-32.95006603002548,-37.73629379272461,-37.73629379272461
20190430_sample_1,Vip,-31.97290375828743,-35.58266067504883,-35.58266067504883
20190430_sample_3,Vip,-36.97071969509125,-37.12197494506836,-37.12197494506836
20190430_sample_4,Vip,-45.218124985694885,-37.04721450805664,-37.04721450805664
20190430_sample_5,Vip,-35.17242893576622,-35.886905670166016,-35.886905670166016
20190430_sample_6,Vip,-38.36918994784355,-36.54462814331055,-36.54462814331055
20190430_sample_7,IT,-35.435810685157776,-34.06633377075195,-34.06633377075195
20190430_sample_8,Vip,-35.83390265703201,-36.98817825317383,-36.98817825317383
20190430_sample_9,IT,-36.461468786001205,-33.53019332885742,-33.53019332885742
20190430_sample_10,IT,-38.16962242126465,-34.47361373901367,-34.47361373901367
20190501_sample_1,Vip,-34.21241044998169,-37.555686950683594,-37.555686950683594
20190501_sample_3,Vip,-38.44116255640984,-34.722286224365234,-34.722286224365234
20190501_sample_4,Vip,-45.03218829631805,-35.596343994140625,-35.596343994140625
20190501_sample_5,CT,-33.36459770798683,-35.89314651489258,-35.89314651489258
20190501_sample_6,Vip,-42.022593319416046,-35.432151794433594,-35.432151794433594
20190501_sample_7,Pvalb,-33.2481749355793,-37.60327911376953,-37.60327911376953
20190501_sample_8,Vip,-44.11981627345085,-35.23322296142578,-35.23322296142578
20190501_sample_9,Pvalb,-25.250833481550217,-38.33113098144531,-38.33113098144531
20190501_sample_11,Pvalb,-40.18918052315712,-36.14874267578125,-36.14874267578125
20190501_sample_12,IT,-38.75009715557098,-35.264122009277344,-35.264122009277344
20190501_sample_14,Pvalb,-42.7166223526001,-39.32563781738281,-39.32563781738281
20190503_sample_1,Vip,-36.744680255651474,-37.90455627441406,-37.90455627441406
20190503_sample_3,Vip,-42.02914237976074,-35.03324508666992,-35.03324508666992
20190506_sample_1,Vip,-36.17488592863083,-36.2590446472168,-36.2590446472168
20190506_sample_2,Vip,-39.56074267625809,-37.070491790771484,-37.070491790771484
20190506_sample_3,Vip,-41.28361493349075,-35.62627410888672,-35.62627410888672
20190506_sample_4,CT,-40.09304940700531,-35.67923355102539,-35.67923355102539
20190506_sample_5,Vip,-35.90227663516998,-35.27151107788086,-35.27151107788086
20190506_sample_6,CT,-36.22708097100258,-39.15958023071289,-39.15958023071289
20190506_sample_7,Vip,-43.05120557546616,-38.088844299316406,-38.088844299316406
20190507_sample_2,Vip,-30.68853542208672,-38.41537094116211,-38.41537094116211
20190507_sample_3,CT,-39.25402462482453,-36.54441833496094,-36.54441833496094
20190507_sample_4,Vip,-29.516641050577164,-37.53782653808594,-37.53782653808594
20190507_sample_5,Vip,-37.220299243927,-38.41450881958008,-38.41450881958008
20190507_sample_6,Vip,-42.44070127606392,-36.83638000488281,-36.83638000488281
20190508_sample_1,Lamp5,-42.12057963013649,-33.95917892456055,-33.95917892456055
20190508_sample_2,Sst,-38.86747732758522,-36.939632415771484,-36.939632415771484
20190508_sample_3,Lamp5,-26.49228274822235,-32.742897033691406,-32.742897033691406
20190508_sample_4,Sst,-34.00108218193054,-40.67628860473633,-40.67628860473633
20190508_sample_5,low quality,-42.46094077825546,-36.60248565673828,-36.60248565673828
20190508_sample_6,Pvalb,-41.13230109214783,-35.51654815673828,-35.51654815673828
20190508_sample_7,Sst,-35.124391317367554,-37.54402542114258,-37.54402542114258
20190509_sample_2,Vip,-39.74984958767891,-35.850555419921875,-35.850555419921875
20190509_sample_3,Lamp5,-36.15029156208038,-34.07453536987305,-34.07453536987305
20190509_sample_4,Vip,-29.681898653507236,-36.23613739013672,-36.23613739013672
20190509_sample_5,Lamp5,-34.70953553915024,-33.631832122802734,-33.631832122802734
20190509_sample_9,Vip,-46.58186435699463,-38.459312438964844,-38.459312438964844
20190513_sample_1,Lamp5,-46.00575193762779,-35.9441032409668,-35.9441032409668
20190513_sample_2,Vip,-35.8806811273098,-35.00819778442383,-35.00819778442383
20190513_sample_3,Vip,-36.11499816179276,-36.62552261352539,-36.62552261352539
20190513_sample_4,Vip,-35.76117008924484,-34.41842269897461,-34.41842269897461
20190513_sample_5,Lamp5,-33.23258087038994,-34.68853759765625,-34.68853759765625
20190514_sample_2,Pvalb,-52.71163955330849,-36.39930725097656,-36.39930725097656
20190514_sample_4,Lamp5,-48.76626655459404,-33.416385650634766,-33.416385650634766
20190514_sample_7,Lamp5,-28.14000658690929,-34.930274963378906,-34.930274963378906
20190514_sample_8,Pvalb,-26.05252154171467,-37.74334716796875,-37.74334716796875
20190515_sample_1,Lamp5,-33.78254920244217,-34.72108459472656,-34.72108459472656
20190515_sample_2,low quality,-37.563394755125046,-37.171749114990234,-37.171749114990234
20190515_sample_3,low quality,-29.395222663879395,-37.66541290283203,-37.66541290283203
20190515_sample_4,Vip,-36.07652708888054,-36.69417190551758,-36.69417190551758
20190515_sample_5,Lamp5,-39.789315313100815,-35.176918029785156,-35.176918029785156
20190515_sample_6,Vip,-43.301500380039215,-36.13271713256836,-36.13271713256836
20190515_sample_7,Lamp5,-37.26785629987717,-36.77906036376953,-36.77906036376953
20190515_sample_8,Vip,-37.07541525363922,-38.791595458984375,-38.791595458984375
20190515_sample_9,Lamp5,-33.68467092514038,-37.15069580078125,-37.15069580078125
20190515_sample_10,Vip,-32.08322077989578,-38.27992630004883,-38.27992630004883
20190515_sample_11,Lamp5,-25.001559406518936,-32.812259674072266,-32.812259674072266
20190515_sample_12,Vip,-38.16760331392288,-35.47935485839844,-35.47935485839844
20190515_sample_13,Vip,-27.9243178665638,-36.83926010131836,-36.83926010131836
20190515_sample_14,Vip,-38.70352357625961,-34.97368240356445,-34.97368240356445
20190515_sample_15,Lamp5,-20.565135404467583,-35.77781295776367,-35.77781295776367
20190516_sample_2,Sst,-25.57694911956787,-38.12855529785156,-38.12855529785156
20190516_sample_3,Lamp5,-30.476942658424377,-32.99321365356445,-32.99321365356445
20190516_sample_4,Sst,-26.004396378993988,-40.351139068603516,-40.351139068603516
20190516_sample_5,Lamp5,-21.168654784560204,-34.17313003540039,-34.17313003540039
20190516_sample_6,Sst,-34.010834991931915,-36.35416793823242,-36.35416793823242
20190522_sample_1,Lamp5,-29.82226759195328,-34.62491989135742,-34.62491989135742
20190528_sample_2,Vip,-38.89864683151245,-35.23344802856445,-35.23344802856445
20190528_sample_4,Vip,-32.97306224703789,-36.09910202026367,-36.09910202026367
20190528_sample_6,Vip,-32.58582949638367,-36.98504638671875,-36.98504638671875
20190528_sample_7,Lamp5,-22.824740037322044,-31.752656936645508,-31.752656936645508
20190528_sample_8,Vip,-38.85890170931816,-35.01519012451172,-35.01519012451172
20190528_sample_9,Vip,-28.71213480830193,-34.14486312866211,-34.14486312866211
20190529_sample_2,Vip,-50.894711166620255,-36.95661544799805,-36.95661544799805
20190529_sample_3,Sncg,-31.058477237820625,-34.98059844970703,-34.98059844970703
20190529_sample_6,Vip,-33.164601773023605,-38.850154876708984,-38.850154876708984
20190603_sample_1,Lamp5,-22.58158847689629,-34.00190353393555,-34.00190353393555
20190603_sample_2,Vip,-26.17752365767956,-37.902217864990234,-37.902217864990234
20190603_sample_3,Vip,-47.77883738279343,-36.04253387451172,-36.04253387451172
20190603_sample_4,Vip,-29.01298739016056,-37.371376037597656,-37.371376037597656
20190603_sample_5,Lamp5,-11.1937765032053,-32.918235778808594,-32.918235778808594
20190603_sample_6,Lamp5,-28.01855094730854,-33.46570587158203,-33.46570587158203
20190603_sample_7,Lamp5,-27.10183523595333,-33.40398025512695,-33.40398025512695
20190603_sample_9,Sncg,-29.02516163885593,-34.442562103271484,-34.442562103271484
20190603_sample_10,Vip,-28.051365166902546,-37.862144470214844,-37.862144470214844
20190604_sample_2,Pvalb,-37.10290044546127,-36.78447723388672,-36.78447723388672
20190604_sample_4,Lamp5,-30.59864602982998,-31.159076690673828,-31.159076690673828
20190604_sample_6,Lamp5,-28.92490848898888,-31.77996826171875,-31.77996826171875
20190604_sample_8,Pvalb,-36.440420895814896,-36.87342071533203,-36.87342071533203
20190604_sample_12,IT,-38.450565189123154,-36.67218780517578,-36.67218780517578
20190605_sample_1,low quality,-25.97746066749096,-34.70817565917969,-34.70817565917969
20190605_sample_2,Vip,-42.52512380480766,-35.54297637939453,-35.54297637939453
20190605_sample_4,Vip,-34.89706292748451,-37.05353546142578,-37.05353546142578
20190605_sample_5,Lamp5,-32.64165297150612,-31.653465270996094,-31.653465270996094
20190605_sample_6,Vip,-39.58830609917641,-39.207096099853516,-39.207096099853516
20190606_sample_1,Pvalb,-33.83158892393112,-37.54832458496094,-37.54832458496094
20190606_sample_2,Pvalb,-44.00031641125679,-35.549827575683594,-35.549827575683594
20190606_sample_3,Pvalb,-33.13938155770302,-37.63511276245117,-37.63511276245117
20190606_sample_5,Pvalb,-35.74150800704956,-35.14734649658203,-35.14734649658203
20190606_sample_6,IT,-38.33476081490517,-35.08013153076172,-35.08013153076172
20190606_sample_7,low quality,-33.17677602171898,-34.97442626953125,-34.97442626953125
20190606_sample_9,Sst,-36.33147478103638,-38.28731918334961,-38.28731918334961
20190607_sample_2,Sst,-36.92742809653282,-40.29171371459961,-40.29171371459961
20190607_sample_3,Lamp5,-19.93369497358799,-34.124366760253906,-34.124366760253906
20190607_sample_5,low quality,-46.95730656385422,-37.31748580932617,-37.31748580932617
20190610_sample_1,Sst,-28.3326618373394,-37.27104187011719,-37.27104187011719
20190610_sample_2,Pvalb,-34.9261611700058,-36.03645324707031,-36.03645324707031
20190610_sample_3,Lamp5,-26.027316227555275,-32.3332405090332,-32.3332405090332
20190610_sample_4,Pvalb,-37.99410164356232,-35.43392562866211,-35.43392562866211
20190610_sample_5,low quality,-33.80346670746803,-36.124656677246094,-36.124656677246094
20190610_sample_7,low quality,-24.57694336771965,-35.27239227294922,-35.27239227294922
20190610_sample_8,Pvalb,-25.60733817517757,-35.15900421142578,-35.15900421142578
20190610_sample_9,Lamp5,-25.731319561600685,-33.85085678100586,-33.85085678100586
20190610_sample_10,Pvalb,-42.84428805112839,-37.76536560058594,-37.76536560058594
20190610_sample_12,Pvalb,-22.72767573595047,-37.28769302368164,-37.28769302368164
20190610_sample_16,Lamp5,-30.756594613194466,-36.28656768798828,-36.28656768798828
20190610_sample_18,Vip,-27.85790152847767,-36.24917984008789,-36.24917984008789
20190611_sample_1,IT,-38.047801703214645,-34.7735481262207,-34.7735481262207
20190611_sample_3,Lamp5,-37.5753715634346,-33.49049377441406,-33.49049377441406
20190611_sample_4,Sst,-52.10543796420097,-38.53078842163086,-38.53078842163086
20190611_sample_5,low quality,-41.494306176900864,-38.087215423583984,-38.087215423583984
20190611_sample_7,Lamp5,-41.18386283516884,-32.345428466796875,-32.345428466796875
20190611_sample_8,Sst,-35.351600497961044,-38.01492691040039,-38.01492691040039
20190611_sample_10,Sst,-40.43510556221008,-36.24471664428711,-36.24471664428711
20190611_sample_11,IT,-32.751813530921936,-40.19055938720703,-40.19055938720703
20190611_sample_14,Sncg,-36.77105531096458,-39.1544303894043,-39.1544303894043
20190611_sample_15,Lamp5,-32.82112628221512,-34.62782287597656,-34.62782287597656
20190612_sample_1,Lamp5,-30.3418580442667,-34.53265380859375,-34.53265380859375
20190612_sample_2,Pvalb,-41.07889160513878,-36.19647979736328,-36.19647979736328
20190612_sample_4,Vip,-40.42046517133713,-35.31134796142578,-35.31134796142578
20190612_sample_6,Pvalb,-34.467268735170364,-36.049964904785156,-36.049964904785156
20190612_sample_7,Lamp5,-27.510076761245728,-33.54343795776367,-33.54343795776367
20190612_sample_8,Lamp5,-32.12534636259079,-33.73371124267578,-33.73371124267578
20190613_sample_2,Sst,-40.804311633110046,-36.19219970703125,-36.19219970703125
20190613_sample_3,Sst,-48.33202436566353,-37.875091552734375,-37.875091552734375
20190613_sample_4,Sst,-46.629127115011215,-37.398372650146484,-37.398372650146484
20190613_sample_6,Pvalb,-41.51088744401932,-39.165992736816406,-39.165992736816406
20190613_sample_7,Sst,-40.83685576915741,-39.37578582763672,-39.37578582763672
20190613_sample_8,Pvalb,-48.88428747653961,-38.65480422973633,-38.65480422973633
20190613_sample_9,Sst,-45.5891378223896,-36.73984909057617,-36.73984909057617
20190613_sample_10,Sst,-39.405081421136856,-40.14059066772461,-40.14059066772461
20190614_sample_2,Vip,-33.157844096422195,-36.47431182861328,-36.47431182861328
20190614_sample_3,Lamp5,-34.482914954423904,-36.993629455566406,-36.993629455566406
20190614_sample_4,Vip,-43.70291158556938,-36.95867919921875,-36.95867919921875
20190614_sample_6,Vip,-44.27975043654442,-37.46548843383789,-37.46548843383789
20190614_sample_8,Vip,-37.073805928230286,-40.30082321166992,-40.30082321166992
20190617_sample_1,Lamp5,-24.27644282579422,-35.91072082519531,-35.91072082519531
20190617_sample_2,CT,-34.41431373357773,-37.375274658203125,-37.375274658203125
20190617_sample_3,Sst,-38.925398141145706,-39.10548782348633,-39.10548782348633
20190617_sample_4,Sst,-34.502774477005005,-38.21458435058594,-38.21458435058594
20190617_sample_5,Sncg,-39.59618136286736,-36.37770080566406,-36.37770080566406
20190617_sample_6,Sst,-35.55827587842941,-43.276512145996094,-43.276512145996094
20190618_sample_1,low quality,-41.07120260596275,-34.61561965942383,-34.61561965942383
20190618_sample_2,Vip,-44.1524051129818,-36.97102355957031,-36.97102355957031
20190618_sample_4,Vip,-32.75680914521217,-37.608036041259766,-37.608036041259766
20190618_sample_5,Vip,-33.34790840744972,-37.823204040527344,-37.823204040527344
20190618_sample_7,Lamp5,-33.02924707531929,-35.55122756958008,-35.55122756958008
20190618_sample_8,Lamp5,-31.53936192393303,-36.62641906738281,-36.62641906738281
20190619_sample_1,Lamp5,-33.74842926859856,-36.49985885620117,-36.49985885620117
20190619_sample_3,Pvalb,-34.129105508327484,-35.74676513671875,-35.74676513671875
20190619_sample_4,Pvalb,-37.44177147746086,-38.33633041381836,-38.33633041381836
20190619_sample_5,Pvalb,-29.875975102186203,-38.635189056396484,-38.635189056396484
20190619_sample_6,Lamp5,-30.158333480358124,-33.008609771728516,-33.008609771728516
20190620_sample_1,Lamp5,-25.942379608750343,-34.56217575073242,-34.56217575073242
20190620_sample_2,Sst,-31.85751661658287,-37.35730743408203,-37.35730743408203
20190620_sample_5,Sst,-41.086867451667786,-36.97101974487305,-36.97101974487305
20190620_sample_6,Sst,-42.98628866672516,-38.388458251953125,-38.388458251953125
20190620_sample_8,Pvalb,-37.26742044091225,-39.25791931152344,-39.25791931152344
20190624_sample_1,Sst,-41.39126092195511,-40.031341552734375,-40.031341552734375
20190624_sample_2,Sst,-45.61925306916237,-38.435054779052734,-38.435054779052734
20190624_sample_3,Sst,-36.71735897660256,-37.51641845703125,-37.51641845703125
20190624_sample_4,Pvalb,-37.4584011733532,-37.62398910522461,-37.62398910522461
20190624_sample_5,Sst,-33.92002359032631,-37.544227600097656,-37.544227600097656
20190624_sample_6,Sst,-43.31769049167633,-38.8410530090332,-38.8410530090332
20190625_sample_1,Vip,-32.29027986526489,-36.3514518737793,-36.3514518737793
20190625_sample_2,low quality,-36.31073608994484,-35.96924591064453,-35.96924591064453
20190625_sample_3,Vip,-34.480176866054535,-37.835838317871094,-37.835838317871094
20190625_sample_4,Vip,-30.493048951029778,-37.462371826171875,-37.462371826171875
20190625_sample_5,Vip,-34.39641371369362,-37.65707778930664,-37.65707778930664
20190625_sample_6,Lamp5,-30.3561557084322,-35.76128387451172,-35.76128387451172
20190625_sample_7,Vip,-40.03693163394928,-38.985595703125,-38.985595703125
20190625_sample_8,Vip,-37.293143570423126,-34.15195846557617,-34.15195846557617
20190625_sample_10,Vip,-37.815842777490616,-36.95672607421875,-36.95672607421875
20190625_sample_11,Vip,-33.95082801580429,-36.84794235229492,-36.84794235229492
20190625_sample_12,Vip,-37.71201521158218,-36.14452362060547,-36.14452362060547
20190625_sample_13,Vip,-36.00705787539482,-33.22984313964844,-33.22984313964844
20190626_sample_1,Vip,-49.80871081352234,-36.480682373046875,-36.480682373046875
20190626_sample_4,low quality,-42.1132817864418,-35.73109436035156,-35.73109436035156
20190626_sample_5,Vip,-38.302261382341385,-36.9393424987793,-36.9393424987793
20190627_sample_1,CT,-39.95690122246742,-34.90587615966797,-34.90587615966797
20190627_sample_2,Lamp5,-33.93827751278877,-33.35364532470703,-33.35364532470703
20190627_sample_4,NP,-41.49219393730164,-36.60539245605469,-36.60539245605469
20190627_sample_6,Pvalb,-44.66458782553673,-35.0882682800293,-35.0882682800293
20190627_sample_8,IT,-39.3197201192379,-35.69654083251953,-35.69654083251953
20190628_sample_1,Sst,-32.184407114982605,-39.909908294677734,-39.909908294677734
20190628_sample_2,Pvalb,-25.35361051559448,-36.33211898803711,-36.33211898803711
20190628_sample_3,Sst,-33.795345574617386,-37.299747467041016,-37.299747467041016
20190628_sample_4,Sst,-27.129802852869037,-39.26420593261719,-39.26420593261719
20190628_sample_5,Sst,-44.22980174422264,-38.65341567993164,-38.65341567993164
20190628_sample_6,Pvalb,-39.869263768196106,-38.34160232543945,-38.34160232543945
20190628_sample_7,Sst,-28.38008850812912,-37.52572250366211,-37.52572250366211
20190703_sample_1,Pvalb,-36.24385967850685,-36.018978118896484,-36.018978118896484
20190703_sample_2,Pvalb,-42.830515652894974,-38.64174270629883,-38.64174270629883
20190703_sample_3,Pvalb,-27.61821448802948,-37.57986831665039,-37.57986831665039
20190703_sample_5,Pvalb,-35.151418298482895,-36.351593017578125,-36.351593017578125
20190703_sample_6,Pvalb,-40.32731428742409,-36.401527404785156,-36.401527404785156
20190703_sample_8,Pvalb,-37.91224211454392,-38.52911376953125,-38.52911376953125
20190703_sample_10,Pvalb,-32.34575316309929,-39.42219924926758,-39.42219924926758
20190703_sample_12,Pvalb,-39.37346488237381,-36.7226448059082,-36.7226448059082
20190703_sample_13,Sst,-29.56909127533436,-38.00718688964844,-38.00718688964844
20190703_sample_14,low quality,-44.9528694152832,-35.61002731323242,-35.61002731323242
20190703_sample_15,Sst,-33.27295556664467,-37.88814163208008,-37.88814163208008
20190704_sample_2,Sst,-52.1046556532383,-38.27073287963867,-38.27073287963867
20190704_sample_12,Vip,-40.18934443593025,-37.63072204589844,-37.63072204589844
20190704_sample_14,Vip,-31.319547444581985,-37.30987548828125,-37.30987548828125
20190705_sample_1,Vip,-45.11018469929695,-36.1014289855957,-36.1014289855957
20190705_sample_3,Vip,-32.213956117630005,-36.11637496948242,-36.11637496948242
20190705_sample_4,Vip,-33.83173421025276,-37.14443588256836,-37.14443588256836
20190705_sample_5,Vip,-43.3851033449173,-36.40542984008789,-36.40542984008789
20190705_sample_9,Vip,-36.6658978164196,-36.83866882324219,-36.83866882324219
20190708_sample_3,low quality,-40.632788091897964,-37.76118087768555,-37.76118087768555
20190708_sample_4,Pvalb,-43.53127256035805,-37.688777923583984,-37.688777923583984
20190708_sample_6,Vip,-38.722820580005646,-36.64862823486328,-36.64862823486328
20190708_sample_7,Vip,-35.52482649683952,-36.56105422973633,-36.56105422973633
20190708_sample_8,IT,-47.184474766254425,-34.66219711303711,-34.66219711303711
20190708_sample_12,Vip,-39.78990390896797,-36.490718841552734,-36.490718841552734
20190709_sample_1,Vip,-44.9637696146965,-38.02687454223633,-38.02687454223633
20190709_sample_2,Vip,-39.93979096412659,-37.743038177490234,-37.743038177490234
20190709_sample_3,Vip,-48.40367659926415,-36.587791442871094,-36.587791442871094
20190709_sample_8,Sncg,-41.685860604047775,-36.44967269897461,-36.44967269897461
20190709_sample_10,Vip,-39.15202245116234,-36.43915557861328,-36.43915557861328
20190709_sample_11,Vip,-51.13333463668823,-38.012535095214844,-38.012535095214844
20190709_sample_12,Vip,-42.56271198391914,-36.916847229003906,-36.916847229003906
20190709_sample_13,Vip,-40.76908528804779,-36.4622917175293,-36.4622917175293
20190709_sample_14,Vip,-43.56985911726952,-35.64729309082031,-35.64729309082031
20190710_sample_3,Sst,-36.07543185353279,-37.248748779296875,-37.248748779296875
20190710_sample_4,Sst,-36.86914220452309,-38.89790344238281,-38.89790344238281
20190710_sample_5,Sst,-36.29631549119949,-40.304683685302734,-40.304683685302734
20190710_sample_6,Sst,-33.35927426815033,-39.07389450073242,-39.07389450073242
20190710_sample_8,Vip,-38.91627117991448,-37.68472671508789,-37.68472671508789
20190710_sample_10,Vip,-24.356136098504063,-38.39060974121094,-38.39060974121094
20190712_sample_1,CT,-40.97170755267143,-39.08330535888672,-39.08330535888672
20190712_sample_3,Sst,-35.12845188379288,-38.09144592285156,-38.09144592285156
20190712_sample_4,low quality,-33.4826298058033,-38.38545227050781,-38.38545227050781
20190712_sample_5,Lamp5,-25.681206956505772,-33.60324478149414,-33.60324478149414
20190712_sample_6,Lamp5,-21.69899083673954,-33.44174575805664,-33.44174575805664
20190712_sample_7,Lamp5,-27.063531801104546,-33.015594482421875,-33.015594482421875
20190715_sample_1,Lamp5,-28.576675802469254,-33.853248596191406,-33.853248596191406
20190715_sample_4,Lamp5,-29.55642342567444,-31.6506290435791,-31.6506290435791
20190715_sample_5,Vip,-38.68041187524796,-37.58060836791992,-37.58060836791992
20190715_sample_6,Lamp5,-37.298399955034256,-31.5885009765625,-31.5885009765625
20190715_sample_7,Vip,-33.91718119382858,-38.80503845214844,-38.80503845214844
20190715_sample_8,Lamp5,-28.48293818533421,-33.979949951171875,-33.979949951171875
20190715_sample_9,Vip,-40.45739397406578,-34.7343635559082,-34.7343635559082
20190715_sample_10,Sncg,-42.34264045953751,-34.2935905456543,-34.2935905456543
20190715_sample_11,Lamp5,-30.95623105764389,-34.854331970214844,-34.854331970214844
20190716_sample_1,low quality,-59.770166873931885,-35.09886169433594,-35.09886169433594
20190716_sample_3,Sst,-26.752600446343425,-38.031349182128906,-38.031349182128906
20190716_sample_5,Sst,-38.57239708304405,-37.486019134521484,-37.486019134521484
20190716_sample_7,Vip,-43.83844882249832,-37.72615051269531,-37.72615051269531
20190716_sample_8,Lamp5,-27.97113545238972,-33.8876953125,-33.8876953125
20190716_sample_9,Vip,-39.367031306028366,-37.22758865356445,-37.22758865356445
20190717_sample_1,Sst,-43.00127923488617,-38.06279373168945,-38.06279373168945
20190717_sample_2,Sst,-34.59582105278969,-40.84373092651367,-40.84373092651367
20190717_sample_3,Sst,-32.186008989810944,-37.170379638671875,-37.170379638671875
20190718_sample_1,Vip,-46.742454171180725,-31.408405303955078,-31.408405303955078
20190718_sample_2,CT,-49.569856375455856,-36.30219268798828,-36.30219268798828
20190718_sample_3,CT,-42.55673661828041,-38.85798645019531,-38.85798645019531
20190718_sample_4,Vip,-38.3547879755497,-33.939876556396484,-33.939876556396484
20190718_sample_5,Vip,-38.57346251606941,-37.58515548706055,-37.58515548706055
20190718_sample_6,Vip,-40.05812853574753,-36.57898712158203,-36.57898712158203
20190718_sample_7,Vip,-28.81486341357231,-38.065826416015625,-38.065826416015625
20190718_sample_8,Vip,-37.313539534807205,-36.4173583984375,-36.4173583984375
20190718_sample_9,Vip,-42.08974912762642,-33.822181701660156,-33.822181701660156
20190719_sample_1,CT,-44.8986291885376,-36.398780822753906,-36.398780822753906
20190719_sample_2,IT,-33.48798304796219,-34.9317512512207,-34.9317512512207
20190719_sample_4,IT,-31.788986176252365,-35.478553771972656,-35.478553771972656
20190719_sample_5,IT,-32.87683054804802,-35.341224670410156,-35.341224670410156
20190719_sample_6,IT,-34.00758281350136,-36.49748992919922,-36.49748992919922
20190719_sample_9,IT,-31.46537393331528,-35.8221321105957,-35.8221321105957
20190719_sample_10,IT,-36.73699125647545,-36.17188262939453,-36.17188262939453
20190722_sample_1,CT,-33.167991787195206,-38.05356216430664,-38.05356216430664
20190722_sample_6,CT,-41.26935824751854,-34.86631774902344,-34.86631774902344
20190722_sample_7,low quality,-37.786051630973816,-37.666481018066406,-37.666481018066406
20190722_sample_8,low quality,-32.55379945039749,-36.75412368774414,-36.75412368774414
20190724_sample_1,Vip,-43.4216633439064,-37.29130935668945,-37.29130935668945
20190724_sample_2,CT,-43.50031167268753,-35.868717193603516,-35.868717193603516
20190724_sample_4,Vip,-35.16503423452377,-40.62690734863281,-40.62690734863281
20190724_sample_5,Vip,-35.38793697953224,-39.71261215209961,-39.71261215209961
20190724_sample_6,IT,-36.10284626483917,-36.39741134643555,-36.39741134643555
20190724_sample_9,Vip,-37.3249426484108,-36.49697494506836,-36.49697494506836
20190724_sample_10,Vip,-32.87097066640854,-36.7209358215332,-36.7209358215332
20190724_sample_12,Vip,-36.78780049085617,-37.4868278503418,-37.4868278503418
20190724_sample_16,low quality,-44.14347931742668,-35.851009368896484,-35.851009368896484
20190725_sample_1,Vip,-34.24292057752609,-36.573020935058594,-36.573020935058594
20190725_sample_3,Vip,-38.81274536252022,-36.37151336669922,-36.37151336669922
20190725_sample_4,Sst,-36.70411929488182,-38.22681427001953,-38.22681427001953
20190725_sample_5,CT,-47.5764274597168,-34.065147399902344,-34.065147399902344
20190725_sample_6,Vip,-38.787852972745895,-36.016963958740234,-36.016963958740234
20190725_sample_7,Vip,-31.693093478679657,-37.682655334472656,-37.682655334472656
20190725_sample_8,Vip,-40.38575291633606,-36.54793930053711,-36.54793930053711
20190725_sample_9,Vip,-33.33401679992676,-36.8260383605957,-36.8260383605957
20190725_sample_10,low quality,-36.97505593299866,-36.70057678222656,-36.70057678222656
20190726_sample_1,Lamp5,-31.023385003209118,-32.59912109375,-32.59912109375
20190726_sample_2,Pvalb,-37.71752119064331,-37.26752471923828,-37.26752471923828
20190726_sample_3,Lamp5,-24.18520674109459,-33.99041748046875,-33.99041748046875
20190726_sample_4,IT,-35.564493387937546,-34.272823333740234,-34.272823333740234
20190726_sample_5,Lamp5,-26.280105113983154,-34.09805679321289,-34.09805679321289
20190726_sample_6,Sst,-40.7910980284214,-38.067813873291016,-38.067813873291016
20190726_sample_7,Lamp5,-19.947856664657596,-32.19650650024414,-32.19650650024414
20190729_sample_2,Sst,-47.73451760411263,-39.21729278564453,-39.21729278564453
20190729_sample_3,Sst,-37.46115043759346,-35.130455017089844,-35.130455017089844
20190729_sample_5,Pvalb,-31.925398856401443,-36.328468322753906,-36.328468322753906
20190730_sample_1,Vip,-40.14888778328896,-35.93429946899414,-35.93429946899414
20190730_sample_2,Vip,-36.39253228902817,-37.16422653198242,-37.16422653198242
20190730_sample_5,Vip,-32.62648731470108,-34.92646026611328,-34.92646026611328
20190730_sample_6,Vip,-33.473629504442215,-34.67151641845703,-34.67151641845703
20190730_sample_7,Vip,-38.10787573456764,-36.350650787353516,-36.350650787353516
20190730_sample_9,Lamp5,-29.72333133220673,-35.15884780883789,-35.15884780883789
20190731_sample_1,Pvalb,-34.861207008361816,-36.99789810180664,-36.99789810180664
20190731_sample_2,Lamp5,-30.46814166009426,-35.362510681152344,-35.362510681152344
20190731_sample_3,low quality,-28.52410264313221,-37.232025146484375,-37.232025146484375
20190731_sample_4,Vip,-41.459087282419205,-36.797420501708984,-36.797420501708984
20190731_sample_5,Pvalb,-26.870587840676308,-35.09494400024414,-35.09494400024414
20190731_sample_6,low quality,-29.08765897154808,-36.73399353027344,-36.73399353027344
20190731_sample_8,Pvalb,-26.870587840676308,-34.066001892089844,-34.066001892089844
20190801_sample_1,IT,-36.53179854154587,-34.66651916503906,-34.66651916503906
20190801_sample_2,Sst,-32.05612674355507,-36.23549270629883,-36.23549270629883
20190801_sample_3,Sst,-33.68471562862396,-36.96220779418945,-36.96220779418945
20190801_sample_4,Sst,-25.32709576189518,-38.446441650390625,-38.446441650390625
20190801_sample_7,Sst,-24.759462103247643,-38.48529052734375,-38.48529052734375
20190801_sample_8,low quality,-42.00370237231255,-37.28070068359375,-37.28070068359375
20190820_sample_1,Sst,-51.50748044252396,-35.64977264404297,-35.64977264404297
20190820_sample_2,CT,-39.83554244041443,-35.842716217041016,-35.842716217041016
20190820_sample_3,Pvalb,-27.73569151759148,-35.59071350097656,-35.59071350097656
20190820_sample_5,Sst,-25.341184809803963,-37.852169036865234,-37.852169036865234
20190820_sample_6,CT,-36.733727902174,-36.58184051513672,-36.58184051513672
20190821_sample_1,IT,-30.713673681020737,-36.277549743652344,-36.277549743652344
20190821_sample_2,IT,-32.34623372554779,-34.46421432495117,-34.46421432495117
20190821_sample_3,CT,-27.72134356200695,-36.306968688964844,-36.306968688964844
20190821_sample_4,IT,-32.58047625422478,-34.68983459472656,-34.68983459472656
20190821_sample_5,IT,-29.149478301405907,-36.63676071166992,-36.63676071166992
20190821_sample_6,IT,-28.13895232975483,-34.313316345214844,-34.313316345214844
20190821_sample_7,IT,-28.76780740916729,-35.38459396362305,-35.38459396362305
20190823_sample_1,IT,-34.895118325948715,-32.83793258666992,-32.83793258666992
20190823_sample_3,Pvalb,-42.91274398565293,-36.360897064208984,-36.360897064208984
20190823_sample_5,low quality,-33.205606043338776,-36.13728332519531,-36.13728332519531
20190823_sample_6,IT,-42.91437938809395,-35.695316314697266,-35.695316314697266
20190823_sample_7,IT,-35.55762767791748,-34.057376861572266,-34.057376861572266
20190827_sample_1,Sst,-42.92162135243416,-37.04278564453125,-37.04278564453125
20190827_sample_2,low quality,-31.00716322660446,-35.406044006347656,-35.406044006347656
20190827_sample_3,Sst,-38.95442187786102,-36.730281829833984,-36.730281829833984
20190827_sample_4,Sst,-33.96003320813179,-37.25082015991211,-37.25082015991211
20190827_sample_5,CT,-26.144150644540787,-35.6685905456543,-35.6685905456543
20190827_sample_6,Sst,-35.006020218133926,-40.96812438964844,-40.96812438964844
20190827_sample_7,Pvalb,-31.579606235027317,-39.606849670410156,-39.606849670410156
20190827_sample_8,Sst,-36.98931261897087,-34.725948333740234,-34.725948333740234
20190827_sample_9,Sst,-33.470191061496735,-36.07353973388672,-36.07353973388672
20190828_sample_1,Vip,-48.99832233786583,-32.686500549316406,-32.686500549316406
20190828_sample_3,Vip,-45.88480293750763,-37.286685943603516,-37.286685943603516
20190828_sample_4,Vip,-38.824472576379776,-38.270973205566406,-38.270973205566406
20190828_sample_5,Vip,-36.99738159775734,-36.12490463256836,-36.12490463256836
20190828_sample_6,Vip,-41.85046628117561,-35.06290817260742,-35.06290817260742
20190828_sample_7,Vip,-42.69331693649292,-36.092620849609375,-36.092620849609375
20190829_sample_1,low quality,-34.82016548514366,-38.66739273071289,-38.66739273071289
20190829_sample_2,Lamp5,-38.3247472345829,-32.56228256225586,-32.56228256225586
20190829_sample_3,IT,-35.38251668214798,-36.99590301513672,-36.99590301513672
20190829_sample_4,Lamp5,-24.60651844739914,-35.88738250732422,-35.88738250732422
20190829_sample_6,Lamp5,-38.3247472345829,-35.599090576171875,-35.599090576171875
20190829_sample_9,Pvalb,-42.806219309568405,-37.03608703613281,-37.03608703613281
20190830_sample_1,IT,-43.08907687664032,-35.07466506958008,-35.07466506958008
20190830_sample_2,IT,-36.83197498321533,-35.1711311340332,-35.1711311340332
20190830_sample_3,low quality,-39.84672203660011,-34.10076904296875,-34.10076904296875
20190830_sample_4,low quality,-28.881870210170742,-35.44382858276367,-35.44382858276367
20190830_sample_6,IT,-33.66849571466446,-34.99504470825195,-34.99504470825195
20190830_sample_8,IT,-31.25378489494324,-35.64006042480469,-35.64006042480469
20190830_sample_9,NP,-39.86372798681259,-37.571773529052734,-37.571773529052734
20190904_sample_1,low quality,-34.64800491929054,-36.5773811340332,-36.5773811340332
20190904_sample_2,Vip,-41.63656011223793,-39.36701583862305,-39.36701583862305
20190904_sample_3,Vip,-35.816606134176254,-36.92705154418945,-36.92705154418945
20190904_sample_4,Vip,-38.16568851470947,-34.89141082763672,-34.89141082763672
20190904_sample_5,Vip,-34.24143046140671,-36.02499771118164,-36.02499771118164
20190904_sample_7,Vip,-37.67194226384163,-36.49861145019531,-36.49861145019531
20190905_sample_1,low quality,-34.03032571077347,-37.46206283569336,-37.46206283569336
20190905_sample_3,Sst,-47.378718852996826,-38.876983642578125,-38.876983642578125
20190906_sample_1,Lamp5,-36.85260936617851,-36.524410247802734,-36.524410247802734
20190906_sample_5,CT,-32.73233398795128,-35.27123260498047,-35.27123260498047
20190906_sample_6,Lamp5,-23.90146814286709,-34.35207748413086,-34.35207748413086
20190910_sample_1,Lamp5,-30.56515008211136,-33.89445495605469,-33.89445495605469
20190910_sample_2,Vip,-34.43216532468796,-36.715850830078125,-36.715850830078125
20190910_sample_3,Vip,-29.16460484266281,-36.30887985229492,-36.30887985229492
20190910_sample_4,Vip,-25.51659196615219,-37.43527603149414,-37.43527603149414
20190910_sample_6,Vip,-32.6533280313015,-38.494964599609375,-38.494964599609375
20190911_sample_3,NP,-41.82138293981552,-38.42914581298828,-38.42914581298828
20190911_sample_4,IT,-33.823851495981216,-34.36802291870117,-34.36802291870117
20190911_sample_6,low quality,-34.13642570376396,-37.52335739135742,-37.52335739135742
20190911_sample_7,low quality,-39.36336189508438,-37.08157730102539,-37.08157730102539
20190911_sample_9,CT,-31.79607912898064,-34.607242584228516,-34.607242584228516
20190912_sample_1,CT,-27.606023475527763,-35.84612274169922,-35.84612274169922
20190912_sample_2,CT,-35.78415513038635,-36.364967346191406,-36.364967346191406
20190912_sample_3,CT,-38.08869794011116,-37.58938217163086,-37.58938217163086
20190912_sample_4,Lamp5,-34.21792387962341,-35.6627082824707,-35.6627082824707
20190912_sample_6,NP,-35.071153193712234,-34.58909606933594,-34.58909606933594
20190912_sample_8,CT,-35.13564169406891,-35.928096771240234,-35.928096771240234
20190912_sample_10,Pvalb,-61.90041825175285,-33.598209381103516,-33.598209381103516
20190917_sample_1,CT,-40.34107178449631,-34.25086975097656,-34.25086975097656
20190917_sample_2,Lamp5,-30.956706032156944,-28.77911376953125,-28.77911376953125
20190917_sample_3,IT,-32.013073563575745,-37.59264373779297,-37.59264373779297
20190919_sample_1,low quality,-53.34661155939102,-36.72385025024414,-36.72385025024414
20190919_sample_4,Lamp5,-32.67297521233559,-32.23345947265625,-32.23345947265625
20190919_sample_5,CT,-36.340463906526566,-34.814453125,-34.814453125
20190924_sample_1,Sst,-35.85057333111763,-36.63984298706055,-36.63984298706055
20190924_sample_2,Sst,-44.15510967373848,-37.40707778930664,-37.40707778930664
20190924_sample_3,IT,-26.874398812651638,-35.07295227050781,-35.07295227050781
20190924_sample_4,Sst,-34.35265272855759,-38.04544448852539,-38.04544448852539
20190924_sample_5,Sst,-36.58044710755348,-37.3875732421875,-37.3875732421875
20190924_sample_6,Sst,-36.50393337011337,-38.37320327758789,-38.37320327758789
20190924_sample_7,Pvalb,-39.41870480775833,-37.131412506103516,-37.131412506103516
20190924_sample_8,CT,-40.72258993983269,-38.728763580322266,-38.728763580322266
20190925_sample_2,Pvalb,-29.09223735332489,-34.27570343017578,-34.27570343017578
20190925_sample_3,Sst,-25.42238123714924,-39.68309783935547,-39.68309783935547
20190925_sample_4,CT,-30.59153072535992,-34.63518524169922,-34.63518524169922
20190925_sample_5,Sst,-26.549188420176502,-36.9702033996582,-36.9702033996582
20190925_sample_6,Pvalb,-25.57709440588951,-37.59387969970703,-37.59387969970703
20190925_sample_7,Sst,-35.040292888879776,-39.39086151123047,-39.39086151123047
20190926_sample_2,ET,-46.56318202614784,-35.6563720703125,-35.6563720703125
20190926_sample_3,Sst,-44.46497932076454,-37.35907745361328,-37.35907745361328
20190926_sample_4,ET,-31.45089745521545,-38.24464797973633,-38.24464797973633
20190926_sample_5,Pvalb,-27.00011618435383,-35.5421028137207,-35.5421028137207
20190926_sample_6,Sst,-40.3793565928936,-38.11603546142578,-38.11603546142578
20190927_sample_1,IT,-32.498396933078766,-34.817867279052734,-34.817867279052734
20190927_sample_2,CT,-44.05279457569122,-37.00988006591797,-37.00988006591797
20190927_sample_3,Pvalb,-32.987117767333984,-37.0589599609375,-37.0589599609375
20190927_sample_4,IT,-39.2436720430851,-35.737335205078125,-35.737335205078125
20190927_sample_5,Pvalb,-31.83894231915474,-38.37858200073242,-38.37858200073242
20190927_sample_6,Vip,-37.531424313783646,-35.98527145385742,-35.98527145385742
20190927_sample_7,CT,-33.17010775208473,-40.645668029785156,-40.645668029785156
20191001_sample_1,Sst,-46.6369092464447,-37.39605712890625,-37.39605712890625
20191001_sample_2,low quality,-37.174347788095474,-36.0941162109375,-36.0941162109375
20191001_sample_3,Sst,-28.38721312582493,-37.48012161254883,-37.48012161254883
20191001_sample_4,Pvalb,-46.39022052288056,-34.68110656738281,-34.68110656738281
20191001_sample_5,Sst,-23.114526644349095,-36.111366271972656,-36.111366271972656
20191001_sample_6,Sst,-39.71341997385025,-37.98468780517578,-37.98468780517578
20191003_sample_2,low quality,-31.233692541718483,-36.42192840576172,-36.42192840576172
20191003_sample_3,Sst,-38.56046497821808,-36.855140686035156,-36.855140686035156
20191003_sample_4,Sst,-32.736435532569885,-36.88750457763672,-36.88750457763672
20191003_sample_5,Sst,-29.016340151429176,-38.319950103759766,-38.319950103759766
20191003_sample_6,CT,-32.59658068418503,-40.78855514526367,-40.78855514526367
20191010_sample_1,IT,-36.893539130687714,-34.57001495361328,-34.57001495361328
20191010_sample_2,Sst,-31.01155534386635,-36.496639251708984,-36.496639251708984
20191010_sample_3,IT,-37.69365698099136,-37.19002151489258,-37.19002151489258
20191010_sample_4,Pvalb,-39.78686407208443,-36.84296798706055,-36.84296798706055
20191010_sample_6,Pvalb,-30.362002551555637,-36.15290832519531,-36.15290832519531
20191010_sample_7,ET,-40.92146083712578,-34.9007682800293,-34.9007682800293
20191028_sample_1,Sst,-31.94591775536537,-38.481685638427734,-38.481685638427734
20191028_sample_2,Sst,-27.653440833091736,-38.0496711730957,-38.0496711730957
20191028_sample_3,Pvalb,-29.0452279150486,-33.59666442871094,-33.59666442871094
20191028_sample_4,low quality,-36.525823175907135,-34.859012603759766,-34.859012603759766
20191028_sample_5,low quality,-48.42162877321243,-36.864925384521484,-36.864925384521484
20191030_sample_2,Sst,-35.26822105050087,-36.51433181762695,-36.51433181762695
20191030_sample_3,ET,-32.312169671058655,-35.99873352050781,-35.99873352050781
20191030_sample_4,NP,-38.87088969349861,-35.80173873901367,-35.80173873901367
20191030_sample_5,Sst,-32.40690007805824,-36.3155517578125,-36.3155517578125
20191101_sample_1,Lamp5,-17.370836809277534,-32.03965759277344,-32.03965759277344
20191101_sample_2,CT,-31.7118801176548,-34.398983001708984,-34.398983001708984
20191101_sample_3,Lamp5,-27.40865014493465,-37.43206024169922,-37.43206024169922
20191101_sample_4,CT,-24.73914436995983,-35.799015045166016,-35.799015045166016
20191101_sample_5,CT,-31.26823529601097,-35.81440353393555,-35.81440353393555
20191101_sample_6,CT,-40.62368348240853,-35.362701416015625,-35.362701416015625
20191104_sample_1,Sst,-24.88493733108044,-39.2758903503418,-39.2758903503418
20191104_sample_2,Lamp5,-33.86861085891724,-35.80065155029297,-35.80065155029297
20191104_sample_3,low quality,-29.10187467932701,-35.866519927978516,-35.866519927978516
20191104_sample_4,Pvalb,-42.41042584180832,-36.37003707885742,-36.37003707885742
20191105_sample_1,Pvalb,-23.29528145492077,-35.8718147277832,-35.8718147277832
20191105_sample_2,IT,-31.15586005151272,-35.03535079956055,-35.03535079956055
20191105_sample_3,Sst,-36.54143959283829,-38.77328872680664,-38.77328872680664
20191105_sample_4,Pvalb,-27.74824760854244,-37.411865234375,-37.411865234375
20191105_sample_5,Sst,-36.868102848529816,-39.861026763916016,-39.861026763916016
20191106_sample_2,Lamp5,-25.72766505181789,-32.091678619384766,-32.091678619384766
20191106_sample_3,IT,-37.84947842359543,-35.72243881225586,-35.72243881225586
20191106_sample_5,Lamp5,-20.699581131339077,-32.98905563354492,-32.98905563354492
20191107_sample_1,low quality,-28.761791065335277,-36.188232421875,-36.188232421875
20191107_sample_2,Sst,-29.74102832376957,-36.45878982543945,-36.45878982543945
20191107_sample_3,Sst,-30.31674027442932,-35.897701263427734,-35.897701263427734
20191107_sample_4,Sst,-33.33417326211929,-37.8857421875,-37.8857421875
20191108_sample_1,CT,-47.906141728162766,-37.6912841796875,-37.6912841796875
20191108_sample_4,CT,-39.32176157832146,-36.62578582763672,-36.62578582763672
20191108_sample_5,IT,-36.18492931127548,-34.69413757324219,-34.69413757324219
20191114_sample_1,Lamp5,-38.13847899436951,-34.124855041503906,-34.124855041503906
20191114_sample_2,CT,-38.32967206835747,-36.939971923828125,-36.939971923828125
20191114_sample_3,IT,-25.35381354391575,-35.25522232055664,-35.25522232055664
20191114_sample_4,Sst,-36.29669919610024,-34.91531753540039,-34.91531753540039
20191114_sample_5,low quality,-26.57725475728512,-36.048187255859375,-36.048187255859375
20191114_sample_7,IT,-29.647335410118103,-35.892982482910156,-35.892982482910156
20191114_sample_8,IT,-35.33703461289406,-34.81454849243164,-34.81454849243164
20191114_sample_9,ET,-36.394670605659485,-35.99078369140625,-35.99078369140625
20200106_sample_1,Lamp5,-30.489234253764156,-30.704940795898438,-30.704940795898438
20200106_sample_4,IT,-25.48636868596077,-35.96746826171875,-35.96746826171875
20200106_sample_5,IT,-26.62561275064945,-35.808345794677734,-35.808345794677734
20200106_sample_6,IT,-38.28192129731178,-34.770751953125,-34.770751953125
20200225_sample_2,IT,-26.70111134648323,-34.42913818359375,-34.42913818359375
20200225_sample_5,Sncg,-30.38058802485466,-35.16183090209961,-35.16183090209961
20200316_sample_1,ET,-36.99257969856262,-37.82410430908203,-37.82410430908203
20200316_sample_2,low quality,-35.342026501894,-36.15237045288086,-36.15237045288086
20200316_sample_3,Pvalb,-46.80214449763298,-36.53764724731445,-36.53764724731445
