cell_id,RNA_family,y_true,y_pred,y_pred_train_space
20171204_sample_2,ET,-27.95461192727089,-39.099266052246094,-39.099266052246094
20171204_sample_4,IT,-27.82125398516655,-36.95757293701172,-36.95757293701172
20171204_sample_5,IT,-26.363400742411613,-38.58715057373047,-38.58715057373047
20171204_sample_6,ET,-25.52098408341408,-36.91840744018555,-36.91840744018555
20171207_sample_1,ET,-44.82974484562874,-37.51851272583008,-37.51851272583008
20171207_sample_2,ET,-47.62844368815422,-38.170166015625,-38.170166015625
20171207_sample_6,IT,-43.76504197716713,-36.06719970703125,-36.06719970703125
20171207_sample_7,IT,-43.915681540966034,-37.87691879272461,-37.87691879272461
20171219_sample_1,IT,-44.96759548783302,-35.07012176513672,-35.07012176513672
20171219_sample_2,IT,-46.30681872367859,-37.12776565551758,-37.12776565551758
20171219_sample_3,IT,-42.491365224123,-35.69322967529297,-35.69322967529297
20171219_sample_4,ET,-44.00912672281265,-37.74734115600586,-37.74734115600586
20171219_sample_6,ET,-46.829842031002045,-36.930137634277344,-36.930137634277344
20171219_sample_7,IT,-41.4273664355278,-36.569366455078125,-36.569366455078125
20171219_sample_8,ET,-44.0932996571064,-40.33708953857422,-40.33708953857422
20180102_sample_1,ET,-43.02830249071121,-37.877601623535156,-37.877601623535156
20180102_sample_2,IT,-41.75026714801788,-37.23179626464844,-37.23179626464844
20180102_sample_3,ET,-32.62410685420036,-37.45802688598633,-37.45802688598633
20180102_sample_4,ET,-48.23116585612297,-38.37900161743164,-38.37900161743164
20180102_sample_5,IT,-43.36781054735184,-37.89054870605469,-37.89054870605469
20180103_sample_1,ET,-45.077256858348846,-37.98234176635742,-37.98234176635742
20180103_sample_2,ET,-47.74453490972519,-37.54474639892578,-37.54474639892578
20180103_sample_3,ET,-35.661328583955765,-38.534454345703125,-38.534454345703125
20180103_sample_4,low quality,-36.746274679899216,-38.714595794677734,-38.714595794677734
20180103_sample_5,IT,-33.45785662531853,-35.01657485961914,-35.01657485961914
20180103_sample_6,IT,-36.73709183931351,-35.60620880126953,-35.60620880126953
20180103_sample_7,IT,-44.34711486101151,-36.4371223449707,-36.4371223449707
20180103_sample_8,IT,-33.242132514715195,-35.243385314941406,-35.243385314941406
20180104_sample_1,low quality,-36.77577152848244,-36.11521911621094,-36.11521911621094
20180104_sample_2,IT,-34.477341920137405,-34.89891815185547,-34.89891815185547
20180104_sample_3,IT,-44.92177069187164,-37.37462615966797,-37.37462615966797
20180104_sample_4,low quality,-40.3478778898716,-37.76776123046875,-37.76776123046875
20180104_sample_6,ET,-39.32959213852882,-36.34697723388672,-36.34697723388672
20180105_sample_4,IT,-37.24861145019531,-37.46269226074219,-37.46269226074219
20180105_sample_5,IT,-38.04309293627739,-37.3098030090332,-37.3098030090332
20180105_sample_6,IT,-38.99679705500603,-36.17949676513672,-36.17949676513672
20180108_sample_1,IT,-43.13671961426735,-35.02178955078125,-35.02178955078125
20180108_sample_2,low quality,-41.612911969423294,-36.44768524169922,-36.44768524169922
20180108_sample_3,IT,-34.84579548239708,-36.40834426879883,-36.40834426879883
20180108_sample_4,ET,-41.31634533405304,-36.393104553222656,-36.393104553222656
20180108_sample_5,ET,-37.61433064937592,-37.16653823852539,-37.16653823852539
20180108_sample_7,IT,-33.62811356782913,-35.46541976928711,-35.46541976928711
20180108_sample_8,ET,-42.04165935516357,-37.94847106933594,-37.94847106933594
20180108_sample_9,IT,-34.03988853096962,-35.41341018676758,-35.41341018676758
20180108_sample_10,ET,-34.974586218595505,-39.137840270996094,-39.137840270996094
20180109_sample_1,IT,-37.73704171180725,-36.69038009643555,-36.69038009643555
20180109_sample_2,IT,-36.002498120069504,-34.724361419677734,-34.724361419677734
20180109_sample_5,IT,-35.806842148303986,-37.73246765136719,-37.73246765136719
20180110_sample_1,IT,-35.72043403983116,-34.85479736328125,-34.85479736328125
20180110_sample_2,IT,-34.60662439465523,-35.778804779052734,-35.778804779052734
20180110_sample_3,IT,-38.21760043501854,-36.331573486328125,-36.331573486328125
20180110_sample_4,IT,-29.828866943717003,-35.806861877441406,-35.806861877441406
20180110_sample_5,IT,-31.22999519109726,-35.9166259765625,-35.9166259765625
20180110_sample_7,IT,-34.253500401973724,-36.5361213684082,-36.5361213684082
20180110_sample_8,ET,-46.693116426467896,-37.4560661315918,-37.4560661315918
20180111_sample_5,IT,-37.996742874383926,-35.23887634277344,-35.23887634277344
20180115_sample_2,IT,-29.888907447457317,-37.723026275634766,-37.723026275634766
20180115_sample_5,IT,-38.36807981133461,-37.38928985595703,-37.38928985595703
20180115_sample_6,low quality,-43.88747364282608,-35.57475662231445,-35.57475662231445
20180115_sample_7,IT,-42.975567281246185,-37.463531494140625,-37.463531494140625
20180115_sample_8,IT,-39.546892046928406,-35.54444122314453,-35.54444122314453
20180115_sample_9,IT,-34.9104106426239,-37.1486930847168,-37.1486930847168
20180118_sample_1,IT,-22.01119065284729,-35.20573425292969,-35.20573425292969
20180118_sample_2,IT,-39.87758606672287,-36.32809066772461,-36.32809066772461
20180118_sample_4,IT,-32.31686353683472,-35.535911560058594,-35.535911560058594
20180118_sample_6,IT,-45.36854103207588,-37.328426361083984,-37.328426361083984
20180118_sample_7,ET,-36.26797720789909,-37.96088409423828,-37.96088409423828
20180118_sample_10,ET,-41.51656851172447,-37.81503677368164,-37.81503677368164
20180123_sample_1,ET,-28.014682233333588,-37.10572814941406,-37.10572814941406
20180123_sample_3,ET,-32.6722264289856,-37.44370651245117,-37.44370651245117
20180123_sample_5,ET,-36.835409700870514,-36.862457275390625,-36.862457275390625
20180123_sample_6,ET,-20.088857039809227,-38.28944396972656,-38.28944396972656
20180123_sample_7,ET,-29.678834602236748,-38.7169075012207,-38.7169075012207
20180208_sample_1,low quality,-36.85739263892174,-41.768524169921875,-41.768524169921875
20180208_sample_2,ET,-40.06797820329666,-37.825767517089844,-37.825767517089844
20180208_sample_3,ET,-47.59714752435684,-36.76613235473633,-36.76613235473633
20180208_sample_4,IT,-41.40359163284302,-35.42518997192383,-35.42518997192383
20180208_sample_5,IT,-42.08500683307648,-35.567832946777344,-35.567832946777344
20180213_sample_3,ET,-45.03101482987404,-36.64161682128906,-36.64161682128906
20180213_sample_5,Pvalb,-50.14824122190476,-34.83005905151367,-34.83005905151367
20180215_sample_1,Pvalb,-38.16723078489304,-35.295467376708984,-35.295467376708984
20180220_sample_1,Sst,-30.153583735227585,-36.49061584472656,-36.49061584472656
20180220_sample_2,IT,-27.31957472860813,-36.68650817871094,-36.68650817871094
20180225_sample_1,IT,-27.83054113388061,-33.77218246459961,-33.77218246459961
20180225_sample_2,IT,-38.06238621473312,-35.011375427246094,-35.011375427246094
20180225_sample_3,IT,-39.240822196006775,-35.32989501953125,-35.32989501953125
20180225_sample_4,IT,-35.09964421391487,-35.392112731933594,-35.392112731933594
20180225_sample_5,ET,-39.05873745679855,-38.52376174926758,-38.52376174926758
20180225_sample_7,Pvalb,-39.35283049941063,-35.50099182128906,-35.50099182128906
20180228_sample_3,IT,-31.48381784558296,-37.2753791809082,-37.2753791809082
20180306_sample_1,Pvalb,-33.11878815293312,-35.23871994018555,-35.23871994018555
20180306_sample_2,IT,-47.93267697095871,-34.16962814331055,-34.16962814331055
20180306_sample_3,IT,-31.022869050502777,-34.80393600463867,-34.80393600463867
20180306_sample_5,IT,-29.34417687356472,-34.60535430908203,-34.60535430908203
20180309_sample_4,IT,-35.50416976213455,-37.23504638671875,-37.23504638671875
20180309_sample_6,IT,-35.76986864209175,-37.79240417480469,-37.79240417480469
20180309_sample_7,IT,-33.74670818448067,-35.74824142456055,-35.74824142456055
20180309_sample_8,IT,-35.98487004637718,-36.60344696044922,-36.60344696044922
20180313_sample_1,low quality,-27.595020830631256,-37.68959045410156,-37.68959045410156
20180313_sample_2,ET,-43.73864457011223,-36.937255859375,-36.937255859375
20180313_sample_3,ET,-27.5240708142519,-37.5551872253418,-37.5551872253418
20180313_sample_7,IT,-25.82089975476265,-36.16594696044922,-36.16594696044922
20180313_sample_8,low quality,-34.539807587862015,-36.56047058105469,-36.56047058105469
20180313_sample_9,Pvalb,-34.903764724731445,-37.3070068359375,-37.3070068359375
20180315_sample_1,ET,-39.017826318740845,-35.1385383605957,-35.1385383605957
20180315_sample_2,low quality,-36.18722036480904,-37.26178741455078,-37.26178741455078
20180315_sample_5,IT,-26.866843923926357,-35.89520263671875,-35.89520263671875
20180315_sample_6,IT,-34.291233867406845,-33.81426239013672,-33.81426239013672
20180321_sample_2,IT,-33.19390118122101,-36.701927185058594,-36.701927185058594
20180321_sample_3,IT,-28.72546948492527,-36.08962631225586,-36.08962631225586
20180321_sample_4,IT,-37.48868405818939,-34.27494430541992,-34.27494430541992
20180321_sample_8,ET,-40.208201855421066,-39.00819778442383,-39.00819778442383
20180321_sample_9,ET,-27.08854712545872,-38.864952087402344,-38.864952087402344
20180322_sample_1,IT,-40.03936052322388,-35.299434661865234,-35.299434661865234
20180322_sample_2,IT,-23.38219992816448,-35.05365753173828,-35.05365753173828
20180322_sample_3,IT,-32.6661542057991,-36.69792175292969,-36.69792175292969
20180322_sample_4,IT,-29.25968170166016,-36.41527557373047,-36.41527557373047
20180322_sample_5,IT,-32.15174004435539,-35.756935119628906,-35.756935119628906
20180322_sample_6,ET,-44.447191059589386,-37.742225646972656,-37.742225646972656
20180322_sample_7,ET,-37.95935586094856,-37.02912139892578,-37.02912139892578
20180327_sample_1,Pvalb,-39.938900619745255,-37.09381103515625,-37.09381103515625
20180327_sample_2,Pvalb,-50.237976014614105,-37.454898834228516,-37.454898834228516
20180327_sample_3,IT,-41.6242778301239,-36.207069396972656,-36.207069396972656
20180327_sample_4,Pvalb,-41.78328067064285,-39.12820816040039,-39.12820816040039
20180327_sample_5,Pvalb,-36.73766553401947,-37.565433502197266,-37.565433502197266
20180327_sample_6,IT,-34.01404991745949,-35.766021728515625,-35.766021728515625
20180329_sample_1,IT,-39.96621817350388,-35.31767654418945,-35.31767654418945
20180329_sample_2,IT,-40.87468609213829,-36.26215362548828,-36.26215362548828
20180329_sample_3,IT,-31.70610219240189,-36.009891510009766,-36.009891510009766
20180329_sample_4,ET,-49.07741770148277,-38.365257263183594,-38.365257263183594
20180329_sample_5,IT,-30.6314118206501,-35.15662384033203,-35.15662384033203
20180329_sample_6,IT,-35.414036363363266,-34.91990280151367,-34.91990280151367
20180329_sample_7,low quality,-31.96001797914505,-36.493064880371094,-36.493064880371094
20180329_sample_8,IT,-28.583373874425888,-36.26436233520508,-36.26436233520508
20180403_sample_5,IT,-30.811598524451256,-36.78646469116211,-36.78646469116211
20180403_sample_6,ET,-32.89977088570595,-37.55145263671875,-37.55145263671875
20180403_sample_7,IT,-40.59835150837898,-36.40812683105469,-36.40812683105469
20180404_sample_1,Pvalb,-35.57765111327171,-35.69104766845703,-35.69104766845703
20180404_sample_2,Pvalb,-43.39459165930748,-37.452857971191406,-37.452857971191406
20180404_sample_3,IT,-37.66573220491409,-34.578224182128906,-34.578224182128906
20180404_sample_4,Pvalb,-41.86778888106346,-36.870025634765625,-36.870025634765625
20180404_sample_5,Pvalb,-60.13461947441101,-37.70521926879883,-37.70521926879883
20180404_sample_7,IT,-35.93051806092262,-35.816490173339844,-35.816490173339844
20180405_sample_1,ET,-34.47731584310532,-36.94105911254883,-36.94105911254883
20180405_sample_2,IT,-44.84836012125015,-34.88734436035156,-34.88734436035156
20180405_sample_3,IT,-39.50681909918785,-35.643009185791016,-35.643009185791016
20180410_sample_1,Pvalb,-42.66297072172165,-38.1120491027832,-38.1120491027832
20180410_sample_3,IT,-21.961763501167297,-36.33191680908203,-36.33191680908203
20180410_sample_4,IT,-30.88594041764736,-36.20111846923828,-36.20111846923828
20180410_sample_5,IT,-31.472526490688324,-36.12860870361328,-36.12860870361328
20180410_sample_6,IT,-25.70604346692562,-34.21514892578125,-34.21514892578125
20180410_sample_9,Pvalb,-32.86491706967354,-37.27242660522461,-37.27242660522461
20180411_sample_1,IT,-23.12693372368813,-34.86880111694336,-34.86880111694336
20180411_sample_3,IT,-21.560972556471825,-36.15927505493164,-36.15927505493164
20180411_sample_4,Pvalb,-39.154160767793655,-37.771324157714844,-37.771324157714844
20180411_sample_5,Pvalb,-25.0148493796587,-36.40531921386719,-36.40531921386719
20180412_sample_1,IT,-40.42456671595573,-35.62077713012695,-35.62077713012695
20180412_sample_2,Pvalb,-53.32812294363976,-38.25094223022461,-38.25094223022461
20180412_sample_3,IT,-20.076075568795204,-36.50062942504883,-36.50062942504883
20180412_sample_4,IT,-37.47844323515892,-34.7903938293457,-34.7903938293457
20180412_sample_7,IT,-25.7156565785408,-36.92700958251953,-36.92700958251953
20180413_sample_2,Pvalb,-52.42687836289406,-38.02094650268555,-38.02094650268555
20180413_sample_3,Pvalb,-36.8104912340641,-38.400943756103516,-38.400943756103516
20180413_sample_4,IT,-34.41118821501732,-35.722354888916016,-35.722354888916016
20180417_sample_1,Vip,-27.695806697010998,-35.144840240478516,-35.144840240478516
20180417_sample_2,Pvalb,-25.60577727854252,-38.61488342285156,-38.61488342285156
20180417_sample_3,IT,-34.15464237332344,-36.642066955566406,-36.642066955566406
20180417_sample_4,Pvalb,-21.68806828558445,-35.45756912231445,-35.45756912231445
20180417_sample_5,IT,-36.01165860891342,-35.692039489746094,-35.692039489746094
20180417_sample_6,IT,-39.794567972421646,-36.83938217163086,-36.83938217163086
20180417_sample_7,Pvalb,-41.90925136208534,-36.588050842285156,-36.588050842285156
20180417_sample_8,Sst,-42.701706290245056,-36.28133773803711,-36.28133773803711
20180417_sample_9,IT,-30.55713884532452,-35.79939651489258,-35.79939651489258
20180418_sample_1,Pvalb,-31.455516815185547,-36.82872772216797,-36.82872772216797
20180418_sample_2,Pvalb,-33.244192600250244,-35.20287322998047,-35.20287322998047
20180418_sample_3,Pvalb,-28.181403875350952,-37.70685577392578,-37.70685577392578
20180418_sample_5,IT,-33.81714224815369,-36.98406982421875,-36.98406982421875
20180418_sample_6,IT,-31.98295459151268,-35.07002258300781,-35.07002258300781
20180420_sample_2,low quality,-18.579866737127304,-35.76499938964844,-35.76499938964844
20180420_sample_3,IT,-32.08588436245918,-36.31306457519531,-36.31306457519531
20180420_sample_4,IT,-23.197440430521965,-35.40995407104492,-35.40995407104492
20180424_sample_1,IT,-28.22669595479965,-36.24068069458008,-36.24068069458008
20180424_sample_2,IT,-48.85924234986305,-35.72401809692383,-35.72401809692383
20180424_sample_3,IT,-36.15899384021759,-34.60170364379883,-34.60170364379883
20180424_sample_6,IT,-43.95844787359238,-35.09940719604492,-35.09940719604492
20180425_sample_2,IT,-37.08280250430107,-34.861419677734375,-34.861419677734375
20180425_sample_3,Pvalb,-24.36535619199276,-37.696651458740234,-37.696651458740234
20180425_sample_4,IT,-32.11352229118347,-34.8632698059082,-34.8632698059082
20180425_sample_5,Sncg,-31.96112811565399,-36.47308349609375,-36.47308349609375
20180425_sample_7,Pvalb,-24.54805001616478,-36.111572265625,-36.111572265625
20180425_sample_8,Vip,-39.032261818647385,-36.793785095214844,-36.793785095214844
20180425_sample_9,IT,-33.258602023124695,-37.352699279785156,-37.352699279785156
20180426_sample_1,ET,-31.053105369210243,-37.834571838378906,-37.834571838378906
20180426_sample_3,IT,-25.45296773314476,-35.0875358581543,-35.0875358581543
20180426_sample_4,IT,-37.96792030334473,-35.721038818359375,-35.721038818359375
20180426_sample_5,Pvalb,-37.58787363767624,-36.489479064941406,-36.489479064941406
20180426_sample_7,IT,-26.17236040532589,-34.64629364013672,-34.64629364013672
20180426_sample_9,Pvalb,-23.387987166643143,-35.81694793701172,-35.81694793701172
20180501_sample_2,IT,-40.340546518564224,-34.151981353759766,-34.151981353759766
20180501_sample_3,IT,-36.23464703559876,-35.49366760253906,-35.49366760253906
20180501_sample_4,IT,-33.72351825237274,-36.13882064819336,-36.13882064819336
20180501_sample_5,IT,-35.40455549955368,-35.26217269897461,-35.26217269897461
20180501_sample_6,low quality,-40.84241390228272,-36.73881149291992,-36.73881149291992
20180501_sample_7,low quality,-35.252053290605545,-37.15647888183594,-37.15647888183594
20180501_sample_8,Lamp5,-22.430457174777985,-34.429107666015625,-34.429107666015625
20180502_sample_1,low quality,-15.575580298900604,-36.65846633911133,-36.65846633911133
20180502_sample_2,low quality,-40.74236378073692,-36.97330093383789,-36.97330093383789
20180502_sample_3,IT,-21.84254489839077,-36.85649490356445,-36.85649490356445
20180502_sample_4,IT,-34.790944308042526,-36.20426559448242,-36.20426559448242
20180508_sample_1,Pvalb,-48.91074821352959,-37.421356201171875,-37.421356201171875
20180508_sample_2,IT,-44.32544857263565,-35.973419189453125,-35.973419189453125
20180508_sample_3,IT,-43.72163489460945,-36.75004577636719,-36.75004577636719
20180508_sample_4,IT,-36.16878390312195,-33.724281311035156,-33.724281311035156
20180509_sample_1,low quality,-42.05877706408501,-37.22588348388672,-37.22588348388672
20180509_sample_2,IT,-37.54758462309837,-34.66761779785156,-34.66761779785156
20180509_sample_3,IT,-41.79970920085907,-36.10957336425781,-36.10957336425781
20180509_sample_4,IT,-35.26262193918228,-35.92684555053711,-35.92684555053711
20180509_sample_5,IT,-38.3966788649559,-34.222198486328125,-34.222198486328125
20180509_sample_7,IT,-46.31377756595612,-35.456382751464844,-35.456382751464844
20180509_sample_9,IT,-48.42841625213623,-34.583187103271484,-34.583187103271484
20180510_sample_2,Pvalb,-45.25327682495117,-38.38454818725586,-38.38454818725586
20180510_sample_3,IT,-29.67529557645321,-35.54277038574219,-35.54277038574219
20180510_sample_4,IT,-30.016938224434853,-35.642330169677734,-35.642330169677734
20180510_sample_5,IT,-37.02279552817345,-35.98596954345703,-35.98596954345703
20180510_sample_9,IT,-28.24258618056774,-35.846439361572266,-35.846439361572266
20180515_sample_1,Pvalb,-37.251245230436325,-36.0795783996582,-36.0795783996582
20180515_sample_6,Pvalb,-42.77510568499565,-37.78514099121094,-37.78514099121094
20180522_sample_1,IT,-36.7249920964241,-34.87227249145508,-34.87227249145508
20180522_sample_2,IT,-39.90976884961128,-34.093223571777344,-34.093223571777344
20180522_sample_3,IT,-34.81610491871834,-33.28858184814453,-33.28858184814453
20180522_sample_4,IT,-34.136813133955,-34.37316131591797,-34.37316131591797
20180522_sample_5,Pvalb,-36.16317361593247,-35.84125900268555,-35.84125900268555
20180522_sample_6,ET,-43.8445620238781,-36.9117317199707,-36.9117317199707
20180522_sample_7,IT,-36.56928613781929,-34.51150894165039,-34.51150894165039
20180524_sample_5,low quality,-26.68181993067265,-36.80020523071289,-36.80020523071289
20180524_sample_8,IT,-41.13145172595978,-36.64752197265625,-36.64752197265625
20180524_sample_9,Pvalb,-27.685396373271946,-37.59973907470703,-37.59973907470703
20180529_sample_3,IT,-41.632089763879776,-36.079681396484375,-36.079681396484375
20180608_sample_1,Lamp5,-44.430360198020935,-34.162193298339844,-34.162193298339844
20180608_sample_2,Pvalb,-57.30777978897095,-37.13981246948242,-37.13981246948242
20180608_sample_3,IT,-42.14153811335564,-36.30768966674805,-36.30768966674805
20180608_sample_5,Pvalb,-46.95200175046921,-37.545021057128906,-37.545021057128906
20180619_sample_3,Pvalb,-27.825120836496357,-36.2683219909668,-36.2683219909668
20180619_sample_5,IT,-29.58129346370697,-34.82947540283203,-34.82947540283203
20180619_sample_7,Lamp5,-22.40251563489437,-34.366119384765625,-34.366119384765625
20180621_sample_1,IT,-37.2941792011261,-35.20094680786133,-35.20094680786133
20180621_sample_2,IT,-33.36340934038162,-34.50687026977539,-34.50687026977539
20180621_sample_3,Sncg,-35.26192158460617,-35.7517204284668,-35.7517204284668
20180621_sample_4,IT,-34.31498631834984,-35.04499053955078,-35.04499053955078
20180621_sample_5,Vip,-42.27781668305397,-34.45456314086914,-34.45456314086914
20180621_sample_7,Pvalb,-24.93177354335785,-36.39133834838867,-36.39133834838867
20180621_sample_8,Pvalb,-29.724985361099243,-34.686946868896484,-34.686946868896484
20180628_sample_2,Pvalb,-37.75062784552574,-36.38022232055664,-36.38022232055664
20180628_sample_3,Pvalb,-31.8576842546463,-36.30192565917969,-36.30192565917969
20180628_sample_4,low quality,-33.74956548213959,-36.956058502197266,-36.956058502197266
20180628_sample_6,Pvalb,-37.19983622431755,-36.14801025390625,-36.14801025390625
20180628_sample_7,Lamp5,-31.77924081683159,-36.44533920288086,-36.44533920288086
20180703_sample_1,Pvalb,-42.21753403544426,-36.96104431152344,-36.96104431152344
20180703_sample_2,IT,-40.69362208247185,-35.74700164794922,-35.74700164794922
20180703_sample_3,low quality,-36.93673387169838,-37.576717376708984,-37.576717376708984
20180704_sample_1,Pvalb,-41.0352535545826,-37.14708709716797,-37.14708709716797
20180704_sample_2,Pvalb,-33.576201647520065,-36.116458892822266,-36.116458892822266
20180704_sample_3,Pvalb,-34.87665578722954,-37.799072265625,-37.799072265625
20180704_sample_4,IT,-30.56744858622551,-36.43075942993164,-36.43075942993164
20180704_sample_5,Pvalb,-41.31706431508064,-35.41795349121094,-35.41795349121094
20180705_sample_1,Pvalb,-46.66655138134957,-35.281272888183594,-35.281272888183594
20180705_sample_4,Pvalb,-39.5427942276001,-37.86570739746094,-37.86570739746094
20180709_sample_2,IT,-32.763998955488205,-34.549190521240234,-34.549190521240234
20180709_sample_3,Lamp5,-30.197873711586,-34.55388259887695,-34.55388259887695
20180709_sample_4,IT,-39.45117816329002,-34.82607650756836,-34.82607650756836
20180709_sample_6,IT,-27.47146040201187,-34.80607604980469,-34.80607604980469
20180710_sample_1,Pvalb,-38.718946278095245,-37.702152252197266,-37.702152252197266
20180710_sample_2,Pvalb,-42.29604452848434,-35.4161376953125,-35.4161376953125
20180710_sample_3,Pvalb,-41.26228392124176,-36.072452545166016,-36.072452545166016
20180710_sample_5,Pvalb,-35.86811199784279,-36.25205993652344,-36.25205993652344
20180711_sample_1,Pvalb,-33.02359953522682,-35.75502014160156,-35.75502014160156
20180711_sample_2,Sst,-42.76240989565849,-38.258907318115234,-38.258907318115234
20180711_sample_3,Sst,-36.085598170757294,-37.787078857421875,-37.787078857421875
20180711_sample_4,Sst,-37.50111535191536,-39.037052154541016,-39.037052154541016
20180712_sample_2,low quality,-34.07710790634155,-35.95841598510742,-35.95841598510742
20180712_sample_3,Sncg,-39.92193192243576,-36.30690383911133,-36.30690383911133
20180712_sample_5,Pvalb,-37.70105540752411,-36.56135940551758,-36.56135940551758
20180712_sample_11,Pvalb,-41.15244373679161,-39.24616241455078,-39.24616241455078
20180712_sample_12,Pvalb,-47.83571884036064,-35.270263671875,-35.270263671875
20180712_sample_13,IT,-37.27108985185623,-35.56538391113281,-35.56538391113281
20180712_sample_14,Pvalb,-38.40392082929611,-36.219112396240234,-36.219112396240234
20180712_sample_15,Pvalb,-44.27874833345413,-36.10258102416992,-36.10258102416992
20180717_sample_1,Pvalb,-29.38516810536385,-37.216365814208984,-37.216365814208984
20180717_sample_2,Lamp5,-45.2960729598999,-36.34245681762695,-36.34245681762695
20180717_sample_3,Pvalb,-33.53046998381615,-37.31311798095703,-37.31311798095703
20180717_sample_4,Pvalb,-44.9313260614872,-35.71794891357422,-35.71794891357422
20180717_sample_6,Pvalb,-27.88666822016239,-37.32892608642578,-37.32892608642578
20180717_sample_7,ET,-37.36589848995209,-36.516136169433594,-36.516136169433594
20180718_sample_2,Pvalb,-45.87535560131073,-35.78350830078125,-35.78350830078125
20180718_sample_3,Pvalb,-45.83125188946724,-39.37284851074219,-39.37284851074219
20180718_sample_4,Pvalb,-45.20464316010475,-38.22693634033203,-38.22693634033203
20180719_sample_1,Pvalb,-50.24350434541702,-38.080284118652344,-38.080284118652344
20180719_sample_4,Pvalb,-39.23053666949272,-37.19953918457031,-37.19953918457031
20180720_sample_2,Sncg,-58.61569568514824,-36.680721282958984,-36.680721282958984
20180720_sample_3,Pvalb,-33.936891704797745,-38.922515869140625,-38.922515869140625
20180720_sample_5,Lamp5,-38.22310641407967,-34.09688949584961,-34.09688949584961
20180725_sample_3,IT,-35.98088026046753,-35.49065017700195,-35.49065017700195
20180725_sample_4,low quality,-33.542223274707794,-37.341007232666016,-37.341007232666016
20180725_sample_6,Pvalb,-22.37781696021557,-35.987117767333984,-35.987117767333984
20180725_sample_7,IT,-30.83597682416439,-35.190032958984375,-35.190032958984375
20180725_sample_9,Lamp5,-25.665944442152977,-35.990684509277344,-35.990684509277344
20180726_sample_3,Pvalb,-35.04420071840286,-36.312191009521484,-36.312191009521484
20180726_sample_4,Pvalb,-46.80833965539932,-34.800132751464844,-34.800132751464844
20180726_sample_5,Pvalb,-39.53366354107857,-37.19015121459961,-37.19015121459961
20180726_sample_6,Pvalb,-44.366683810949326,-35.41471481323242,-35.41471481323242
20180726_sample_7,Pvalb,-29.823247343301773,-36.35670471191406,-36.35670471191406
20180817_sample_2,Pvalb,-30.074510723352432,-38.81625747680664,-38.81625747680664
20180817_sample_3,Pvalb,-18.15375685691833,-36.26123809814453,-36.26123809814453
20180817_sample_4,Pvalb,-41.36949777603149,-35.669090270996094,-35.669090270996094
20180817_sample_5,Pvalb,-32.89485350251198,-37.452369689941406,-37.452369689941406
20180817_sample_6,IT,-31.305301934480667,-35.01497268676758,-35.01497268676758
20180817_sample_7,Pvalb,-35.13280302286148,-36.81358337402344,-36.81358337402344
20180820_sample_1,Sst,-26.275569573044777,-36.997535705566406,-36.997535705566406
20180820_sample_2,IT,-40.22936895489693,-36.21847152709961,-36.21847152709961
20180820_sample_3,Sst,-40.83053395152092,-37.248146057128906,-37.248146057128906
20180820_sample_4,Sst,-43.61097142100334,-36.56727600097656,-36.56727600097656
20180820_sample_5,Sst,-33.51202234625816,-39.68183135986328,-39.68183135986328
20180820_sample_6,IT,-35.17823666334152,-35.90399169921875,-35.90399169921875
20180820_sample_7,Sst,-18.79017800092697,-34.670318603515625,-34.670318603515625
20180822_sample_1,Pvalb,-29.97558005154133,-37.109989166259766,-37.109989166259766
20180822_sample_2,Pvalb,-39.04680535197258,-37.7037239074707,-37.7037239074707
20180822_sample_3,Pvalb,-14.55382164567709,-36.57478713989258,-36.57478713989258
20180822_sample_4,Pvalb,-43.75102370977402,-36.38994598388672,-36.38994598388672
20180822_sample_6,Pvalb,-41.23011976480484,-35.98060989379883,-35.98060989379883
20180822_sample_7,Pvalb,-35.9986424446106,-37.31632614135742,-37.31632614135742
20180828_sample_2,Pvalb,-29.89011444151401,-34.547325134277344,-34.547325134277344
20180828_sample_3,Pvalb,-38.80136087536812,-35.693397521972656,-35.693397521972656
20180828_sample_4,IT,-34.18893739581108,-34.47532653808594,-34.47532653808594
20180828_sample_5,Pvalb,-34.790657460689545,-38.68376541137695,-38.68376541137695
20180828_sample_6,Pvalb,-37.53253072500229,-35.746517181396484,-35.746517181396484
20180828_sample_7,low quality,-32.31125324964523,-36.89371871948242,-36.89371871948242
20180828_sample_8,IT,-35.42579337954521,-35.626224517822266,-35.626224517822266
20180829_sample_1,Sst,-33.41993689537048,-37.10076904296875,-37.10076904296875
20180829_sample_2,Sst,-39.46344181895256,-36.977909088134766,-36.977909088134766
20180829_sample_3,Sst,-23.074446246027943,-36.948116302490234,-36.948116302490234
20180829_sample_4,Sst,-42.92697086930275,-38.35200881958008,-38.35200881958008
20180829_sample_5,Sst,-29.97828461229801,-35.24755096435547,-35.24755096435547
20180829_sample_6,Sst,-41.66131466627121,-39.20591354370117,-39.20591354370117
20180829_sample_7,Sst,-33.92729535698891,-37.82406234741211,-37.82406234741211
20180829_sample_8,IT,-28.02802622318268,-35.30435562133789,-35.30435562133789
20180830_sample_1,Pvalb,-27.620553970336918,-36.983821868896484,-36.983821868896484
20180830_sample_2,Pvalb,-36.2476259469986,-38.02370834350586,-38.02370834350586
20180830_sample_5,Pvalb,-27.762440964579586,-35.330162048339844,-35.330162048339844
20180830_sample_6,Pvalb,-40.845856070518494,-38.30788040161133,-38.30788040161133
20180904_sample_1,Pvalb,-35.613808780908585,-37.448951721191406,-37.448951721191406
20180904_sample_2,Pvalb,-44.72849518060684,-36.94914627075195,-36.94914627075195
20180904_sample_3,Pvalb,-33.82754325866699,-35.38524627685547,-35.38524627685547
20180904_sample_4,Pvalb,-45.77434062957764,-37.25163650512695,-37.25163650512695
20180904_sample_5,Pvalb,-28.654882684350014,-37.361114501953125,-37.361114501953125
20180904_sample_6,Pvalb,-46.3697761297226,-38.42637634277344,-38.42637634277344
20180904_sample_7,Pvalb,-29.85402755439281,-38.09178924560547,-38.09178924560547
20180904_sample_9,Pvalb,-30.125269666314125,-37.44643020629883,-37.44643020629883
20180905_sample_1,Sst,-41.22257977724075,-38.11888885498047,-38.11888885498047
20180905_sample_2,Sst,-41.11073166131973,-39.18845748901367,-39.18845748901367
20180910_sample_2,Sst,-49.20279234647751,-39.753684997558594,-39.753684997558594
20180910_sample_3,Sst,-42.83631592988968,-39.190303802490234,-39.190303802490234
20180911_sample_1,Sst,-24.242166429758072,-38.20906448364258,-38.20906448364258
20180911_sample_2,Sst,-39.437174797058105,-38.76225280761719,-38.76225280761719
20180911_sample_3,Sst,-38.192301988601685,-39.620582580566406,-39.620582580566406
20180911_sample_5,Sst,-26.69534832239151,-35.71585464477539,-35.71585464477539
20180911_sample_6,Sst,-44.05807703733444,-38.325225830078125,-38.325225830078125
20180912_sample_2,Pvalb,-41.21433198451996,-36.076194763183594,-36.076194763183594
20180912_sample_3,Pvalb,-63.49656730890274,-36.99536895751953,-36.99536895751953
20180912_sample_6,Pvalb,-23.176750168204308,-34.67768096923828,-34.67768096923828
20180913_sample_2,low quality,-42.76233538985253,-36.4804801940918,-36.4804801940918
20180917_sample_1,Sst,-42.020171880722046,-37.965782165527344,-37.965782165527344
20180917_sample_2,Pvalb,-45.06333544850349,-39.69925308227539,-39.69925308227539
20180917_sample_3,IT,-40.47035798430443,-35.84476089477539,-35.84476089477539
20180917_sample_4,Pvalb,-35.97598522901535,-37.92770767211914,-37.92770767211914
20180917_sample_5,Sst,-48.067957162857056,-37.745643615722656,-37.745643615722656
20180918_sample_1,Vip,-33.32220762968063,-38.60496139526367,-38.60496139526367
20180918_sample_2,Vip,-37.26668283343315,-39.10601806640625,-39.10601806640625
20180918_sample_3,Vip,-39.59136456251144,-38.05714416503906,-38.05714416503906
20180920_sample_1,low quality,-38.5492779314518,-37.42212677001953,-37.42212677001953
20180920_sample_2,Pvalb,-35.933658480644226,-36.14311599731445,-36.14311599731445
20180920_sample_3,Pvalb,-36.38622164726257,-38.39182662963867,-38.39182662963867
20180920_sample_4,Pvalb,-41.07527807354927,-36.80126190185547,-36.80126190185547
20180921_sample_1,low quality,-52.61152982711792,-36.1405029296875,-36.1405029296875
20180921_sample_2,Pvalb,-41.95667803287506,-37.865386962890625,-37.865386962890625
20180921_sample_3,Pvalb,-45.38711905479431,-36.66050338745117,-36.66050338745117
20180925_sample_9,Pvalb,-35.62992066144943,-36.40685272216797,-36.40685272216797
20180926_sample_1,Pvalb,-29.26195226609707,-38.22880935668945,-38.22880935668945
20180926_sample_3,Pvalb,-34.170035272836685,-37.79066848754883,-37.79066848754883
20180926_sample_4,low quality,-44.15104910731316,-37.848270416259766,-37.848270416259766
20180926_sample_7,Pvalb,-33.69884565472603,-36.6755485534668,-36.6755485534668
20180926_sample_9,IT,-29.43343855440617,-36.791805267333984,-36.791805267333984
20180927_sample_1,Pvalb,-34.0360663831234,-34.90605545043945,-34.90605545043945
20180927_sample_2,Pvalb,-42.13814809918404,-36.80561828613281,-36.80561828613281
20180927_sample_3,low quality,-26.592206209897995,-37.30171585083008,-37.30171585083008
20180927_sample_4,Pvalb,-43.44787448644638,-37.945106506347656,-37.945106506347656
20180927_sample_5,Pvalb,-39.357732981443405,-36.05398178100586,-36.05398178100586
20180927_sample_7,Pvalb,-28.80639210343361,-37.97117614746094,-37.97117614746094
20180927_sample_9,IT,-56.15753307938576,-36.506221771240234,-36.506221771240234
20180927_sample_10,low quality,-45.22985965013504,-37.95891571044922,-37.95891571044922
20181002_sample_1,low quality,-36.96439787745476,-36.86545181274414,-36.86545181274414
20181002_sample_2,Pvalb,-40.70012271404266,-38.014678955078125,-38.014678955078125
20181002_sample_3,Pvalb,-34.263648092746735,-35.68625259399414,-35.68625259399414
20181002_sample_4,Pvalb,-42.94212907552719,-36.24215316772461,-36.24215316772461
20181002_sample_5,Pvalb,-32.58837014436722,-37.54607391357422,-37.54607391357422
20181002_sample_6,Pvalb,-52.04487591981888,-35.9556770324707,-35.9556770324707
20181002_sample_7,IT,-26.894189417362213,-33.59965133666992,-33.59965133666992
20181002_sample_8,Pvalb,-39.01569917798042,-37.82125473022461,-37.82125473022461
20181002_sample_9,Sst,-23.282138630747795,-37.979637145996094,-37.979637145996094
20181002_sample_10,Pvalb,-34.836117178201675,-36.884883880615234,-36.884883880615234
20181003_sample_1,low quality,-25.60153231024742,-38.14341735839844,-38.14341735839844
20181003_sample_2,Sst,-34.0602844953537,-38.46086883544922,-38.46086883544922
20181003_sample_3,Sst,-32.79683738946915,-37.598812103271484,-37.598812103271484
20181003_sample_4,Sst,-45.6571988761425,-36.95941925048828,-36.95941925048828
20181003_sample_5,Sst,-30.482910573482517,-39.798545837402344,-39.798545837402344
20181003_sample_6,Sst,-37.02118620276451,-38.05654525756836,-38.05654525756836
20181003_sample_7,Sst,-31.221356242895126,-37.05105972290039,-37.05105972290039
20181003_sample_8,Sst,-39.78575766086578,-36.65370559692383,-36.65370559692383
20181003_sample_9,Sst,-22.876618430018425,-36.01760482788086,-36.01760482788086
20181003_sample_10,Sst,-41.0744734108448,-37.63374328613281,-37.63374328613281
20181004_sample_1,low quality,-34.23740342259407,-34.28038024902344,-34.28038024902344
20181004_sample_3,Sst,-29.02892045676708,-38.35050964355469,-38.35050964355469
20181004_sample_5,Sst,-24.21172149479389,-38.56489944458008,-38.56489944458008
20181004_sample_6,Sst,-46.06452956795693,-38.03040313720703,-38.03040313720703
20181004_sample_8,Sst,-33.66628289222717,-37.630611419677734,-37.630611419677734
20181009_sample_2,Sst,-44.80533301830292,-37.92948913574219,-37.92948913574219
20181009_sample_3,Sst,-36.53400018811226,-37.404659271240234,-37.404659271240234
20181009_sample_4,Sst,-54.12600189447403,-38.46954345703125,-38.46954345703125
20181009_sample_5,Sst,-33.59394520521164,-37.46309280395508,-37.46309280395508
20181009_sample_6,IT,-40.85366800427437,-35.46710968017578,-35.46710968017578
20181009_sample_7,Sst,-35.973623394966125,-37.78440475463867,-37.78440475463867
20181010_sample_1,Sst,-30.35196289420128,-37.25163269042969,-37.25163269042969
20181010_sample_3,Sst,-37.60328143835068,-37.972171783447266,-37.972171783447266
20181010_sample_4,Sst,-39.817702025175095,-40.461483001708984,-40.461483001708984
20181010_sample_5,IT,-28.355075046420097,-33.83278274536133,-33.83278274536133
20181010_sample_6,Sst,-49.77372661232948,-38.5914421081543,-38.5914421081543
20181010_sample_8,Sst,-52.79889702796936,-39.537532806396484,-39.537532806396484
20181010_sample_10,Sst,-43.73263567686081,-36.213321685791016,-36.213321685791016
20181011_sample_3,Sst,-27.899283915758133,-36.723731994628906,-36.723731994628906
20181011_sample_4,Sst,-42.6664799451828,-37.38810348510742,-37.38810348510742
20181011_sample_8,Sst,-39.64723274111748,-38.6068000793457,-38.6068000793457
20181011_sample_9,Sst,-39.08054903149605,-38.56291580200195,-38.56291580200195
20181011_sample_10,Sst,-48.15095290541649,-35.782894134521484,-35.782894134521484
20181109_sample_1,Sst,-52.30490118265152,-39.295284271240234,-39.295284271240234
20181109_sample_2,Sst,-38.1169393658638,-39.07143020629883,-39.07143020629883
20181109_sample_3,Sst,-40.90961068868637,-38.17403030395508,-38.17403030395508
20181109_sample_5,Sst,-51.260147243738174,-37.93812561035156,-37.93812561035156
20181109_sample_7,Sst,-46.90897092223168,-37.87568664550781,-37.87568664550781
20181109_sample_8,Sst,-51.46515741944313,-36.51960754394531,-36.51960754394531
20181109_sample_9,Sst,-41.09299555420876,-38.093788146972656,-38.093788146972656
20181109_sample_10,Sst,-65.15469402074814,-36.60982894897461,-36.60982894897461
20181112_sample_1,low quality,-46.41596600413322,-35.79410171508789,-35.79410171508789
20181112_sample_4,Sst,-52.44467407464981,-35.099185943603516,-35.099185943603516
20181112_sample_5,low quality,-44.15667802095413,-36.291343688964844,-36.291343688964844
20181112_sample_6,Sst,-48.94484207034111,-37.55011749267578,-37.55011749267578
20181112_sample_8,Sst,-42.30332002043724,-39.87047576904297,-39.87047576904297
20181112_sample_11,Sst,-43.18395256996155,-37.606781005859375,-37.606781005859375
20181114_sample_1,Pvalb,-42.22581535577774,-37.349830627441406,-37.349830627441406
20181114_sample_2,Pvalb,-40.3626374900341,-35.85248565673828,-35.85248565673828
20181114_sample_4,Pvalb,-37.22840920090675,-36.916934967041016,-36.916934967041016
20181116_sample_2,Pvalb,-39.25277665257454,-36.939918518066406,-36.939918518066406
20181116_sample_3,Pvalb,-28.989646583795547,-35.79216384887695,-35.79216384887695
20181116_sample_4,Pvalb,-39.25277665257454,-36.34529495239258,-36.34529495239258
20181116_sample_5,Pvalb,-31.695496290922165,-36.00789260864258,-36.00789260864258
20181116_sample_7,low quality,-23.23872037231922,-35.532432556152344,-35.532432556152344
20181116_sample_10,low quality,-37.14888542890549,-36.42454528808594,-36.42454528808594
20181116_sample_12,Pvalb,-42.43644699454308,-38.553428649902344,-38.553428649902344
20181121_sample_1,Sst,-48.2412725687027,-38.00486755371094,-38.00486755371094
20181121_sample_2,Sst,-47.93626070022583,-35.20960998535156,-35.20960998535156
20181121_sample_3,Pvalb,-35.99995002150536,-35.503173828125,-35.503173828125
20181121_sample_4,low quality,-42.09468513727188,-36.3426399230957,-36.3426399230957
20181121_sample_5,Sst,-47.03144729137421,-37.050228118896484,-37.050228118896484
20181121_sample_6,Sst,-34.850526601076126,-38.402076721191406,-38.402076721191406
20181121_sample_7,Sst,-51.16301774978638,-39.740028381347656,-39.740028381347656
20181126_sample_2,Sst,-45.04493996500969,-38.2675666809082,-38.2675666809082
20181126_sample_6,Sst,-45.55810987949371,-38.31340408325195,-38.31340408325195
20181127_sample_1,Sst,-43.61960291862488,-39.03020477294922,-39.03020477294922
20181127_sample_3,Sst,-46.90077900886536,-37.84693145751953,-37.84693145751953
20181127_sample_4,Sst,-43.74577850103378,-39.3056526184082,-39.3056526184082
20181127_sample_5,Sst,-43.54072734713554,-37.423866271972656,-37.423866271972656
20181127_sample_7,Sst,-35.92135012149811,-37.109832763671875,-37.109832763671875
20181129_sample_1,Sst,-43.09874400496483,-39.694602966308594,-39.694602966308594
20181129_sample_2,low quality,-43.74154284596443,-37.82749938964844,-37.82749938964844
20181129_sample_3,Sst,-38.54150325059891,-37.326847076416016,-37.326847076416016
20181129_sample_4,Sst,-43.91350597143173,-37.605255126953125,-37.605255126953125
20181129_sample_5,Sst,-43.748628348112106,-37.709197998046875,-37.709197998046875
20181129_sample_6,Sst,-41.28412529826164,-37.37870407104492,-37.37870407104492
20181203_sample_2,Sst,-42.62913018465042,-37.87278366088867,-37.87278366088867
20181203_sample_3,Sst,-45.75993120670319,-38.23406219482422,-38.23406219482422
20181203_sample_4,Sst,-41.657038033008575,-39.18980026245117,-39.18980026245117
20181203_sample_5,Sst,-38.50030526518822,-37.74106979370117,-37.74106979370117
20181203_sample_6,Pvalb,-36.699503660202026,-37.98332214355469,-37.98332214355469
20181203_sample_7,Sst,-41.02183878421784,-38.7352409362793,-38.7352409362793
20181203_sample_8,Sst,-40.06190225481987,-36.32635498046875,-36.32635498046875
20181203_sample_9,Sst,-39.03021290898323,-39.201297760009766,-39.201297760009766
20181203_sample_10,low quality,-39.67299312353134,-38.298316955566406,-38.298316955566406
20181205_sample_1,Sst,-48.19432273507118,-38.494049072265625,-38.494049072265625
20181205_sample_2,Sst,-51.291823387146,-37.61529541015625,-37.61529541015625
20181207_sample_1,Pvalb,-32.64285251498222,-37.97929000854492,-37.97929000854492
20181207_sample_2,Pvalb,-42.45399311184883,-38.418495178222656,-38.418495178222656
20181207_sample_3,Pvalb,-40.57089984416962,-36.28921890258789,-36.28921890258789
20181207_sample_4,Pvalb,-40.695514529943466,-36.18132781982422,-36.18132781982422
20181207_sample_5,Pvalb,-31.15394525229931,-39.22081756591797,-39.22081756591797
20181207_sample_6,low quality,-46.909693628549576,-36.26692199707031,-36.26692199707031
20181207_sample_7,Pvalb,-49.54097792506218,-35.48854064941406,-35.48854064941406
20181208_sample_1,low quality,-34.88447889685631,-38.27895736694336,-38.27895736694336
20181208_sample_2,Sst,-49.013782292604446,-36.90153121948242,-36.90153121948242
20181208_sample_3,Sst,-43.84889081120491,-35.75301742553711,-35.75301742553711
20181208_sample_4,Sst,-51.91852152347565,-38.46453857421875,-38.46453857421875
20181208_sample_5,Sst,-44.05472427606583,-37.30763244628906,-37.30763244628906
20181208_sample_6,Sst,-53.98109182715416,-36.97202682495117,-36.97202682495117
20181208_sample_7,Sst,-38.625072687864304,-39.18682861328125,-39.18682861328125
20181208_sample_8,Sst,-46.76190763711929,-37.74397277832031,-37.74397277832031
20181208_sample_9,Sst,-45.701559633016586,-39.162601470947266,-39.162601470947266
20181208_sample_10,Sst,-44.60697993636131,-38.27176284790039,-38.27176284790039
20181211_sample_1,CT,-40.33619537949562,-35.138023376464844,-35.138023376464844
20181211_sample_2,Pvalb,-35.73552519083023,-34.860206604003906,-34.860206604003906
20181211_sample_4,Pvalb,-39.36837613582611,-38.71355056762695,-38.71355056762695
20181211_sample_5,low quality,-43.75343769788742,-37.17222213745117,-37.17222213745117
20181211_sample_6,Pvalb,-33.71122106909752,-38.04520797729492,-38.04520797729492
20181211_sample_7,Pvalb,-39.15770724415779,-36.11038589477539,-36.11038589477539
20181211_sample_8,Pvalb,-45.441556721925735,-35.70709228515625,-35.70709228515625
20181211_sample_9,Pvalb,-35.711877048015594,-37.79103469848633,-37.79103469848633
20181213_sample_1,Sst,-44.746845960617065,-39.41484069824219,-39.41484069824219
20181213_sample_2,Sst,-38.11953216791153,-37.1663703918457,-37.1663703918457
20181213_sample_3,Sst,-46.94017767906189,-37.993621826171875,-37.993621826171875
20181213_sample_4,Sst,-48.218004405498505,-39.1873893737793,-39.1873893737793
20181213_sample_5,IT,-40.22758454084397,-35.75404739379883,-35.75404739379883
20181213_sample_6,Sst,-49.99053478240967,-38.13515090942383,-38.13515090942383
20181213_sample_7,Sst,-48.64512383937836,-36.034420013427734,-36.034420013427734
20181214_sample_1,low quality,-43.05314272642136,-36.8345832824707,-36.8345832824707
20181214_sample_2,Sst,-47.91529849171639,-37.792728424072266,-37.792728424072266
20190108_sample_1,Pvalb,-29.476700350642204,-36.74970626831055,-36.74970626831055
20190108_sample_2,Vip,-32.92401880025864,-36.622947692871094,-36.622947692871094
20190108_sample_3,IT,-35.711921751499176,-36.50086975097656,-36.50086975097656
20190108_sample_5,Vip,-28.74870784580708,-36.4505729675293,-36.4505729675293
20190108_sample_6,Lamp5,-26.424912735819817,-33.10969161987305,-33.10969161987305
20190109_sample_2,Sst,-44.22958195209503,-39.1114501953125,-39.1114501953125
20190110_sample_1,Sst,-45.77238857746124,-37.33112716674805,-37.33112716674805
20190110_sample_3,Sst,-30.856937170028687,-37.15831756591797,-37.15831756591797
20190110_sample_4,Sst,-31.40837326645851,-38.169349670410156,-38.169349670410156
20190110_sample_6,IT,-34.075506031513214,-35.63006591796875,-35.63006591796875
20190110_sample_7,IT,-34.69906374812126,-35.960105895996094,-35.960105895996094
20190117_sample_1,Vip,-30.19417636096477,-37.25251007080078,-37.25251007080078
20190117_sample_2,IT,-20.32246440649033,-35.577789306640625,-35.577789306640625
20190117_sample_3,Sst,-32.69874304533005,-37.7852668762207,-37.7852668762207
20190117_sample_4,IT,-36.11120209097862,-36.05644607543945,-36.05644607543945
20190117_sample_5,Sst,-50.27168616652489,-38.095497131347656,-38.095497131347656
20190122_sample_1,Pvalb,-29.86791357398033,-37.64618682861328,-37.64618682861328
20190122_sample_2,IT,-37.35902905464173,-35.548118591308594,-35.548118591308594
20190122_sample_3,Pvalb,-31.23394027352333,-36.74630355834961,-36.74630355834961
20190122_sample_5,Pvalb,-31.76010400056839,-37.20943832397461,-37.20943832397461
20190122_sample_6,IT,-21.97811007499695,-35.42283248901367,-35.42283248901367
20190122_sample_9,Pvalb,-29.65281717479229,-37.864837646484375,-37.864837646484375
20190122_sample_10,Pvalb,-31.05458989739418,-37.449012756347656,-37.449012756347656
20190122_sample_11,low quality,-45.48948630690575,-38.64752197265625,-38.64752197265625
20190122_sample_12,Pvalb,-26.1098463088274,-36.02418899536133,-36.02418899536133
20190122_sample_13,Pvalb,-48.88014867901802,-38.560916900634766,-38.560916900634766
20190122_sample_14,Pvalb,-36.405663937330246,-38.32548141479492,-38.32548141479492
20190122_sample_16,Pvalb,-38.57970982789993,-34.02593994140625,-34.02593994140625
20190122_sample_17,Pvalb,-44.9090301990509,-37.69817352294922,-37.69817352294922
20190123_sample_5,Pvalb,-24.4933869689703,-37.22722625732422,-37.22722625732422
20190123_sample_7,Pvalb,-42.652737349271774,-37.28791809082031,-37.28791809082031
20190123_sample_8,Pvalb,-46.37999460101128,-36.77303695678711,-36.77303695678711
20190124_sample_4,Pvalb,-25.91259777545929,-35.86286544799805,-35.86286544799805
20190128_sample_2,Pvalb,-22.36557006835937,-37.63576126098633,-37.63576126098633
20190128_sample_3,low quality,-27.58209034800529,-36.657344818115234,-36.657344818115234
20190128_sample_4,Pvalb,-38.53139281272888,-37.058780670166016,-37.058780670166016
20190128_sample_6,Lamp5,-40.2570366859436,-36.819618225097656,-36.819618225097656
20190128_sample_7,Pvalb,-23.76004494726658,-36.37849044799805,-36.37849044799805
20190128_sample_11,Pvalb,-37.783801555633545,-36.79923629760742,-36.79923629760742
20190128_sample_12,Pvalb,-46.39270529150963,-36.11967086791992,-36.11967086791992
20190130_sample_2,low quality,-42.343080043792725,-37.478370666503906,-37.478370666503906
20190130_sample_3,Lamp5,-30.382707715034485,-35.40688705444336,-35.40688705444336
20190130_sample_6,Pvalb,-32.15263783931732,-36.51860427856445,-36.51860427856445
20190130_sample_8,CT,-25.94796754419804,-35.06064987182617,-35.06064987182617
20190130_sample_9,Sst,-32.74505212903023,-38.42496871948242,-38.42496871948242
20190130_sample_10,Sst,-35.30791029334068,-36.31856155395508,-36.31856155395508
20190130_sample_15,Pvalb,-46.257272362709045,-37.346649169921875,-37.346649169921875
20190130_sample_17,Sst,-39.42955285310745,-37.053924560546875,-37.053924560546875
20190130_sample_18,Sst,-42.5107479095459,-37.594268798828125,-37.594268798828125
20190131_sample_1,Sst,-31.05228580534458,-37.748836517333984,-37.748836517333984
20190131_sample_3,Pvalb,-31.72246739268303,-37.496883392333984,-37.496883392333984
20190131_sample_4,Sst,-23.517383262515068,-37.712989807128906,-37.712989807128906
20190131_sample_5,Sst,-29.008612036705017,-36.99299240112305,-36.99299240112305
20190131_sample_6,Sst,-38.35458680987358,-36.918827056884766,-36.918827056884766
20190131_sample_10,Sst,-42.24063456058502,-36.719669342041016,-36.719669342041016
20190201_sample_2,Pvalb,-33.22368115186691,-39.08933639526367,-39.08933639526367
20190201_sample_3,Pvalb,-34.90443155169487,-38.10129928588867,-38.10129928588867
20190201_sample_4,Pvalb,-36.560118198394775,-36.64516830444336,-36.64516830444336
20190201_sample_7,Pvalb,-27.33895741403103,-36.9558219909668,-36.9558219909668
20190201_sample_8,Pvalb,-37.62548789381981,-38.21540069580078,-38.21540069580078
20190201_sample_10,Pvalb,-40.38980230689049,-37.51961898803711,-37.51961898803711
20190204_sample_1,Sst,-29.765093699097637,-37.41621017456055,-37.41621017456055
20190204_sample_2,CT,-29.67565506696701,-36.660099029541016,-36.660099029541016
20190204_sample_4,Sst,-44.71711069345474,-37.63227844238281,-37.63227844238281
20190204_sample_5,Sst,-31.90738335251808,-37.92648696899414,-37.92648696899414
20190204_sample_6,Sst,-32.60809928178787,-39.471858978271484,-39.471858978271484
20190204_sample_7,Pvalb,-34.08673778176308,-36.1999626159668,-36.1999626159668
20190204_sample_8,Pvalb,-37.85431012511253,-36.8256950378418,-36.8256950378418
20190204_sample_9,Pvalb,-26.57928876578808,-37.58662033081055,-37.58662033081055
20190204_sample_10,Pvalb,-21.327046677470207,-36.9679069519043,-36.9679069519043
20190204_sample_11,Sst,-40.857817977666855,-37.97901153564453,-37.97901153564453
20190204_sample_14,Sst,-43.487079441547394,-37.40838623046875,-37.40838623046875
20190204_sample_15,Sst,-40.35584628582001,-37.930152893066406,-37.930152893066406
20190204_sample_16,Sst,-36.64414584636688,-37.72608184814453,-37.72608184814453
20190204_sample_17,Sst,-47.703295946121216,-37.596412658691406,-37.596412658691406
20190204_sample_18,Sst,-42.69653931260109,-37.94765853881836,-37.94765853881836
20190204_sample_19,low quality,-39.54511135816574,-36.935630798339844,-36.935630798339844
20190204_sample_20,low quality,-32.333072274923325,-36.10376739501953,-36.10376739501953
20190204_sample_21,Pvalb,-24.20138381421566,-37.51518249511719,-37.51518249511719
20190204_sample_22,IT,-27.234969660639763,-37.693756103515625,-37.693756103515625
20190204_sample_24,CT,-29.427997767925262,-35.42877197265625,-35.42877197265625
20190205_sample_1,Pvalb,-45.663800090551376,-37.74356460571289,-37.74356460571289
20190205_sample_2,Sst,-41.2152074277401,-38.468177795410156,-38.468177795410156
20190205_sample_3,low quality,-35.08109599351883,-36.28211212158203,-36.28211212158203
20190205_sample_4,Sst,-40.67976772785187,-38.72386169433594,-38.72386169433594
20190205_sample_5,Sst,-44.70883309841156,-38.80064392089844,-38.80064392089844
20190205_sample_6,Sst,-38.48596662282944,-36.77724075317383,-36.77724075317383
20190205_sample_7,Pvalb,-40.94479978084564,-39.3021354675293,-39.3021354675293
20190211_sample_1,Pvalb,-31.4236544072628,-36.47834777832031,-36.47834777832031
20190211_sample_2,IT,-37.54209727048874,-35.787715911865234,-35.787715911865234
20190211_sample_3,Pvalb,-33.75912457704544,-39.906349182128906,-39.906349182128906
20190211_sample_4,IT,-35.719793289899826,-36.135799407958984,-36.135799407958984
20190211_sample_6,Pvalb,-38.77992182970047,-37.61440658569336,-37.61440658569336
20190211_sample_8,Pvalb,-41.24641790986061,-36.33543395996094,-36.33543395996094
20190211_sample_9,Pvalb,-37.01996058225632,-36.66176986694336,-36.66176986694336
20190211_sample_11,Pvalb,-40.610987693071365,-36.484771728515625,-36.484771728515625
20190211_sample_12,low quality,-36.6649329662323,-35.99418258666992,-35.99418258666992
20190212_sample_1,Sst,-39.462536573410034,-36.99882888793945,-36.99882888793945
20190212_sample_4,Sst,-39.14399817585945,-37.91065216064453,-37.91065216064453
20190212_sample_5,Sst,-41.613854467868805,-37.778770446777344,-37.778770446777344
20190212_sample_6,Sst,-41.934359818696976,-37.19266128540039,-37.19266128540039
20190212_sample_7,Sst,-39.504073560237885,-38.62793731689453,-38.62793731689453
20190212_sample_8,Sst,-52.32071131467819,-39.39060592651367,-39.39060592651367
20190213_sample_1,Pvalb,-41.68932512402535,-39.77362823486328,-39.77362823486328
20190213_sample_4,Pvalb,-28.844079002738,-38.62541580200195,-38.62541580200195
20190213_sample_7,Pvalb,-41.84325039386749,-37.032169342041016,-37.032169342041016
20190213_sample_8,Pvalb,-29.35401536524296,-35.79059600830078,-35.79059600830078
20190214_sample_1,Pvalb,-39.35004770755768,-36.18031311035156,-36.18031311035156
20190214_sample_2,Pvalb,-26.60970762372017,-37.66062545776367,-37.66062545776367
20190214_sample_3,Pvalb,-31.789369881153107,-38.917850494384766,-38.917850494384766
20190214_sample_6,Pvalb,-35.02149134874344,-35.9775390625,-35.9775390625
20190214_sample_9,Pvalb,-41.80151969194412,-37.70085906982422,-37.70085906982422
20190218_sample_3,Sst,-43.46219450235367,-39.44821548461914,-39.44821548461914
20190218_sample_4,Sst,-36.59952804446221,-38.026546478271484,-38.026546478271484
20190218_sample_5,Sst,-33.34127366542816,-38.70332336425781,-38.70332336425781
20190219_sample_1,Vip,-40.41677340865135,-36.6727294921875,-36.6727294921875
20190219_sample_3,Sncg,-31.666867434978485,-38.96181869506836,-38.96181869506836
20190219_sample_4,Vip,-40.44331982731819,-35.9525146484375,-35.9525146484375
20190219_sample_7,Vip,-35.63637658953667,-36.91044616699219,-36.91044616699219
20190219_sample_8,IT,-41.201408952474594,-36.18777847290039,-36.18777847290039
20190221_sample_1,Sst,-32.91984647512436,-37.38364028930664,-37.38364028930664
20190221_sample_2,Sst,-33.782586455345154,-38.16557693481445,-38.16557693481445
20190221_sample_4,Sst,-30.704304575920105,-37.23246765136719,-37.23246765136719
20190221_sample_10,Sst,-40.6840555369854,-36.86528396606445,-36.86528396606445
20190221_sample_11,Pvalb,-41.45935550332069,-35.34733581542969,-35.34733581542969
20190222_sample_2,CT,-27.623405680060387,-35.82423782348633,-35.82423782348633
20190222_sample_3,IT,-50.16256123781204,-36.28504180908203,-36.28504180908203
20190222_sample_4,CT,-41.1367192864418,-37.284568786621094,-37.284568786621094
20190222_sample_5,CT,-14.152584597468376,-36.464176177978516,-36.464176177978516
20190222_sample_7,Vip,-41.22571647167206,-36.6195068359375,-36.6195068359375
20190222_sample_8,IT,-34.14284437894821,-34.75611877441406,-34.75611877441406
20190226_sample_1,Pvalb,-39.32706266641617,-38.068389892578125,-38.068389892578125
20190226_sample_2,Lamp5,-30.120769515633583,-34.674983978271484,-34.674983978271484
20190226_sample_3,CT,-24.202940985560417,-36.481300354003906,-36.481300354003906
20190226_sample_5,IT,-35.64928472042084,-34.27006912231445,-34.27006912231445
20190226_sample_6,IT,-34.27295386791229,-36.066139221191406,-36.066139221191406
20190226_sample_7,Lamp5,-46.630725264549255,-34.76103591918945,-34.76103591918945
20190226_sample_9,Pvalb,-41.11524298787117,-37.31968307495117,-37.31968307495117
20190227_sample_1,Sst,-52.68055200576782,-37.8802490234375,-37.8802490234375
20190227_sample_2,Sst,-40.39691388607025,-38.62613296508789,-38.62613296508789
20190227_sample_3,Sst,-40.90914875268936,-38.182159423828125,-38.182159423828125
20190227_sample_4,Sst,-50.05145072937012,-38.42152404785156,-38.42152404785156
20190227_sample_5,Sst,-46.09301686286926,-37.229339599609375,-37.229339599609375
20190227_sample_6,Sst,-32.28229284286499,-37.505645751953125,-37.505645751953125
20190227_sample_7,Pvalb,-40.734998881816864,-38.417137145996094,-38.417137145996094
20190318_sample_3,Sst,-38.32309693098068,-35.97368240356445,-35.97368240356445
20190318_sample_4,Sst,-39.89024460315704,-36.362571716308594,-36.362571716308594
20190318_sample_5,Sst,-43.868787586689,-38.87752151489258,-38.87752151489258
20190318_sample_6,Sst,-41.7991541326046,-37.58492660522461,-37.58492660522461
20190320_sample_4,IT,-37.83026337623596,-35.11773681640625,-35.11773681640625
20190320_sample_5,CT,-31.653303653001785,-34.62826919555664,-34.62826919555664
20190320_sample_6,CT,-52.10771411657333,-37.34538650512695,-37.34538650512695
20190320_sample_9,IT,-37.52966225147247,-36.76405715942383,-36.76405715942383
20190321_sample_2,low quality,-29.519129544496536,-36.543766021728516,-36.543766021728516
20190321_sample_4,IT,-46.20557650923729,-36.26164245605469,-36.26164245605469
20190321_sample_6,CT,-35.00007092952728,-35.144020080566406,-35.144020080566406
20190322_sample_1,IT,-34.629836678504944,-35.96998977661133,-35.96998977661133
20190322_sample_2,IT,-34.30589288473129,-35.55315017700195,-35.55315017700195
20190322_sample_3,CT,-27.5126826018095,-35.4788932800293,-35.4788932800293
20190322_sample_4,CT,-35.19243001937866,-34.336483001708984,-34.336483001708984
20190325_sample_1,Lamp5,-33.29896926879883,-33.39353561401367,-33.39353561401367
20190325_sample_2,low quality,-39.93043676018715,-36.6724853515625,-36.6724853515625
20190325_sample_3,IT,-26.989378035068512,-35.40398025512695,-35.40398025512695
20190325_sample_4,CT,-30.486488714814183,-35.2602424621582,-35.2602424621582
20190325_sample_5,CT,-25.91310627758503,-35.68895721435547,-35.68895721435547
20190325_sample_6,CT,-31.6188745200634,-36.49538040161133,-36.49538040161133
20190325_sample_7,IT,-24.710753932595253,-37.261085510253906,-37.261085510253906
20190325_sample_9,CT,-45.066650956869125,-36.88200378417969,-36.88200378417969
20190326_sample_1,CT,-34.767452627420425,-36.75359344482422,-36.75359344482422
20190326_sample_2,Vip,-41.1556288599968,-35.728336334228516,-35.728336334228516
20190326_sample_3,Vip,-45.47106847167015,-35.00712585449219,-35.00712585449219
20190326_sample_4,CT,-41.09548777341843,-38.41365432739258,-38.41365432739258
20190327_sample_1,CT,-53.66158112883568,-39.23907470703125,-39.23907470703125
20190327_sample_2,IT,-48.38729649782181,-36.4696159362793,-36.4696159362793
20190327_sample_4,CT,-43.53456199169159,-35.04844665527344,-35.04844665527344
20190327_sample_7,Vip,-29.48353625833988,-34.57415008544922,-34.57415008544922
20190328_sample_1,CT,-37.96399384737015,-36.11954116821289,-36.11954116821289
20190328_sample_2,CT,-38.05551305413246,-36.71390914916992,-36.71390914916992
20190328_sample_3,CT,-41.64564982056618,-36.61293029785156,-36.61293029785156
20190328_sample_4,CT,-37.14010864496231,-36.460872650146484,-36.460872650146484
20190328_sample_5,CT,-42.17327386140824,-35.53568649291992,-35.53568649291992
20190328_sample_6,CT,-38.041312247514725,-36.00294876098633,-36.00294876098633
20190328_sample_8,IT,-33.08001905679703,-35.377803802490234,-35.377803802490234
20190328_sample_9,CT,-40.89533910155296,-36.841251373291016,-36.841251373291016
20190329_sample_3,CT,-39.04169797897339,-36.07626724243164,-36.07626724243164
20190329_sample_4,CT,-52.44555696845055,-36.00084686279297,-36.00084686279297
20190329_sample_5,CT,-38.750309497118,-35.11164093017578,-35.11164093017578
20190402_sample_2,CT,-34.324634820222855,-36.23991394042969,-36.23991394042969
20190402_sample_3,IT,-41.744958609342575,-37.33456039428711,-37.33456039428711
20190402_sample_5,low quality,-34.17898342013359,-37.731666564941406,-37.731666564941406
20190402_sample_6,Vip,-39.98175263404846,-35.50563049316406,-35.50563049316406
20190403_sample_3,low quality,-31.76519274711609,-36.048240661621094,-36.048240661621094
20190403_sample_5,IT,-42.96339675784111,-36.22053909301758,-36.22053909301758
20190403_sample_6,Sst,-41.93476587533951,-35.90093994140625,-35.90093994140625
20190403_sample_7,Sst,-42.63583943247795,-39.511680603027344,-39.511680603027344
20190408_sample_1,Pvalb,-30.2472859621048,-39.666324615478516,-39.666324615478516
20190408_sample_2,Sst,-36.94654256105423,-37.081478118896484,-37.081478118896484
20190408_sample_5,Sst,-37.07488626241684,-37.04776382446289,-37.04776382446289
20190408_sample_6,Sst,-36.53198853135109,-37.92668151855469,-37.92668151855469
20190409_sample_2,low quality,-37.079326808452606,-37.53255844116211,-37.53255844116211
20190409_sample_3,low quality,-41.70152917504311,-37.334659576416016,-37.334659576416016
20190409_sample_4,Sst,-44.74650695919991,-39.194637298583984,-39.194637298583984
20190409_sample_5,CT,-41.80490970611572,-36.645111083984375,-36.645111083984375
20190409_sample_7,Sst,-39.15270045399666,-36.796539306640625,-36.796539306640625
20190409_sample_8,CT,-42.6352433860302,-38.181976318359375,-38.181976318359375
20190409_sample_9,IT,-57.47007206082344,-35.203739166259766,-35.203739166259766
20190409_sample_10,CT,-40.65713658928871,-34.92997741699219,-34.92997741699219
20190409_sample_11,IT,-38.94047066569328,-36.44576644897461,-36.44576644897461
20190410_sample_3,CT,-46.83563485741615,-36.078311920166016,-36.078311920166016
20190410_sample_4,Sst,-42.49757155776024,-36.95872116088867,-36.95872116088867
20190410_sample_6,IT,-26.208126917481422,-35.556453704833984,-35.556453704833984
20190410_sample_7,CT,-43.50697994232178,-36.161746978759766,-36.161746978759766
20190410_sample_10,CT,-26.9852913916111,-36.15559387207031,-36.15559387207031
20190411_sample_1,CT,-40.56014120578766,-36.50553512573242,-36.50553512573242
20190411_sample_3,low quality,-38.98050263524056,-35.94373321533203,-35.94373321533203
20190411_sample_5,CT,-36.65763884782791,-36.604225158691406,-36.604225158691406
20190411_sample_6,Pvalb,-42.790498584508896,-36.46699142456055,-36.46699142456055
20190411_sample_8,CT,-38.365885615348816,-38.01051712036133,-38.01051712036133
20190412_sample_1,Pvalb,-41.49002954363823,-36.647735595703125,-36.647735595703125
20190412_sample_3,IT,-38.141533732414246,-37.3902473449707,-37.3902473449707
20190412_sample_6,Pvalb,-37.8071628510952,-35.733558654785156,-35.733558654785156
20190415_sample_1,Pvalb,-35.53654998540878,-38.72160720825195,-38.72160720825195
20190415_sample_3,CT,-38.10341656208038,-35.231327056884766,-35.231327056884766
20190415_sample_4,IT,-38.17069157958031,-35.66334533691406,-35.66334533691406
20190415_sample_6,CT,-38.68424147367477,-35.107662200927734,-35.107662200927734
20190415_sample_8,Sst,-39.093319326639175,-38.5159912109375,-38.5159912109375
20190415_sample_10,IT,-36.83526441454888,-36.757415771484375,-36.757415771484375
20190416_sample_3,CT,-41.68368503451347,-36.622161865234375,-36.622161865234375
20190416_sample_4,Pvalb,-36.92859411239624,-36.20988845825195,-36.20988845825195
20190416_sample_5,Sst,-36.34820505976677,-37.899993896484375,-37.899993896484375
20190416_sample_6,IT,-37.32314333319664,-35.71442794799805,-35.71442794799805
20190416_sample_7,Sncg,-35.874344408512115,-37.57075881958008,-37.57075881958008
20190416_sample_8,Pvalb,-38.192253559827805,-36.236228942871094,-36.236228942871094
20190416_sample_9,IT,-32.72562101483345,-35.74299621582031,-35.74299621582031
20190416_sample_10,CT,-36.673400551080704,-36.51737594604492,-36.51737594604492
20190417_sample_2,CT,-39.069000631570816,-37.646854400634766,-37.646854400634766
20190417_sample_3,CT,-36.05324774980545,-35.216880798339844,-35.216880798339844
20190417_sample_4,Sst,-37.65202686190605,-35.87825393676758,-35.87825393676758
20190417_sample_5,Sst,-34.886837005615234,-36.225582122802734,-36.225582122802734
20190417_sample_9,CT,-30.45184724032879,-36.68781661987305,-36.68781661987305
20190417_sample_10,Sst,-25.39408579468727,-38.8345947265625,-38.8345947265625
20190418_sample_2,Sst,-47.61573672294617,-35.801422119140625,-35.801422119140625
20190418_sample_4,CT,-37.76612877845764,-34.921871185302734,-34.921871185302734
20190418_sample_5,IT,-39.098404347896576,-36.984588623046875,-36.984588623046875
20190418_sample_7,CT,-37.02814131975174,-35.93824768066406,-35.93824768066406
20190418_sample_8,Pvalb,-44.037699699401855,-35.50525665283203,-35.50525665283203
20190418_sample_9,CT,-32.295819371938705,-37.58449935913086,-37.58449935913086
20190418_sample_10,CT,-35.90576723217964,-35.842369079589844,-35.842369079589844
20190422_sample_1,Pvalb,-41.56651720404625,-38.76657485961914,-38.76657485961914
20190422_sample_4,Pvalb,-40.77254608273506,-36.379737854003906,-36.379737854003906
20190422_sample_5,Pvalb,-37.40290924906731,-36.83757019042969,-36.83757019042969
20190422_sample_6,CT,-38.58316317200661,-37.51321792602539,-37.51321792602539
20190422_sample_7,IT,-35.63275560736656,-34.057281494140625,-34.057281494140625
20190422_sample_8,Pvalb,-38.9082096517086,-36.2855224609375,-36.2855224609375
20190422_sample_10,CT,-37.0229110121727,-37.25381088256836,-37.25381088256836
20190423_sample_1,IT,-39.784569293260574,-35.865135192871094,-35.865135192871094
20190423_sample_3,CT,-38.518667221069336,-37.35986328125,-37.35986328125
20190423_sample_5,CT,-36.65649890899658,-36.78608703613281,-36.78608703613281
20190423_sample_7,CT,-32.53338485956192,-36.514041900634766,-36.514041900634766
20190423_sample_8,Pvalb,-30.912116169929504,-38.6108512878418,-38.6108512878418
20190423_sample_10,Pvalb,-35.77400743961334,-36.873897552490234,-36.873897552490234
20190424_sample_1,CT,-36.73947975039482,-34.65982437133789,-34.65982437133789
20190424_sample_2,Pvalb,-38.10490295290947,-35.76569747924805,-35.76569747924805
20190424_sample_3,CT,-37.43057698011398,-36.27153778076172,-36.27153778076172
20190424_sample_4,CT,-36.17928922176361,-35.79783248901367,-35.79783248901367
20190424_sample_5,CT,-43.75424608588219,-36.396602630615234,-36.396602630615234
20190424_sample_6,IT,-23.36682006716728,-35.04096221923828,-35.04096221923828
20190424_sample_7,Lamp5,-27.66156569123268,-34.80122375488281,-34.80122375488281
20190425_sample_1,IT,-39.82153534889221,-36.49418640136719,-36.49418640136719
20190425_sample_4,Lamp5,-35.82010790705681,-34.8737678527832,-34.8737678527832
20190425_sample_6,Sst,-44.07304152846336,-38.493289947509766,-38.493289947509766
20190425_sample_7,IT,-28.788994997739792,-35.68677520751953,-35.68677520751953
20190425_sample_8,CT,-43.2930625975132,-37.22758483886719,-37.22758483886719
20190425_sample_9,CT,-41.51447862386704,-37.44737243652344,-37.44737243652344
20190425_sample_12,CT,-35.283662378787994,-34.99669647216797,-34.99669647216797
20190425_sample_13,CT,-34.7149558365345,-36.72588348388672,-36.72588348388672
20190425_sample_14,CT,-36.5045927464962,-36.00254821777344,-36.00254821777344
20190425_sample_16,IT,-39.85441103577614,-35.99070739746094,-35.99070739746094
20190429_sample_1,Pvalb,-42.18064993619919,-36.163185119628906,-36.163185119628906
20190429_sample_4,Pvalb,-39.63775932788849,-37.946502685546875,-37.946502685546875
20190429_sample_5,Pvalb,-35.06385535001755,-38.348087310791016,-38.348087310791016
20190429_sample_6,Pvalb,-36.0911451280117,-36.977783203125,-36.977783203125
20190429_sample_7,CT,-32.95006603002548,-36.70412063598633,-36.70412063598633
20190430_sample_1,Vip,-31.97290375828743,-36.444766998291016,-36.444766998291016
20190430_sample_3,Vip,-36.97071969509125,-37.201759338378906,-37.201759338378906
20190430_sample_4,Vip,-45.218124985694885,-36.59054946899414,-36.59054946899414
20190430_sample_5,Vip,-35.17242893576622,-35.16373825073242,-35.16373825073242
20190430_sample_6,Vip,-38.36918994784355,-35.89745330810547,-35.89745330810547
20190430_sample_7,IT,-35.435810685157776,-35.72059631347656,-35.72059631347656
20190430_sample_8,Vip,-35.83390265703201,-35.21113204956055,-35.21113204956055
20190430_sample_9,IT,-36.461468786001205,-35.000247955322266,-35.000247955322266
20190430_sample_10,IT,-38.16962242126465,-35.43772506713867,-35.43772506713867
20190501_sample_1,Vip,-34.21241044998169,-37.1533317565918,-37.1533317565918
20190501_sample_3,Vip,-38.44116255640984,-37.572566986083984,-37.572566986083984
20190501_sample_4,Vip,-45.03218829631805,-36.108428955078125,-36.108428955078125
20190501_sample_5,CT,-33.36459770798683,-35.49073028564453,-35.49073028564453
20190501_sample_6,Vip,-42.022593319416046,-35.81863784790039,-35.81863784790039
20190501_sample_7,Pvalb,-33.2481749355793,-38.25543212890625,-38.25543212890625
20190501_sample_8,Vip,-44.11981627345085,-35.457801818847656,-35.457801818847656
20190501_sample_9,Pvalb,-25.250833481550217,-39.52162170410156,-39.52162170410156
20190501_sample_11,Pvalb,-40.18918052315712,-34.99953842163086,-34.99953842163086
20190501_sample_12,IT,-38.75009715557098,-35.8167839050293,-35.8167839050293
20190501_sample_14,Pvalb,-42.7166223526001,-38.61449432373047,-38.61449432373047
20190503_sample_1,Vip,-36.744680255651474,-38.051761627197266,-38.051761627197266
20190503_sample_3,Vip,-42.02914237976074,-34.79903793334961,-34.79903793334961
20190506_sample_1,Vip,-36.17488592863083,-36.34162521362305,-36.34162521362305
20190506_sample_2,Vip,-39.56074267625809,-35.825294494628906,-35.825294494628906
20190506_sample_3,Vip,-41.28361493349075,-35.90379333496094,-35.90379333496094
20190506_sample_4,CT,-40.09304940700531,-36.27824783325195,-36.27824783325195
20190506_sample_5,Vip,-35.90227663516998,-35.12593078613281,-35.12593078613281
20190506_sample_6,CT,-36.22708097100258,-37.41975021362305,-37.41975021362305
20190506_sample_7,Vip,-43.05120557546616,-37.62913513183594,-37.62913513183594
20190507_sample_2,Vip,-30.68853542208672,-37.44804000854492,-37.44804000854492
20190507_sample_3,CT,-39.25402462482453,-37.11139678955078,-37.11139678955078
20190507_sample_4,Vip,-29.516641050577164,-38.045162200927734,-38.045162200927734
20190507_sample_5,Vip,-37.220299243927,-38.28636932373047,-38.28636932373047
20190507_sample_6,Vip,-42.44070127606392,-36.917179107666016,-36.917179107666016
20190508_sample_1,Lamp5,-42.12057963013649,-34.99516296386719,-34.99516296386719
20190508_sample_2,Sst,-38.86747732758522,-36.488521575927734,-36.488521575927734
20190508_sample_3,Lamp5,-26.49228274822235,-34.46138000488281,-34.46138000488281
20190508_sample_4,Sst,-34.00108218193054,-40.235435485839844,-40.235435485839844
20190508_sample_5,low quality,-42.46094077825546,-37.31343460083008,-37.31343460083008
20190508_sample_6,Pvalb,-41.13230109214783,-37.02571487426758,-37.02571487426758
20190508_sample_7,Sst,-35.124391317367554,-39.39794921875,-39.39794921875
20190509_sample_2,Vip,-39.74984958767891,-36.44606018066406,-36.44606018066406
20190509_sample_3,Lamp5,-36.15029156208038,-36.41630935668945,-36.41630935668945
20190509_sample_4,Vip,-29.681898653507236,-36.443634033203125,-36.443634033203125
20190509_sample_5,Lamp5,-34.70953553915024,-35.131500244140625,-35.131500244140625
20190509_sample_9,Vip,-46.58186435699463,-36.22060775756836,-36.22060775756836
20190513_sample_1,Lamp5,-46.00575193762779,-35.13028335571289,-35.13028335571289
20190513_sample_2,Vip,-35.8806811273098,-35.11659622192383,-35.11659622192383
20190513_sample_3,Vip,-36.11499816179276,-37.35922622680664,-37.35922622680664
20190513_sample_4,Vip,-35.76117008924484,-34.343536376953125,-34.343536376953125
20190513_sample_5,Lamp5,-33.23258087038994,-35.39925765991211,-35.39925765991211
20190514_sample_2,Pvalb,-52.71163955330849,-36.96575927734375,-36.96575927734375
20190514_sample_4,Lamp5,-48.76626655459404,-35.04584503173828,-35.04584503173828
20190514_sample_7,Lamp5,-28.14000658690929,-35.88434600830078,-35.88434600830078
20190514_sample_8,Pvalb,-26.05252154171467,-37.976905822753906,-37.976905822753906
20190515_sample_1,Lamp5,-33.78254920244217,-36.340110778808594,-36.340110778808594
20190515_sample_2,low quality,-37.563394755125046,-35.915279388427734,-35.915279388427734
20190515_sample_3,low quality,-29.395222663879395,-37.61589813232422,-37.61589813232422
20190515_sample_4,Vip,-36.07652708888054,-36.45042419433594,-36.45042419433594
20190515_sample_5,Lamp5,-39.789315313100815,-34.972694396972656,-34.972694396972656
20190515_sample_6,Vip,-43.301500380039215,-36.19770812988281,-36.19770812988281
20190515_sample_7,Lamp5,-37.26785629987717,-38.028228759765625,-38.028228759765625
20190515_sample_8,Vip,-37.07541525363922,-38.69001007080078,-38.69001007080078
20190515_sample_9,Lamp5,-33.68467092514038,-36.361663818359375,-36.361663818359375
20190515_sample_10,Vip,-32.08322077989578,-37.649845123291016,-37.649845123291016
20190515_sample_11,Lamp5,-25.001559406518936,-34.62849807739258,-34.62849807739258
20190515_sample_12,Vip,-38.16760331392288,-35.70526885986328,-35.70526885986328
20190515_sample_13,Vip,-27.9243178665638,-36.038429260253906,-36.038429260253906
20190515_sample_14,Vip,-38.70352357625961,-35.316715240478516,-35.316715240478516
20190515_sample_15,Lamp5,-20.565135404467583,-36.26885986328125,-36.26885986328125
20190516_sample_2,Sst,-25.57694911956787,-40.4666748046875,-40.4666748046875
20190516_sample_3,Lamp5,-30.476942658424377,-34.345157623291016,-34.345157623291016
20190516_sample_4,Sst,-26.004396378993988,-40.04597473144531,-40.04597473144531
20190516_sample_5,Lamp5,-21.168654784560204,-34.612518310546875,-34.612518310546875
20190516_sample_6,Sst,-34.010834991931915,-36.59950256347656,-36.59950256347656
20190522_sample_1,Lamp5,-29.82226759195328,-35.49656295776367,-35.49656295776367
20190528_sample_2,Vip,-38.89864683151245,-34.849952697753906,-34.849952697753906
20190528_sample_4,Vip,-32.97306224703789,-35.07879638671875,-35.07879638671875
20190528_sample_6,Vip,-32.58582949638367,-34.75121307373047,-34.75121307373047
20190528_sample_7,Lamp5,-22.824740037322044,-34.74348449707031,-34.74348449707031
20190528_sample_8,Vip,-38.85890170931816,-34.20445251464844,-34.20445251464844
20190528_sample_9,Vip,-28.71213480830193,-34.158721923828125,-34.158721923828125
20190529_sample_2,Vip,-50.894711166620255,-37.8863525390625,-37.8863525390625
20190529_sample_3,Sncg,-31.058477237820625,-35.42578887939453,-35.42578887939453
20190529_sample_6,Vip,-33.164601773023605,-37.164588928222656,-37.164588928222656
20190603_sample_1,Lamp5,-22.58158847689629,-35.56714630126953,-35.56714630126953
20190603_sample_2,Vip,-26.17752365767956,-36.52030563354492,-36.52030563354492
20190603_sample_3,Vip,-47.77883738279343,-36.52631759643555,-36.52631759643555
20190603_sample_4,Vip,-29.01298739016056,-36.16644287109375,-36.16644287109375
20190603_sample_5,Lamp5,-11.1937765032053,-33.81661605834961,-33.81661605834961
20190603_sample_6,Lamp5,-28.01855094730854,-34.72016143798828,-34.72016143798828
20190603_sample_7,Lamp5,-27.10183523595333,-35.15509796142578,-35.15509796142578
20190603_sample_9,Sncg,-29.02516163885593,-34.28253936767578,-34.28253936767578
20190603_sample_10,Vip,-28.051365166902546,-35.93305587768555,-35.93305587768555
20190604_sample_2,Pvalb,-37.10290044546127,-36.870872497558594,-36.870872497558594
20190604_sample_4,Lamp5,-30.59864602982998,-34.047401428222656,-34.047401428222656
20190604_sample_6,Lamp5,-28.92490848898888,-34.124446868896484,-34.124446868896484
20190604_sample_8,Pvalb,-36.440420895814896,-37.42863082885742,-37.42863082885742
20190604_sample_12,IT,-38.450565189123154,-35.4422721862793,-35.4422721862793
20190605_sample_1,low quality,-25.97746066749096,-36.239559173583984,-36.239559173583984
20190605_sample_2,Vip,-42.52512380480766,-36.77677917480469,-36.77677917480469
20190605_sample_4,Vip,-34.89706292748451,-36.84789276123047,-36.84789276123047
20190605_sample_5,Lamp5,-32.64165297150612,-32.498409271240234,-32.498409271240234
20190605_sample_6,Vip,-39.58830609917641,-38.9749641418457,-38.9749641418457
20190606_sample_1,Pvalb,-33.83158892393112,-38.594879150390625,-38.594879150390625
20190606_sample_2,Pvalb,-44.00031641125679,-35.75540542602539,-35.75540542602539
20190606_sample_3,Pvalb,-33.13938155770302,-38.39687728881836,-38.39687728881836
20190606_sample_5,Pvalb,-35.74150800704956,-36.10965347290039,-36.10965347290039
20190606_sample_6,IT,-38.33476081490517,-35.202213287353516,-35.202213287353516
20190606_sample_7,low quality,-33.17677602171898,-34.72450637817383,-34.72450637817383
20190606_sample_9,Sst,-36.33147478103638,-36.393890380859375,-36.393890380859375
20190607_sample_2,Sst,-36.92742809653282,-40.19162368774414,-40.19162368774414
20190607_sample_3,Lamp5,-19.93369497358799,-35.60475540161133,-35.60475540161133
20190607_sample_5,low quality,-46.95730656385422,-37.15934753417969,-37.15934753417969
20190610_sample_1,Sst,-28.3326618373394,-36.98775863647461,-36.98775863647461
20190610_sample_2,Pvalb,-34.9261611700058,-36.45039749145508,-36.45039749145508
20190610_sample_3,Lamp5,-26.027316227555275,-35.53778839111328,-35.53778839111328
20190610_sample_4,Pvalb,-37.99410164356232,-36.717124938964844,-36.717124938964844
20190610_sample_5,low quality,-33.80346670746803,-36.21559143066406,-36.21559143066406
20190610_sample_7,low quality,-24.57694336771965,-35.954036712646484,-35.954036712646484
20190610_sample_8,Pvalb,-25.60733817517757,-35.93531036376953,-35.93531036376953
20190610_sample_9,Lamp5,-25.731319561600685,-34.980709075927734,-34.980709075927734
20190610_sample_10,Pvalb,-42.84428805112839,-36.57438659667969,-36.57438659667969
20190610_sample_12,Pvalb,-22.72767573595047,-36.8701057434082,-36.8701057434082
20190610_sample_16,Lamp5,-30.756594613194466,-36.88676071166992,-36.88676071166992
20190610_sample_18,Vip,-27.85790152847767,-36.33961486816406,-36.33961486816406
20190611_sample_1,IT,-38.047801703214645,-36.80266189575195,-36.80266189575195
20190611_sample_3,Lamp5,-37.5753715634346,-35.14273452758789,-35.14273452758789
20190611_sample_4,Sst,-52.10543796420097,-37.987125396728516,-37.987125396728516
20190611_sample_5,low quality,-41.494306176900864,-37.626869201660156,-37.626869201660156
20190611_sample_7,Lamp5,-41.18386283516884,-34.45296096801758,-34.45296096801758
20190611_sample_8,Sst,-35.351600497961044,-37.46043014526367,-37.46043014526367
20190611_sample_10,Sst,-40.43510556221008,-34.85292434692383,-34.85292434692383
20190611_sample_11,IT,-32.751813530921936,-37.84775161743164,-37.84775161743164
20190611_sample_14,Sncg,-36.77105531096458,-38.99929428100586,-38.99929428100586
20190611_sample_15,Lamp5,-32.82112628221512,-37.03092956542969,-37.03092956542969
20190612_sample_1,Lamp5,-30.3418580442667,-35.64552307128906,-35.64552307128906
20190612_sample_2,Pvalb,-41.07889160513878,-37.07172393798828,-37.07172393798828
20190612_sample_4,Vip,-40.42046517133713,-35.37767791748047,-35.37767791748047
20190612_sample_6,Pvalb,-34.467268735170364,-35.59086608886719,-35.59086608886719
20190612_sample_7,Lamp5,-27.510076761245728,-34.81584930419922,-34.81584930419922
20190612_sample_8,Lamp5,-32.12534636259079,-34.32733154296875,-34.32733154296875
20190613_sample_2,Sst,-40.804311633110046,-37.920860290527344,-37.920860290527344
20190613_sample_3,Sst,-48.33202436566353,-38.66368865966797,-38.66368865966797
20190613_sample_4,Sst,-46.629127115011215,-37.69866180419922,-37.69866180419922
20190613_sample_6,Pvalb,-41.51088744401932,-40.476783752441406,-40.476783752441406
20190613_sample_7,Sst,-40.83685576915741,-38.09855651855469,-38.09855651855469
20190613_sample_8,Pvalb,-48.88428747653961,-38.12761306762695,-38.12761306762695
20190613_sample_9,Sst,-45.5891378223896,-36.69336700439453,-36.69336700439453
20190613_sample_10,Sst,-39.405081421136856,-39.993892669677734,-39.993892669677734
20190614_sample_2,Vip,-33.157844096422195,-36.98347091674805,-36.98347091674805
20190614_sample_3,Lamp5,-34.482914954423904,-36.379798889160156,-36.379798889160156
20190614_sample_4,Vip,-43.70291158556938,-36.77033233642578,-36.77033233642578
20190614_sample_6,Vip,-44.27975043654442,-36.8006706237793,-36.8006706237793
20190614_sample_8,Vip,-37.073805928230286,-38.39360427856445,-38.39360427856445
20190617_sample_1,Lamp5,-24.27644282579422,-36.77228927612305,-36.77228927612305
20190617_sample_2,CT,-34.41431373357773,-37.089237213134766,-37.089237213134766
20190617_sample_3,Sst,-38.925398141145706,-39.07175827026367,-39.07175827026367
20190617_sample_4,Sst,-34.502774477005005,-37.644832611083984,-37.644832611083984
20190617_sample_5,Sncg,-39.59618136286736,-37.54909896850586,-37.54909896850586
20190617_sample_6,Sst,-35.55827587842941,-39.61371994018555,-39.61371994018555
20190618_sample_1,low quality,-41.07120260596275,-35.1119499206543,-35.1119499206543
20190618_sample_2,Vip,-44.1524051129818,-36.72029113769531,-36.72029113769531
20190618_sample_4,Vip,-32.75680914521217,-36.75396728515625,-36.75396728515625
20190618_sample_5,Vip,-33.34790840744972,-36.765602111816406,-36.765602111816406
20190618_sample_7,Lamp5,-33.02924707531929,-36.322505950927734,-36.322505950927734
20190618_sample_8,Lamp5,-31.53936192393303,-36.707130432128906,-36.707130432128906
20190619_sample_1,Lamp5,-33.74842926859856,-36.81071090698242,-36.81071090698242
20190619_sample_3,Pvalb,-34.129105508327484,-37.014381408691406,-37.014381408691406
20190619_sample_4,Pvalb,-37.44177147746086,-38.75938415527344,-38.75938415527344
20190619_sample_5,Pvalb,-29.875975102186203,-39.1328010559082,-39.1328010559082
20190619_sample_6,Lamp5,-30.158333480358124,-34.65971374511719,-34.65971374511719
20190620_sample_1,Lamp5,-25.942379608750343,-35.47659683227539,-35.47659683227539
20190620_sample_2,Sst,-31.85751661658287,-35.349639892578125,-35.349639892578125
20190620_sample_5,Sst,-41.086867451667786,-37.26625061035156,-37.26625061035156
20190620_sample_6,Sst,-42.98628866672516,-36.910762786865234,-36.910762786865234
20190620_sample_8,Pvalb,-37.26742044091225,-36.76346969604492,-36.76346969604492
20190624_sample_1,Sst,-41.39126092195511,-40.127342224121094,-40.127342224121094
20190624_sample_2,Sst,-45.61925306916237,-38.46242904663086,-38.46242904663086
20190624_sample_3,Sst,-36.71735897660256,-37.532135009765625,-37.532135009765625
20190624_sample_4,Pvalb,-37.4584011733532,-38.409698486328125,-38.409698486328125
20190624_sample_5,Sst,-33.92002359032631,-39.672969818115234,-39.672969818115234
20190624_sample_6,Sst,-43.31769049167633,-38.37373733520508,-38.37373733520508
20190625_sample_1,Vip,-32.29027986526489,-36.3178596496582,-36.3178596496582
20190625_sample_2,low quality,-36.31073608994484,-37.310298919677734,-37.310298919677734
20190625_sample_3,Vip,-34.480176866054535,-37.72596740722656,-37.72596740722656
20190625_sample_4,Vip,-30.493048951029778,-37.337867736816406,-37.337867736816406
20190625_sample_5,Vip,-34.39641371369362,-37.94352340698242,-37.94352340698242
20190625_sample_6,Lamp5,-30.3561557084322,-36.42287826538086,-36.42287826538086
20190625_sample_7,Vip,-40.03693163394928,-38.126808166503906,-38.126808166503906
20190625_sample_8,Vip,-37.293143570423126,-35.87806701660156,-35.87806701660156
20190625_sample_10,Vip,-37.815842777490616,-37.18863296508789,-37.18863296508789
20190625_sample_11,Vip,-33.95082801580429,-36.755584716796875,-36.755584716796875
20190625_sample_12,Vip,-37.71201521158218,-35.431602478027344,-35.431602478027344
20190625_sample_13,Vip,-36.00705787539482,-31.96977996826172,-31.96977996826172
20190626_sample_1,Vip,-49.80871081352234,-36.66593551635742,-36.66593551635742
20190626_sample_4,low quality,-42.1132817864418,-36.31233215332031,-36.31233215332031
20190626_sample_5,Vip,-38.302261382341385,-35.056644439697266,-35.056644439697266
20190627_sample_1,CT,-39.95690122246742,-36.087520599365234,-36.087520599365234
20190627_sample_2,Lamp5,-33.93827751278877,-35.0069465637207,-35.0069465637207
20190627_sample_4,NP,-41.49219393730164,-37.71538162231445,-37.71538162231445
20190627_sample_6,Pvalb,-44.66458782553673,-35.60236358642578,-35.60236358642578
20190627_sample_8,IT,-39.3197201192379,-35.4693717956543,-35.4693717956543
20190628_sample_1,Sst,-32.184407114982605,-39.58502960205078,-39.58502960205078
20190628_sample_2,Pvalb,-25.35361051559448,-36.78105545043945,-36.78105545043945
20190628_sample_3,Sst,-33.795345574617386,-37.94706726074219,-37.94706726074219
20190628_sample_4,Sst,-27.129802852869037,-39.565834045410156,-39.565834045410156
20190628_sample_5,Sst,-44.22980174422264,-38.005096435546875,-38.005096435546875
20190628_sample_6,Pvalb,-39.869263768196106,-37.871036529541016,-37.871036529541016
20190628_sample_7,Sst,-28.38008850812912,-37.29726028442383,-37.29726028442383
20190703_sample_1,Pvalb,-36.24385967850685,-36.24876403808594,-36.24876403808594
20190703_sample_2,Pvalb,-42.830515652894974,-36.56696319580078,-36.56696319580078
20190703_sample_3,Pvalb,-27.61821448802948,-38.3681526184082,-38.3681526184082
20190703_sample_5,Pvalb,-35.151418298482895,-36.146644592285156,-36.146644592285156
20190703_sample_6,Pvalb,-40.32731428742409,-37.507110595703125,-37.507110595703125
20190703_sample_8,Pvalb,-37.91224211454392,-37.895545959472656,-37.895545959472656
20190703_sample_10,Pvalb,-32.34575316309929,-37.62071990966797,-37.62071990966797
20190703_sample_12,Pvalb,-39.37346488237381,-37.12940979003906,-37.12940979003906
20190703_sample_13,Sst,-29.56909127533436,-38.20919418334961,-38.20919418334961
20190703_sample_14,low quality,-44.9528694152832,-36.4077262878418,-36.4077262878418
20190703_sample_15,Sst,-33.27295556664467,-39.24355697631836,-39.24355697631836
20190704_sample_2,Sst,-52.1046556532383,-38.613040924072266,-38.613040924072266
20190704_sample_12,Vip,-40.18934443593025,-36.9522590637207,-36.9522590637207
20190704_sample_14,Vip,-31.319547444581985,-36.665245056152344,-36.665245056152344
20190705_sample_1,Vip,-45.11018469929695,-36.743961334228516,-36.743961334228516
20190705_sample_3,Vip,-32.213956117630005,-36.257049560546875,-36.257049560546875
20190705_sample_4,Vip,-33.83173421025276,-37.232765197753906,-37.232765197753906
20190705_sample_5,Vip,-43.3851033449173,-35.81440734863281,-35.81440734863281
20190705_sample_9,Vip,-36.6658978164196,-37.360252380371094,-37.360252380371094
20190708_sample_3,low quality,-40.632788091897964,-37.95070266723633,-37.95070266723633
20190708_sample_4,Pvalb,-43.53127256035805,-37.40488052368164,-37.40488052368164
20190708_sample_6,Vip,-38.722820580005646,-36.54510498046875,-36.54510498046875
20190708_sample_7,Vip,-35.52482649683952,-35.61385726928711,-35.61385726928711
20190708_sample_8,IT,-47.184474766254425,-34.75371551513672,-34.75371551513672
20190708_sample_12,Vip,-39.78990390896797,-36.59666442871094,-36.59666442871094
20190709_sample_1,Vip,-44.9637696146965,-38.29271697998047,-38.29271697998047
20190709_sample_2,Vip,-39.93979096412659,-38.33479690551758,-38.33479690551758
20190709_sample_3,Vip,-48.40367659926415,-35.647457122802734,-35.647457122802734
20190709_sample_8,Sncg,-41.685860604047775,-35.86489486694336,-35.86489486694336
20190709_sample_10,Vip,-39.15202245116234,-35.424774169921875,-35.424774169921875
20190709_sample_11,Vip,-51.13333463668823,-37.439064025878906,-37.439064025878906
20190709_sample_12,Vip,-42.56271198391914,-35.61073303222656,-35.61073303222656
20190709_sample_13,Vip,-40.76908528804779,-36.60566329956055,-36.60566329956055
20190709_sample_14,Vip,-43.56985911726952,-36.030372619628906,-36.030372619628906
20190710_sample_3,Sst,-36.07543185353279,-38.548606872558594,-38.548606872558594
20190710_sample_4,Sst,-36.86914220452309,-38.006988525390625,-38.006988525390625
20190710_sample_5,Sst,-36.29631549119949,-38.487693786621094,-38.487693786621094
20190710_sample_6,Sst,-33.35927426815033,-39.40953826904297,-39.40953826904297
20190710_sample_8,Vip,-38.91627117991448,-37.42759323120117,-37.42759323120117
20190710_sample_10,Vip,-24.356136098504063,-38.13547134399414,-38.13547134399414
20190712_sample_1,CT,-40.97170755267143,-37.64240264892578,-37.64240264892578
20190712_sample_3,Sst,-35.12845188379288,-37.00619888305664,-37.00619888305664
20190712_sample_4,low quality,-33.4826298058033,-36.22630310058594,-36.22630310058594
20190712_sample_5,Lamp5,-25.681206956505772,-33.77652359008789,-33.77652359008789
20190712_sample_6,Lamp5,-21.69899083673954,-34.67622756958008,-34.67622756958008
20190712_sample_7,Lamp5,-27.063531801104546,-33.38277816772461,-33.38277816772461
20190715_sample_1,Lamp5,-28.576675802469254,-33.204833984375,-33.204833984375
20190715_sample_4,Lamp5,-29.55642342567444,-35.15235137939453,-35.15235137939453
20190715_sample_5,Vip,-38.68041187524796,-37.41750717163086,-37.41750717163086
20190715_sample_6,Lamp5,-37.298399955034256,-32.02485656738281,-32.02485656738281
20190715_sample_7,Vip,-33.91718119382858,-38.95092010498047,-38.95092010498047
20190715_sample_8,Lamp5,-28.48293818533421,-35.576351165771484,-35.576351165771484
20190715_sample_9,Vip,-40.45739397406578,-36.057952880859375,-36.057952880859375
20190715_sample_10,Sncg,-42.34264045953751,-36.12751770019531,-36.12751770019531
20190715_sample_11,Lamp5,-30.95623105764389,-35.453060150146484,-35.453060150146484
20190716_sample_1,low quality,-59.770166873931885,-37.171630859375,-37.171630859375
20190716_sample_3,Sst,-26.752600446343425,-37.51445388793945,-37.51445388793945
20190716_sample_5,Sst,-38.57239708304405,-35.49124526977539,-35.49124526977539
20190716_sample_7,Vip,-43.83844882249832,-36.844329833984375,-36.844329833984375
20190716_sample_8,Lamp5,-27.97113545238972,-35.6931266784668,-35.6931266784668
20190716_sample_9,Vip,-39.367031306028366,-37.886619567871094,-37.886619567871094
20190717_sample_1,Sst,-43.00127923488617,-38.31866455078125,-38.31866455078125
20190717_sample_2,Sst,-34.59582105278969,-41.69347381591797,-41.69347381591797
20190717_sample_3,Sst,-32.186008989810944,-38.18402099609375,-38.18402099609375
20190718_sample_1,Vip,-46.742454171180725,-32.75275421142578,-32.75275421142578
20190718_sample_2,CT,-49.569856375455856,-36.713504791259766,-36.713504791259766
20190718_sample_3,CT,-42.55673661828041,-38.826751708984375,-38.826751708984375
20190718_sample_4,Vip,-38.3547879755497,-36.41040802001953,-36.41040802001953
20190718_sample_5,Vip,-38.57346251606941,-37.81427764892578,-37.81427764892578
20190718_sample_6,Vip,-40.05812853574753,-38.516780853271484,-38.516780853271484
20190718_sample_7,Vip,-28.81486341357231,-36.976966857910156,-36.976966857910156
20190718_sample_8,Vip,-37.313539534807205,-36.3279914855957,-36.3279914855957
20190718_sample_9,Vip,-42.08974912762642,-36.2943115234375,-36.2943115234375
20190719_sample_1,CT,-44.8986291885376,-36.772743225097656,-36.772743225097656
20190719_sample_2,IT,-33.48798304796219,-34.91925048828125,-34.91925048828125
20190719_sample_4,IT,-31.788986176252365,-34.94915771484375,-34.94915771484375
20190719_sample_5,IT,-32.87683054804802,-35.506614685058594,-35.506614685058594
20190719_sample_6,IT,-34.00758281350136,-35.6887321472168,-35.6887321472168
20190719_sample_9,IT,-31.46537393331528,-35.603275299072266,-35.603275299072266
20190719_sample_10,IT,-36.73699125647545,-35.109554290771484,-35.109554290771484
20190722_sample_1,CT,-33.167991787195206,-37.24783706665039,-37.24783706665039
20190722_sample_6,CT,-41.26935824751854,-36.27315902709961,-36.27315902709961
20190722_sample_7,low quality,-37.786051630973816,-36.49786376953125,-36.49786376953125
20190722_sample_8,low quality,-32.55379945039749,-36.701744079589844,-36.701744079589844
20190724_sample_1,Vip,-43.4216633439064,-35.900630950927734,-35.900630950927734
20190724_sample_2,CT,-43.50031167268753,-34.818359375,-34.818359375
20190724_sample_4,Vip,-35.16503423452377,-38.564422607421875,-38.564422607421875
20190724_sample_5,Vip,-35.38793697953224,-37.937503814697266,-37.937503814697266
20190724_sample_6,IT,-36.10284626483917,-37.458316802978516,-37.458316802978516
20190724_sample_9,Vip,-37.3249426484108,-36.93699264526367,-36.93699264526367
20190724_sample_10,Vip,-32.87097066640854,-36.514366149902344,-36.514366149902344
20190724_sample_12,Vip,-36.78780049085617,-36.84130859375,-36.84130859375
20190724_sample_16,low quality,-44.14347931742668,-36.533599853515625,-36.533599853515625
20190725_sample_1,Vip,-34.24292057752609,-36.832157135009766,-36.832157135009766
20190725_sample_3,Vip,-38.81274536252022,-35.95501708984375,-35.95501708984375
20190725_sample_4,Sst,-36.70411929488182,-38.758888244628906,-38.758888244628906
20190725_sample_5,CT,-47.5764274597168,-37.11057662963867,-37.11057662963867
20190725_sample_6,Vip,-38.787852972745895,-36.24929428100586,-36.24929428100586
20190725_sample_7,Vip,-31.693093478679657,-37.576847076416016,-37.576847076416016
20190725_sample_8,Vip,-40.38575291633606,-36.43754959106445,-36.43754959106445
20190725_sample_9,Vip,-33.33401679992676,-36.43526077270508,-36.43526077270508
20190725_sample_10,low quality,-36.97505593299866,-36.79292297363281,-36.79292297363281
20190726_sample_1,Lamp5,-31.023385003209118,-34.760555267333984,-34.760555267333984
20190726_sample_2,Pvalb,-37.71752119064331,-36.945274353027344,-36.945274353027344
20190726_sample_3,Lamp5,-24.18520674109459,-34.71924591064453,-34.71924591064453
20190726_sample_4,IT,-35.564493387937546,-35.49175262451172,-35.49175262451172
20190726_sample_5,Lamp5,-26.280105113983154,-34.90410232543945,-34.90410232543945
20190726_sample_6,Sst,-40.7910980284214,-37.50083541870117,-37.50083541870117
20190726_sample_7,Lamp5,-19.947856664657596,-32.47349548339844,-32.47349548339844
20190729_sample_2,Sst,-47.73451760411263,-38.92015075683594,-38.92015075683594
20190729_sample_3,Sst,-37.46115043759346,-36.119991302490234,-36.119991302490234
20190729_sample_5,Pvalb,-31.925398856401443,-36.524635314941406,-36.524635314941406
20190730_sample_1,Vip,-40.14888778328896,-36.84857177734375,-36.84857177734375
20190730_sample_2,Vip,-36.39253228902817,-36.305702209472656,-36.305702209472656
20190730_sample_5,Vip,-32.62648731470108,-36.093406677246094,-36.093406677246094
20190730_sample_6,Vip,-33.473629504442215,-36.3452033996582,-36.3452033996582
20190730_sample_7,Vip,-38.10787573456764,-36.939735412597656,-36.939735412597656
20190730_sample_9,Lamp5,-29.72333133220673,-34.83405685424805,-34.83405685424805
20190731_sample_1,Pvalb,-34.861207008361816,-37.57075500488281,-37.57075500488281
20190731_sample_2,Lamp5,-30.46814166009426,-34.3494873046875,-34.3494873046875
20190731_sample_3,low quality,-28.52410264313221,-37.12175750732422,-37.12175750732422
20190731_sample_4,Vip,-41.459087282419205,-37.150489807128906,-37.150489807128906
20190731_sample_5,Pvalb,-26.870587840676308,-35.66119384765625,-35.66119384765625
20190731_sample_6,low quality,-29.08765897154808,-36.11225891113281,-36.11225891113281
20190731_sample_8,Pvalb,-26.870587840676308,-35.90027618408203,-35.90027618408203
20190801_sample_1,IT,-36.53179854154587,-35.26170349121094,-35.26170349121094
20190801_sample_2,Sst,-32.05612674355507,-37.292171478271484,-37.292171478271484
20190801_sample_3,Sst,-33.68471562862396,-36.4173698425293,-36.4173698425293
20190801_sample_4,Sst,-25.32709576189518,-37.791446685791016,-37.791446685791016
20190801_sample_7,Sst,-24.759462103247643,-36.26039505004883,-36.26039505004883
20190801_sample_8,low quality,-42.00370237231255,-36.30564498901367,-36.30564498901367
20190820_sample_1,Sst,-51.50748044252396,-36.70526885986328,-36.70526885986328
20190820_sample_2,CT,-39.83554244041443,-36.690555572509766,-36.690555572509766
20190820_sample_3,Pvalb,-27.73569151759148,-37.130760192871094,-37.130760192871094
20190820_sample_5,Sst,-25.341184809803963,-37.19812774658203,-37.19812774658203
20190820_sample_6,CT,-36.733727902174,-36.14384078979492,-36.14384078979492
20190821_sample_1,IT,-30.713673681020737,-36.557613372802734,-36.557613372802734
20190821_sample_2,IT,-32.34623372554779,-35.894588470458984,-35.894588470458984
20190821_sample_3,CT,-27.72134356200695,-35.85928726196289,-35.85928726196289
20190821_sample_4,IT,-32.58047625422478,-35.14476776123047,-35.14476776123047
20190821_sample_5,IT,-29.149478301405907,-36.54372787475586,-36.54372787475586
20190821_sample_6,IT,-28.13895232975483,-34.98890686035156,-34.98890686035156
20190821_sample_7,IT,-28.76780740916729,-36.96061706542969,-36.96061706542969
20190823_sample_1,IT,-34.895118325948715,-36.27801513671875,-36.27801513671875
20190823_sample_3,Pvalb,-42.91274398565293,-36.98786926269531,-36.98786926269531
20190823_sample_5,low quality,-33.205606043338776,-37.25109100341797,-37.25109100341797
20190823_sample_6,IT,-42.91437938809395,-35.13536071777344,-35.13536071777344
20190823_sample_7,IT,-35.55762767791748,-35.61124801635742,-35.61124801635742
20190827_sample_1,Sst,-42.92162135243416,-36.483516693115234,-36.483516693115234
20190827_sample_2,low quality,-31.00716322660446,-37.07271194458008,-37.07271194458008
20190827_sample_3,Sst,-38.95442187786102,-36.81877136230469,-36.81877136230469
20190827_sample_4,Sst,-33.96003320813179,-37.00569534301758,-37.00569534301758
20190827_sample_5,CT,-26.144150644540787,-37.6298713684082,-37.6298713684082
20190827_sample_6,Sst,-35.006020218133926,-39.35631561279297,-39.35631561279297
20190827_sample_7,Pvalb,-31.579606235027317,-40.49403762817383,-40.49403762817383
20190827_sample_8,Sst,-36.98931261897087,-35.75880432128906,-35.75880432128906
20190827_sample_9,Sst,-33.470191061496735,-35.29634475708008,-35.29634475708008
20190828_sample_1,Vip,-48.99832233786583,-34.202579498291016,-34.202579498291016
20190828_sample_3,Vip,-45.88480293750763,-37.41999053955078,-37.41999053955078
20190828_sample_4,Vip,-38.824472576379776,-37.03588104248047,-37.03588104248047
20190828_sample_5,Vip,-36.99738159775734,-36.593345642089844,-36.593345642089844
20190828_sample_6,Vip,-41.85046628117561,-35.75236511230469,-35.75236511230469
20190828_sample_7,Vip,-42.69331693649292,-36.40906524658203,-36.40906524658203
20190829_sample_1,low quality,-34.82016548514366,-37.34016418457031,-37.34016418457031
20190829_sample_2,Lamp5,-38.3247472345829,-33.45075225830078,-33.45075225830078
20190829_sample_3,IT,-35.38251668214798,-36.74748992919922,-36.74748992919922
20190829_sample_4,Lamp5,-24.60651844739914,-35.748958587646484,-35.748958587646484
20190829_sample_6,Lamp5,-38.3247472345829,-36.41382598876953,-36.41382598876953
20190829_sample_9,Pvalb,-42.806219309568405,-36.322757720947266,-36.322757720947266
20190830_sample_1,IT,-43.08907687664032,-36.68730545043945,-36.68730545043945
20190830_sample_2,IT,-36.83197498321533,-35.72928237915039,-35.72928237915039
20190830_sample_3,low quality,-39.84672203660011,-36.342010498046875,-36.342010498046875
20190830_sample_4,low quality,-28.881870210170742,-36.72705078125,-36.72705078125
20190830_sample_6,IT,-33.66849571466446,-35.19971466064453,-35.19971466064453
20190830_sample_8,IT,-31.25378489494324,-35.738243103027344,-35.738243103027344
20190830_sample_9,NP,-39.86372798681259,-38.206356048583984,-38.206356048583984
20190904_sample_1,low quality,-34.64800491929054,-36.340538024902344,-36.340538024902344
20190904_sample_2,Vip,-41.63656011223793,-38.86827850341797,-38.86827850341797
20190904_sample_3,Vip,-35.816606134176254,-35.851112365722656,-35.851112365722656
20190904_sample_4,Vip,-38.16568851470947,-35.64374542236328,-35.64374542236328
20190904_sample_5,Vip,-34.24143046140671,-36.25922775268555,-36.25922775268555
20190904_sample_7,Vip,-37.67194226384163,-36.72970199584961,-36.72970199584961
20190905_sample_1,low quality,-34.03032571077347,-37.13166809082031,-37.13166809082031
20190905_sample_3,Sst,-47.378718852996826,-39.44219970703125,-39.44219970703125
20190906_sample_1,Lamp5,-36.85260936617851,-36.171627044677734,-36.171627044677734
20190906_sample_5,CT,-32.73233398795128,-36.60710144042969,-36.60710144042969
20190906_sample_6,Lamp5,-23.90146814286709,-36.162506103515625,-36.162506103515625
20190910_sample_1,Lamp5,-30.56515008211136,-34.40055465698242,-34.40055465698242
20190910_sample_2,Vip,-34.43216532468796,-36.33229064941406,-36.33229064941406
20190910_sample_3,Vip,-29.16460484266281,-35.96375274658203,-35.96375274658203
20190910_sample_4,Vip,-25.51659196615219,-37.27176284790039,-37.27176284790039
20190910_sample_6,Vip,-32.6533280313015,-38.092010498046875,-38.092010498046875
20190911_sample_3,NP,-41.82138293981552,-39.14291763305664,-39.14291763305664
20190911_sample_4,IT,-33.823851495981216,-34.99434280395508,-34.99434280395508
20190911_sample_6,low quality,-34.13642570376396,-35.46520233154297,-35.46520233154297
20190911_sample_7,low quality,-39.36336189508438,-36.36092758178711,-36.36092758178711
20190911_sample_9,CT,-31.79607912898064,-35.386985778808594,-35.386985778808594
20190912_sample_1,CT,-27.606023475527763,-36.76877975463867,-36.76877975463867
20190912_sample_2,CT,-35.78415513038635,-38.027099609375,-38.027099609375
20190912_sample_3,CT,-38.08869794011116,-37.38951110839844,-37.38951110839844
20190912_sample_4,Lamp5,-34.21792387962341,-36.506900787353516,-36.506900787353516
20190912_sample_6,NP,-35.071153193712234,-34.90608596801758,-34.90608596801758
20190912_sample_8,CT,-35.13564169406891,-35.99590301513672,-35.99590301513672
20190912_sample_10,Pvalb,-61.90041825175285,-34.343021392822266,-34.343021392822266
20190917_sample_1,CT,-40.34107178449631,-35.91554260253906,-35.91554260253906
20190917_sample_2,Lamp5,-30.956706032156944,-32.66588592529297,-32.66588592529297
20190917_sample_3,IT,-32.013073563575745,-37.583194732666016,-37.583194732666016
20190919_sample_1,low quality,-53.34661155939102,-36.461421966552734,-36.461421966552734
20190919_sample_4,Lamp5,-32.67297521233559,-34.60257339477539,-34.60257339477539
20190919_sample_5,CT,-36.340463906526566,-35.888404846191406,-35.888404846191406
20190924_sample_1,Sst,-35.85057333111763,-36.215518951416016,-36.215518951416016
20190924_sample_2,Sst,-44.15510967373848,-37.05249786376953,-37.05249786376953
20190924_sample_3,IT,-26.874398812651638,-36.05599594116211,-36.05599594116211
20190924_sample_4,Sst,-34.35265272855759,-38.247283935546875,-38.247283935546875
20190924_sample_5,Sst,-36.58044710755348,-37.07609558105469,-37.07609558105469
20190924_sample_6,Sst,-36.50393337011337,-39.315711975097656,-39.315711975097656
20190924_sample_7,Pvalb,-39.41870480775833,-37.32133483886719,-37.32133483886719
20190924_sample_8,CT,-40.72258993983269,-38.1357307434082,-38.1357307434082
20190925_sample_2,Pvalb,-29.09223735332489,-35.423492431640625,-35.423492431640625
20190925_sample_3,Sst,-25.42238123714924,-39.89808654785156,-39.89808654785156
20190925_sample_4,CT,-30.59153072535992,-36.53968048095703,-36.53968048095703
20190925_sample_5,Sst,-26.549188420176502,-35.98786544799805,-35.98786544799805
20190925_sample_6,Pvalb,-25.57709440588951,-37.46863555908203,-37.46863555908203
20190925_sample_7,Sst,-35.040292888879776,-40.1801872253418,-40.1801872253418
20190926_sample_2,ET,-46.56318202614784,-36.93038558959961,-36.93038558959961
20190926_sample_3,Sst,-44.46497932076454,-37.505126953125,-37.505126953125
20190926_sample_4,ET,-31.45089745521545,-38.522926330566406,-38.522926330566406
20190926_sample_5,Pvalb,-27.00011618435383,-36.0118522644043,-36.0118522644043
20190926_sample_6,Sst,-40.3793565928936,-37.35704040527344,-37.35704040527344
20190927_sample_1,IT,-32.498396933078766,-34.48120880126953,-34.48120880126953
20190927_sample_2,CT,-44.05279457569122,-36.097206115722656,-36.097206115722656
20190927_sample_3,Pvalb,-32.987117767333984,-37.03265380859375,-37.03265380859375
20190927_sample_4,IT,-39.2436720430851,-36.33021545410156,-36.33021545410156
20190927_sample_5,Pvalb,-31.83894231915474,-37.636322021484375,-37.636322021484375
20190927_sample_6,Vip,-37.531424313783646,-34.473819732666016,-34.473819732666016
20190927_sample_7,CT,-33.17010775208473,-35.979164123535156,-35.979164123535156
20191001_sample_1,Sst,-46.6369092464447,-37.63666915893555,-37.63666915893555
20191001_sample_2,low quality,-37.174347788095474,-36.99137878417969,-36.99137878417969
20191001_sample_3,Sst,-28.38721312582493,-38.10564422607422,-38.10564422607422
20191001_sample_4,Pvalb,-46.39022052288056,-36.39818572998047,-36.39818572998047
20191001_sample_5,Sst,-23.114526644349095,-37.3375358581543,-37.3375358581543
20191001_sample_6,Sst,-39.71341997385025,-38.303409576416016,-38.303409576416016
20191003_sample_2,low quality,-31.233692541718483,-36.71847152709961,-36.71847152709961
20191003_sample_3,Sst,-38.56046497821808,-37.231136322021484,-37.231136322021484
20191003_sample_4,Sst,-32.736435532569885,-37.236873626708984,-37.236873626708984
20191003_sample_5,Sst,-29.016340151429176,-39.118125915527344,-39.118125915527344
20191003_sample_6,CT,-32.59658068418503,-39.23957443237305,-39.23957443237305
20191010_sample_1,IT,-36.893539130687714,-35.70472717285156,-35.70472717285156
20191010_sample_2,Sst,-31.01155534386635,-38.22718048095703,-38.22718048095703
20191010_sample_3,IT,-37.69365698099136,-37.91175079345703,-37.91175079345703
20191010_sample_4,Pvalb,-39.78686407208443,-38.18956756591797,-38.18956756591797
20191010_sample_6,Pvalb,-30.362002551555637,-37.23386764526367,-37.23386764526367
20191010_sample_7,ET,-40.92146083712578,-35.54560852050781,-35.54560852050781
20191028_sample_1,Sst,-31.94591775536537,-38.658851623535156,-38.658851623535156
20191028_sample_2,Sst,-27.653440833091736,-37.96406173706055,-37.96406173706055
20191028_sample_3,Pvalb,-29.0452279150486,-35.598506927490234,-35.598506927490234
20191028_sample_4,low quality,-36.525823175907135,-35.98994827270508,-35.98994827270508
20191028_sample_5,low quality,-48.42162877321243,-36.94670486450195,-36.94670486450195
20191030_sample_2,Sst,-35.26822105050087,-37.60359573364258,-37.60359573364258
20191030_sample_3,ET,-32.312169671058655,-38.34916305541992,-38.34916305541992
20191030_sample_4,NP,-38.87088969349861,-36.586082458496094,-36.586082458496094
20191030_sample_5,Sst,-32.40690007805824,-35.47297286987305,-35.47297286987305
20191101_sample_1,Lamp5,-17.370836809277534,-33.87079620361328,-33.87079620361328
20191101_sample_2,CT,-31.7118801176548,-34.67084884643555,-34.67084884643555
20191101_sample_3,Lamp5,-27.40865014493465,-35.64332580566406,-35.64332580566406
20191101_sample_4,CT,-24.73914436995983,-36.00208282470703,-36.00208282470703
20191101_sample_5,CT,-31.26823529601097,-36.73251724243164,-36.73251724243164
20191101_sample_6,CT,-40.62368348240853,-35.41194152832031,-35.41194152832031
20191104_sample_1,Sst,-24.88493733108044,-37.75527572631836,-37.75527572631836
20191104_sample_2,Lamp5,-33.86861085891724,-36.1086311340332,-36.1086311340332
20191104_sample_3,low quality,-29.10187467932701,-35.78139114379883,-35.78139114379883
20191104_sample_4,Pvalb,-42.41042584180832,-38.00559616088867,-38.00559616088867
20191105_sample_1,Pvalb,-23.29528145492077,-36.02153396606445,-36.02153396606445
20191105_sample_2,IT,-31.15586005151272,-36.32878112792969,-36.32878112792969
20191105_sample_3,Sst,-36.54143959283829,-38.73671340942383,-38.73671340942383
20191105_sample_4,Pvalb,-27.74824760854244,-36.80645751953125,-36.80645751953125
20191105_sample_5,Sst,-36.868102848529816,-37.83250427246094,-37.83250427246094
20191106_sample_2,Lamp5,-25.72766505181789,-33.2009162902832,-33.2009162902832
20191106_sample_3,IT,-37.84947842359543,-35.611915588378906,-35.611915588378906
20191106_sample_5,Lamp5,-20.699581131339077,-33.733402252197266,-33.733402252197266
20191107_sample_1,low quality,-28.761791065335277,-36.43754577636719,-36.43754577636719
20191107_sample_2,Sst,-29.74102832376957,-36.50368881225586,-36.50368881225586
20191107_sample_3,Sst,-30.31674027442932,-36.80576705932617,-36.80576705932617
20191107_sample_4,Sst,-33.33417326211929,-38.763057708740234,-38.763057708740234
20191108_sample_1,CT,-47.906141728162766,-36.25161361694336,-36.25161361694336
20191108_sample_4,CT,-39.32176157832146,-36.77468490600586,-36.77468490600586
20191108_sample_5,IT,-36.18492931127548,-35.57667541503906,-35.57667541503906
20191114_sample_1,Lamp5,-38.13847899436951,-34.90167999267578,-34.90167999267578
20191114_sample_2,CT,-38.32967206835747,-36.70121765136719,-36.70121765136719
20191114_sample_3,IT,-25.35381354391575,-35.87229537963867,-35.87229537963867
20191114_sample_4,Sst,-36.29669919610024,-36.60941696166992,-36.60941696166992
20191114_sample_5,low quality,-26.57725475728512,-37.32666015625,-37.32666015625
20191114_sample_7,IT,-29.647335410118103,-35.94643020629883,-35.94643020629883
20191114_sample_8,IT,-35.33703461289406,-35.205413818359375,-35.205413818359375
20191114_sample_9,ET,-36.394670605659485,-37.00021743774414,-37.00021743774414
20200106_sample_1,Lamp5,-30.489234253764156,-31.06476593017578,-31.06476593017578
20200106_sample_4,IT,-25.48636868596077,-35.633941650390625,-35.633941650390625
20200106_sample_5,IT,-26.62561275064945,-36.278072357177734,-36.278072357177734
20200106_sample_6,IT,-38.28192129731178,-34.92613220214844,-34.92613220214844
20200225_sample_2,IT,-26.70111134648323,-34.960113525390625,-34.960113525390625
20200225_sample_5,Sncg,-30.38058802485466,-35.26101303100586,-35.26101303100586
20200316_sample_1,ET,-36.99257969856262,-37.56566619873047,-37.56566619873047
20200316_sample_2,low quality,-35.342026501894,-37.32113265991211,-37.32113265991211
20200316_sample_3,Pvalb,-46.80214449763298,-35.352027893066406,-35.352027893066406
