cell_id,RNA_family,y_true,y_pred,y_pred_train_space
20171204_sample_2,ET,1.2800000000000034,1.0029831739256017,0.694637656211853
20171204_sample_4,IT,1.3999999999999846,1.6263583413934735,0.9655982255935669
20171204_sample_5,IT,1.4000000000000123,1.3171123174348562,0.8403217196464539
20171204_sample_6,ET,1.2000000000000066,1.3278564708324434,0.844947874546051
20171207_sample_1,ET,0.8399999999999797,1.2584812110419594,0.8146925568580627
20171207_sample_2,ET,0.920000000000004,1.2508204497490256,0.8112947940826416
20171207_sample_6,IT,0.920000000000004,1.1270693191076342,0.7547451257705688
20171207_sample_7,IT,0.9599999999999886,1.6065312892638088,0.9580203294754028
20171219_sample_1,IT,2.040000000000042,1.7923348747337362,1.0268781185150146
20171219_sample_2,IT,1.5999999999999903,1.5023862884263013,0.9172447919845581
20171219_sample_3,IT,1.5999999999999903,1.7581606801117087,1.014564037322998
20171219_sample_4,ET,1.1999999999999789,1.1644887559590849,0.7721841931343079
20171219_sample_6,ET,1.2000000000000066,1.424785102060699,0.8857429027557373
20171219_sample_7,IT,1.3599999999999723,1.6524757021113174,0.9754934310913086
20171219_sample_8,ET,1.3199999999999878,1.0369642573147089,0.7114605903625488
20180102_sample_1,ET,1.5200000000000211,1.3396848394548129,0.8500162363052368
20180102_sample_2,IT,1.600000000000018,1.6500248641586397,0.9745690226554871
20180102_sample_3,ET,1.7600000000000393,1.4007717265124628,0.8757902383804321
20180102_sample_4,ET,1.4399999999999968,1.2971776288677919,0.8316812515258789
20180102_sample_5,IT,1.7599999999999838,1.1606370032675108,0.7704030871391296
20180103_sample_1,ET,1.3999999999999846,1.4080166261925784,0.8788034319877625
20180103_sample_2,ET,1.2000000000000066,1.26727727613733,0.8185796737670898
20180103_sample_3,ET,1.2000000000000066,1.0825136342763748,0.7335756421089172
20180103_sample_4,low quality,1.2000000000000066,1.0662589826910132,0.7257397174835205
20180103_sample_5,IT,1.5199999999999658,1.506111341611776,0.9187322854995728
20180103_sample_6,IT,1.5199999999999658,1.66333879443331,0.9795805215835571
20180103_sample_7,IT,1.3199999999999878,1.5988655569452153,0.9550750255584717
20180103_sample_8,IT,1.12000000000001,1.5319433880043334,0.9289871454238892
20180104_sample_1,low quality,1.479999999999981,1.3038018854415403,0.834560751914978
20180104_sample_2,IT,1.4399999999999968,1.4708603435140002,0.9045664072036743
20180104_sample_3,IT,1.5999999999999903,1.4356741163508067,0.8902235627174377
20180104_sample_4,low quality,1.4399999999999968,1.1959073766413943,0.786595344543457
20180104_sample_6,ET,1.239999999999991,1.0894767609702494,0.7369136810302734
20180105_sample_4,IT,1.36,1.769208672641385,1.018561601638794
20180105_sample_5,IT,1.8400000000000083,1.2736152771422984,0.8213711977005005
20180105_sample_6,IT,1.3200000000000434,1.618066374698484,0.9624360203742981
20180108_sample_1,IT,1.7199999999999993,1.5830581161257355,0.9489740133285522
20180108_sample_2,low quality,1.6399999999999748,1.1918405838404986,0.7847416400909424
20180108_sample_3,IT,1.4399999999999968,1.215522963988818,0.7954884767532349
20180108_sample_4,ET,1.1599999999999944,1.0258467300997842,0.7059877514839172
20180108_sample_5,ET,1.3199999999999878,1.1550290536082897,0.7678042054176331
20180108_sample_7,IT,1.6800000000000148,1.696334268681804,0.9918931722640991
20180108_sample_8,ET,1.3200000000000156,1.3254671558913007,0.8439209461212158
20180108_sample_9,IT,1.7199999999999993,1.3764593976878454,0.865611732006073
20180108_sample_10,ET,1.479999999999981,1.0277589818122894,0.7069312334060669
20180109_sample_1,IT,1.8799999999999928,1.5630867567217774,0.9412122964859009
20180109_sample_2,IT,1.3999999999999846,1.4061777178210628,0.8780394792556763
20180109_sample_5,IT,1.5999999999999903,1.7527513398493955,1.0126008987426758
20180110_sample_1,IT,1.7199999999999993,1.823511355047195,1.0379812717437744
20180110_sample_2,IT,1.3999999999999846,1.6326413468455272,0.9679876565933228
20180110_sample_3,IT,1.479999999999981,1.5122345570433122,0.9211726188659668
20180110_sample_4,IT,1.4399999999999968,1.3372953648046193,0.8489944338798523
20180110_sample_5,IT,1.36,1.5929428830862147,0.9527934789657593
20180110_sample_7,IT,1.4800000000000368,1.9005632092067806,1.0649049282073975
20180110_sample_8,ET,1.2800000000000034,1.2381781627819493,0.805662214756012
20180111_sample_5,IT,1.480000000000009,1.7391319867174966,1.007641077041626
20180115_sample_2,IT,1.5600000000000058,1.1418073439448024,0.761650025844574
20180115_sample_5,IT,2.1199999999999832,1.6770438298400443,0.9847131371498108
20180115_sample_6,low quality,1.1599999999999944,1.2074174729205782,0.7918232679367065
20180115_sample_7,IT,1.12000000000001,1.5653655978469663,0.942101001739502
20180115_sample_8,IT,1.6399999999999748,1.4517747276203383,0.8968121409416199
20180115_sample_9,IT,1.3200000000000156,1.7244157712207364,1.0022540092468262
20180118_sample_1,IT,1.6799999999999593,1.5274595860776083,0.9272146821022034
20180118_sample_2,IT,1.36,1.8577453457742306,1.0500329732894897
20180118_sample_4,IT,1.2800000000000034,1.4939814460866174,0.9138804078102112
20180118_sample_6,IT,1.6800000000000148,1.5410717850977007,0.9325859546661377
20180118_sample_7,ET,1.12000000000001,1.147920321187023,0.764500081539154
20180118_sample_10,ET,1.1599999999999944,1.1654334705087743,0.7726205587387085
20180123_sample_1,ET,1.36,1.307954253117039,0.8363615274429321
20180123_sample_3,ET,1.4399999999999968,1.133978791588035,0.7579882144927979
20180123_sample_5,ET,1.3599999999999723,0.911239390899836,0.6477519273757935
20180123_sample_6,ET,1.3200000000000156,1.3131366259517103,0.8386044502258301
20180123_sample_7,ET,1.2000000000000066,1.0922778545092624,0.7382533550262451
20180208_sample_1,low quality,1.2400000000000189,0.7479358181832303,0.5584355592727661
20180208_sample_2,ET,1.239999999999991,1.2433545486034339,0.8079723119735718
20180208_sample_3,ET,1.119999999999982,1.3752702768812575,0.865111231803894
20180208_sample_4,IT,1.1599999999999944,1.6435127042432844,0.9721086025238037
20180208_sample_5,IT,1.0000000000000009,1.5333044086002154,0.9295245409011841
20180213_sample_3,ET,1.239999999999991,1.3998085897722667,0.8753889799118042
20180213_sample_5,Pvalb,0.5600000000000049,0.5961967054064958,0.4676237404346466
20180215_sample_1,Pvalb,0.6799999999999862,0.7691302394607382,0.5704880356788635
20180220_sample_1,Sst,0.9600000000000164,1.1439610570726155,0.7626550793647766
20180220_sample_2,IT,1.8799999999999928,1.434096403056055,0.8895756006240845
20180225_sample_1,IT,2.0399999999999863,1.6789029198490284,0.9854073524475098
20180225_sample_2,IT,1.480000000000009,1.7168764870575115,0.9994828701019287
20180225_sample_3,IT,1.36,1.3924300940943959,0.8723096251487732
20180225_sample_4,IT,1.4399999999999968,1.8299866588359264,1.0402719974517822
20180225_sample_5,ET,1.2400000000000189,1.483672180706021,0.9097381830215454
20180225_sample_7,Pvalb,0.5200000000000066,0.5876110691435891,0.4622304141521454
20180228_sample_3,IT,1.6399999999999748,1.6201206278961973,0.9632203578948975
20180306_sample_1,Pvalb,0.5199999999999927,0.9455631717776377,0.665551483631134
20180306_sample_2,IT,1.480000000000009,1.5763041690190578,0.9463558793067932
20180306_sample_3,IT,1.480000000000009,1.4881367335296019,0.9115341305732727
20180306_sample_5,IT,1.7999999999999683,1.7243553636160993,1.0022318363189697
20180309_sample_4,IT,1.3199999999999878,1.6598454704906846,0.978268027305603
20180309_sample_6,IT,1.2800000000000034,1.6163881385797993,0.9617947936058044
20180309_sample_7,IT,1.679999999999987,1.6695352336708607,0.9819043874740601
20180309_sample_8,IT,1.5600000000000058,1.638828179216547,0.9703349471092224
20180313_sample_1,low quality,1.8799999999999928,1.175545108580718,0.777279257774353
20180313_sample_2,ET,1.9600000000000173,1.1953328610443654,0.7863336801528931
20180313_sample_3,ET,1.5999999999999903,1.423279583135632,0.8851218223571777
20180313_sample_7,IT,1.5600000000000058,1.7397645483142001,1.0078719854354858
20180313_sample_8,low quality,2.239999999999992,1.314139874524462,0.839038074016571
20180313_sample_9,Pvalb,0.3599999999999992,0.7542287508457268,0.5620293021202087
20180315_sample_1,ET,1.479999999999981,1.2987178379999318,0.8323515057563782
20180315_sample_2,low quality,1.3599999999999723,1.3670829974811836,0.8616583943367004
20180315_sample_5,IT,1.8400000000000083,1.9329368729682652,1.0760042667388916
20180315_sample_6,IT,0.4799999999999943,1.3361478413477577,0.8485033512115479
20180321_sample_2,IT,1.480000000000009,1.252972320482464,0.8122503757476807
20180321_sample_3,IT,1.5600000000000058,1.427344460930815,0.8867978453636169
20180321_sample_4,IT,0.6000000000000172,1.8670146410578217,1.0532712936401367
20180321_sample_8,ET,0.8000000000000229,1.150851042186049,0.7658635973930359
20180321_sample_9,ET,1.12000000000001,1.1411654296392024,0.7613502740859985
20180322_sample_1,IT,1.9600000000000173,2.0176168337610596,1.1044673919677734
20180322_sample_2,IT,1.4000000000000123,1.996382333223068,1.0974056720733643
20180322_sample_3,IT,1.5600000000000058,1.348216661802397,0.8536561727523804
20180322_sample_4,IT,1.479999999999981,1.5586530312913984,0.9394809603691101
20180322_sample_5,IT,1.4399999999999968,1.4717400248952397,0.904922366142273
20180322_sample_6,ET,1.2000000000000066,1.2649261096130815,0.8175421357154846
20180322_sample_7,ET,1.0799999999999976,1.225952216009041,0.8001847863197327
20180327_sample_1,Pvalb,0.6000000000000033,0.6373293345075858,0.4930664598941803
20180327_sample_2,Pvalb,0.6000000000000033,0.572654456567084,0.45276492834091187
20180327_sample_3,IT,1.6400000000000026,1.4736989263501472,0.9057145714759827
20180327_sample_4,Pvalb,0.6000000000000172,0.5803764201014245,0.45766305923461914
20180327_sample_5,Pvalb,0.5599999999999911,0.5444632033300446,0.4346764087677002
20180327_sample_6,IT,1.5600000000000058,1.4742107572299084,0.905921459197998
20180329_sample_1,IT,1.799999999999996,1.5823727670738708,0.9487086534500122
20180329_sample_2,IT,2.0799999999999983,1.3863404264736394,0.8697609901428223
20180329_sample_3,IT,1.5199999999999936,1.4170178912208913,0.8825345039367676
20180329_sample_4,ET,1.5600000000000058,1.0001356685821003,0.693215012550354
20180329_sample_5,IT,1.5999999999999903,1.9747879752643973,1.0901727676391602
20180329_sample_6,IT,1.4399999999999968,1.6305366675342339,0.9671878814697266
20180329_sample_7,low quality,1.2800000000000034,1.4449999794384707,0.8940451145172119
20180329_sample_8,IT,2.1599999999999957,1.667004251087313,0.9809558391571045
20180403_sample_5,IT,1.5600000000000058,1.569081344050748,0.9435483813285828
20180403_sample_6,ET,1.480000000000009,1.1126941153254444,0.7479639649391174
20180403_sample_7,IT,1.8400000000000083,1.5733607303594628,0.945212721824646
20180404_sample_1,Pvalb,0.7199999999999984,0.6440818314377892,0.49718207120895386
20180404_sample_2,Pvalb,0.5599999999999911,0.8964056826854357,0.6399603486061096
20180404_sample_3,IT,1.6400000000000026,1.680118961649569,0.9858611822128296
20180404_sample_4,Pvalb,0.6000000000000172,0.7312983812141223,0.548871636390686
20180404_sample_5,Pvalb,0.5999999999999894,0.620717913983133,0.4828692078590393
20180404_sample_7,IT,1.5600000000000058,1.5166410975609443,0.9229251146316528
20180405_sample_1,ET,1.119999999999982,1.538920151564265,0.9317388534545898
20180405_sample_2,IT,1.5200000000000211,1.7256657946750342,1.0027127265930176
20180405_sample_3,IT,1.5999999999999903,1.6670354085741477,0.9809675216674805
20180410_sample_1,Pvalb,0.5999999999999894,0.5784299394866638,0.4564306437969208
20180410_sample_3,IT,1.6400000000000026,1.5619852027332486,0.9407824277877808
20180410_sample_4,IT,2.0399999999999863,1.9027880809417264,1.065671682357788
20180410_sample_5,IT,1.5199999999999936,1.6938257257746725,0.9909623861312866
20180410_sample_6,IT,1.3199999999999878,1.9013188239745005,1.065165400505066
20180410_sample_9,Pvalb,0.4800000000000082,0.45365508768158214,0.3740811347961426
20180411_sample_1,IT,1.8400000000000083,2.03097495340026,1.108884334564209
20180411_sample_3,IT,1.559999999999978,1.8386978722777396,1.0433454513549805
20180411_sample_4,Pvalb,0.5600000000000049,0.7911634081219592,0.5828653573989868
20180411_sample_5,Pvalb,0.4799999999999804,0.544542466596406,0.4347277283668518
20180412_sample_1,IT,2.0000000000000018,1.6713010580979253,0.9825656414031982
20180412_sample_2,Pvalb,0.7199999999999984,0.6249797089491196,0.48549532890319824
20180412_sample_3,IT,1.920000000000005,1.5840797037315189,0.9493694305419922
20180412_sample_4,IT,2.0399999999999863,1.7286541393334571,1.0038084983825684
20180412_sample_7,IT,2.1600000000000232,1.2820789143087625,0.8250868320465088
20180413_sample_2,Pvalb,0.5999999999999894,0.5372117213816394,0.4299702048301697
20180413_sample_3,Pvalb,0.5999999999999894,0.6061536654152302,0.4738422930240631
20180413_sample_4,IT,1.7600000000000116,1.634026352400288,0.9685136079788208
20180417_sample_1,Vip,1.160000000000022,1.1841134560699709,0.7812100052833557
20180417_sample_2,Pvalb,0.6800000000000139,0.669804440664435,0.5127065181732178
20180417_sample_3,IT,1.5600000000000058,1.7590466051840712,1.0148851871490479
20180417_sample_4,Pvalb,0.6000000000000449,0.6532194818565421,0.5027245879173279
20180417_sample_5,IT,1.479999999999981,1.5257045400569202,0.926520049571991
20180417_sample_6,IT,1.6400000000000026,1.5341887996674322,0.9298735857009888
20180417_sample_7,Pvalb,0.68,0.6232588057112842,0.4844357371330261
20180417_sample_8,Sst,0.8799999999999919,0.9218906303601695,0.6533094048500061
20180417_sample_9,IT,1.5999999999999903,1.804688380499296,1.03129243850708
20180418_sample_1,Pvalb,0.6400000000000017,0.811556724505968,0.594186544418335
20180418_sample_2,Pvalb,0.6400000000000017,0.7209682898470265,0.5428870916366577
20180418_sample_3,Pvalb,0.7199999999999984,0.6337464943532949,0.49087584018707275
20180418_sample_5,IT,2.1200000000000108,1.4833253509579334,0.9095985293388367
20180418_sample_6,IT,1.7999999999999128,1.669007177579637,0.9817065596580505
20180420_sample_2,low quality,2.3199999999999887,1.673108679332498,0.9832420945167542
20180420_sample_3,IT,1.5999999999999903,1.1168776226079453,0.7499421834945679
20180420_sample_4,IT,1.8799999999999928,1.7981185199435727,1.0289472341537476
20180424_sample_1,IT,2.0799999999999983,1.50745175093331,0.9192669987678528
20180424_sample_2,IT,2.0399999999999863,1.4755593360725872,0.9064663648605347
20180424_sample_3,IT,1.7599999999999838,1.711168977852381,0.9973798990249634
20180424_sample_6,IT,2.3199999999999887,1.6932848381974657,0.9907615780830383
20180425_sample_2,IT,1.7199999999999993,1.6208611409348528,0.9635029435157776
20180425_sample_3,Pvalb,0.6400000000000294,0.8152222585783113,0.5962079167366028
20180425_sample_4,IT,1.7600000000000116,1.68500241465577,0.9876816272735596
20180425_sample_5,Sncg,1.0400000000000131,1.058322158535599,0.7218911647796631
20180425_sample_7,Pvalb,0.6000000000000033,0.832170325805304,0.6055012345314026
20180425_sample_8,Vip,1.119999999999982,1.1347468062621073,0.7583480477333069
20180425_sample_9,IT,1.3999999999999846,1.34323012569695,0.8515303730964661
20180426_sample_1,ET,2.599999999999991,1.033637481089766,0.7098260521888733
20180426_sample_3,IT,2.360000000000001,1.827000231991482,1.039216160774231
20180426_sample_4,IT,1.5999999999999903,1.531015125519479,0.928620457649231
20180426_sample_5,Pvalb,0.6000000000000172,0.7677965041149799,0.5697338581085205
20180426_sample_7,IT,1.600000000000018,1.7819980659724919,1.0231693983078003
20180426_sample_9,Pvalb,0.6000000000000033,0.8906026800721184,0.6368956565856934
20180501_sample_2,IT,2.4399999999999977,1.6296164582893389,0.966838002204895
20180501_sample_3,IT,1.5999999999999903,1.4762364102290637,0.9067398309707642
20180501_sample_4,IT,2.0000000000000018,1.7777043232243017,1.0216248035430908
20180501_sample_5,IT,1.8400000000000083,1.3036088254172884,0.8344769477844238
20180501_sample_6,low quality,1.3999999999999846,1.1800035353251201,0.7793264985084534
20180501_sample_7,low quality,0.5999999999999894,1.1003643893751651,0.7421108484268188
20180501_sample_8,Lamp5,1.8399999999999528,1.059109336894672,0.7222735285758972
20180502_sample_1,low quality,0.6000000000000033,0.9556285222837878,0.6707116365432739
20180502_sample_2,low quality,1.9200000000000328,1.1794886505119264,0.7790902853012085
20180502_sample_3,IT,1.7599999999999838,1.6177803526599734,0.9623267650604248
20180502_sample_4,IT,1.8000000000000238,1.6519481753029193,0.9752945303916931
20180508_sample_1,Pvalb,0.5599999999999911,0.6667537087820167,0.5108778476715088
20180508_sample_2,IT,1.3999999999999846,1.3493005179487405,0.8541176319122314
20180508_sample_3,IT,1.36,1.694934812638453,0.9913740158081055
20180508_sample_4,IT,1.8799999999999928,1.5056347285175185,0.9185420870780945
20180509_sample_1,low quality,2.0000000000000018,1.1514950907714763,0.7661629915237427
20180509_sample_2,IT,2.0000000000000018,1.5107842864738752,0.9205951690673828
20180509_sample_3,IT,1.5199999999999936,1.5196842569306233,0.9241335988044739
20180509_sample_4,IT,1.799999999999996,1.7143870148229936,0.9985661506652832
20180509_sample_5,IT,1.6800000000000148,1.5267813076728978,0.9269462823867798
20180509_sample_7,IT,1.7599999999999838,1.5479218294309174,0.935278058052063
20180509_sample_9,IT,2.360000000000001,1.8216311232493672,1.0373151302337646
20180510_sample_2,Pvalb,0.68,0.5470877716707362,0.436374306678772
20180510_sample_3,IT,1.9200000000000328,1.654127253026298,0.976115882396698
20180510_sample_4,IT,1.9599999999999893,1.9204842710413077,1.0717494487762451
20180510_sample_5,IT,2.1200000000000108,1.3102780661947997,0.8373678922653198
20180510_sample_9,IT,1.5200000000000211,1.6571567381710206,0.9772566556930542
20180515_sample_1,Pvalb,0.5600000000000049,0.6857553748632451,0.5222137570381165
20180515_sample_6,Pvalb,0.5600000000000049,0.8164397598763551,0.5968784093856812
20180522_sample_1,IT,1.6400000000000026,1.6509733884301538,0.9749268889427185
20180522_sample_2,IT,2.400000000000013,1.5338547003685425,0.9297417402267456
20180522_sample_3,IT,1.5600000000000058,1.3605463499177468,0.858893096446991
20180522_sample_4,IT,1.8400000000000083,1.557236780250539,0.9389272928237915
20180522_sample_5,Pvalb,0.5999999999999894,0.6225765448287216,0.4840153455734253
20180522_sample_6,ET,1.4000000000000123,1.1906194038835658,0.7841843366622925
20180522_sample_7,IT,1.4399999999999968,1.4907831507830447,0.9125971794128418
20180524_sample_5,low quality,0.6800000000000139,1.0896515014322166,0.7369973063468933
20180524_sample_8,IT,1.679999999999987,1.7354290297465333,1.0062882900238037
20180524_sample_9,Pvalb,0.5599999999999911,0.6600567563155597,0.5068517923355103
20180529_sample_3,IT,1.4000000000000123,1.6545542646170535,0.9762767553329468
20180608_sample_1,Lamp5,0.9600000000000164,1.0131143503355844,0.6996829509735107
20180608_sample_2,Pvalb,0.6000000000000172,0.6337794574365216,0.4908960163593292
20180608_sample_3,IT,1.5600000000000058,0.8997566111642143,0.6417257785797119
20180608_sample_5,Pvalb,0.5199999999999927,0.5159300655529423,0.416029155254364
20180619_sample_3,Pvalb,0.6399999999999739,0.8106633256093073,0.5936932563781738
20180619_sample_5,IT,1.679999999999987,1.6332530829164842,0.9682199954986572
20180619_sample_7,Lamp5,1.0799999999999976,1.1132555697284015,0.7482296824455261
20180621_sample_1,IT,2.0000000000000018,1.5307870350883355,0.9285303354263306
20180621_sample_2,IT,2.1200000000000108,1.7297281029487115,1.0042020082473755
20180621_sample_3,Sncg,0.8400000000000074,1.1485935875366713,0.7648134827613831
20180621_sample_4,IT,1.7599999999999838,1.9044239234561737,1.066235065460205
20180621_sample_5,Vip,0.7199999999999984,0.8830977855241506,0.6329181790351868
20180621_sample_7,Pvalb,0.5199999999999927,0.7559111985320012,0.5629879236221313
20180621_sample_8,Pvalb,0.7999999999999952,0.7351116502173622,0.5510717630386353
20180628_sample_2,Pvalb,0.5200000000000066,0.8229496575813301,0.6004558801651001
20180628_sample_3,Pvalb,0.5600000000000049,0.8697612377708716,0.6258107423782349
20180628_sample_4,low quality,0.5600000000000049,1.2343981029639164,0.8039718866348267
20180628_sample_6,Pvalb,0.5199999999999927,0.7538315716859558,0.561802864074707
20180628_sample_7,Lamp5,1.2400000000000189,1.2357761468829924,0.8045884370803833
20180703_sample_1,Pvalb,0.68,0.8679423139256489,0.6248374581336975
20180703_sample_2,IT,2.0000000000000018,1.4211162795582817,0.8842287063598633
20180703_sample_3,low quality,2.0799999999999708,0.9614211335037144,0.6736692786216736
20180704_sample_1,Pvalb,0.5999999999999894,0.6680602265544207,0.5116614103317261
20180704_sample_2,Pvalb,0.5600000000000049,0.6823829647452524,0.5202112197875977
20180704_sample_3,Pvalb,0.5999999999999894,0.8199001651992098,0.5987816452980042
20180704_sample_4,IT,1.3199999999999878,1.5525102426991093,0.9370772838592529
20180704_sample_5,Pvalb,0.4799999999999943,0.7058962597439198,0.5340906381607056
20180705_sample_1,Pvalb,0.6000000000000033,0.8898295683196432,0.6364866495132446
20180705_sample_4,Pvalb,0.5600000000000049,0.47539110205122875,0.38892310857772827
20180709_sample_2,IT,1.8400000000000083,1.824771824714748,1.0384275913238525
20180709_sample_3,Lamp5,1.6800000000000148,1.0500318595673557,0.7178553342819214
20180709_sample_4,IT,1.8400000000000083,1.6709628920811372,0.9824390411376953
20180709_sample_6,IT,1.5600000000000058,1.305576021052677,0.8353305459022522
20180710_sample_1,Pvalb,0.5200000000000066,0.8277996683626976,0.6031128764152527
20180710_sample_2,Pvalb,0.7599999999999968,0.5971336884402229,0.4682105779647827
20180710_sample_3,Pvalb,0.6000000000000033,0.6391805864294204,0.49419647455215454
20180710_sample_5,Pvalb,0.5999999999999894,0.6216848050526942,0.48346561193466187
20180711_sample_1,Pvalb,0.7199999999999984,0.8570192697070017,0.618972659111023
20180711_sample_2,Sst,0.7599999999999829,0.8671916010903465,0.6244354844093323
20180711_sample_3,Sst,1.0000000000000009,0.9819222155295506,0.6840671896934509
20180711_sample_4,Sst,0.9600000000000164,0.9215434497354137,0.6531287431716919
20180712_sample_2,low quality,2.0399999999999863,1.1375720207862285,0.759670615196228
20180712_sample_3,Sncg,1.0799999999999976,1.2066283115847787,0.791465699672699
20180712_sample_5,Pvalb,0.4799999999999943,0.9545946350451844,0.6701828241348267
20180712_sample_11,Pvalb,0.8399999999999935,0.5648023296574987,0.4477595090866089
20180712_sample_12,Pvalb,0.6400000000000017,0.6813870995539578,0.5196191072463989
20180712_sample_13,IT,2.1599999999999957,1.616449115304608,0.9618180990219116
20180712_sample_14,Pvalb,0.6399999999999739,0.6129762058315892,0.4780810475349426
20180712_sample_15,Pvalb,0.68,0.5855103717040032,0.46090635657310486
20180717_sample_1,Pvalb,0.5600000000000049,0.723699842878948,0.5444730520248413
20180717_sample_2,Lamp5,1.160000000000022,0.9599709360462608,0.6729296445846558
20180717_sample_3,Pvalb,0.5600000000000049,0.6790032904929959,0.5182003378868103
20180717_sample_4,Pvalb,0.4800000000000082,0.6328001971182172,0.49029645323753357
20180717_sample_6,Pvalb,0.7999999999999952,0.6866356988915011,0.5227358341217041
20180717_sample_7,ET,1.5200000000000211,1.29987315844417,0.8328539729118347
20180718_sample_2,Pvalb,0.6400000000000017,0.7390178973663534,0.5533205270767212
20180718_sample_3,Pvalb,0.6000000000000033,0.7486307666850389,0.5588330626487732
20180718_sample_4,Pvalb,0.6000000000000172,0.43870927501897933,0.36374637484550476
20180719_sample_1,Pvalb,0.6400000000000017,0.4989864944386717,0.4047892093658447
20180719_sample_4,Pvalb,0.6400000000000017,0.6003541948687937,0.4702249765396118
20180720_sample_2,Sncg,1.4399999999999968,1.1532999150222083,0.7670015096664429
20180720_sample_3,Pvalb,0.6399999999999878,0.6128866050259804,0.47802549600601196
20180720_sample_5,Lamp5,1.7599999999999838,0.9769741922372255,0.6815674901008606
20180725_sample_3,IT,2.5199999999999942,1.6000988889894987,0.9555494785308838
20180725_sample_4,low quality,1.7199999999999993,1.1248711473519462,0.7537111639976501
20180725_sample_6,Pvalb,0.5600000000000049,0.8233938985204583,0.6006995439529419
20180725_sample_7,IT,2.1599999999999957,1.9510166675105254,1.0821497440338135
20180725_sample_9,Lamp5,1.8000000000000238,1.0976007295379229,0.7407941818237305
20180726_sample_3,Pvalb,0.5999999999999894,0.6520690388070524,0.5020284652709961
20180726_sample_4,Pvalb,0.5199999999999927,0.749719125842777,0.5594552755355835
20180726_sample_5,Pvalb,0.5600000000000049,0.746878867544058,0.5578306913375854
20180726_sample_6,Pvalb,0.5199999999999927,0.7908625790330308,0.5826973915100098
20180726_sample_7,Pvalb,0.4799999999999943,0.7109311084971032,0.53703773021698
20180817_sample_2,Pvalb,0.5199999999999649,0.5711133238762326,0.45178449153900146
20180817_sample_3,Pvalb,0.7599999999999829,0.5837764201020573,0.45981213450431824
20180817_sample_4,Pvalb,0.6400000000000017,0.8804154452695314,0.6314927339553833
20180817_sample_5,Pvalb,0.5599999999999911,0.7941334148171947,0.5845221281051636
20180817_sample_6,IT,1.5999999999999903,1.3718388043797567,0.8636655211448669
20180817_sample_7,Pvalb,0.7600000000000107,0.538553558644605,0.43084272742271423
20180820_sample_1,Sst,1.0000000000000009,0.8855642199380651,0.6342270970344543
20180820_sample_2,IT,1.7199999999999993,1.6171703391418695,0.962093710899353
20180820_sample_3,Sst,1.0000000000000009,1.1192582561366564,0.7510661482810974
20180820_sample_4,Sst,1.12000000000001,1.0162746305652417,0.7012515664100647
20180820_sample_5,Sst,1.0000000000000009,0.7432980354231931,0.5557787418365479
20180820_sample_6,IT,1.7199999999999993,1.8463919718940742,1.0460522174835205
20180820_sample_7,Sst,0.8799999999999919,0.864330441637514,0.622901976108551
20180822_sample_1,Pvalb,0.5999999999999894,0.7253922958313902,0.5454544425010681
20180822_sample_2,Pvalb,0.68,0.6787275026016986,0.5180360674858093
20180822_sample_3,Pvalb,0.7199999999999984,0.7841995724025066,0.5789698958396912
20180822_sample_4,Pvalb,0.68,0.7172194709855062,0.5407063961029053
20180822_sample_6,Pvalb,0.6799999999999862,0.6934583469017596,0.5267727971076965
20180822_sample_7,Pvalb,0.5999999999999894,0.5368001055612343,0.42970240116119385
20180828_sample_2,Pvalb,0.8000000000000229,0.7424749614715576,0.5553064942359924
20180828_sample_3,Pvalb,0.5200000000000066,0.6691900672231248,0.5123385190963745
20180828_sample_4,IT,2.3200000000000163,1.6329225582964926,0.9680944681167603
20180828_sample_5,Pvalb,0.5199999999999927,0.5942461810400463,0.46640101075172424
20180828_sample_6,Pvalb,0.7199999999999984,0.5974744333655008,0.46842390298843384
20180828_sample_7,low quality,1.2800000000000034,1.106953766389242,0.7452431917190552
20180828_sample_8,IT,2.48000000000001,1.8183951342272875,1.0361676216125488
20180829_sample_1,Sst,0.8400000000000074,1.073388221430145,0.729184091091156
20180829_sample_2,Sst,1.1599999999999944,0.9778855167003626,0.6820283532142639
20180829_sample_3,Sst,0.8400000000000074,1.007112248376227,0.6966969966888428
20180829_sample_4,Sst,1.0800000000000254,1.050989819676389,0.7183225154876709
20180829_sample_5,Sst,0.7200000000000262,0.9449538732234458,0.6652382612228394
20180829_sample_6,Sst,0.9599999999999886,0.7863164861427173,0.5801556706428528
20180829_sample_7,Sst,0.920000000000004,0.9253459202460373,0.6551056504249573
20180829_sample_8,IT,1.8800000000000483,1.603674517412473,0.9569237232208252
20180830_sample_1,Pvalb,0.68,1.0067722795816076,0.6965276002883911
20180830_sample_2,Pvalb,0.68,0.7047307011125705,0.5334071516990662
20180830_sample_5,Pvalb,0.5600000000000049,0.7855479182050634,0.5797253251075745
20180830_sample_6,Pvalb,0.6400000000000017,0.7072431273135513,0.5348798632621765
20180904_sample_1,Pvalb,0.6400000000000017,0.7096404338630491,0.5362830758094788
20180904_sample_2,Pvalb,0.7199999999999984,0.6031699156206348,0.47198286652565
20180904_sample_3,Pvalb,0.6000000000000033,0.7323190585497725,0.5494610071182251
20180904_sample_4,Pvalb,0.5600000000000049,0.599860206165349,0.4699162542819977
20180904_sample_5,Pvalb,0.5600000000000049,0.7186192238515346,0.5415211915969849
20180904_sample_6,Pvalb,0.6000000000000033,0.735744596981032,0.5514364838600159
20180904_sample_7,Pvalb,0.7600000000000107,0.5715938931973022,0.452090322971344
20180904_sample_9,Pvalb,0.5600000000000049,0.5732841237068222,0.4531652331352234
20180905_sample_1,Sst,1.0000000000000009,1.0649030817423122,0.7250832915306091
20180905_sample_2,Sst,0.9600000000000164,0.9422142165684254,0.6638286709785461
20180910_sample_2,Sst,1.12000000000001,0.9557258560996389,0.6707614064216614
20180910_sample_3,Sst,1.1599999999999944,0.9431460008725183,0.6643083095550537
20180911_sample_1,Sst,1.5999999999999903,0.9621332434835074,0.6740322709083557
20180911_sample_2,Sst,1.0400000000000131,1.0216536890214172,0.7039158344268799
20180911_sample_3,Sst,1.0000000000000009,1.0568774298881283,0.721189022064209
20180911_sample_5,Sst,0.7599999999999829,1.12077410435693,0.751781165599823
20180911_sample_6,Sst,1.0000000000000009,0.8688340103626698,0.6253147125244141
20180912_sample_2,Pvalb,0.7199999999999984,0.7243509297289827,0.5448507070541382
20180912_sample_3,Pvalb,0.4799999999999943,0.6001779742378962,0.4701148569583893
20180912_sample_6,Pvalb,0.6399999999999739,0.6443874079726257,0.4973679184913635
20180913_sample_2,low quality,1.0000000000000009,1.188972477249514,0.7834322452545166
20180917_sample_1,Sst,1.5199999999999658,1.0936362567959694,0.7389023900032043
20180917_sample_2,Pvalb,0.6000000000000033,0.6367886153425543,0.49273616075515747
20180917_sample_3,IT,1.7199999999999993,1.655352940078465,0.9765775799751282
20180917_sample_4,Pvalb,0.7600000000000384,0.5979354924902289,0.4687124788761139
20180917_sample_5,Sst,0.920000000000004,0.9906142182571338,0.6884432435035706
20180918_sample_1,Vip,1.0000000000000009,0.9157660641175237,0.6501175761222839
20180918_sample_2,Vip,0.9599999999999886,0.8992471250638228,0.6414575576782227
20180918_sample_3,Vip,1.1999999999999789,1.1181665214772252,0.7505508661270142
20180920_sample_1,low quality,0.68,1.1721884026182388,0.7757351398468018
20180920_sample_2,Pvalb,0.68,0.7263441497182651,0.5460059642791748
20180920_sample_3,Pvalb,0.5599999999999772,0.40923536256063053,0.34304726123809814
20180920_sample_4,Pvalb,0.5999999999999894,0.6498693824810937,0.5006961226463318
20180921_sample_1,low quality,1.480000000000009,0.9912711722273786,0.6887732148170471
20180921_sample_2,Pvalb,0.7199999999999984,0.5912056876488379,0.4644920229911804
20180921_sample_3,Pvalb,0.5599999999999911,0.5969557759306999,0.4680991768836975
20180925_sample_9,Pvalb,0.5600000000000049,0.6550548137642652,0.5038341283798218
20180926_sample_1,Pvalb,0.5999999999999894,0.6376648428674155,0.4932713508605957
20180926_sample_3,Pvalb,0.6400000000000017,0.6926590058474122,0.5263006687164307
20180926_sample_4,low quality,0.5600000000000049,0.8358261398922142,0.607494592666626
20180926_sample_7,Pvalb,0.5600000000000049,0.517175960521635,0.4168506860733032
20180926_sample_9,IT,1.36,1.7410506955044631,1.0083413124084473
20180927_sample_1,Pvalb,0.6400000000000294,0.7811265723321159,0.5772460699081421
20180927_sample_2,Pvalb,0.6400000000000017,0.695449913151101,0.5279481410980225
20180927_sample_3,low quality,0.6000000000000449,0.8961176924270635,0.6398084759712219
20180927_sample_4,Pvalb,0.68,0.5005853096603339,0.4058552384376526
20180927_sample_5,Pvalb,0.5200000000000066,0.5789786726059144,0.45677822828292847
20180927_sample_7,Pvalb,0.5200000000000204,0.5486890131758235,0.43740877509117126
20180927_sample_9,IT,1.9199999999999773,1.5984340289547239,0.9549089670181274
20180927_sample_10,low quality,0.5999999999999894,1.2176207330813846,0.7964348793029785
20181002_sample_1,low quality,0.7599999999999968,1.059212434759284,0.7223235964775085
20181002_sample_2,Pvalb,0.6000000000000033,0.4905515201576211,0.3991461992263794
20181002_sample_3,Pvalb,0.6399999999999739,0.7064485696327152,0.5344143509864807
20181002_sample_4,Pvalb,0.68,0.9899668512951468,0.6881179809570312
20181002_sample_5,Pvalb,0.6000000000000449,0.5716538458900724,0.45212846994400024
20181002_sample_6,Pvalb,0.5600000000000049,0.6746431289913265,0.5156000852584839
20181002_sample_7,IT,1.5999999999999903,1.8983863413310993,1.0641541481018066
20181002_sample_8,Pvalb,0.6000000000000033,0.5542233446888427,0.44097596406936646
20181002_sample_9,Sst,0.5199999999999927,0.5420732247588971,0.433127760887146
20181002_sample_10,Pvalb,0.5199999999999649,0.6223830334586452,0.48389607667922974
20181003_sample_1,low quality,1.239999999999991,0.9886137197706323,0.6874377727508545
20181003_sample_2,Sst,1.8800000000000483,1.3059312869790285,0.8354846239089966
20181003_sample_3,Sst,0.920000000000004,0.9662139688309287,0.6761098504066467
20181003_sample_4,Sst,0.8400000000000074,0.7425120397436435,0.5553277730941772
20181003_sample_5,Sst,0.920000000000004,1.156528197936723,0.7684996128082275
20181003_sample_6,Sst,1.12000000000001,0.9762238318105376,0.6811878681182861
20181003_sample_7,Sst,0.8000000000000229,0.8715440045001994,0.6267637610435486
20181003_sample_8,Sst,0.7999999999999952,0.5734800788579261,0.45328977704048157
20181003_sample_9,Sst,0.7199999999999984,0.6265944278449,0.4864885210990906
20181003_sample_10,Sst,0.7199999999999984,0.7138618534163972,0.5387492179870605
20181004_sample_1,low quality,0.8799999999999919,1.4214700086564618,0.8843747973442078
20181004_sample_3,Sst,0.8400000000000074,0.6357374491445987,0.4920937418937683
20181004_sample_5,Sst,0.7600000000000107,0.7938500496819674,0.5843641757965088
20181004_sample_6,Sst,0.8800000000000197,1.05485406364724,0.7202048301696777
20181004_sample_8,Sst,0.6799999999999584,0.5347390595065281,0.42836037278175354
20181009_sample_2,Sst,1.3200000000000156,0.8686370811199507,0.6252093315124512
20181009_sample_3,Sst,1.0000000000000009,0.9806895396146067,0.6834450364112854
20181009_sample_4,Sst,0.920000000000004,0.9187577398012229,0.6516779661178589
20181009_sample_5,Sst,0.7999999999999952,0.9156315547211751,0.6500473618507385
20181009_sample_6,IT,1.8400000000000083,1.898938871797878,1.0643447637557983
20181009_sample_7,Sst,0.920000000000004,0.8266196265820911,0.6024670600891113
20181010_sample_1,Sst,0.9600000000000164,0.777644423325949,0.5752891302108765
20181010_sample_3,Sst,0.7999999999999952,0.849767199373488,0.6150597929954529
20181010_sample_4,Sst,0.9199999999999764,0.9701498113692764,0.6781095862388611
20181010_sample_5,IT,1.8000000000000238,2.0018552910768443,1.0992305278778076
20181010_sample_6,Sst,1.12000000000001,0.9365430820526577,0.6609044671058655
20181010_sample_8,Sst,0.920000000000004,0.9772679813176228,0.6817160844802856
20181010_sample_10,Sst,0.5600000000000049,0.8864226129801211,0.6346822381019592
20181011_sample_3,Sst,0.7199999999999984,1.1130877978715366,0.7481502890586853
20181011_sample_4,Sst,1.3200000000000156,1.0871584435957813,0.7358035445213318
20181011_sample_8,Sst,1.0000000000000009,0.8329643152040437,0.6059345006942749
20181011_sample_9,Sst,0.8400000000000074,0.925658550665641,0.6552680134773254
20181011_sample_10,Sst,0.7199999999999984,0.717887974369351,0.5410956144332886
20181109_sample_1,Sst,1.1999999999999789,0.9578839470143425,0.6718642711639404
20181109_sample_2,Sst,0.920000000000004,0.9103642396892856,0.6472939252853394
20181109_sample_3,Sst,0.8400000000000074,1.0485281127730302,0.7171215415000916
20181109_sample_5,Sst,0.8800000000000197,0.9748540310361719,0.680494487285614
20181109_sample_7,Sst,1.0000000000000009,1.1194664378245487,0.7511643767356873
20181109_sample_8,Sst,0.9599999999999886,0.9429556012547038,0.664210319519043
20181109_sample_9,Sst,0.920000000000032,0.8617920163085007,0.6215394735336304
20181109_sample_10,Sst,0.920000000000032,0.9689255136299615,0.6774879693984985
20181112_sample_1,low quality,0.9599999999999886,1.1498856511393443,0.7654146552085876
20181112_sample_4,Sst,1.119999999999982,0.7985563878563712,0.5869843363761902
20181112_sample_5,low quality,1.0000000000000009,1.1465341187794296,0.7638545036315918
20181112_sample_6,Sst,1.2000000000000066,0.9551139575327364,0.6704484820365906
20181112_sample_8,Sst,0.7999999999999952,0.7206960701535925,0.5427289009094238
20181112_sample_11,Sst,0.7999999999999952,0.7500110617865132,0.5596221089363098
20181114_sample_1,Pvalb,0.7599999999999968,0.9894447929882847,0.68785560131073
20181114_sample_2,Pvalb,0.6400000000000017,0.7410004677722833,0.5544599294662476
20181114_sample_4,Pvalb,0.7199999999999984,0.8342491457648223,0.6066352128982544
20181116_sample_2,Pvalb,0.6800000000000139,0.6353655382791951,0.4918663501739502
20181116_sample_3,Pvalb,0.7599999999999829,0.7728600787750994,0.5725941061973572
20181116_sample_4,Pvalb,0.6800000000000139,0.6642943207378899,0.5094012022018433
20181116_sample_5,Pvalb,0.5199999999999927,0.9379917703210998,0.6616522669792175
20181116_sample_7,low quality,0.5600000000000049,1.106860961686616,0.7451991438865662
20181116_sample_10,low quality,0.6400000000000294,1.2007959153245136,0.7888190746307373
20181116_sample_12,Pvalb,0.5599999999998939,0.5853093276541042,0.4607795476913452
20181121_sample_1,Sst,0.8399999999999935,1.0124757397380422,0.6993656754493713
20181121_sample_2,Sst,1.0000000000000009,1.0031755157791058,0.6947336792945862
20181121_sample_3,Pvalb,0.7599999999999829,0.6807512333409294,0.5192408561706543
20181121_sample_4,low quality,1.1599999999999944,1.0573604058109625,0.7214238047599792
20181121_sample_5,Sst,0.920000000000004,0.7804225295730186,0.5768507122993469
20181121_sample_6,Sst,0.6799999999999862,0.6485932771105968,0.49992236495018005
20181121_sample_7,Sst,0.7599999999999829,0.9940777695772225,0.6901816725730896
20181126_sample_2,Sst,0.9599999999999886,0.7439770028852974,0.5561681389808655
20181126_sample_6,Sst,0.920000000000004,0.9133588843142152,0.6488602757453918
20181127_sample_1,Sst,0.9600000000000164,1.013096111791411,0.6996738910675049
20181127_sample_3,Sst,1.1599999999999944,1.0530878208476122,0.7193449139595032
20181127_sample_4,Sst,0.8399999999999797,0.9250488306696041,0.6549513339996338
20181127_sample_5,Sst,0.8400000000000074,0.9017508075626668,0.6427749395370483
20181127_sample_7,Sst,1.1999999999999789,0.9039309310819106,0.6439206600189209
20181129_sample_1,Sst,0.8399999999999797,0.7728862853012083,0.5726088881492615
20181129_sample_2,low quality,0.920000000000004,1.0828397427111411,0.7337322235107422
20181129_sample_3,Sst,1.0799999999999976,0.9528188891547889,0.6692739129066467
20181129_sample_4,Sst,0.7999999999999952,0.9514076192141285,0.668550968170166
20181129_sample_5,Sst,0.8400000000000074,0.826910346001994,0.6026262044906616
20181129_sample_6,Sst,1.12000000000001,1.0143742896149743,0.700308620929718
20181203_sample_2,Sst,1.1999999999999789,1.0944737681534202,0.7393023371696472
20181203_sample_3,Sst,0.8399999999999797,0.9053054807232896,0.6446423530578613
20181203_sample_4,Sst,0.8800000000000197,1.1862076768309515,0.7821683883666992
20181203_sample_5,Sst,1.0400000000000131,0.9864150079681867,0.6863315105438232
20181203_sample_6,Pvalb,0.5999999999999894,0.7900707156924811,0.5822551250457764
20181203_sample_7,Sst,0.8400000000000074,1.1321714797408537,0.7571409344673157
20181203_sample_8,Sst,0.8400000000000074,0.8171091975053508,0.5972468852996826
20181203_sample_9,Sst,1.0400000000000131,0.9837267905703271,0.6849772930145264
20181203_sample_10,low quality,0.6799999999999862,0.5506861138970683,0.43869748711586
20181205_sample_1,Sst,1.0400000000000131,0.8683049771168693,0.625031590461731
20181205_sample_2,Sst,0.7600000000000107,0.8290698675640182,0.6038075685501099
20181207_sample_1,Pvalb,0.8000000000000229,0.7459553405306399,0.5573018789291382
20181207_sample_2,Pvalb,0.6400000000000017,0.7141460697613625,0.5389150381088257
20181207_sample_3,Pvalb,0.6800000000000139,0.8464709878340863,0.6132762432098389
20181207_sample_4,Pvalb,0.6000000000000172,0.5910952465173548,0.4644226133823395
20181207_sample_5,Pvalb,0.8000000000000229,0.6193132974167124,0.4820021688938141
20181207_sample_6,low quality,0.6400000000000017,1.1289407013380013,0.755624532699585
20181207_sample_7,Pvalb,0.5600000000000049,0.7569815732171358,0.5635973215103149
20181208_sample_1,low quality,1.1599999999999944,1.2976949801566928,0.8319064378738403
20181208_sample_2,Sst,0.8000000000000229,1.0547833945680212,0.7201704382896423
20181208_sample_3,Sst,1.0400000000000131,1.3458799961124208,0.852660596370697
20181208_sample_4,Sst,1.0000000000000009,0.8161513561652506,0.5967196226119995
20181208_sample_5,Sst,1.12000000000001,1.1508689903606613,0.7658719420433044
20181208_sample_6,Sst,0.9599999999999886,0.9129892999199231,0.6486670970916748
20181208_sample_7,Sst,0.8799999999999919,1.028449836396623,0.7072718739509583
20181208_sample_8,Sst,0.7600000000000107,0.7475811039362729,0.5582326054573059
20181208_sample_9,Sst,0.8799999999999919,0.9575545335167617,0.6716960072517395
20181208_sample_10,Sst,1.119999999999982,0.8262740899739385,0.6022778749465942
20181211_sample_1,CT,1.36,1.186995531416237,0.7825286984443665
20181211_sample_2,Pvalb,0.8400000000000074,0.7563319840045803,0.5632275342941284
20181211_sample_4,Pvalb,0.5600000000000049,0.7120914159253918,0.5377156734466553
20181211_sample_5,low quality,0.6400000000000017,1.090381758309142,0.7373467087745667
20181211_sample_6,Pvalb,0.6000000000000172,0.45800464232173477,0.37706881761550903
20181211_sample_7,Pvalb,0.6000000000000172,0.8168806816826131,0.5971211194992065
20181211_sample_8,Pvalb,0.5999999999999894,0.7780657537659323,0.5755261182785034
20181211_sample_9,Pvalb,0.6400000000000017,0.7330820690253126,0.5499013662338257
20181213_sample_1,Sst,0.9599999999999886,0.8918715296866204,0.6375665664672852
20181213_sample_2,Sst,1.2000000000000066,0.8776911503442161,0.6300429105758667
20181213_sample_3,Sst,1.12000000000001,0.9355445500692215,0.660388708114624
20181213_sample_4,Sst,0.9599999999999886,1.0701447150617371,0.7276185154914856
20181213_sample_5,IT,1.5199999999999936,1.7306201946134103,1.0045287609100342
20181213_sample_6,Sst,0.8800000000000197,0.8000753352809024,0.587828516960144
20181213_sample_7,Sst,0.920000000000004,1.033285505400734,0.7096529603004456
20181214_sample_1,low quality,1.8400000000000083,0.8596595903383683,0.6203934550285339
20181214_sample_2,Sst,0.920000000000004,0.9517931184293288,0.6687484979629517
20190108_sample_1,Pvalb,0.6399999999999739,0.5444663793060409,0.43467846512794495
20190108_sample_2,Vip,1.0000000000000009,1.1199888769359543,0.7514108419418335
20190108_sample_3,IT,1.679999999999987,1.4274567359867045,0.8868440985679626
20190108_sample_5,Vip,1.12000000000001,0.9180257027546357,0.6512963771820068
20190108_sample_6,Lamp5,1.4000000000000123,1.2461805078509016,0.8092312216758728
20190109_sample_2,Sst,0.7999999999999952,0.7332458068492512,0.5499958395957947
20190110_sample_1,Sst,0.920000000000004,0.8263331988796614,0.6023102402687073
20190110_sample_3,Sst,0.8800000000000197,1.0701460723548262,0.7276191711425781
20190110_sample_4,Sst,1.0399999999999854,0.8787152655800659,0.630588173866272
20190110_sample_6,IT,1.36,1.6397782028556642,0.970694899559021
20190110_sample_7,IT,1.5199999999999936,1.5252570132247387,0.9263428449630737
20190117_sample_1,Vip,0.7599999999999968,0.7952762045884082,0.5851588845252991
20190117_sample_2,IT,1.7199999999999993,1.7319469916723724,1.0050145387649536
20190117_sample_3,Sst,1.0000000000000009,1.0739829908524583,0.7294709086418152
20190117_sample_4,IT,1.239999999999991,1.5437977029015857,0.9336581230163574
20190117_sample_5,Sst,0.7600000000000107,0.860198593661805,0.6206832528114319
20190122_sample_1,Pvalb,0.5200000000000066,0.6223833235633643,0.48389625549316406
20190122_sample_2,IT,2.0799999999999983,1.801162591020776,1.0300345420837402
20190122_sample_3,Pvalb,0.6799999999999029,0.7300524595531852,0.5481517314910889
20190122_sample_5,Pvalb,0.5200000000000066,0.6591283975265773,0.5062924027442932
20190122_sample_6,IT,2.680000000000016,1.849706985776208,1.0472161769866943
20190122_sample_9,Pvalb,0.5199999999999927,0.9844976242536538,0.6853657960891724
20190122_sample_10,Pvalb,0.6000000000000172,0.8459119765739379,0.6129734516143799
20190122_sample_11,low quality,0.6000000000000033,1.1115138852749058,0.7474051713943481
20190122_sample_12,Pvalb,0.5600000000000049,0.7873869644720132,0.5807547569274902
20190122_sample_13,Pvalb,0.6799999999999862,0.531595911251767,0.426310271024704
20190122_sample_14,Pvalb,0.6399999999999739,0.6305508736424956,0.48891791701316833
20190122_sample_16,Pvalb,0.68,0.736843466388988,0.552069365978241
20190122_sample_17,Pvalb,0.6000000000000033,0.6401491069609735,0.49478715658187866
20190123_sample_5,Pvalb,0.5599999999999772,0.6864238926970128,0.5226102471351624
20190123_sample_7,Pvalb,0.6400000000000017,0.7848761712653187,0.5793490409851074
20190123_sample_8,Pvalb,0.6400000000000017,0.612742984934178,0.47793644666671753
20190124_sample_4,Pvalb,0.6800000000000139,0.9093721501230347,0.6467744708061218
20190128_sample_2,Pvalb,0.8800000000000474,0.5796798398181428,0.45722219347953796
20190128_sample_3,low quality,0.5999999999999894,1.0221980605739616,0.7041850686073303
20190128_sample_4,Pvalb,0.5999999999999894,0.6828097010618218,0.5204648375511169
20190128_sample_6,Lamp5,1.119999999999982,1.0658181218241676,0.7255263328552246
20190128_sample_7,Pvalb,0.5199999999999649,0.7248052741903387,0.5451141595840454
20190128_sample_11,Pvalb,0.6800000000000139,0.7959924369308424,0.585557758808136
20190128_sample_12,Pvalb,0.6000000000000033,0.5564441417003902,0.4424038231372833
20190130_sample_2,low quality,0.6400000000000017,1.1802422451173369,0.7794359922409058
20190130_sample_3,Lamp5,1.0399999999999854,0.909419722229234,0.6467993855476379
20190130_sample_6,Pvalb,0.6000000000000033,0.6870439054475462,0.5229778289794922
20190130_sample_8,CT,1.239999999999991,1.5138924355476024,0.9218323230743408
20190130_sample_9,Sst,0.920000000000004,0.8259077227548358,0.6020772457122803
20190130_sample_10,Sst,0.7600000000000107,1.1009300806168083,0.7423801422119141
20190130_sample_15,Pvalb,0.6400000000000017,0.5543775961618603,0.4410752058029175
20190130_sample_17,Sst,1.3599999999999723,0.9910297734126554,0.688651978969574
20190130_sample_18,Sst,1.0399999999999854,0.795400015725645,0.5852278470993042
20190131_sample_1,Sst,0.9600000000000164,0.9919095840450426,0.6890937685966492
20190131_sample_3,Pvalb,0.4800000000000082,0.8302331649827688,0.604443371295929
20190131_sample_4,Sst,0.8399999999999797,0.8689878479237818,0.6253970265388489
20190131_sample_5,Sst,0.6000000000000033,0.6645472991257914,0.5095531940460205
20190131_sample_6,Sst,0.7999999999999952,0.7639141369144121,0.5675352811813354
20190131_sample_10,Sst,0.7600000000000107,0.8069325742099595,0.5916306972503662
20190201_sample_2,Pvalb,0.6400000000000017,0.6228489601362812,0.4841832220554352
20190201_sample_3,Pvalb,0.5600000000000049,0.6680763333424211,0.5116710662841797
20190201_sample_4,Pvalb,0.5600000000000049,0.6098276887933968,0.47612714767456055
20190201_sample_7,Pvalb,0.6799999999999862,0.8068748470883187,0.5915987491607666
20190201_sample_8,Pvalb,0.6800000000000139,0.6677694363023567,0.5114870667457581
20190201_sample_10,Pvalb,0.6000000000000033,0.827738333159805,0.6030793190002441
20190204_sample_1,Sst,0.8400000000000074,0.8711838354424168,0.6265712976455688
20190204_sample_2,CT,1.6400000000000026,1.3090528318046575,0.8368374109268188
20190204_sample_4,Sst,0.8400000000000074,0.9254243026207369,0.6551463603973389
20190204_sample_5,Sst,1.0000000000000009,0.8811822389915638,0.631900429725647
20190204_sample_6,Sst,1.0000000000000009,1.0316022221984888,0.7088247537612915
20190204_sample_7,Pvalb,0.5600000000000049,0.6425063875691633,0.4962233603000641
20190204_sample_8,Pvalb,0.5600000000000049,0.7313619495309246,0.5489083528518677
20190204_sample_9,Pvalb,0.5999999999999894,0.5962499851087576,0.4676571190357208
20190204_sample_10,Pvalb,0.6400000000000294,0.6309180927837134,0.48914310336112976
20190204_sample_11,Sst,0.8399999999999935,0.8900758211296937,0.6366169452667236
20190204_sample_14,Sst,0.920000000000004,0.7379943090194401,0.5527317523956299
20190204_sample_15,Sst,0.8400000000000074,0.8619199707891319,0.6216081976890564
20190204_sample_16,Sst,0.7200000000000262,0.7887443293044837,0.5815138816833496
20190204_sample_17,Sst,0.6399999999999878,0.958361304014377,0.6721080541610718
20190204_sample_18,Sst,1.0000000000000009,0.98880053279305,0.6875317096710205
20190204_sample_19,low quality,0.6400000000000017,1.0198952754202315,0.703045666217804
20190204_sample_20,low quality,0.6400000000000017,1.0923279883201622,0.7382773160934448
20190204_sample_21,Pvalb,0.5200000000000204,0.7596467305544231,0.5651130676269531
20190204_sample_22,IT,1.36,1.612611134298052,0.9603501558303833
20190204_sample_24,CT,1.5999999999999903,1.5792023945072284,0.9474802017211914
20190205_sample_1,Pvalb,0.800000000000009,0.8445163980877975,0.612217128276825
20190205_sample_2,Sst,1.0000000000000009,0.9006101366636207,0.6421749591827393
20190205_sample_3,low quality,0.8799999999999919,0.8896707488991822,0.6364026069641113
20190205_sample_4,Sst,1.0399999999999854,0.8710926051057578,0.6265225410461426
20190205_sample_5,Sst,0.920000000000004,1.0282946002759774,0.7071953415870667
20190205_sample_6,Sst,0.6000000000000449,0.7890330727164907,0.5816752910614014
20190205_sample_7,Pvalb,0.5200000000000204,0.6165418239614715,0.48028919100761414
20190211_sample_1,Pvalb,0.5999999999999894,0.6818118791239368,0.519871711730957
20190211_sample_2,IT,1.5600000000000058,1.8803343732643267,1.0579063892364502
20190211_sample_3,Pvalb,0.5600000000000049,0.7029017907720874,0.5323337316513062
20190211_sample_4,IT,1.5199999999999936,1.6314390046001892,0.9675308465957642
20190211_sample_6,Pvalb,0.5600000000000049,0.5610755288438644,0.4453750252723694
20190211_sample_8,Pvalb,0.6399999999999878,0.9529629940518473,0.6693477034568787
20190211_sample_9,Pvalb,0.68,0.6334989273115198,0.4907242953777313
20190211_sample_11,Pvalb,0.6000000000000033,0.81490776099002,0.5960346460342407
20190211_sample_12,low quality,0.6000000000000033,0.9528779033641086,0.6693041324615479
20190212_sample_1,Sst,0.8399999999999797,0.8178845242840107,0.5976734757423401
20190212_sample_4,Sst,0.7999999999999952,1.0551601610810637,0.7203537821769714
20190212_sample_5,Sst,1.0000000000000009,1.057199155999879,0.7213454246520996
20190212_sample_6,Sst,1.0399999999999854,0.9821595564647337,0.6841869354248047
20190212_sample_7,Sst,0.920000000000032,0.960384884958351,0.673140823841095
20190212_sample_8,Sst,0.920000000000004,0.8034158825359362,0.5896825790405273
20190213_sample_1,Pvalb,0.5999999999999894,0.4953681337400684,0.40237241983413696
20190213_sample_4,Pvalb,0.5600000000000049,0.5769615833131392,0.45549994707107544
20190213_sample_7,Pvalb,0.6400000000000017,0.6462940837405932,0.49852675199508667
20190213_sample_8,Pvalb,0.6000000000000449,0.6454033336953899,0.4979855418205261
20190214_sample_1,Pvalb,0.5599999999999772,0.7551909683139651,0.5625776648521423
20190214_sample_2,Pvalb,0.5200000000000204,0.762345867942283,0.5666458010673523
20190214_sample_3,Pvalb,0.5600000000000049,0.5606682671924192,0.4451141059398651
20190214_sample_6,Pvalb,0.4799999999999804,0.9048274318182261,0.6443914175033569
20190214_sample_9,Pvalb,0.5200000000000066,0.6733197857791368,0.5148095488548279
20190218_sample_3,Sst,0.7599999999999829,0.7425303195182862,0.5553382635116577
20190218_sample_4,Sst,0.8400000000000074,0.8795939553251577,0.6310557723045349
20190218_sample_5,Sst,0.7199999999999984,0.8084771360443977,0.5924851298332214
20190219_sample_1,Vip,1.0000000000000009,1.0323975951155315,0.7092161774635315
20190219_sample_3,Sncg,0.8799999999999919,1.0664050539922787,0.7258104085922241
20190219_sample_4,Vip,1.2000000000000066,1.1064388083990973,0.7449987530708313
20190219_sample_7,Vip,0.7999999999999952,1.0652760411984132,0.7252638936042786
20190219_sample_8,IT,1.4400000000000246,1.3181405031057518,0.8407653570175171
20190221_sample_1,Sst,1.119999999999982,0.9195389101533432,0.65208500623703
20190221_sample_2,Sst,0.7199999999999707,0.9730735215761087,0.679592490196228
20190221_sample_4,Sst,0.7199999999999984,0.8527223993117476,0.6166561245918274
20190221_sample_10,Sst,0.7999999999999952,0.8720627965188902,0.6270409226417542
20190221_sample_11,Pvalb,0.6400000000000017,0.5979390165360787,0.4687146842479706
20190222_sample_2,CT,1.1599999999999944,1.389958545953636,0.8712760210037231
20190222_sample_3,IT,1.4399999999999968,1.498910436984123,0.915854811668396
20190222_sample_4,CT,1.7199999999999993,1.4435407497757677,0.8934481143951416
20190222_sample_5,CT,1.4000000000000123,1.556651694567397,0.9386984705924988
20190222_sample_7,Vip,0.8800000000000058,0.7350745225784265,0.5510503649711609
20190222_sample_8,IT,1.6400000000000303,1.8420212038347288,1.0445154905319214
20190226_sample_1,Pvalb,0.5999999999999894,0.8150746856726149,0.5961266160011292
20190226_sample_2,Lamp5,1.07999999999997,1.2099113869594302,0.7929524183273315
20190226_sample_3,CT,1.5600000000000058,1.493147791455455,0.913546085357666
20190226_sample_5,IT,1.479999999999981,1.719019453679,1.0002713203430176
20190226_sample_6,IT,1.5199999999999936,1.426850714886241,0.8865944147109985
20190226_sample_7,Lamp5,1.0799999999999976,1.184978825715478,0.781606137752533
20190226_sample_9,Pvalb,0.5600000000000049,0.7618199911125003,0.5663473606109619
20190227_sample_1,Sst,0.8400000000000074,0.8828406580913002,0.6327816247940063
20190227_sample_2,Sst,0.8400000000000074,0.7975435040984192,0.586421012878418
20190227_sample_3,Sst,0.8400000000000074,0.8612423448942629,0.6212441921234131
20190227_sample_4,Sst,0.920000000000004,0.9316059956316147,0.6583517789840698
20190227_sample_5,Sst,0.7600000000000107,0.9318097912415784,0.6584572792053223
20190227_sample_6,Sst,1.12000000000001,0.9431285120516243,0.6642993092536926
20190227_sample_7,Pvalb,0.5200000000000066,0.549672832397505,0.43804383277893066
20190318_sample_3,Sst,0.9600000000000024,0.8525148009256639,0.6165440678596497
20190318_sample_4,Sst,0.6800000000000139,0.7337393865992291,0.5502805709838867
20190318_sample_5,Sst,0.9600000000000164,0.9686258063945083,0.6773357391357422
20190318_sample_6,Sst,0.920000000000004,0.9215973954954846,0.6531568169593811
20190320_sample_4,IT,1.4800000000000368,1.6498907647833914,0.9745184183120728
20190320_sample_5,CT,1.0799999999999976,1.9226017833660927,1.0724742412567139
20190320_sample_6,CT,1.4399999999999968,1.5997824432315348,0.9554277658462524
20190320_sample_9,IT,1.239999999999991,1.547239729802846,0.9350103139877319
20190321_sample_2,low quality,1.7199999999999993,1.5360587258304885,0.9306111931800842
20190321_sample_4,IT,1.7600000000000393,1.9599356469335116,1.0851675271987915
20190321_sample_6,CT,1.36,1.6210447005719597,0.9635729789733887
20190322_sample_1,IT,2.1200000000000108,1.7565914432415206,1.0139949321746826
20190322_sample_2,IT,1.5999999999999903,1.7672313274686149,1.0178472995758057
20190322_sample_3,CT,1.7600000000000116,1.6341990582875365,0.9685791730880737
20190322_sample_4,CT,1.36,1.508375408221447,0.9196352958679199
20190325_sample_1,Lamp5,1.4000000000000123,1.0973258137397517,0.7406631112098694
20190325_sample_2,low quality,0.4800000000000082,0.936200986755378,0.6607277989387512
20190325_sample_3,IT,1.8400000000000083,1.9470044342263737,1.0807892084121704
20190325_sample_4,CT,1.2799999999999756,1.6787379805930636,0.9853457808494568
20190325_sample_5,CT,1.240000000000005,1.68065704536772,0.9860619306564331
20190325_sample_6,CT,1.36,1.4738362004724417,0.9057700634002686
20190325_sample_7,IT,1.799999999999996,1.806680780471209,1.032002568244934
20190325_sample_9,CT,1.3999999999999846,1.4717877593644761,0.9049416780471802
20190326_sample_1,CT,1.2000000000000066,1.5130620114699023,0.9215019345283508
20190326_sample_2,Vip,0.9199999999999764,1.0900589538026149,0.7371922731399536
20190326_sample_3,Vip,0.7999999999999952,1.2089138257306338,0.792500913143158
20190326_sample_4,CT,1.0000000000000009,1.3380838737819225,0.8493317365646362
20190327_sample_1,CT,1.8799999999999928,1.1532804064157491,0.766992449760437
20190327_sample_2,IT,2.48000000000001,1.556931799635274,0.938808023929596
20190327_sample_4,CT,1.4000000000000123,1.5186315306775646,0.9237157106399536
20190327_sample_7,Vip,0.68,0.9702937859073676,0.6781826615333557
20190328_sample_1,CT,1.5600000000000058,1.3583770570974778,0.8579736948013306
20190328_sample_2,CT,2.0399999999999863,1.3903206879737842,0.8714275360107422
20190328_sample_3,CT,1.2800000000000034,1.6857246059946405,0.9879505634307861
20190328_sample_4,CT,1.36,1.6006591947160227,0.9557649493217468
20190328_sample_5,CT,1.799999999999996,1.4888814818916996,0.9118334054946899
20190328_sample_6,CT,1.4399999999999968,1.6028602019150675,0.956610918045044
20190328_sample_8,IT,1.480000000000009,1.6826056264778266,0.9867885708808899
20190328_sample_9,CT,1.6800000000000148,1.218776291581635,0.7969558238983154
20190329_sample_3,CT,1.2800000000000034,1.4328771370371234,0.8890745639801025
20190329_sample_4,CT,1.600000000000018,1.829886801830796,1.0402367115020752
20190329_sample_5,CT,1.2800000000000034,1.4740393978494872,0.905852198600769
20190402_sample_2,CT,1.2800000000000034,1.6745160902298022,0.9837684631347656
20190402_sample_3,IT,1.479999999999981,1.2603010094174465,0.8154979944229126
20190402_sample_5,low quality,1.3999999999999846,1.03041259042578,0.7082390189170837
20190402_sample_6,Vip,1.0400000000000131,1.0519148382614572,0.7187734246253967
20190403_sample_3,low quality,1.1599999999999944,1.1876514462229482,0.7828285694122314
20190403_sample_5,IT,1.4399999999999968,1.6486246579438886,0.9740405082702637
20190403_sample_6,Sst,1.0000000000000009,0.7806754349547936,0.5769927501678467
20190403_sample_7,Sst,0.8400000000000074,0.8976417794665923,0.6406119465827942
20190408_sample_1,Pvalb,0.5999999999999894,0.5464647175406763,0.4359714984893799
20190408_sample_2,Sst,1.080000000000081,0.9264723852076209,0.6556905508041382
20190408_sample_5,Sst,0.7599999999999829,1.0780851364558568,0.7314468622207642
20190408_sample_6,Sst,0.9600000000000164,1.048308097162478,0.7170141339302063
20190409_sample_2,low quality,1.0399999999999854,1.1062197288706193,0.7448947429656982
20190409_sample_3,low quality,1.4000000000000123,1.0808509900390932,0.732776939868927
20190409_sample_4,Sst,1.12000000000001,1.057453605381379,0.7214691042900085
20190409_sample_5,CT,1.7199999999999993,1.2581214112162982,0.8145332336425781
20190409_sample_7,Sst,1.0399999999999991,1.0387598897416763,0.7123417258262634
20190409_sample_8,CT,1.7199999999999993,1.6044161260597694,0.957208514213562
20190409_sample_9,IT,1.480000000000009,1.5914206892834035,0.9522062540054321
20190409_sample_10,CT,1.7199999999999993,1.4643643608546852,0.9019339084625244
20190409_sample_11,IT,1.679999999999987,1.7394876009458993,1.0077708959579468
20190410_sample_3,CT,1.12000000000001,1.2869357258561578,0.8272128105163574
20190410_sample_4,Sst,1.5199999999999936,1.0221838378011245,0.7041780352592468
20190410_sample_6,IT,1.9600000000000173,1.8297070006351925,1.0401731729507446
20190410_sample_7,CT,1.5200000000000211,1.138893280355345,0.7602885365486145
20190410_sample_10,CT,1.9599999999999893,1.3188029940391122,0.8410511016845703
20190411_sample_1,CT,1.2800000000000034,1.7090945269860824,0.9966144561767578
20190411_sample_3,low quality,0.5200000000000066,1.064930282118507,0.7250964641571045
20190411_sample_5,CT,1.4399999999999968,1.4665651310887924,0.9028265476226807
20190411_sample_6,Pvalb,0.8399999999999935,0.5761588419449994,0.45499077439308167
20190411_sample_8,CT,1.479999999999981,1.4392787797902766,0.89170241355896
20190412_sample_1,Pvalb,0.6000000000000449,0.598685384509612,0.4691816568374634
20190412_sample_3,IT,1.160000000000022,1.5693669458469814,0.9436595439910889
20190412_sample_6,Pvalb,0.6400000000000017,0.8254724443213007,0.6018388271331787
20190415_sample_1,Pvalb,0.6400000000000017,0.6144907987609851,0.4790196120738983
20190415_sample_3,CT,1.5600000000000058,1.688555700555006,0.9890041351318359
20190415_sample_4,IT,2.3999999999999853,1.6557307607124845,0.976719856262207
20190415_sample_6,CT,1.6400000000000026,1.6319114671225246,0.9677103757858276
20190415_sample_8,Sst,1.7600000000000116,0.8851413498683319,0.6340028047561646
20190415_sample_10,IT,1.8800000000000203,1.6945541449279045,0.9912327527999878
20190416_sample_3,CT,1.36,1.665710582999058,0.9804706573486328
20190416_sample_4,Pvalb,0.5600000000000049,0.7192916539139195,0.5419123768806458
20190416_sample_5,Sst,0.7199999999999984,1.036125954922687,0.71104896068573
20190416_sample_6,IT,1.5999999999999903,1.5033150925985965,0.9176158905029297
20190416_sample_7,Sncg,0.9599999999999608,1.0416466844131764,0.7137566804885864
20190416_sample_8,Pvalb,0.5600000000000049,0.5489049391149863,0.4375481903553009
20190416_sample_9,IT,2.2000000000000077,1.947790771577716,1.081055998802185
20190416_sample_10,CT,1.7599999999999838,1.4797998533620171,0.9081778526306152
20190417_sample_2,CT,2.0000000000000018,1.4779535373967554,0.907433032989502
20190417_sample_3,CT,1.6400000000000303,1.5214001024631971,0.9248143434524536
20190417_sample_4,Sst,1.0799999999999976,0.9046430573645146,0.6442946195602417
20190417_sample_5,Sst,0.6400000000000017,0.9024337697313428,0.6431339979171753
20190417_sample_9,CT,1.8400000000000083,1.857771577468636,1.0500421524047852
20190417_sample_10,Sst,1.3200000000000156,1.0085426139650375,0.6974093914031982
20190418_sample_2,Sst,1.2800000000000034,1.015409044500518,0.7008221745491028
20190418_sample_4,CT,1.8799999999999928,1.536178296904862,0.9306583404541016
20190418_sample_5,IT,2.0400000000000142,1.8178149584224563,1.0359617471694946
20190418_sample_7,CT,1.600000000000018,1.4960436676826572,0.9147069454193115
20190418_sample_8,Pvalb,0.7200000000000123,0.8736123299296846,0.6278682947158813
20190418_sample_9,CT,1.7199999999999993,1.187788103599438,0.782891035079956
20190418_sample_10,CT,1.4000000000000123,1.3799158541620646,0.8670651316642761
20190422_sample_1,Pvalb,0.7199999999999984,0.6961315764633565,0.5283501148223877
20190422_sample_4,Pvalb,0.640000000000085,0.9708238578757783,0.678451657295227
20190422_sample_5,Pvalb,0.7600000000000107,0.7909120020609914,0.5827249884605408
20190422_sample_6,CT,1.5199999999999936,1.7314282431074826,1.0048246383666992
20190422_sample_7,IT,1.4399999999999968,1.6922409385655663,0.9903739094734192
20190422_sample_8,Pvalb,0.6800000000000139,0.6382321181263618,0.4936176836490631
20190422_sample_10,CT,1.600000000000018,1.8684080535550616,1.0537571907043457
20190423_sample_1,IT,1.8000000000000238,1.6085079242890081,0.9587783813476562
20190423_sample_3,CT,1.5600000000000058,1.4566632062762124,0.8988040089607239
20190423_sample_5,CT,1.559999999999978,1.4263037042875937,0.886368989944458
20190423_sample_7,CT,1.2400000000000189,1.3103846510102566,0.837414026260376
20190423_sample_8,Pvalb,0.6400000000000017,0.7090065139961955,0.5359122157096863
20190423_sample_10,Pvalb,0.5999999999999894,0.5848596104887432,0.46049582958221436
20190424_sample_1,CT,1.3999999999999846,1.5257207988312185,0.9265264868736267
20190424_sample_2,Pvalb,0.6800000000000139,0.5979974501588592,0.4687512516975403
20190424_sample_3,CT,1.4000000000000123,1.4777355454163958,0.9073450565338135
20190424_sample_4,CT,1.4000000000000123,1.5238186305761086,0.9257730841636658
20190424_sample_5,CT,1.2800000000000034,1.371254583348319,0.8634191751480103
20190424_sample_6,IT,1.9599999999999616,1.8778158800968783,1.0570316314697266
20190424_sample_7,Lamp5,1.0000000000000009,1.1150168440694352,0.7490627765655518
20190425_sample_1,IT,1.8399999999999803,1.7176545507996568,0.9997692108154297
20190425_sample_4,Lamp5,1.3999999999999846,1.029730503886293,0.7079030275344849
20190425_sample_6,Sst,0.9600000000000164,0.8274272221625815,0.6029090881347656
20190425_sample_7,IT,1.1999999999999789,1.7429985423960104,1.0090516805648804
20190425_sample_8,CT,1.4399999999999968,1.3847309891478934,0.8690863251686096
20190425_sample_9,CT,1.3999999999999846,1.0776022486799077,0.7312144637107849
20190425_sample_12,CT,1.4000000000000123,1.8279949077759121,1.0395679473876953
20190425_sample_13,CT,1.6400000000000026,1.8547837356061223,1.048996090888977
20190425_sample_14,CT,1.36,1.7795983594880884,1.0223064422607422
20190425_sample_16,IT,1.7199999999999993,2.025830508870122,1.1071856021881104
20190429_sample_1,Pvalb,0.5600000000000049,0.6164389218043045,0.480225533246994
20190429_sample_4,Pvalb,0.6400000000000017,0.6362749926924482,0.49242231249809265
20190429_sample_5,Pvalb,0.4800000000000359,0.6476217343492914,0.49933287501335144
20190429_sample_6,Pvalb,0.7199999999999984,0.7635272734342603,0.567315936088562
20190429_sample_7,CT,1.1599999999999944,1.7594097390791865,1.015016794204712
20190430_sample_1,Vip,0.8799999999999919,0.8159567311948496,0.5966124534606934
20190430_sample_3,Vip,0.6800000000000139,1.0219389325242523,0.7040569186210632
20190430_sample_4,Vip,0.920000000000004,1.1305592243825626,0.7563844919204712
20190430_sample_5,Vip,0.800000000000009,1.1275356788755453,0.7549643516540527
20190430_sample_6,Vip,0.8000000000000229,0.8835708300823991,0.6331693530082703
20190430_sample_7,IT,1.1999999999999789,1.6196382589752802,0.9630362391471863
20190430_sample_8,Vip,1.0799999999999976,1.2514074734558314,0.8115555644035339
20190430_sample_9,IT,1.4400000000000246,1.9861896009660618,1.0939981937408447
20190430_sample_10,IT,1.7600000000000116,1.6438480251814285,0.9722354412078857
20190501_sample_1,Vip,1.0399999999999991,1.0131352288718913,0.6996933221817017
20190501_sample_3,Vip,1.0000000000000009,0.9174383998789586,0.6509901285171509
20190501_sample_4,Vip,0.7999999999999952,0.9810802330447692,0.6836422681808472
20190501_sample_5,CT,1.2000000000000066,1.4025137073596483,0.8765155673027039
20190501_sample_6,Vip,1.1599999999999944,1.2875508482727156,0.827481746673584
20190501_sample_7,Pvalb,0.4399999999999959,0.6092221940231146,0.47575095295906067
20190501_sample_8,Vip,1.0000000000000009,1.0024568653583292,0.6943748593330383
20190501_sample_9,Pvalb,0.5200000000000204,0.7308478973386432,0.5486114025115967
20190501_sample_11,Pvalb,0.4800000000000082,0.7765079862703907,0.5746496319770813
20190501_sample_12,IT,1.480000000000009,1.6397328884484867,0.9706777334213257
20190501_sample_14,Pvalb,0.6799999999999862,0.4670686146613268,0.38326627016067505
20190503_sample_1,Vip,0.9600000000000164,1.0043901672966418,0.6953398585319519
20190503_sample_3,Vip,1.0399999999999854,0.9827428105022982,0.684481143951416
20190506_sample_1,Vip,0.8799999999999919,0.9804370290157438,0.6833175420761108
20190506_sample_2,Vip,0.7599999999999968,1.1791493581509163,0.7789345979690552
20190506_sample_3,Vip,0.7599999999999968,1.0509910421619497,0.7183231115341187
20190506_sample_4,CT,1.480000000000009,1.6913050793739604,0.9900262355804443
20190506_sample_5,Vip,1.0799999999999976,1.1764018944005545,0.7776730060577393
20190506_sample_6,CT,1.479999999999981,1.4664744221951347,0.9027897715568542
20190506_sample_7,Vip,0.920000000000004,0.8612870537228186,0.6212682127952576
20190507_sample_2,Vip,0.8399999999999797,0.9013954785387025,0.6425880789756775
20190507_sample_3,CT,1.4000000000000123,1.5671503454955968,0.9427964687347412
20190507_sample_4,Vip,1.0799999999999976,1.1129755795372078,0.7480971813201904
20190507_sample_5,Vip,0.8400000000000074,0.9976009263858787,0.6919469237327576
20190507_sample_6,Vip,0.8399999999999935,0.993150430729283,0.6897165179252625
20190508_sample_1,Lamp5,1.4399999999999968,1.1128420840060702,0.7480340003967285
20190508_sample_2,Sst,0.9199999999999764,0.8889634324702831,0.6360282301902771
20190508_sample_3,Lamp5,1.799999999999996,1.2644937455142968,0.817351222038269
20190508_sample_4,Sst,1.0000000000000009,1.0346113069510245,0.7103047966957092
20190508_sample_5,low quality,1.479999999999995,1.1189729238079484,0.7509315013885498
20190508_sample_6,Pvalb,0.5600000000000049,0.8047561601562426,0.5904254913330078
20190508_sample_7,Sst,0.9599999999999886,1.084994805952111,0.7347663640975952
20190509_sample_2,Vip,1.4399999999999968,1.3646067682694554,0.8606117367744446
20190509_sample_3,Lamp5,1.3999999999999846,1.006606263676023,0.6964448690414429
20190509_sample_4,Vip,1.119999999999982,1.0796584269083487,0.7322036623954773
20190509_sample_5,Lamp5,1.3999999999999568,1.0671565113637191,0.726173996925354
20190509_sample_9,Vip,1.0000000000000009,0.9589654616365806,0.6724165081977844
20190513_sample_1,Lamp5,1.2000000000000066,1.0058101045329049,0.6960480213165283
20190513_sample_2,Vip,1.2400000000000189,1.152175121930336,0.7664790153503418
20190513_sample_3,Vip,0.9599999999999886,1.1570443441696232,0.7687389254570007
20190513_sample_4,Vip,0.7199999999999984,1.2606882406205506,0.8156692981719971
20190513_sample_5,Lamp5,1.0000000000000009,1.0945341917616178,0.7393311858177185
20190514_sample_2,Pvalb,0.7199999999999984,0.5607336637861436,0.4451560080051422
20190514_sample_4,Lamp5,1.5200000000000211,1.0992878934746033,0.7415981888771057
20190514_sample_7,Lamp5,1.9199999999999773,0.9182102293408592,0.6513925790786743
20190514_sample_8,Pvalb,0.6399999999999739,0.5217874163046378,0.4198855757713318
20190515_sample_1,Lamp5,1.5200000000000211,1.236679983509025,0.8049926161766052
20190515_sample_2,low quality,1.119999999999982,1.038705085157186,0.7123148441314697
20190515_sample_3,low quality,1.2400000000000189,1.3518617873393157,0.8552072644233704
20190515_sample_4,Vip,1.119999999999982,1.0349106289636791,0.7104519009590149
20190515_sample_5,Lamp5,1.3200000000000016,1.0865964604710894,0.7355342507362366
20190515_sample_6,Vip,0.8400000000000074,1.0606611371623393,0.7230268716812134
20190515_sample_7,Lamp5,1.239999999999991,1.0532396920651372,0.7194188833236694
20190515_sample_8,Vip,1.1599999999999944,1.0343776286795419,0.710189938545227
20190515_sample_9,Lamp5,1.2800000000000034,1.024090701685937,0.7051205635070801
20190515_sample_10,Vip,1.1999999999999789,1.3561409427045898,0.8570250868797302
20190515_sample_11,Lamp5,1.0399999999999854,1.1829897425711131,0.780695378780365
20190515_sample_12,Vip,1.119999999999996,1.0451567291850992,0.7154744267463684
20190515_sample_13,Vip,0.8000000000000229,0.9596190956353216,0.6727501153945923
20190515_sample_14,Vip,1.1599999999999944,1.0303223100051422,0.7081945538520813
20190515_sample_15,Lamp5,1.3199999999999878,0.9268141397832401,0.6558679342269897
20190516_sample_2,Sst,1.1599999999999944,1.1939372444778955,0.7856977581977844
20190516_sample_3,Lamp5,1.1999999999999789,1.0196821872623896,0.7029401659965515
20190516_sample_4,Sst,0.920000000000004,1.079133038282275,0.7319509983062744
20190516_sample_5,Lamp5,1.160000000000008,1.0872676734623437,0.7358558773994446
20190516_sample_6,Sst,1.2000000000000066,1.002671597829389,0.6944820880889893
20190522_sample_1,Lamp5,1.2000000000000066,1.0593501521022786,0.7223904728889465
20190528_sample_2,Vip,1.3200000000000156,1.1730170552799204,0.7761165499687195
20190528_sample_4,Vip,0.8000000000000229,0.9185299345134369,0.6515592336654663
20190528_sample_6,Vip,1.0000000000000009,1.078483271963673,0.7316384315490723
20190528_sample_7,Lamp5,1.160000000000008,1.1528084033557984,0.7667732238769531
20190528_sample_8,Vip,0.920000000000004,1.0387607403787666,0.7123421430587769
20190528_sample_9,Vip,1.2800000000000034,1.3398117479327594,0.8500704765319824
20190529_sample_2,Vip,0.920000000000004,0.953779634083025,0.6697657704353333
20190529_sample_3,Sncg,1.3999999999999846,1.0029493876610958,0.6946207880973816
20190529_sample_6,Vip,0.7599999999999968,0.9974330499663542,0.6918628811836243
20190603_sample_1,Lamp5,1.36,1.1519065211401665,0.7663542032241821
20190603_sample_2,Vip,1.239999999999991,1.111150192658829,0.7472329139709473
20190603_sample_3,Vip,0.8399999999999935,0.9081431977341813,0.6461306214332581
20190603_sample_4,Vip,1.12000000000001,1.1491062975285526,0.765052080154419
20190603_sample_5,Lamp5,1.5999999999999903,1.1607991484086477,0.7704781293869019
20190603_sample_6,Lamp5,1.8399999999999528,1.0663566497948984,0.7257869839668274
20190603_sample_7,Lamp5,1.0399999999999854,1.1400020755895242,0.7608067989349365
20190603_sample_9,Sncg,0.9199999999999764,0.939968170553627,0.6626715660095215
20190603_sample_10,Vip,1.16000000000005,1.1967081539844047,0.7869599461555481
20190604_sample_2,Pvalb,0.6400000000000017,0.6409795971176432,0.49529337882995605
20190604_sample_4,Lamp5,1.36,1.1234866568934325,0.7530593872070312
20190604_sample_6,Lamp5,1.7599999999999838,1.1069301566861325,0.7452319860458374
20190604_sample_8,Pvalb,0.68,0.7293683991852861,0.5477562546730042
20190604_sample_12,IT,1.7199999999999993,1.8226945722335315,1.0376919507980347
20190605_sample_1,low quality,1.2399999999999634,1.3329312643086395,0.8471255302429199
20190605_sample_2,Vip,1.1599999999999944,0.8440816297349171,0.6119813919067383
20190605_sample_4,Vip,1.0399999999999854,0.9756992553454432,0.6809223890304565
20190605_sample_5,Lamp5,1.0799999999999976,1.385488863452553,0.8694040775299072
20190605_sample_6,Vip,1.0000000000000009,0.8212343480230023,0.5995144844055176
20190606_sample_1,Pvalb,0.5600000000000049,0.6076023462709303,0.4747438430786133
20190606_sample_2,Pvalb,0.6400000000000017,0.8111654574108725,0.593970537185669
20190606_sample_3,Pvalb,0.5999999999999894,1.0593431555446096,0.7223870754241943
20190606_sample_5,Pvalb,0.6799999999999862,0.8482089646255948,0.6142170429229736
20190606_sample_6,IT,1.8799999999999928,1.838929346737844,1.0434269905090332
20190606_sample_7,low quality,0.6399999999999739,1.0145653237805983,0.7004034519195557
20190606_sample_9,Sst,1.0000000000000009,0.8704796481499628,0.6261948943138123
20190607_sample_2,Sst,1.0799999999999976,0.9653634308185781,0.6756771802902222
20190607_sample_3,Lamp5,0.9599999999999886,1.1223311371952198,0.7525150775909424
20190607_sample_5,low quality,0.6400000000000017,0.917043803212845,0.6507843136787415
20190610_sample_1,Sst,0.7999999999999952,0.741789207641014,0.5549128651618958
20190610_sample_2,Pvalb,0.8799999999999919,0.9457539428998704,0.6656495332717896
20190610_sample_3,Lamp5,1.5600000000000058,0.9820279462835082,0.6841205358505249
20190610_sample_4,Pvalb,0.8799999999999919,0.6755582970832072,0.5161464214324951
20190610_sample_5,low quality,0.5600000000000049,1.07268576786444,0.7288452386856079
20190610_sample_7,low quality,1.0399999999999854,1.0958001174551373,0.7399353981018066
20190610_sample_8,Pvalb,0.8800000000000197,0.8981153097320713,0.640861451625824
20190610_sample_9,Lamp5,1.1599999999999944,1.0296979601598248,0.7078869938850403
20190610_sample_10,Pvalb,0.8399999999999797,0.8912032935429098,0.6372132897377014
20190610_sample_12,Pvalb,0.6800000000000139,0.7462890113660786,0.5574929714202881
20190610_sample_16,Lamp5,1.1599999999999944,0.9567084411462197,0.6712636947631836
20190610_sample_18,Vip,1.1599999999999944,1.2015593705113417,0.7891659140586853
20190611_sample_1,IT,1.2000000000000066,1.3499240107701684,0.8543829917907715
20190611_sample_3,Lamp5,1.2400000000000189,1.09005907837984,0.7371923327445984
20190611_sample_4,Sst,0.7199999999999984,0.8866714581153101,0.6348141431808472
20190611_sample_5,low quality,0.7599999999999829,1.0233954221536137,0.7047770023345947
20190611_sample_7,Lamp5,1.0000000000000009,1.259540617891658,0.8151615262031555
20190611_sample_8,Sst,0.9600000000000164,1.0789676036728,0.7318714261054993
20190611_sample_10,Sst,0.8000000000000229,0.8401556643415943,0.6098501682281494
20190611_sample_11,IT,0.4799999999999943,0.7163857932901616,0.5402207970619202
20190611_sample_14,Sncg,0.8399999999999797,1.2030777522136582,0.7898553609848022
20190611_sample_15,Lamp5,1.1599999999999944,1.0104225943297271,0.6983449459075928
20190612_sample_1,Lamp5,2.0399999999999863,1.0389283228076682,0.7124243378639221
20190612_sample_2,Pvalb,0.6799999999999862,0.7316956182719738,0.5491010546684265
20190612_sample_4,Vip,1.239999999999991,1.0582738209921159,0.7218676805496216
20190612_sample_6,Pvalb,0.6800000000000139,0.6881475629158355,0.5236318111419678
20190612_sample_7,Lamp5,1.12000000000001,1.019323720173429,0.7027626633644104
20190612_sample_8,Lamp5,1.3200000000000156,1.0730681646931175,0.7290297150611877
20190613_sample_2,Sst,1.0000000000000009,0.8743760143203192,0.6282758116722107
20190613_sample_3,Sst,0.8799999999999919,0.7958261967651872,0.5854651927947998
20190613_sample_4,Sst,1.1599999999999944,1.0029107072664845,0.6946014761924744
20190613_sample_6,Pvalb,0.6800000000000139,0.7300849423942473,0.5481705069541931
20190613_sample_7,Sst,1.0799999999999976,0.775082668828152,0.5738469958305359
20190613_sample_8,Pvalb,0.5999999999999894,0.558891004255571,0.44397467374801636
20190613_sample_9,Sst,0.6000000000000172,0.926370995897716,0.6556379199028015
20190613_sample_10,Sst,1.0399999999999854,0.8914390151625535,0.6373379230499268
20190614_sample_2,Vip,1.0000000000000009,1.0661978969121768,0.7257101535797119
20190614_sample_3,Lamp5,0.9199999999999904,1.1063123797817025,0.7449387311935425
20190614_sample_4,Vip,1.0799999999999976,1.0294427096223713,0.7077612280845642
20190614_sample_6,Vip,1.2800000000000034,1.25172379174054,0.8116960525512695
20190614_sample_8,Vip,1.0000000000000009,1.0420307793082262,0.7139447927474976
20190617_sample_1,Lamp5,1.5999999999999903,1.0828388736828614,0.7337318062782288
20190617_sample_2,CT,1.5600000000000058,1.542104950101259,0.9329924583435059
20190617_sample_3,Sst,0.6400000000000017,0.970852873242588,0.6784663796424866
20190617_sample_4,Sst,0.9600000000000164,0.9130905550659031,0.6487200260162354
20190617_sample_5,Sncg,0.9599999999999886,1.2109781891691387,0.7934350371360779
20190617_sample_6,Sst,0.8799999999999919,0.9306040255347884,0.6578329205513
20190618_sample_1,low quality,1.2000000000000066,0.9738586867710727,0.6799903512001038
20190618_sample_2,Vip,1.1599999999999944,1.2025394319594154,0.7896109819412231
20190618_sample_4,Vip,1.36,1.0446448097351213,0.7152240872383118
20190618_sample_5,Vip,1.0000000000000009,1.0639642115237777,0.7246285080909729
20190618_sample_7,Lamp5,1.1599999999999944,0.9709251198377761,0.6785030364990234
20190618_sample_8,Lamp5,1.2000000000000066,1.202081963166416,0.7894032597541809
20190619_sample_1,Lamp5,1.4000000000000123,1.0010375128528883,0.6936658024787903
20190619_sample_3,Pvalb,0.6000000000000172,0.5978537272842324,0.4686613082885742
20190619_sample_4,Pvalb,0.5999999999999894,1.014738963256762,0.7004896402359009
20190619_sample_5,Pvalb,0.5999999999999894,0.6695660878768726,0.5125637650489807
20190619_sample_6,Lamp5,1.480000000000009,1.1365560463593187,0.7591952085494995
20190620_sample_1,Lamp5,1.2400000000000189,1.0198742063805497,0.7030352354049683
20190620_sample_2,Sst,1.2400000000000189,0.9242289453009939,0.6545253396034241
20190620_sample_5,Sst,1.07999999999997,0.9870613378987446,0.6866568326950073
20190620_sample_6,Sst,1.3200000000000016,1.0601702642119826,0.7227886319160461
20190620_sample_8,Pvalb,0.5999999999999894,0.6439567456893052,0.49710598587989807
20190624_sample_1,Sst,0.7199999999999984,0.9070568905465526,0.645561158657074
20190624_sample_2,Sst,1.5600000000000058,1.0079122754370617,0.697095513343811
20190624_sample_3,Sst,0.8000000000000229,0.9407829628091718,0.6630914807319641
20190624_sample_4,Pvalb,0.6799999999999862,0.6768546252552754,0.5169197916984558
20190624_sample_5,Sst,0.8400000000000074,0.9784580790482167,0.6823177933692932
20190624_sample_6,Sst,0.7999999999999952,0.8951213666584316,0.6392828822135925
20190625_sample_1,Vip,1.119999999999982,1.058231373222559,0.7218470573425293
20190625_sample_2,low quality,1.1599999999999944,1.155836639963284,0.7681788802146912
20190625_sample_3,Vip,1.0399999999999854,0.9845148939790855,0.6853744983673096
20190625_sample_4,Vip,1.0000000000000009,1.3046124746737735,0.8349125385284424
20190625_sample_5,Vip,0.9600000000000164,0.9829479827791227,0.6845846176147461
20190625_sample_6,Lamp5,2.19999999999998,1.02857147050545,0.7073318362236023
20190625_sample_7,Vip,0.8799999999999919,0.8428844855122415,0.6113319993019104
20190625_sample_8,Vip,1.0799999999999976,1.1559057729296218,0.7682109475135803
20190625_sample_10,Vip,0.8799999999999919,0.8050562029838969,0.5905917286872864
20190625_sample_11,Vip,0.920000000000032,0.9488421637611703,0.6672354340553284
20190625_sample_12,Vip,1.0000000000000009,1.1556540522124343,0.7680941820144653
20190625_sample_13,Vip,1.6400000000000026,1.1889891778478685,0.7834398746490479
20190626_sample_1,Vip,1.0799999999999976,1.0899989084443902,0.7371635437011719
20190626_sample_4,low quality,0.9600000000000024,1.098667729024514,0.7413027286529541
20190626_sample_5,Vip,1.160000000000008,1.2419273346648585,0.8073359131813049
20190627_sample_1,CT,1.2000000000000066,1.590685869428873,0.9519226551055908
20190627_sample_2,Lamp5,1.1999999999999789,1.167325686972375,0.7734940052032471
20190627_sample_4,NP,1.3199999999999878,1.1799733898395217,0.7793126702308655
20190627_sample_6,Pvalb,0.5600000000000049,0.8192059523460212,0.5984001159667969
20190627_sample_8,IT,1.36,1.4693244508452072,0.9039446115493774
20190628_sample_1,Sst,1.12000000000001,1.105732060576044,0.7446631789207458
20190628_sample_2,Pvalb,0.6400000000000017,0.6936124862166078,0.5268638134002686
20190628_sample_3,Sst,1.0400000000000131,0.9497946765076409,0.667724072933197
20190628_sample_4,Sst,1.160000000000022,1.1483160860951385,0.7646843194961548
20190628_sample_5,Sst,1.0399999999999854,1.0311463584740772,0.7086003422737122
20190628_sample_6,Pvalb,0.5999999999999894,0.7278797636938462,0.5468950867652893
20190628_sample_7,Sst,0.6800000000000139,0.8622428369184253,0.621781587600708
20190703_sample_1,Pvalb,0.5199999999999927,0.5426952452176247,0.4335310459136963
20190703_sample_2,Pvalb,0.5999999999999894,0.6142986846999835,0.47890061140060425
20190703_sample_3,Pvalb,0.5199999999999927,0.7286176361304544,0.5473220348358154
20190703_sample_5,Pvalb,0.5199999999999927,0.7672417186509239,0.5694199800491333
20190703_sample_6,Pvalb,0.5600000000000049,0.7640228524142249,0.5675969123840332
20190703_sample_8,Pvalb,0.6000000000000172,0.7141544478093783,0.5389199256896973
20190703_sample_10,Pvalb,0.6400000000000294,0.6181751160135641,0.4812990427017212
20190703_sample_12,Pvalb,0.6800000000000139,0.6834261775750576,0.5208311080932617
20190703_sample_13,Sst,0.8799999999999919,1.001079496731123,0.6936867833137512
20190703_sample_14,low quality,1.0799999999999976,1.151215804139059,0.7660331726074219
20190703_sample_15,Sst,0.7199999999999984,1.0505000283503751,0.7180836796760559
20190704_sample_2,Sst,0.7599999999999968,0.9529798729462869,0.6693563461303711
20190704_sample_12,Vip,1.0399999999999854,0.8958077109808457,0.639644980430603
20190704_sample_14,Vip,1.0400000000000131,1.0666530047208802,0.725930392742157
20190705_sample_1,Vip,0.920000000000004,1.033735545773981,0.7098742723464966
20190705_sample_3,Vip,1.3199999999999878,1.045301064873039,0.7155449986457825
20190705_sample_4,Vip,1.160000000000022,1.0295358542029023,0.7078071236610413
20190705_sample_5,Vip,1.119999999999982,1.2529799748895134,0.8122537732124329
20190705_sample_9,Vip,0.8799999999999919,1.0174249546203256,0.7018219232559204
20190708_sample_3,low quality,0.7199999999999984,1.1468185558094366,0.7639870047569275
20190708_sample_4,Pvalb,0.6400000000000017,0.6993009018847335,0.5302169322967529
20190708_sample_6,Vip,1.1599999999999944,1.0044784582834725,0.6953839063644409
20190708_sample_7,Vip,1.2800000000000034,1.012493732753715,0.6993746161460876
20190708_sample_8,IT,1.5999999999999903,1.6479313821943413,0.9737787246704102
20190708_sample_12,Vip,0.920000000000004,1.078540632555194,0.7316660284996033
20190709_sample_1,Vip,1.2800000000000034,0.9954886172641345,0.6908889412879944
20190709_sample_2,Vip,1.2800000000000034,1.0725065166108045,0.7287587523460388
20190709_sample_3,Vip,1.3200000000000016,1.1137801316274105,0.7484778761863708
20190709_sample_8,Sncg,1.239999999999991,1.2406647599693288,0.8067725896835327
20190709_sample_10,Vip,1.2800000000000034,1.1582662323747948,0.7693052291870117
20190709_sample_11,Vip,1.5199999999999936,1.1489213338285011,0.7649660110473633
20190709_sample_12,Vip,1.3200000000000016,1.2709434840285683,0.8201953768730164
20190709_sample_13,Vip,1.0399999999999854,1.1972991386505165,0.7872289419174194
20190709_sample_14,Vip,0.9600000000000024,1.1080096919399862,0.7457442283630371
20190710_sample_3,Sst,0.920000000000004,0.9156355510441855,0.6500494480133057
20190710_sample_4,Sst,1.0399999999999854,1.1518788163757738,0.7663413286209106
20190710_sample_5,Sst,0.7600000000000107,0.7570477601976949,0.563634991645813
20190710_sample_6,Sst,1.0000000000000009,1.0802696262025064,0.73249751329422
20190710_sample_8,Vip,0.7199999999999984,1.062055672286719,0.7237033843994141
20190710_sample_10,Vip,0.6800000000000139,1.0242318615004442,0.7051903009414673
20190712_sample_1,CT,2.3999999999999853,1.621449202030572,0.9637272953987122
20190712_sample_3,Sst,0.920000000000032,0.8982492680615772,0.640932023525238
20190712_sample_4,low quality,0.9199999999999764,0.8953196183803703,0.6393874883651733
20190712_sample_5,Lamp5,1.0800000000000254,1.0246785704883479,0.7054109573364258
20190712_sample_6,Lamp5,1.360000000000028,1.0513970699223287,0.7185210585594177
20190712_sample_7,Lamp5,1.12000000000001,1.2500596265126378,0.8109567165374756
20190715_sample_1,Lamp5,1.480000000000009,1.1862260503547688,0.7821767926216125
20190715_sample_4,Lamp5,1.7599999999999838,0.9895015936910678,0.6878841519355774
20190715_sample_5,Vip,0.8799999999999919,1.0688445903615382,0.726990282535553
20190715_sample_6,Lamp5,1.8399999999999528,1.2850293797709138,0.8263788819313049
20190715_sample_7,Vip,0.8799999999999919,0.8797043106067157,0.6311144828796387
20190715_sample_8,Lamp5,1.4399999999999968,0.9593161336312421,0.6725955009460449
20190715_sample_9,Vip,0.9199999999999764,1.0244111607216941,0.7052788734436035
20190715_sample_10,Sncg,1.0400000000000131,1.1121005817477942,0.7476829886436462
20190715_sample_11,Lamp5,1.2800000000000034,1.0029286147637206,0.6946104168891907
20190716_sample_1,low quality,0.8400000000000074,0.9091838080850676,0.6466758251190186
20190716_sample_3,Sst,1.239999999999991,1.0918343099154184,0.738041341304779
20190716_sample_5,Sst,0.8400000000000074,1.0473895858746647,0.7165656089782715
20190716_sample_7,Vip,1.0399999999999854,1.0088324732917988,0.6975536942481995
20190716_sample_8,Lamp5,1.0000000000000009,0.94548907180827,0.6655133962631226
20190716_sample_9,Vip,1.2000000000000066,1.0645876573970625,0.7249305248260498
20190717_sample_1,Sst,0.9599999999999886,0.983707399414871,0.6849675178527832
20190717_sample_2,Sst,1.0000000000000009,0.9450549653148406,0.6652902364730835
20190717_sample_3,Sst,0.7999999999999674,0.9300440466313916,0.6575428247451782
20190718_sample_1,Vip,1.36,1.2878033799210538,0.827592134475708
20190718_sample_2,CT,1.600000000000004,1.3663701813997764,0.8613572120666504
20190718_sample_3,CT,1.9600000000000173,1.389845298795828,0.8712286353111267
20190718_sample_4,Vip,0.920000000000004,1.1780577979484386,0.7784335613250732
20190718_sample_5,Vip,1.12000000000001,1.0754830317609656,0.7301939129829407
20190718_sample_6,Vip,0.920000000000004,1.0886202085884078,0.7365036606788635
20190718_sample_7,Vip,1.0399999999999854,0.9875590770616771,0.6869072914123535
20190718_sample_8,Vip,1.160000000000022,0.9066338597852356,0.64533931016922
20190718_sample_9,Vip,0.8799999999999919,1.0929437843673924,0.7385715842247009
20190719_sample_1,CT,1.7199999999999993,1.3448729105679385,0.8522312045097351
20190719_sample_2,IT,1.5600000000000058,1.4691678528789713,0.9038811922073364
20190719_sample_4,IT,1.6400000000000303,1.502131248347528,0.9171428680419922
20190719_sample_5,IT,1.7199999999999993,1.6360833868853364,0.9692942500114441
20190719_sample_6,IT,1.5600000000000058,1.4905453256214345,0.9125016927719116
20190719_sample_9,IT,1.5600000000000058,1.6787943430107066,0.9853668212890625
20190719_sample_10,IT,1.799999999999996,1.5736667501368649,0.9453316330909729
20190722_sample_1,CT,2.0799999999999708,1.292981506516567,0.8298529386520386
20190722_sample_6,CT,1.6400000000000026,1.53666147587403,0.9308488368988037
20190722_sample_7,low quality,1.799999999999996,1.229760915047633,0.8018943667411804
20190722_sample_8,low quality,1.8000000000000238,1.0663368204129346,0.7257773876190186
20190724_sample_1,Vip,1.2800000000000034,1.1460573266748453,0.7636323571205139
20190724_sample_2,CT,1.5600000000000058,1.4598217950609205,0.900088906288147
20190724_sample_4,Vip,1.0399999999999854,1.1495180398157705,0.765243649482727
20190724_sample_5,Vip,0.8799999999999919,1.015706142297879,0.7009695768356323
20190724_sample_6,IT,0.9600000000000164,1.1918691950368248,0.7847546935081482
20190724_sample_9,Vip,0.7600000000000107,1.2665503381174683,0.8182590007781982
20190724_sample_10,Vip,0.9599999999999886,0.8914068849485327,0.6373209357261658
20190724_sample_12,Vip,0.9599999999999886,1.0752801598533492,0.730096161365509
20190724_sample_16,low quality,1.5999999999999903,1.022669156046866,0.7044180035591125
20190725_sample_1,Vip,0.920000000000004,0.9702633695288921,0.6781672239303589
20190725_sample_3,Vip,1.1599999999999944,1.2236473496017426,0.7991487979888916
20190725_sample_4,Sst,0.920000000000004,0.9967272899520313,0.691509485244751
20190725_sample_5,CT,1.9599999999999893,1.579211003538378,0.9474835395812988
20190725_sample_6,Vip,1.1599999999999944,1.1548385710609106,0.7677158117294312
20190725_sample_7,Vip,0.920000000000004,0.9673851003684917,0.6767053008079529
20190725_sample_8,Vip,0.920000000000004,1.044475782577746,0.7151414155960083
20190725_sample_9,Vip,0.9599999999999886,1.0366671825164946,0.7113147377967834
20190725_sample_10,low quality,1.12000000000001,0.8397801520935627,0.6096460819244385
20190726_sample_1,Lamp5,1.8000000000000238,1.2626771799390266,0.8165487051010132
20190726_sample_2,Pvalb,0.6000000000000033,0.6967291668736418,0.5287023782730103
20190726_sample_3,Lamp5,1.7999999999999683,1.1294134367757316,0.7558465600013733
20190726_sample_4,IT,1.3999999999999986,1.5244231359756055,0.9260125756263733
20190726_sample_5,Lamp5,1.12000000000001,1.242920553805459,0.8077788352966309
20190726_sample_6,Sst,0.7200000000000123,0.9367555947501409,0.661014199256897
20190726_sample_7,Lamp5,1.4399999999999968,1.1202053446948286,0.7515129446983337
20190729_sample_2,Sst,1.1599999999999944,1.046666540515031,0.7162123918533325
20190729_sample_3,Sst,0.7600000000000107,0.9060178939129188,0.6450161933898926
20190729_sample_5,Pvalb,0.6400000000000017,0.8956613829942995,0.6395677924156189
20190730_sample_1,Vip,0.8800000000000058,0.9800107027065479,0.6831022500991821
20190730_sample_2,Vip,1.119999999999982,1.102478183620929,0.7431167364120483
20190730_sample_5,Vip,1.0399999999999991,1.0834451710818749,0.734022855758667
20190730_sample_6,Vip,0.920000000000004,1.1540268649322318,0.7673390507698059
20190730_sample_7,Vip,1.2000000000000066,1.1232246738432212,0.7529360055923462
20190730_sample_9,Lamp5,0.8799999999999919,0.9604495029920086,0.6731737852096558
20190731_sample_1,Pvalb,0.7600000000000107,0.7202058961197263,0.5424439907073975
20190731_sample_2,Lamp5,1.2800000000000034,0.9511565156950571,0.668422281742096
20190731_sample_3,low quality,1.0799999999999976,1.1481333670621965,0.7645992636680603
20190731_sample_4,Vip,1.0000000000000009,0.9670267702783429,0.6765231490135193
20190731_sample_5,Pvalb,0.5999999999999894,0.853105413120706,0.6168628334999084
20190731_sample_6,low quality,1.2400000000000189,0.9433425582476872,0.6644094586372375
20190731_sample_8,Pvalb,0.5999999999999894,0.659965628543953,0.5067968964576721
20190801_sample_1,IT,1.4000000000000123,1.541649517987546,0.932813286781311
20190801_sample_2,Sst,0.9600000000000164,1.0616286108829442,0.7234962582588196
20190801_sample_3,Sst,0.7599999999999829,1.017403550608065,0.7018113136291504
20190801_sample_4,Sst,1.0800000000000254,0.9685679589981883,0.6773063540458679
20190801_sample_7,Sst,0.7999999999999952,0.8571360481361234,0.619035542011261
20190801_sample_8,low quality,1.2000000000000066,1.2168214495164025,0.796074390411377
20190820_sample_1,Sst,1.12000000000001,0.9373259504842266,0.6613086462020874
20190820_sample_2,CT,1.600000000000018,1.6441209775683032,0.9723386764526367
20190820_sample_3,Pvalb,0.7599999999999829,0.7602933488731456,0.5654804706573486
20190820_sample_5,Sst,0.920000000000004,0.8743262989048031,0.6282492876052856
20190820_sample_6,CT,1.4399999999999968,1.7126544727123258,0.9979276657104492
20190821_sample_1,IT,1.8400000000000083,1.2984183443389938,0.8322212100028992
20190821_sample_2,IT,1.5600000000000058,1.6979373855324238,0.9924875497817993
20190821_sample_3,CT,1.600000000000004,1.6840359553992141,0.9873216152191162
20190821_sample_4,IT,1.5200000000000211,1.538248328899477,0.9314742088317871
20190821_sample_5,IT,2.1199999999999832,1.4207383617535683,0.8840726017951965
20190821_sample_6,IT,1.3999999999999846,1.6735057584174422,0.9833906292915344
20190821_sample_7,IT,1.36,1.7193144301416876,1.0003798007965088
20190823_sample_1,IT,1.5199999999999936,1.5313631840633342,0.9287579655647278
20190823_sample_3,Pvalb,0.6800000000000139,0.7472633286172231,0.5580507516860962
20190823_sample_5,low quality,1.4399999999999968,1.17102320363822,0.7751985788345337
20190823_sample_6,IT,2.0399999999999863,1.5445484949830282,0.9339532256126404
20190823_sample_7,IT,1.479999999999981,1.6620564245652159,0.979098916053772
20190827_sample_1,Sst,0.7199999999999984,0.9210670518752204,0.6528807878494263
20190827_sample_2,low quality,1.679999999999987,1.1663809216626846,0.7730579972267151
20190827_sample_3,Sst,1.239999999999991,1.0170599150323856,0.7016409635543823
20190827_sample_4,Sst,0.9199999999999764,0.9127669678979164,0.6485508680343628
20190827_sample_5,CT,1.679999999999987,1.4996031349848185,0.9161319732666016
20190827_sample_6,Sst,0.8799999999999919,0.9683019767240522,0.6771712303161621
20190827_sample_7,Pvalb,1.0800000000000254,0.9473064364176925,0.666447103023529
20190827_sample_8,Sst,0.8400000000000074,0.9470470405796638,0.666313886642456
20190827_sample_9,Sst,0.8400000000000074,1.1649064132187623,0.7723771333694458
20190828_sample_1,Vip,1.2800000000000034,1.2207447704410643,0.7978426218032837
20190828_sample_3,Vip,1.0000000000000009,1.0343937561048004,0.7101978659629822
20190828_sample_4,Vip,1.36,1.0613697134157518,0.7233706712722778
20190828_sample_5,Vip,1.1999999999999789,1.0868814135227298,0.735670804977417
20190828_sample_6,Vip,1.36,1.168533623133603,0.7740511894226074
20190828_sample_7,Vip,0.7199999999999984,0.9604448289217314,0.6731714010238647
20190829_sample_1,low quality,1.6400000000000303,1.0968689506403204,0.7404452562332153
20190829_sample_2,Lamp5,1.36,1.3703835372508437,0.8630517721176147
20190829_sample_3,IT,1.5600000000000058,1.8063378544402378,1.0318803787231445
20190829_sample_4,Lamp5,1.5199999999999936,0.7720416368743939,0.5721323490142822
20190829_sample_6,Lamp5,1.36,1.1429765331656219,0.7621957659721375
20190829_sample_9,Pvalb,0.5600000000000049,0.6872970230118968,0.5231278538703918
20190830_sample_1,IT,2.400000000000013,1.754288183529486,1.0131590366363525
20190830_sample_2,IT,1.9199999999999773,1.6312685185351696,0.9674660563468933
20190830_sample_3,low quality,1.5199999999999936,1.455690381310414,0.8984079360961914
20190830_sample_4,low quality,1.7199999999999993,1.2978668629681924,0.8319812417030334
20190830_sample_6,IT,1.4399999999999968,1.7163321045084723,0.9992824792861938
20190830_sample_8,IT,1.4399999999999968,1.7609134376841193,1.015561580657959
20190830_sample_9,NP,1.2000000000000066,1.266960529503111,0.8184399604797363
20190904_sample_1,low quality,1.2000000000000066,0.9916994482280935,0.6889882683753967
20190904_sample_2,Vip,0.920000000000004,0.955091816222253,0.6704371571540833
20190904_sample_3,Vip,1.0400000000000131,1.158894100022012,0.7695960998535156
20190904_sample_4,Vip,1.12000000000001,1.1534953958830974,0.7670922875404358
20190904_sample_5,Vip,0.920000000000004,1.0410627698192034,0.7134706377983093
20190904_sample_7,Vip,0.920000000000004,1.1443249061792875,0.7628247737884521
20190905_sample_1,low quality,0.7999999999999674,1.0319553598668443,0.7089985609054565
20190905_sample_3,Sst,0.9599999999999886,0.9561045132320233,0.6709550023078918
20190906_sample_1,Lamp5,1.479999999999981,1.0279799329739392,0.7070401906967163
20190906_sample_5,CT,1.5999999999999903,1.5780296826559137,0.9470254182815552
20190906_sample_6,Lamp5,1.239999999999991,0.8858708403815845,0.6343896985054016
20190910_sample_1,Lamp5,1.7199999999999993,1.0649926843354134,0.7251266837120056
20190910_sample_2,Vip,1.4000000000000123,1.1025430990700793,0.743147611618042
20190910_sample_3,Vip,0.9599999999999886,1.1950417345707918,0.7862010598182678
20190910_sample_4,Vip,1.0400000000000131,1.1944819643500988,0.7859460115432739
20190910_sample_6,Vip,1.0399999999999991,0.9648634033329552,0.675422728061676
20190911_sample_3,NP,1.36,1.2394317279209544,0.806222140789032
20190911_sample_4,IT,1.5999999999999903,1.6207138338607847,0.9634467363357544
20190911_sample_6,low quality,1.4000000000000123,1.328647069833382,0.8452874422073364
20190911_sample_7,low quality,2.0799999999999708,1.5576620763120823,0.9390935897827148
20190911_sample_9,CT,1.2800000000000034,1.6854603241759956,0.987852156162262
20190912_sample_1,CT,1.480000000000009,1.5896576568984901,0.9515256881713867
20190912_sample_2,CT,2.0800000000000263,1.5942536559378677,0.9532988667488098
20190912_sample_3,CT,1.4000000000000123,1.3574957059319255,0.8575999140739441
20190912_sample_4,Lamp5,1.3199999999999878,1.0077623208716906,0.6970208287239075
20190912_sample_6,NP,1.36,1.4555091812514862,0.8983341455459595
20190912_sample_8,CT,1.3199999999999878,1.4605303494896804,0.9003769159317017
20190912_sample_10,Pvalb,0.6799999999999584,1.093325551644296,0.7387539744377136
20190917_sample_1,CT,1.7199999999999993,1.6460750170876108,0.9730774164199829
20190917_sample_2,Lamp5,1.479999999999981,1.1142191302483808,0.7486855387687683
20190917_sample_3,IT,1.4000000000000123,1.2753587071182049,0.822137713432312
20190919_sample_1,low quality,1.2800000000000034,1.4796230817859726,0.9081065654754639
20190919_sample_4,Lamp5,0.9600000000000164,1.1078989996905548,0.74569171667099
20190919_sample_5,CT,1.8400000000000083,1.6243206273264306,0.9648220539093018
20190924_sample_1,Sst,1.119999999999982,0.9555521739982398,0.670672595500946
20190924_sample_2,Sst,0.9199999999999904,0.9965441354668232,0.6914177536964417
20190924_sample_3,IT,2.0000000000000018,1.718100693649269,0.9999333620071411
20190924_sample_4,Sst,1.36,0.9530718363819904,0.6694034337997437
20190924_sample_5,Sst,0.9600000000000164,0.8910645347734403,0.6371399164199829
20190924_sample_6,Sst,0.7999999999999952,0.7894925139057339,0.5819320678710938
20190924_sample_7,Pvalb,0.8000000000000229,0.8407146878163585,0.6101539134979248
20190924_sample_8,CT,2.24000000000002,1.3828587319591685,0.8683009147644043
20190925_sample_2,Pvalb,0.68,1.0670523997361063,0.7261236310005188
20190925_sample_3,Sst,0.7999999999999952,0.8554105782944518,0.6181060075759888
20190925_sample_4,CT,1.6400000000000026,1.3261356228301715,0.8442083597183228
20190925_sample_5,Sst,0.7199999999999984,0.9275208085278136,0.656234622001648
20190925_sample_6,Pvalb,0.5199999999999927,0.6391216727138775,0.494160532951355
20190925_sample_7,Sst,0.9600000000000164,1.0030480021703008,0.6946700215339661
20190926_sample_2,ET,1.7199999999999993,1.4562648065329669,0.89864182472229
20190926_sample_3,Sst,1.119999999999982,0.8581973526361604,0.6196068525314331
20190926_sample_4,ET,1.2800000000000034,1.0662309027135646,0.7257261276245117
20190926_sample_5,Pvalb,0.6400000000000017,0.7822180542241751,0.5778586864471436
20190926_sample_6,Sst,0.7600000000000107,0.9237806626571553,0.6542923450469971
20190927_sample_1,IT,2.19999999999998,1.6316378928276152,0.9676064252853394
20190927_sample_2,CT,1.5600000000000058,1.5623476002168695,0.9409238696098328
20190927_sample_3,Pvalb,0.6799999999999862,0.6857174947622857,0.5221912860870361
20190927_sample_4,IT,1.799999999999996,1.5040946828612376,0.9179272651672363
20190927_sample_5,Pvalb,0.5600000000000049,0.6022328293564098,0.47139817476272583
20190927_sample_6,Vip,1.0000000000000009,1.1688132190214602,0.7741801142692566
20190927_sample_7,CT,1.3999999999999986,1.385017989183407,0.8692066669464111
20191001_sample_1,Sst,1.2399999999999634,0.9298724151951256,0.6574538946151733
20191001_sample_2,low quality,1.239999999999991,1.2200086688613032,0.797511100769043
20191001_sample_3,Sst,0.8400000000000074,1.0884324838951087,0.7364137768745422
20191001_sample_4,Pvalb,0.7600000000000107,0.9831517578257928,0.6846873760223389
20191001_sample_5,Sst,0.7600000000000107,1.0702837805334096,0.7276856899261475
20191001_sample_6,Sst,0.8000000000000229,1.0347516238221024,0.7103737592697144
20191003_sample_2,low quality,1.0799999999999976,1.1098523586811937,0.7466179728507996
20191003_sample_3,Sst,0.920000000000004,0.944038602983807,0.6647675633430481
20191003_sample_4,Sst,0.8799999999999919,0.8945679531023676,0.6389908194541931
20191003_sample_5,Sst,0.8399999999999797,0.8829151776622055,0.6328212022781372
20191003_sample_6,CT,1.6800000000000148,0.9758978101189755,0.6810228824615479
20191010_sample_1,IT,1.6400000000000026,1.389247100978794,0.8709782958030701
20191010_sample_2,Sst,0.6400000000000017,0.5837404067471185,0.4597893953323364
20191010_sample_3,IT,1.5199999999999936,1.502154812364275,0.9171522855758667
20191010_sample_4,Pvalb,0.5600000000000049,0.7821144844714745,0.5778005719184875
20191010_sample_6,Pvalb,0.4800000000000359,0.5944992037873628,0.4665597081184387
20191010_sample_7,ET,1.2800000000000034,1.2041965660215124,0.790363073348999
20191028_sample_1,Sst,0.8800000000000197,0.9240713635954991,0.6544434428215027
20191028_sample_2,Sst,1.0000000000000009,1.1562312930626226,0.7683619260787964
20191028_sample_3,Pvalb,0.4799999999999943,0.9113374774561196,0.6478032469749451
20191028_sample_4,low quality,1.2000000000000066,1.0522576840456823,0.7189404964447021
20191028_sample_5,low quality,0.8399999999999935,1.0737311941960712,0.7293494939804077
20191030_sample_2,Sst,1.12000000000001,0.9554834048117651,0.6706374287605286
20191030_sample_3,ET,1.4000000000000123,1.215121815824418,0.7953073978424072
20191030_sample_4,NP,1.3999999999999846,1.1003357207234294,0.7420971989631653
20191030_sample_5,Sst,1.239999999999991,0.8197318205573495,0.5986891388893127
20191101_sample_1,Lamp5,2.0000000000000018,1.2067557632778174,0.7915234565734863
20191101_sample_2,CT,1.7199999999999993,1.615786712863127,0.9615648984909058
20191101_sample_3,Lamp5,1.0000000000000009,0.97254119852175,0.6793226599693298
20191101_sample_4,CT,1.5600000000000058,1.415818267530658,0.8820380568504333
20191101_sample_5,CT,1.4000000000000123,1.4313706516523053,0.8884551525115967
20191101_sample_6,CT,1.479999999999981,1.408157575771608,0.8788619637489319
20191104_sample_1,Sst,1.0000000000000009,1.008695979178769,0.6974857449531555
20191104_sample_2,Lamp5,1.0000000000000009,1.0872658073004544,0.735854983329773
20191104_sample_3,low quality,1.119999999999982,0.8746967942401555,0.6284469366073608
20191104_sample_4,Pvalb,0.6400000000000017,0.7501459382463145,0.5596991777420044
20191105_sample_1,Pvalb,0.6400000000000017,0.8426840302479525,0.6112232208251953
20191105_sample_2,IT,1.479999999999981,1.3086308959402726,0.8366546630859375
20191105_sample_3,Sst,1.3199999999999878,0.8168155978372432,0.5970852971076965
20191105_sample_4,Pvalb,0.7200000000000123,1.0218176961055525,0.7039969563484192
20191105_sample_5,Sst,0.6799999999999862,0.852577298843324,0.6165778040885925
20191106_sample_2,Lamp5,1.0399999999999854,1.3542705036873823,0.8562309145927429
20191106_sample_3,IT,1.679999999999987,1.5154065716544438,0.9224344491958618
20191106_sample_5,Lamp5,1.1599999999999944,1.1845216188700471,0.7813968658447266
20191107_sample_1,low quality,1.7600000000000116,1.1646453841160973,0.7722565531730652
20191107_sample_2,Sst,1.1999999999999789,0.9713557174771967,0.6787214875221252
20191107_sample_3,Sst,0.8799999999999919,1.0451372251436453,0.7154648900032043
20191107_sample_4,Sst,0.9199999999999764,0.9217060933572141,0.653213381767273
20191108_sample_1,CT,1.3200000000000016,1.393772621328238,0.8728706240653992
20191108_sample_4,CT,1.8000000000000238,1.5395532498723563,0.9319881796836853
20191108_sample_5,IT,1.600000000000018,1.4291508963894537,0.8875417709350586
20191114_sample_1,Lamp5,1.3999999999999846,1.1585034625359072,0.7694151401519775
20191114_sample_2,CT,1.6400000000000026,1.4180713835621876,0.8829702734947205
20191114_sample_3,IT,1.799999999999996,1.4249122904364229,0.8857953548431396
20191114_sample_4,Sst,1.0000000000000009,0.9382260454750009,0.661773145198822
20191114_sample_5,low quality,1.36,1.2488564092582848,0.8104218244552612
20191114_sample_7,IT,1.36,1.2449278482316122,0.8086733818054199
20191114_sample_8,IT,1.5199999999999936,1.5271604162000554,0.9270963072776794
20191114_sample_9,ET,1.3199999999999878,1.1942188078781568,0.7858260869979858
20200106_sample_1,Lamp5,1.2000000000000066,1.3427074089327573,0.8513072729110718
20200106_sample_4,IT,1.7199999999999993,1.6131682175671358,0.9605633616447449
20200106_sample_5,IT,1.2400000000000189,1.4798261632524945,0.9081884622573853
20200106_sample_6,IT,1.4000000000000123,1.6964830939957467,0.9919483661651611
20200225_sample_2,IT,1.6399999999999748,1.493300560213511,0.9136073589324951
20200225_sample_5,Sncg,0.920000000000004,1.111479149294946,0.7473887205123901
20200316_sample_1,ET,1.4399999999999968,1.6150096018264422,0.9612677693367004
20200316_sample_2,low quality,1.5199999999999936,1.1124295605616672,0.7478387355804443
20200316_sample_3,Pvalb,0.6000000000000033,0.5914837923573791,0.46466678380966187
