cell_id,RNA_family,y_true,y_pred,y_pred_train_space
20171204_sample_2,ET,1.2800000000000034,1.0053354054306907,0.6958113312721252
20171204_sample_4,IT,1.3999999999999846,1.585335759666057,0.949855387210846
20171204_sample_5,IT,1.4000000000000123,1.4362753705375197,0.8904703855514526
20171204_sample_6,ET,1.2000000000000066,1.263375354407662,0.8168572187423706
20171207_sample_1,ET,0.8399999999999797,1.2364746854969642,0.8049008250236511
20171207_sample_2,ET,0.920000000000004,1.1917377695188776,0.7846947312355042
20171207_sample_6,IT,0.920000000000004,1.251360640117345,0.8115347623825073
20171207_sample_7,IT,0.9599999999999886,1.5394342764921782,0.9319413304328918
20171219_sample_1,IT,2.040000000000042,1.7483703703469757,1.0110081434249878
20171219_sample_2,IT,1.5999999999999903,1.52630693731476,0.9267585277557373
20171219_sample_3,IT,1.5999999999999903,1.6666480324289379,0.9808222651481628
20171219_sample_4,ET,1.1999999999999789,0.8536593106859168,0.6171616911888123
20171219_sample_6,ET,1.2000000000000066,1.321140497417035,0.8420586585998535
20171219_sample_7,IT,1.3599999999999723,1.7765555461285172,1.0212111473083496
20171219_sample_8,ET,1.3199999999999878,0.9899279471797722,0.6880984306335449
20180102_sample_1,ET,1.5200000000000211,1.1693404516261368,0.7744231820106506
20180102_sample_2,IT,1.600000000000018,1.623750219390376,0.9646046757698059
20180102_sample_3,ET,1.7600000000000393,1.2774990137220577,0.823077917098999
20180102_sample_4,ET,1.4399999999999968,1.237120904681207,0.8051897287368774
20180102_sample_5,IT,1.7599999999999838,1.1718907656922934,0.7755981087684631
20180103_sample_1,ET,1.3999999999999846,1.1685013097052848,0.7740362882614136
20180103_sample_2,ET,1.2000000000000066,1.136824004750501,0.7593206167221069
20180103_sample_3,ET,1.2000000000000066,0.9625243708022092,0.6742315888404846
20180103_sample_4,low quality,1.2000000000000066,1.1017439515093144,0.7427674531936646
20180103_sample_5,IT,1.5199999999999658,1.3535702434953487,0.855933427810669
20180103_sample_6,IT,1.5199999999999658,1.6761837571774136,0.9843918085098267
20180103_sample_7,IT,1.3199999999999878,1.6793625040807703,0.9855788946151733
20180103_sample_8,IT,1.12000000000001,1.7535856325280303,1.0129039287567139
20180104_sample_1,low quality,1.479999999999981,1.3383049102341542,0.84942626953125
20180104_sample_2,IT,1.4399999999999968,1.3837954582111691,0.8686939477920532
20180104_sample_3,IT,1.5999999999999903,1.5857324383973708,0.9500088095664978
20180104_sample_4,low quality,1.4399999999999968,1.096672486365969,0.7403515577316284
20180104_sample_6,ET,1.239999999999991,1.1515107359986363,0.7661702632904053
20180105_sample_4,IT,1.36,1.6205398253550165,0.9633803367614746
20180105_sample_5,IT,1.8400000000000083,1.2347055047137137,0.8041094541549683
20180105_sample_6,IT,1.3200000000000434,1.6025127057841264,0.9564774036407471
20180108_sample_1,IT,1.7199999999999993,1.6667960139655025,0.9808777570724487
20180108_sample_2,low quality,1.6399999999999748,1.3025479706517948,0.8340163230895996
20180108_sample_3,IT,1.4399999999999968,1.273566626689702,0.8213497996330261
20180108_sample_4,ET,1.1599999999999944,1.1351995771263304,0.7585601210594177
20180108_sample_5,ET,1.3199999999999878,1.2242661310489664,0.7994270324707031
20180108_sample_7,IT,1.6800000000000148,1.6309159752191553,0.9673320651054382
20180108_sample_8,ET,1.3200000000000156,1.2437848826542537,0.808164119720459
20180108_sample_9,IT,1.7199999999999993,1.5391286948442233,0.9318209886550903
20180108_sample_10,ET,1.479999999999981,0.8220916923488956,0.5999851226806641
20180109_sample_1,IT,1.8799999999999928,1.5526544768841157,0.9371337890625
20180109_sample_2,IT,1.3999999999999846,1.421639747696334,0.8844448924064636
20180109_sample_5,IT,1.5999999999999903,1.6840588327810964,0.9873301386833191
20180110_sample_1,IT,1.7199999999999993,1.8323420788281821,1.0411039590835571
20180110_sample_2,IT,1.3999999999999846,1.5635729229323023,0.9414019584655762
20180110_sample_3,IT,1.479999999999981,1.6248299858023154,0.9650161266326904
20180110_sample_4,IT,1.4399999999999968,1.3273782450645553,0.8447424173355103
20180110_sample_5,IT,1.36,1.5500532762869035,0.9361142516136169
20180110_sample_7,IT,1.4800000000000368,1.8128415065425632,1.0341951847076416
20180110_sample_8,ET,1.2800000000000034,1.1102118028030419,0.7467883229255676
20180111_sample_5,IT,1.480000000000009,1.7224603494472184,1.0015360116958618
20180115_sample_2,IT,1.5600000000000058,1.1667568411238105,0.7732315063476562
20180115_sample_5,IT,2.1199999999999832,1.5370289107219175,0.9309936761856079
20180115_sample_6,low quality,1.1599999999999944,1.3130376347627466,0.8385616540908813
20180115_sample_7,IT,1.12000000000001,1.5203350920786558,0.9243918657302856
20180115_sample_8,IT,1.6399999999999748,1.5026843155559197,0.9173638820648193
20180115_sample_9,IT,1.3200000000000156,1.5729326705178084,0.9450463652610779
20180118_sample_1,IT,1.6799999999999593,1.5877785961555952,0.950799822807312
20180118_sample_2,IT,1.36,1.440783181931042,0.8923189640045166
20180118_sample_4,IT,1.2800000000000034,1.4773273789514718,0.9071803092956543
20180118_sample_6,IT,1.6800000000000148,1.4240156101624057,0.8854255080223083
20180118_sample_7,ET,1.12000000000001,1.0737219239159528,0.7293450236320496
20180118_sample_10,ET,1.1599999999999944,1.1949281730037558,0.7861493229866028
20180123_sample_1,ET,1.36,1.2223806309058762,0.7985789775848389
20180123_sample_3,ET,1.4399999999999968,1.0182806998554481,0.7022460103034973
20180123_sample_5,ET,1.3599999999999723,0.9885411803576984,0.687401294708252
20180123_sample_6,ET,1.3200000000000156,1.1671093167883924,0.7733941674232483
20180123_sample_7,ET,1.2000000000000066,0.987159170165403,0.6867060661315918
20180208_sample_1,low quality,1.2400000000000189,0.88141233807542,0.6320227384567261
20180208_sample_2,ET,1.239999999999991,1.054458984873334,0.7200125455856323
20180208_sample_3,ET,1.119999999999982,1.0337106958084232,0.7098620533943176
20180208_sample_4,IT,1.1599999999999944,1.6993158758446496,0.9929983615875244
20180208_sample_5,IT,1.0000000000000009,1.6134836444534482,0.960684061050415
20180213_sample_3,ET,1.239999999999991,1.3271424286711029,0.8446410894393921
20180213_sample_5,Pvalb,0.5600000000000049,0.7263424004509447,0.5460049510002136
20180215_sample_1,Pvalb,0.6799999999999862,0.7258808616157363,0.5457375645637512
20180220_sample_1,Sst,0.9600000000000164,0.9495765497402431,0.6676121950149536
20180220_sample_2,IT,1.8799999999999928,1.2231253369647257,0.7989140152931213
20180225_sample_1,IT,2.0399999999999863,1.5968564485907133,0.954301655292511
20180225_sample_2,IT,1.480000000000009,1.694149122139441,0.9910824298858643
20180225_sample_3,IT,1.36,1.3305124313270384,0.846088171005249
20180225_sample_4,IT,1.4399999999999968,1.7438622613385912,1.009366512298584
20180225_sample_5,ET,1.2400000000000189,1.1903305996685571,0.7840524911880493
20180225_sample_7,Pvalb,0.5200000000000066,0.5564371374829868,0.4423993229866028
20180228_sample_3,IT,1.6399999999999748,1.5634885782487626,0.9413690567016602
20180306_sample_1,Pvalb,0.5199999999999927,0.819551995353875,0.5985903143882751
20180306_sample_2,IT,1.480000000000009,1.6257569714479547,0.9653692245483398
20180306_sample_3,IT,1.480000000000009,1.470819990561177,0.9045500755310059
20180306_sample_5,IT,1.7999999999999683,1.6893803153356977,0.9893108010292053
20180309_sample_4,IT,1.3199999999999878,1.3583227976141452,0.8579506874084473
20180309_sample_6,IT,1.2800000000000034,1.3242802758425534,0.8434104323387146
20180309_sample_7,IT,1.679999999999987,1.6351580959426981,0.968943178653717
20180309_sample_8,IT,1.5600000000000058,1.3654752685945875,0.8609789609909058
20180313_sample_1,low quality,1.8799999999999928,1.117846874108518,0.7503999471664429
20180313_sample_2,ET,1.9600000000000173,1.1243664983107,0.7534736394882202
20180313_sample_3,ET,1.5999999999999903,1.1117050692468933,0.747495710849762
20180313_sample_7,IT,1.5600000000000058,1.742898158024322,1.0090150833129883
20180313_sample_8,low quality,2.239999999999992,1.1320723539326842,0.7570944428443909
20180313_sample_9,Pvalb,0.3599999999999992,0.7816733978513907,0.5775530338287354
20180315_sample_1,ET,1.479999999999981,1.2871262979601825,0.8272961378097534
20180315_sample_2,low quality,1.3599999999999723,1.3098190089949044,0.8371691703796387
20180315_sample_5,IT,1.8400000000000083,1.9160859403996306,1.0702422857284546
20180315_sample_6,IT,0.4799999999999943,1.584155484233847,0.9493987560272217
20180321_sample_2,IT,1.480000000000009,1.2896682314394892,0.8284069299697876
20180321_sample_3,IT,1.5600000000000058,1.3076972963881761,0.8362501859664917
20180321_sample_4,IT,0.6000000000000172,1.6033287746111171,0.9567909240722656
20180321_sample_8,ET,0.8000000000000229,0.9748643895849625,0.6804997324943542
20180321_sample_9,ET,1.12000000000001,0.9696999880935864,0.6778812408447266
20180322_sample_1,IT,1.9600000000000173,1.8967649495906704,1.0635945796966553
20180322_sample_2,IT,1.4000000000000123,1.8563567724926087,1.0495469570159912
20180322_sample_3,IT,1.5600000000000058,1.2666836827074546,0.8183178305625916
20180322_sample_4,IT,1.479999999999981,1.43516009710334,0.8900125026702881
20180322_sample_5,IT,1.4399999999999968,1.3761873074223763,0.8654972314834595
20180322_sample_6,ET,1.2000000000000066,1.0974914590078195,0.7407420873641968
20180322_sample_7,ET,1.0799999999999976,1.1898943320639246,0.78385329246521
20180327_sample_1,Pvalb,0.6000000000000033,0.678912923940497,0.5181465148925781
20180327_sample_2,Pvalb,0.6000000000000033,0.535657357343385,0.428958535194397
20180327_sample_3,IT,1.6400000000000026,1.3310745263951216,0.8463293313980103
20180327_sample_4,Pvalb,0.6000000000000172,0.5434966293447256,0.43405038118362427
20180327_sample_5,Pvalb,0.5599999999999911,0.5479539460256247,0.4369340240955353
20180327_sample_6,IT,1.5600000000000058,1.5428491799411301,0.9332851767539978
20180329_sample_1,IT,1.799999999999996,1.4699293007071772,0.9041895270347595
20180329_sample_2,IT,2.0799999999999983,1.34146148689154,0.8507753014564514
20180329_sample_3,IT,1.5199999999999936,1.3517134795798296,0.855144202709198
20180329_sample_4,ET,1.5600000000000058,0.8877661816403605,0.6353942155838013
20180329_sample_5,IT,1.5999999999999903,1.8240627413046306,1.0381765365600586
20180329_sample_6,IT,1.4399999999999968,1.5618438006777482,0.9407272338867188
20180329_sample_7,low quality,1.2800000000000034,1.3940260343618596,0.8729764819145203
20180329_sample_8,IT,2.1599999999999957,1.3206164839165055,0.8418328762054443
20180403_sample_5,IT,1.5600000000000058,1.475051504425989,0.9062612056732178
20180403_sample_6,ET,1.480000000000009,0.9058501029925482,0.6449281573295593
20180403_sample_7,IT,1.8400000000000083,1.4460267407232608,0.8944649696350098
20180404_sample_1,Pvalb,0.7199999999999984,0.7887886827220271,0.5815386772155762
20180404_sample_2,Pvalb,0.5599999999999911,1.0259709855313193,0.7060490846633911
20180404_sample_3,IT,1.6400000000000026,1.9275811907180562,1.074176549911499
20180404_sample_4,Pvalb,0.6000000000000172,0.7938136966400292,0.5843439102172852
20180404_sample_5,Pvalb,0.5999999999999894,0.8207617651168868,0.5992549657821655
20180404_sample_7,IT,1.5600000000000058,1.6055884163143352,0.9576585292816162
20180405_sample_1,ET,1.119999999999982,1.4023786726341867,0.8764593601226807
20180405_sample_2,IT,1.5200000000000211,1.4527696851079055,0.897217869758606
20180405_sample_3,IT,1.5999999999999903,1.5656495631706613,0.9422116875648499
20180410_sample_1,Pvalb,0.5999999999999894,0.5709102195871694,0.45165520906448364
20180410_sample_3,IT,1.6400000000000026,1.424337394245205,0.8855582475662231
20180410_sample_4,IT,2.0399999999999863,2.04859844614915,1.1146819591522217
20180410_sample_5,IT,1.5199999999999936,1.7967775896708742,1.0284678936004639
20180410_sample_6,IT,1.3199999999999878,1.706373109809213,0.9956094026565552
20180410_sample_9,Pvalb,0.4800000000000082,0.45891637483539094,0.37769395112991333
20180411_sample_1,IT,1.8400000000000083,1.9651649377513905,1.08693265914917
20180411_sample_3,IT,1.559999999999978,1.732454438045062,1.0052002668380737
20180411_sample_4,Pvalb,0.5600000000000049,0.8791832889391898,0.6308372616767883
20180411_sample_5,Pvalb,0.4799999999999804,0.603648485576007,0.4722813367843628
20180412_sample_1,IT,2.0000000000000018,1.8440285971693657,1.0452215671539307
20180412_sample_2,Pvalb,0.7199999999999984,0.6049544678205001,0.4730953872203827
20180412_sample_3,IT,1.920000000000005,1.562338589291422,0.940920352935791
20180412_sample_4,IT,2.0399999999999863,1.9338712420048603,1.0763227939605713
20180412_sample_7,IT,2.1600000000000232,1.6995655914122147,0.9930908679962158
20180413_sample_2,Pvalb,0.5999999999999894,0.49443041442808006,0.40174514055252075
20180413_sample_3,Pvalb,0.5999999999999894,0.5014954775604393,0.40646159648895264
20180413_sample_4,IT,1.7600000000000116,1.6256898306697116,0.9653436541557312
20180417_sample_1,Vip,1.160000000000022,1.1902790314940688,0.784028947353363
20180417_sample_2,Pvalb,0.6800000000000139,0.623249517376467,0.4844300150871277
20180417_sample_3,IT,1.5600000000000058,1.617030414911435,0.9620402455329895
20180417_sample_4,Pvalb,0.6000000000000449,0.6329035081944421,0.49035972356796265
20180417_sample_5,IT,1.479999999999981,1.4125758288620653,0.8806949853897095
20180417_sample_6,IT,1.6400000000000026,1.530253395866597,0.9283194541931152
20180417_sample_7,Pvalb,0.68,0.690077981214464,0.5247746706008911
20180417_sample_8,Sst,0.8799999999999919,0.9770761237353525,0.6816190481185913
20180417_sample_9,IT,1.5999999999999903,1.751435758656145,1.0121228694915771
20180418_sample_1,Pvalb,0.6400000000000017,0.8461221361483179,0.6130872964859009
20180418_sample_2,Pvalb,0.6400000000000017,0.762414463008825,0.5666847229003906
20180418_sample_3,Pvalb,0.7199999999999984,0.6816597159200478,0.519781231880188
20180418_sample_5,IT,2.1200000000000108,1.3134409331936958,0.8387359976768494
20180418_sample_6,IT,1.7999999999999128,1.7355307712665637,1.0063254833221436
20180420_sample_2,low quality,2.3199999999999887,1.5115197959315976,0.9208880662918091
20180420_sample_3,IT,1.5999999999999903,1.2191090559542659,0.7971057891845703
20180420_sample_4,IT,1.8799999999999928,1.4959801412261138,0.9146814942359924
20180424_sample_1,IT,2.0799999999999983,1.4015774986347225,0.8761258125305176
20180424_sample_2,IT,2.0399999999999863,1.5334418193323145,0.9295787811279297
20180424_sample_3,IT,1.7599999999999838,1.8211723591771234,1.0371525287628174
20180424_sample_6,IT,2.3199999999999887,1.753399191143557,1.012836217880249
20180425_sample_2,IT,1.7199999999999993,1.7401921081220204,1.0080280303955078
20180425_sample_3,Pvalb,0.6400000000000294,0.8364332138683062,0.6078252196311951
20180425_sample_4,IT,1.7600000000000116,1.5605932057303276,0.9402389526367188
20180425_sample_5,Sncg,1.0400000000000131,1.0583825207167277,0.7219204902648926
20180425_sample_7,Pvalb,0.6000000000000033,0.781189103682161,0.5772811770439148
20180425_sample_8,Vip,1.119999999999982,1.114000501572006,0.748582124710083
20180425_sample_9,IT,1.3999999999999846,1.2938830378338149,0.8302460312843323
20180426_sample_1,ET,2.599999999999991,1.1642729269952812,0.7720844745635986
20180426_sample_3,IT,2.360000000000001,1.8117050121182934,1.0337910652160645
20180426_sample_4,IT,1.5999999999999903,1.580533753493665,0.9479962587356567
20180426_sample_5,Pvalb,0.6000000000000172,0.8290382517299439,0.603790283203125
20180426_sample_7,IT,1.600000000000018,1.5895156536172401,0.9514708518981934
20180426_sample_9,Pvalb,0.6000000000000033,0.9578543056985196,0.6718491315841675
20180501_sample_2,IT,2.4399999999999977,1.7107876327716485,0.9972392320632935
20180501_sample_3,IT,1.5999999999999903,1.5417728371900974,0.9328618049621582
20180501_sample_4,IT,2.0000000000000018,1.58518998704934,0.9497990012168884
20180501_sample_5,IT,1.8400000000000083,1.4190633337022742,0.8833804130554199
20180501_sample_6,low quality,1.3999999999999846,1.1238603234258762,0.7532353401184082
20180501_sample_7,low quality,0.5999999999999894,1.0790602950009587,0.7319160103797913
20180501_sample_8,Lamp5,1.8399999999999528,1.0694640830208426,0.7272896766662598
20180502_sample_1,low quality,0.6000000000000033,1.0140053603888781,0.7001254558563232
20180502_sample_2,low quality,1.9200000000000328,1.1453253940624073,0.7632912397384644
20180502_sample_3,IT,1.7599999999999838,1.6887005708263358,0.9890580177307129
20180502_sample_4,IT,1.8000000000000238,1.5958089222484881,0.9538981914520264
20180508_sample_1,Pvalb,0.5599999999999911,0.8093805645108029,0.5929845571517944
20180508_sample_2,IT,1.3999999999999846,1.3202328172839666,0.8416675329208374
20180508_sample_3,IT,1.36,1.669502774061544,0.9818922281265259
20180508_sample_4,IT,1.8799999999999928,1.6810752212233928,0.9862179160118103
20180509_sample_1,low quality,2.0000000000000018,1.1288756053243019,0.7555939555168152
20180509_sample_2,IT,2.0000000000000018,1.7062708396750152,0.9955716133117676
20180509_sample_3,IT,1.5199999999999936,1.5799310354558231,0.947762668132782
20180509_sample_4,IT,1.799999999999996,1.4635664499301009,0.9016100764274597
20180509_sample_5,IT,1.6800000000000148,1.5165870968807977,0.9229036569595337
20180509_sample_7,IT,1.7599999999999838,1.5574733519832855,0.9390197992324829
20180509_sample_9,IT,2.360000000000001,1.8695886763969132,1.054168701171875
20180510_sample_2,Pvalb,0.68,0.5281738002812503,0.4240734279155731
20180510_sample_3,IT,1.9200000000000328,1.597361869834504,0.9544962644577026
20180510_sample_4,IT,1.9599999999999893,1.8437112784605842,1.0451099872589111
20180510_sample_5,IT,2.1200000000000108,1.4035111659587758,0.8769306540489197
20180510_sample_9,IT,1.5200000000000211,1.6366146726504764,0.9694957733154297
20180515_sample_1,Pvalb,0.5600000000000049,0.7270660280869506,0.5464240312576294
20180515_sample_6,Pvalb,0.5600000000000049,0.9845689515568535,0.6854017376899719
20180522_sample_1,IT,1.6400000000000026,1.6209828356325013,0.9635493755340576
20180522_sample_2,IT,2.400000000000013,1.5963929097715495,0.9541231393814087
20180522_sample_3,IT,1.5600000000000058,1.5102981063876373,0.9204015135765076
20180522_sample_4,IT,1.8400000000000083,1.6961965402618366,0.9918420910835266
20180522_sample_5,Pvalb,0.5999999999999894,0.6886110888742679,0.5239063501358032
20180522_sample_6,ET,1.4000000000000123,1.2774229952597338,0.8230445384979248
20180522_sample_7,IT,1.4399999999999968,1.6253691749694696,0.9652215242385864
20180524_sample_5,low quality,0.6800000000000139,1.1941416457116998,0.7857909202575684
20180524_sample_8,IT,1.679999999999987,1.5957513662026213,0.9538760185241699
20180524_sample_9,Pvalb,0.5599999999999911,0.8811258398558693,0.631870448589325
20180529_sample_3,IT,1.4000000000000123,1.5656238719613123,0.9422016739845276
20180608_sample_1,Lamp5,0.9600000000000164,0.9130034388300856,0.648674488067627
20180608_sample_2,Pvalb,0.6000000000000172,0.5989628427240804,0.46935519576072693
20180608_sample_3,IT,1.5600000000000058,1.3084470628135598,0.8365750312805176
20180608_sample_5,Pvalb,0.5199999999999927,0.4509249274926228,0.37220123410224915
20180619_sample_3,Pvalb,0.6399999999999739,0.8690093483163042,0.6254085302352905
20180619_sample_5,IT,1.679999999999987,1.7263394467760749,1.0029598474502563
20180619_sample_7,Lamp5,1.0799999999999976,1.155219552993868,0.767892599105835
20180621_sample_1,IT,2.0000000000000018,1.6194513629409568,0.9629648923873901
20180621_sample_2,IT,2.1200000000000108,1.658452751775887,0.9777442812919617
20180621_sample_3,Sncg,0.8400000000000074,1.1664713120040597,0.7730997204780579
20180621_sample_4,IT,1.7599999999999838,1.7970970069006273,1.0285820960998535
20180621_sample_5,Vip,0.7199999999999984,1.059535385405346,0.7224804162979126
20180621_sample_7,Pvalb,0.5199999999999927,0.6666903270715285,0.5108398199081421
20180621_sample_8,Pvalb,0.7999999999999952,0.6892588898278488,0.5242899060249329
20180628_sample_2,Pvalb,0.5200000000000066,1.0671517060962517,0.7261716723442078
20180628_sample_3,Pvalb,0.5600000000000049,0.860377889564317,0.6207796335220337
20180628_sample_4,low quality,0.5600000000000049,1.1682351946224485,0.773913562297821
20180628_sample_6,Pvalb,0.5199999999999927,0.861716779184445,0.6214990615844727
20180628_sample_7,Lamp5,1.2400000000000189,1.1028337393310357,0.7432858347892761
20180703_sample_1,Pvalb,0.68,0.8775768844057464,0.629982054233551
20180703_sample_2,IT,2.0000000000000018,1.4613126064583888,0.9006947875022888
20180703_sample_3,low quality,2.0799999999999708,1.006902422689813,0.6965924501419067
20180704_sample_1,Pvalb,0.5999999999999894,0.8657234410192534,0.6236488819122314
20180704_sample_2,Pvalb,0.5600000000000049,0.700081390158763,0.5306761264801025
20180704_sample_3,Pvalb,0.5999999999999894,0.8143345137988168,0.5957187414169312
20180704_sample_4,IT,1.3199999999999878,1.6305736707545482,0.9672019481658936
20180704_sample_5,Pvalb,0.4799999999999943,0.7435104376629381,0.5559005737304688
20180705_sample_1,Pvalb,0.6000000000000033,0.8486758894696317,0.6144696474075317
20180705_sample_4,Pvalb,0.5600000000000049,0.5139975343530027,0.4147535264492035
20180709_sample_2,IT,1.8400000000000083,1.9915052150377444,1.0957766771316528
20180709_sample_3,Lamp5,1.6800000000000148,1.0530457247710152,0.7193244099617004
20180709_sample_4,IT,1.8400000000000083,1.7562260516863673,1.0138623714447021
20180709_sample_6,IT,1.5600000000000058,1.377142380907973,0.8658990859985352
20180710_sample_1,Pvalb,0.5200000000000066,1.2002045147363678,0.7885503172874451
20180710_sample_2,Pvalb,0.7599999999999968,0.628993541892057,0.48796236515045166
20180710_sample_3,Pvalb,0.6000000000000033,0.8060168044598552,0.5911237597465515
20180710_sample_5,Pvalb,0.5999999999999894,0.6255827030782283,0.48586633801460266
20180711_sample_1,Pvalb,0.7199999999999984,0.842973901084113,0.6113805174827576
20180711_sample_2,Sst,0.7599999999999829,0.9080402710615312,0.6460766792297363
20180711_sample_3,Sst,1.0000000000000009,0.9786159873141663,0.6823976039886475
20180711_sample_4,Sst,0.9600000000000164,0.9382503063545734,0.6617856621742249
20180712_sample_2,low quality,2.0399999999999863,1.2918863392645916,0.8293752074241638
20180712_sample_3,Sncg,1.0799999999999976,1.1396551566595234,0.7606446743011475
20180712_sample_5,Pvalb,0.4799999999999943,0.9058441959307465,0.644925057888031
20180712_sample_11,Pvalb,0.8399999999999935,0.7309479718084521,0.5486692190170288
20180712_sample_12,Pvalb,0.6400000000000017,0.6829682880108361,0.5205590724945068
20180712_sample_13,IT,2.1599999999999957,2.037785533563297,1.111128807067871
20180712_sample_14,Pvalb,0.6399999999999739,0.6378961030439542,0.4934125542640686
20180712_sample_15,Pvalb,0.68,0.5996573902178642,0.4697894752025604
20180717_sample_1,Pvalb,0.5600000000000049,0.792376844928131,0.5835425853729248
20180717_sample_2,Lamp5,1.160000000000022,1.066360960555288,0.7257890701293945
20180717_sample_3,Pvalb,0.5600000000000049,0.7670447516543547,0.5693085193634033
20180717_sample_4,Pvalb,0.4800000000000082,0.777906153576936,0.5754363536834717
20180717_sample_6,Pvalb,0.7999999999999952,0.7711695201788961,0.5716400742530823
20180717_sample_7,ET,1.5200000000000211,1.2934407715937688,0.8300532102584839
20180718_sample_2,Pvalb,0.6400000000000017,0.70295376000351,0.5323642492294312
20180718_sample_3,Pvalb,0.6000000000000033,0.7562125418604705,0.5631595253944397
20180718_sample_4,Pvalb,0.6000000000000172,0.5737212698949989,0.4534430503845215
20180719_sample_1,Pvalb,0.6400000000000017,0.5312623730733623,0.4260924756526947
20180719_sample_4,Pvalb,0.6400000000000017,0.6175349061433217,0.4809033274650574
20180720_sample_2,Sncg,1.4399999999999968,1.138268043243812,0.7599961757659912
20180720_sample_3,Pvalb,0.6399999999999878,0.7008686238179941,0.531139075756073
20180720_sample_5,Lamp5,1.7599999999999838,0.9064519240476471,0.6452438831329346
20180725_sample_3,IT,2.5199999999999942,1.6298813577607891,0.9669387340545654
20180725_sample_4,low quality,1.7199999999999993,1.249661343172748,0.8107796907424927
20180725_sample_6,Pvalb,0.5600000000000049,0.8949316066592203,0.6391827464103699
20180725_sample_7,IT,2.1599999999999957,1.857297400108189,1.0498762130737305
20180725_sample_9,Lamp5,1.8000000000000238,1.1570273730146154,0.7687310576438904
20180726_sample_3,Pvalb,0.5999999999999894,0.7849406428972375,0.5793851613998413
20180726_sample_4,Pvalb,0.5199999999999927,0.8004507921169501,0.5880370736122131
20180726_sample_5,Pvalb,0.5600000000000049,0.8896054227992092,0.6363680362701416
20180726_sample_6,Pvalb,0.5199999999999927,0.9248384056150446,0.6548420190811157
20180726_sample_7,Pvalb,0.4799999999999943,0.8048346893150643,0.5904690027236938
20180817_sample_2,Pvalb,0.5199999999999649,0.6580754356751954,0.5056575536727905
20180817_sample_3,Pvalb,0.7599999999999829,0.6227649045203866,0.48413142561912537
20180817_sample_4,Pvalb,0.6400000000000017,0.8115547809174997,0.594185471534729
20180817_sample_5,Pvalb,0.5599999999999911,0.8434189563719807,0.6116219758987427
20180817_sample_6,IT,1.5999999999999903,1.4793972581727395,0.9080154895782471
20180817_sample_7,Pvalb,0.7600000000000107,0.5213172711216079,0.41957658529281616
20180820_sample_1,Sst,1.0000000000000009,0.9517888140044618,0.668746292591095
20180820_sample_2,IT,1.7199999999999993,1.6072724683651674,0.9583046436309814
20180820_sample_3,Sst,1.0000000000000009,1.0130880724855946,0.6996698975563049
20180820_sample_4,Sst,1.12000000000001,1.0833142863013894,0.7339600324630737
20180820_sample_5,Sst,1.0000000000000009,0.8467443927598092,0.6134243011474609
20180820_sample_6,IT,1.7199999999999993,1.744897381545913,1.0097436904907227
20180820_sample_7,Sst,0.8799999999999919,0.8236907352576397,0.6008623242378235
20180822_sample_1,Pvalb,0.5999999999999894,0.8563141062285368,0.6185928583145142
20180822_sample_2,Pvalb,0.68,0.6496295489509184,0.5005507469177246
20180822_sample_3,Pvalb,0.7199999999999984,0.9280727003165498,0.6565209031105042
20180822_sample_4,Pvalb,0.68,0.9345555269965498,0.659877598285675
20180822_sample_6,Pvalb,0.6799999999999862,0.7051995935164191,0.5336821675300598
20180822_sample_7,Pvalb,0.5999999999999894,0.6564370679058641,0.5046689510345459
20180828_sample_2,Pvalb,0.8000000000000229,0.8886029505070784,0.6358373761177063
20180828_sample_3,Pvalb,0.5200000000000066,0.8276201352437492,0.6030146479606628
20180828_sample_4,IT,2.3200000000000163,1.785183300525465,1.0243136882781982
20180828_sample_5,Pvalb,0.5199999999999927,0.6359419630388622,0.4922187626361847
20180828_sample_6,Pvalb,0.7199999999999984,0.5628218871677142,0.44649308919906616
20180828_sample_7,low quality,1.2800000000000034,1.087094500745751,0.7357729077339172
20180828_sample_8,IT,2.48000000000001,1.8138550165736052,1.034555435180664
20180829_sample_1,Sst,0.8400000000000074,1.0038558449064912,0.6950732469558716
20180829_sample_2,Sst,1.1599999999999944,0.9623654074436365,0.6741505861282349
20180829_sample_3,Sst,0.8400000000000074,1.1621078306045303,0.7710835933685303
20180829_sample_4,Sst,1.0800000000000254,0.9878896295760502,0.6870735883712769
20180829_sample_5,Sst,0.7200000000000262,1.0461137527290183,0.7159422636032104
20180829_sample_6,Sst,0.9599999999999886,0.8922622984431252,0.6377730965614319
20180829_sample_7,Sst,0.920000000000004,0.9583099446187151,0.6720818281173706
20180829_sample_8,IT,1.8800000000000483,1.6766151150415298,0.9845529794692993
20180830_sample_1,Pvalb,0.68,1.0689904744843772,0.7270607948303223
20180830_sample_2,Pvalb,0.68,0.7377540945364468,0.5525935292243958
20180830_sample_5,Pvalb,0.5600000000000049,0.7234905731506204,0.5443516373634338
20180830_sample_6,Pvalb,0.6400000000000017,0.665690049845907,0.5102394819259644
20180904_sample_1,Pvalb,0.6400000000000017,0.7698477502484073,0.5708935260772705
20180904_sample_2,Pvalb,0.7199999999999984,0.6562269809317656,0.5045421123504639
20180904_sample_3,Pvalb,0.6000000000000033,0.6788614882300751,0.5181158781051636
20180904_sample_4,Pvalb,0.5600000000000049,0.679698865400884,0.5186145305633545
20180904_sample_5,Pvalb,0.5600000000000049,0.7957614389853687,0.5854291319847107
20180904_sample_6,Pvalb,0.6000000000000033,0.6393212844657093,0.4942823052406311
20180904_sample_7,Pvalb,0.7600000000000107,0.6564982824696213,0.5047059059143066
20180904_sample_9,Pvalb,0.5600000000000049,0.6878609167840949,0.5234619975090027
20180905_sample_1,Sst,1.0000000000000009,0.9586060967329267,0.6722330451011658
20180905_sample_2,Sst,0.9600000000000164,0.829939735337446,0.6042830348014832
20180910_sample_2,Sst,1.12000000000001,0.7983483201998974,0.5868686437606812
20180910_sample_3,Sst,1.1599999999999944,0.9138831072867094,0.6491342186927795
20180911_sample_1,Sst,1.5999999999999903,0.799556112780346,0.5875400304794312
20180911_sample_2,Sst,1.0400000000000131,0.8584933194239383,0.619766116142273
20180911_sample_3,Sst,1.0000000000000009,0.8446286520247738,0.6122779846191406
20180911_sample_5,Sst,0.7599999999999829,1.2101546890076982,0.7930625081062317
20180911_sample_6,Sst,1.0000000000000009,0.8005633693125381,0.5880995988845825
20180912_sample_2,Pvalb,0.7199999999999984,0.7718998979369807,0.5720523595809937
20180912_sample_3,Pvalb,0.4799999999999943,0.7113140841542313,0.5372615456581116
20180912_sample_6,Pvalb,0.6399999999999739,0.6869873941172344,0.5229443311691284
20180913_sample_2,low quality,1.0000000000000009,1.1575517405121292,0.7689741253852844
20180917_sample_1,Sst,1.5199999999999658,0.9937783930401748,0.6900315284729004
20180917_sample_2,Pvalb,0.6000000000000033,0.6242794916748113,0.4850643277168274
20180917_sample_3,IT,1.7199999999999993,1.7629620225946405,1.016303300857544
20180917_sample_4,Pvalb,0.7600000000000384,0.7086166203064036,0.5356840491294861
20180917_sample_5,Sst,0.920000000000004,1.0400128982436811,0.7129561305046082
20180918_sample_1,Vip,1.0000000000000009,0.9137920765460871,0.6490866541862488
20180918_sample_2,Vip,0.9599999999999886,0.9994297878690195,0.6928620338439941
20180918_sample_3,Vip,1.1999999999999789,1.1017632437479092,0.74277663230896
20180920_sample_1,low quality,0.68,1.125730656249142,0.7541155815124512
20180920_sample_2,Pvalb,0.68,0.6359495688162297,0.4922234117984772
20180920_sample_3,Pvalb,0.5599999999999772,0.49843764969185195,0.4044229984283447
20180920_sample_4,Pvalb,0.5999999999999894,0.5681237250782841,0.44987982511520386
20180921_sample_1,low quality,1.480000000000009,1.0961130639684313,0.740084707736969
20180921_sample_2,Pvalb,0.7199999999999984,0.5608228792055527,0.4452131688594818
20180921_sample_3,Pvalb,0.5599999999999911,0.7034172901302875,0.5326364040374756
20180925_sample_9,Pvalb,0.5600000000000049,0.8237644356440904,0.6009027361869812
20180926_sample_1,Pvalb,0.5999999999999894,0.5770487653759339,0.4555552303791046
20180926_sample_3,Pvalb,0.6400000000000017,0.8510521128911854,0.6157541871070862
20180926_sample_4,low quality,0.5600000000000049,0.8962701590582643,0.6398888826370239
20180926_sample_7,Pvalb,0.5600000000000049,0.5598775388573943,0.44460731744766235
20180926_sample_9,IT,1.36,1.9203241269588565,1.0716946125030518
20180927_sample_1,Pvalb,0.6400000000000294,0.6959572936381575,0.5282473564147949
20180927_sample_2,Pvalb,0.6400000000000017,0.7261333243246026,0.54588383436203
20180927_sample_3,low quality,0.6000000000000449,0.9637518282059226,0.6748568415641785
20180927_sample_4,Pvalb,0.68,0.491347284252517,0.39967992901802063
20180927_sample_5,Pvalb,0.5200000000000066,0.6378711109234867,0.4933972954750061
20180927_sample_7,Pvalb,0.5200000000000204,0.5853029967161901,0.46077555418014526
20180927_sample_9,IT,1.9199999999999773,1.581107535279863,0.948218584060669
20180927_sample_10,low quality,0.5999999999999894,1.0682258995261964,0.7266911864280701
20181002_sample_1,low quality,0.7599999999999968,1.0472881781911358,0.7165160775184631
20181002_sample_2,Pvalb,0.6000000000000033,0.5784293279553692,0.45643025636672974
20181002_sample_3,Pvalb,0.6399999999999739,0.8008157008727967,0.5882397294044495
20181002_sample_4,Pvalb,0.68,0.9080881511766133,0.6461017727851868
20181002_sample_5,Pvalb,0.6000000000000449,0.4743083845105289,0.3881889879703522
20181002_sample_6,Pvalb,0.5600000000000049,0.8267511523340103,0.6025390625
20181002_sample_7,IT,1.5999999999999903,1.9943266578173409,1.0967193841934204
20181002_sample_8,Pvalb,0.6000000000000033,0.7486524459346896,0.5588454604148865
20181002_sample_9,Sst,0.5199999999999927,0.5144637023442833,0.4150613844394684
20181002_sample_10,Pvalb,0.5199999999999649,0.5529643360012659,0.44016557931900024
20181003_sample_1,low quality,1.239999999999991,1.0468361147962357,0.7162952423095703
20181003_sample_2,Sst,1.8800000000000483,1.1170911227235494,0.7500430345535278
20181003_sample_3,Sst,0.920000000000004,1.040315933605158,0.7131046652793884
20181003_sample_4,Sst,0.8400000000000074,0.7083770040916207,0.5355437994003296
20181003_sample_5,Sst,0.920000000000004,0.9748882850808823,0.6805118322372437
20181003_sample_6,Sst,1.12000000000001,0.9169347977740298,0.6507274508476257
20181003_sample_7,Sst,0.8000000000000229,0.8667958840820073,0.624223530292511
20181003_sample_8,Sst,0.7999999999999952,0.9637154263882389,0.6748383045196533
20181003_sample_9,Sst,0.7199999999999984,0.6191743166060305,0.4819163382053375
20181003_sample_10,Sst,0.7199999999999984,0.8150359551821278,0.5961052775382996
20181004_sample_1,low quality,0.8799999999999919,1.2351408408806681,0.8043042421340942
20181004_sample_3,Sst,0.8400000000000074,0.7767133152145943,0.5747652053833008
20181004_sample_5,Sst,0.7600000000000107,0.7597547634824643,0.5651744604110718
20181004_sample_6,Sst,0.8800000000000197,0.8984906205652207,0.641059160232544
20181004_sample_8,Sst,0.6799999999999584,0.5558158357645027,0.44200006127357483
20181009_sample_2,Sst,1.3200000000000156,0.8795187830007661,0.6310157775878906
20181009_sample_3,Sst,1.0000000000000009,1.0240691063090395,0.7051098942756653
20181009_sample_4,Sst,0.920000000000004,0.9095730308364433,0.6468796730041504
20181009_sample_5,Sst,0.7999999999999952,1.0441817549327241,0.7149975895881653
20181009_sample_6,IT,1.8400000000000083,1.8839625656674395,1.0591652393341064
20181009_sample_7,Sst,0.920000000000004,0.8241508135373926,0.6011145710945129
20181010_sample_1,Sst,0.9600000000000164,0.78977796435769,0.5820915699005127
20181010_sample_3,Sst,0.7999999999999952,1.0610425440028273,0.723211944103241
20181010_sample_4,Sst,0.9199999999999764,0.7667137490930428,0.5691211819648743
20181010_sample_5,IT,1.8000000000000238,2.1504170700375003,1.1475348472595215
20181010_sample_6,Sst,1.12000000000001,0.8988548006988067,0.6412509679794312
20181010_sample_8,Sst,0.920000000000004,0.8984896021357625,0.641058623790741
20181010_sample_10,Sst,0.5600000000000049,0.8848768654966576,0.6338624954223633
20181011_sample_3,Sst,0.7199999999999984,0.8652234156302407,0.6233808398246765
20181011_sample_4,Sst,1.3200000000000156,1.0062786976518188,0.6962816119194031
20181011_sample_8,Sst,1.0000000000000009,0.8577467362638249,0.619364321231842
20181011_sample_9,Sst,0.8400000000000074,0.8248334260102981,0.6014887094497681
20181011_sample_10,Sst,0.7199999999999984,0.6451906256308387,0.4978562593460083
20181109_sample_1,Sst,1.1999999999999789,0.8889859508033797,0.6360401511192322
20181109_sample_2,Sst,0.920000000000004,0.9528266877744661,0.6692779064178467
20181109_sample_3,Sst,0.8400000000000074,1.0099693265595475,0.6981194615364075
20181109_sample_5,Sst,0.8800000000000197,0.9797831773950649,0.6829873323440552
20181109_sample_7,Sst,1.0000000000000009,0.9822676629260454,0.6842414736747742
20181109_sample_8,Sst,0.9599999999999886,0.9331421307999231,0.6591467261314392
20181109_sample_9,Sst,0.920000000000032,0.9784057209118286,0.6822913289070129
20181109_sample_10,Sst,0.920000000000032,0.9361386682093957,0.6606956124305725
20181112_sample_1,low quality,0.9599999999999886,1.085468721808082,0.7349936366081238
20181112_sample_4,Sst,1.119999999999982,0.7527517285196146,0.5611869692802429
20181112_sample_5,low quality,1.0000000000000009,1.2718257885473014,0.8205838203430176
20181112_sample_6,Sst,1.2000000000000066,0.9082927640653055,0.6462090015411377
20181112_sample_8,Sst,0.7999999999999952,0.7471960522359763,0.5580122470855713
20181112_sample_11,Sst,0.7999999999999952,0.7472890526240592,0.5580654740333557
20181114_sample_1,Pvalb,0.7599999999999968,0.8920712458567307,0.6376721262931824
20181114_sample_2,Pvalb,0.6400000000000017,0.7040887492579765,0.5330305099487305
20181114_sample_4,Pvalb,0.7199999999999984,0.890046305148107,0.6366013288497925
20181116_sample_2,Pvalb,0.6800000000000139,0.6543359177131473,0.503399670124054
20181116_sample_3,Pvalb,0.7599999999999829,0.8421249576815146,0.6109197735786438
20181116_sample_4,Pvalb,0.6800000000000139,0.7219566019617133,0.5434612035751343
20181116_sample_5,Pvalb,0.5199999999999927,0.9330721909453894,0.6591105461120605
20181116_sample_7,low quality,0.5600000000000049,1.2243000709156189,0.7994422912597656
20181116_sample_10,low quality,0.6400000000000294,1.236096133385121,0.804731547832489
20181116_sample_12,Pvalb,0.5599999999998939,0.5763981885392058,0.455142617225647
20181121_sample_1,Sst,0.8399999999999935,1.1351391257712384,0.7585318088531494
20181121_sample_2,Sst,1.0000000000000009,1.0289753577285015,0.7075309157371521
20181121_sample_3,Pvalb,0.7599999999999829,0.6697219339075345,0.512657105922699
20181121_sample_4,low quality,1.1599999999999944,0.9747199633583793,0.6804265975952148
20181121_sample_5,Sst,0.920000000000004,0.7914130342729476,0.5830047130584717
20181121_sample_6,Sst,0.6799999999999862,0.7345533716182422,0.5507499575614929
20181121_sample_7,Sst,0.7599999999999829,0.9589797068281115,0.672423779964447
20181126_sample_2,Sst,0.9599999999999886,0.7990080879196236,0.5872354507446289
20181126_sample_6,Sst,0.920000000000004,0.8218478901486229,0.5998513102531433
20181127_sample_1,Sst,0.9600000000000164,0.9265233689380187,0.6557170152664185
20181127_sample_3,Sst,1.1599999999999944,1.0277328753879238,0.7069183588027954
20181127_sample_4,Sst,0.8399999999999797,0.8382822659078158,0.6088315844535828
20181127_sample_5,Sst,0.8400000000000074,1.0797811482578925,0.7322626709938049
20181127_sample_7,Sst,1.1999999999999789,0.8491608978168904,0.6147319674491882
20181129_sample_1,Sst,0.8399999999999797,0.7726270902030877,0.5724626779556274
20181129_sample_2,low quality,0.920000000000004,1.1371286826783231,0.7594631910324097
20181129_sample_3,Sst,1.0799999999999976,0.9905578603745976,0.6884149312973022
20181129_sample_4,Sst,0.7999999999999952,1.0533513080505066,0.7194732427597046
20181129_sample_5,Sst,0.8400000000000074,0.855944035787651,0.6183934807777405
20181129_sample_6,Sst,1.12000000000001,0.9938922435285036,0.6900886297225952
20181203_sample_2,Sst,1.1999999999999789,0.9779811287449602,0.6820766925811768
20181203_sample_3,Sst,0.8399999999999797,0.8140872081533136,0.5955824255943298
20181203_sample_4,Sst,0.8800000000000197,1.1519755280761885,0.7663862705230713
20181203_sample_5,Sst,1.0400000000000131,1.0039824543688662,0.6951364278793335
20181203_sample_6,Pvalb,0.5999999999999894,0.8675491093660147,0.6246269345283508
20181203_sample_7,Sst,0.8400000000000074,1.0563923610755377,0.7209531664848328
20181203_sample_8,Sst,0.8400000000000074,0.7982164814399972,0.5867953300476074
20181203_sample_9,Sst,1.0400000000000131,0.9382530790458604,0.6617870926856995
20181203_sample_10,low quality,0.6799999999999862,0.8727989468951323,0.6274340748786926
20181205_sample_1,Sst,1.0400000000000131,0.9609045770853287,0.6734058856964111
20181205_sample_2,Sst,0.7600000000000107,0.8844230365797858,0.6336216926574707
20181207_sample_1,Pvalb,0.8000000000000229,0.6189867596822617,0.48180049657821655
20181207_sample_2,Pvalb,0.6400000000000017,0.7457465945124283,0.5571823120117188
20181207_sample_3,Pvalb,0.6800000000000139,0.8310287159238061,0.6048779487609863
20181207_sample_4,Pvalb,0.6000000000000172,0.7571133212787691,0.5636723041534424
20181207_sample_5,Pvalb,0.8000000000000229,0.6730631805308214,0.5146561861038208
20181207_sample_6,low quality,0.6400000000000017,1.18723370313685,0.7826375961303711
20181207_sample_7,Pvalb,0.5600000000000049,0.8195024326650028,0.5985630750656128
20181208_sample_1,low quality,1.1599999999999944,1.2966267189728757,0.8314414024353027
20181208_sample_2,Sst,0.8000000000000229,1.1134391011954716,0.7483165264129639
20181208_sample_3,Sst,1.0400000000000131,1.3433009381383345,0.8515605926513672
20181208_sample_4,Sst,1.0000000000000009,0.9751535091844852,0.6806461215019226
20181208_sample_5,Sst,1.12000000000001,1.1867357491486692,0.7824099063873291
20181208_sample_6,Sst,0.9599999999999886,0.8867393817847393,0.6348501443862915
20181208_sample_7,Sst,0.8799999999999919,0.8034789814220961,0.5897175669670105
20181208_sample_8,Sst,0.7600000000000107,0.7881877660963991,0.5812026858329773
20181208_sample_9,Sst,0.8799999999999919,0.8602646772155129,0.620718777179718
20181208_sample_10,Sst,1.119999999999982,0.8035181102901195,0.5897392630577087
20181211_sample_1,CT,1.36,1.1353665590251083,0.758638322353363
20181211_sample_2,Pvalb,0.8400000000000074,0.7397678887829005,0.5537517070770264
20181211_sample_4,Pvalb,0.5600000000000049,0.8844771757737447,0.6336504220962524
20181211_sample_5,low quality,0.6400000000000017,1.0678337961565865,0.7265015840530396
20181211_sample_6,Pvalb,0.6000000000000172,0.7262026705874229,0.5459240078926086
20181211_sample_7,Pvalb,0.6000000000000172,0.9260941831794804,0.655494213104248
20181211_sample_8,Pvalb,0.5999999999999894,0.7416242474957767,0.5548181533813477
20181211_sample_9,Pvalb,0.6400000000000017,0.7412242139648427,0.5545884370803833
20181213_sample_1,Sst,0.9599999999999886,0.9300390999353694,0.6575402617454529
20181213_sample_2,Sst,1.2000000000000066,0.7970556459094138,0.5861495733261108
20181213_sample_3,Sst,1.12000000000001,0.8785795505330893,0.6305159330368042
20181213_sample_4,Sst,0.9599999999999886,0.9704188620513674,0.6782461404800415
20181213_sample_5,IT,1.5199999999999936,1.5296782533868452,0.9280921220779419
20181213_sample_6,Sst,0.8800000000000197,0.6010244874132693,0.4706437289714813
20181213_sample_7,Sst,0.920000000000004,0.9433780032372427,0.6644276976585388
20181214_sample_1,low quality,1.8400000000000083,1.0691784248987464,0.72715163230896
20181214_sample_2,Sst,0.920000000000004,1.0081872012794544,0.6972324252128601
20190108_sample_1,Pvalb,0.6399999999999739,0.5746369880198555,0.4540247619152069
20190108_sample_2,Vip,1.0000000000000009,1.1401205765953781,0.7608621716499329
20190108_sample_3,IT,1.679999999999987,1.432197566452023,0.8887951970100403
20190108_sample_5,Vip,1.12000000000001,0.9471655343463822,0.6663747429847717
20190108_sample_6,Lamp5,1.4000000000000123,1.079816478473692,0.7322796583175659
20190109_sample_2,Sst,0.7999999999999952,0.7936126990008278,0.5842318534851074
20190110_sample_1,Sst,0.920000000000004,0.9134581061034834,0.6489121317863464
20190110_sample_3,Sst,0.8800000000000197,0.9091360142697735,0.6466507911682129
20190110_sample_4,Sst,1.0399999999999854,0.8725754819413034,0.6273147463798523
20190110_sample_6,IT,1.36,1.8347761687022404,1.04196298122406
20190110_sample_7,IT,1.5199999999999936,1.5154569486103926,0.9224544763565063
20190117_sample_1,Vip,0.7599999999999968,0.9483779273637087,0.6669971942901611
20190117_sample_2,IT,1.7199999999999993,1.7059795361545351,0.9954639673233032
20190117_sample_3,Sst,1.0000000000000009,0.9527149493319677,0.6692206859588623
20190117_sample_4,IT,1.239999999999991,1.5761406331346641,0.9462924003601074
20190117_sample_5,Sst,0.7600000000000107,0.8222014954417252,0.600045382976532
20190122_sample_1,Pvalb,0.5200000000000066,0.623001509468268,0.48427721858024597
20190122_sample_2,IT,2.0799999999999983,1.7467376136074861,1.0104138851165771
20190122_sample_3,Pvalb,0.6799999999999029,0.8076044338039275,0.5920024514198303
20190122_sample_5,Pvalb,0.5200000000000066,0.7796497086897393,0.576416552066803
20190122_sample_6,IT,2.680000000000016,1.8135477724545792,1.0344462394714355
20190122_sample_9,Pvalb,0.5199999999999927,1.128955928762969,0.755631685256958
20190122_sample_10,Pvalb,0.6000000000000172,0.9886132456482313,0.6874375343322754
20190122_sample_11,low quality,0.6000000000000033,1.1165108615108554,0.7497689127922058
20190122_sample_12,Pvalb,0.5600000000000049,0.7826317559103889,0.5780907869338989
20190122_sample_13,Pvalb,0.6799999999999862,0.5553198814652168,0.44168123602867126
20190122_sample_14,Pvalb,0.6399999999999739,0.7288072284246826,0.5474317073822021
20190122_sample_16,Pvalb,0.68,0.749647166265538,0.5594141483306885
20190122_sample_17,Pvalb,0.6000000000000033,0.7465364435411316,0.5576346516609192
20190123_sample_5,Pvalb,0.5599999999999772,0.7507497238504243,0.5600441098213196
20190123_sample_7,Pvalb,0.6400000000000017,0.7974387223331831,0.5863627195358276
20190123_sample_8,Pvalb,0.6400000000000017,0.6482678103491051,0.4997249245643616
20190124_sample_4,Pvalb,0.6800000000000139,0.9665666416708468,0.6762892007827759
20190128_sample_2,Pvalb,0.8800000000000474,0.5675628804494017,0.44952210783958435
20190128_sample_3,low quality,0.5999999999999894,1.0816526158263684,0.7331621050834656
20190128_sample_4,Pvalb,0.5999999999999894,0.8424306640283633,0.6110857129096985
20190128_sample_6,Lamp5,1.119999999999982,0.9912898064892744,0.6887825727462769
20190128_sample_7,Pvalb,0.5199999999999649,0.7835805300194362,0.5786228775978088
20190128_sample_11,Pvalb,0.6800000000000139,1.0467477880218417,0.7162520885467529
20190128_sample_12,Pvalb,0.6000000000000033,0.6486821591286669,0.4999762773513794
20190130_sample_2,low quality,0.6400000000000017,1.1081994277032488,0.745834231376648
20190130_sample_3,Lamp5,1.0399999999999854,1.0359372448807123,0.7109562754631042
20190130_sample_6,Pvalb,0.6000000000000033,0.8111243274520054,0.5939478278160095
20190130_sample_8,CT,1.239999999999991,1.624484875249802,0.9648846387863159
20190130_sample_9,Sst,0.920000000000004,0.911612853028944,0.6479473114013672
20190130_sample_10,Sst,0.7600000000000107,1.0835648869422068,0.7340803146362305
20190130_sample_15,Pvalb,0.6400000000000017,0.5968397960237024,0.4680265486240387
20190130_sample_17,Sst,1.3599999999999723,0.8358757095269403,0.6075215935707092
20190130_sample_18,Sst,1.0399999999999854,0.8654865877370826,0.6235219240188599
20190131_sample_1,Sst,0.9600000000000164,0.9739593987211498,0.6800413727760315
20190131_sample_3,Pvalb,0.4800000000000082,1.0388713262226785,0.7123963832855225
20190131_sample_4,Sst,0.8399999999999797,0.7910973238743446,0.5828284621238708
20190131_sample_5,Sst,0.6000000000000033,0.6286434043125788,0.4877474009990692
20190131_sample_6,Sst,0.7999999999999952,0.8682216819521494,0.624987006187439
20190131_sample_10,Sst,0.7600000000000107,0.9420633806458675,0.6637510061264038
20190201_sample_2,Pvalb,0.6400000000000017,0.7866625561298676,0.5803493857383728
20190201_sample_3,Pvalb,0.5600000000000049,0.6671520355385353,0.5111168026924133
20190201_sample_4,Pvalb,0.5600000000000049,0.6177583577614918,0.48104146122932434
20190201_sample_7,Pvalb,0.6799999999999862,0.8906764926122261,0.6369346976280212
20190201_sample_8,Pvalb,0.6800000000000139,0.729241411272495,0.5476828217506409
20190201_sample_10,Pvalb,0.6000000000000033,0.8404313154109619,0.60999995470047
20190204_sample_1,Sst,0.8400000000000074,0.907430786010735,0.6457571983337402
20190204_sample_2,CT,1.6400000000000026,1.393884342349231,0.8729172945022583
20190204_sample_4,Sst,0.8400000000000074,1.0218121526657755,0.7039942145347595
20190204_sample_5,Sst,1.0000000000000009,0.9485316926944489,0.6670761108398438
20190204_sample_6,Sst,1.0000000000000009,0.8673128034190012,0.6245003938674927
20190204_sample_7,Pvalb,0.5600000000000049,0.6618753108375316,0.5079466700553894
20190204_sample_8,Pvalb,0.5600000000000049,0.7605104451732901,0.5656037926673889
20190204_sample_9,Pvalb,0.5999999999999894,0.7158838581937854,0.5399283170700073
20190204_sample_10,Pvalb,0.6400000000000294,0.602564202668376,0.47160497307777405
20190204_sample_11,Sst,0.8399999999999935,0.8293291380180885,0.6039493083953857
20190204_sample_14,Sst,0.920000000000004,0.7545255177404996,0.5621984601020813
20190204_sample_15,Sst,0.8400000000000074,0.9946628660934728,0.6904750466346741
20190204_sample_16,Sst,0.7200000000000262,0.8288857402625517,0.6037068963050842
20190204_sample_17,Sst,0.6399999999999878,0.9045259025765742,0.6442331075668335
20190204_sample_18,Sst,1.0000000000000009,0.9696025457914053,0.677831768989563
20190204_sample_19,low quality,0.6400000000000017,1.0010299987857978,0.6936620473861694
20190204_sample_20,low quality,0.6400000000000017,1.0021407169886116,0.6942169666290283
20190204_sample_21,Pvalb,0.5200000000000204,0.708676096769798,0.5357188582420349
20190204_sample_22,IT,1.36,1.4646093814884857,0.9020333290100098
20190204_sample_24,CT,1.5999999999999903,1.6946305953931133,0.9912611246109009
20190205_sample_1,Pvalb,0.800000000000009,0.9163502276247597,0.6504224538803101
20190205_sample_2,Sst,1.0000000000000009,0.8319122905267429,0.6053603887557983
20190205_sample_3,low quality,0.8799999999999919,1.0235323120576532,0.7048446536064148
20190205_sample_4,Sst,1.0399999999999854,0.8635062041828417,0.6224597692489624
20190205_sample_5,Sst,0.920000000000004,1.1439481503177062,0.7626490592956543
20190205_sample_6,Sst,0.6000000000000449,0.7938676918648943,0.5843740105628967
20190205_sample_7,Pvalb,0.5200000000000204,0.5520285194809114,0.4395627975463867
20190211_sample_1,Pvalb,0.5999999999999894,0.599600516737148,0.4697539210319519
20190211_sample_2,IT,1.5600000000000058,1.794019050302363,1.0274810791015625
20190211_sample_3,Pvalb,0.5600000000000049,0.71056820216029,0.5368255972862244
20190211_sample_4,IT,1.5199999999999936,1.5783888170323885,0.9471647143363953
20190211_sample_6,Pvalb,0.5600000000000049,0.5531934485221619,0.44031310081481934
20190211_sample_8,Pvalb,0.6399999999999878,1.0818705049741701,0.7332667708396912
20190211_sample_9,Pvalb,0.68,0.6261085740737985,0.4861897826194763
20190211_sample_11,Pvalb,0.6000000000000033,0.9019668709991613,0.6428885459899902
20190211_sample_12,low quality,0.6000000000000033,1.0419329231795285,0.7138968706130981
20190212_sample_1,Sst,0.8399999999999797,0.8342665292804284,0.6066446900367737
20190212_sample_4,Sst,0.7999999999999952,1.1486832357171515,0.7648552060127258
20190212_sample_5,Sst,1.0000000000000009,1.200988098985285,0.7889063954353333
20190212_sample_6,Sst,1.0399999999999854,1.0420831172221987,0.713970422744751
20190212_sample_7,Sst,0.920000000000032,1.0100567850228883,0.6981629729270935
20190212_sample_8,Sst,0.920000000000004,0.8117078988864435,0.5942699909210205
20190213_sample_1,Pvalb,0.5999999999999894,0.6165728018767637,0.4803083539009094
20190213_sample_4,Pvalb,0.5600000000000049,0.6466494391359713,0.49874258041381836
20190213_sample_7,Pvalb,0.6400000000000017,0.5519720905605257,0.43952643871307373
20190213_sample_8,Pvalb,0.6000000000000449,0.697616739349982,0.5292253494262695
20190214_sample_1,Pvalb,0.5599999999999772,0.8606313948899653,0.6209158897399902
20190214_sample_2,Pvalb,0.5200000000000204,0.8498431664332696,0.6151008605957031
20190214_sample_3,Pvalb,0.5600000000000049,0.7390380062701577,0.5533320903778076
20190214_sample_6,Pvalb,0.4799999999999804,0.939460269569337,0.6624097228050232
20190214_sample_9,Pvalb,0.5200000000000066,0.8028279973394835,0.589356541633606
20190218_sample_3,Sst,0.7599999999999829,0.9464640773600702,0.6660144329071045
20190218_sample_4,Sst,0.8400000000000074,0.9523883838300599,0.6690534353256226
20190218_sample_5,Sst,0.7199999999999984,0.8339916922290482,0.6064948439598083
20190219_sample_1,Vip,1.0000000000000009,1.16696697636453,0.7733284831047058
20190219_sample_3,Sncg,0.8799999999999919,1.0113829057739634,0.6988224983215332
20190219_sample_4,Vip,1.2000000000000066,1.214442485662705,0.7950006723403931
20190219_sample_7,Vip,0.7999999999999952,1.2702577246525943,0.8198933601379395
20190219_sample_8,IT,1.4400000000000246,1.3195500089017442,0.8413732051849365
20190221_sample_1,Sst,1.119999999999982,0.9849775656446136,0.6856076121330261
20190221_sample_2,Sst,0.7199999999999707,0.978319521683307,0.6822477579116821
20190221_sample_4,Sst,0.7199999999999984,0.9039558975335044,0.6439337730407715
20190221_sample_10,Sst,0.7999999999999952,0.7923625292312915,0.5835345983505249
20190221_sample_11,Pvalb,0.6400000000000017,0.6686105304845255,0.5119912624359131
20190222_sample_2,CT,1.1599999999999944,1.7321391457711075,1.0050848722457886
20190222_sample_3,IT,1.4399999999999968,2.0131638126477633,1.1029906272888184
20190222_sample_4,CT,1.7199999999999993,1.1721319533338317,0.7757091522216797
20190222_sample_5,CT,1.4000000000000123,1.731589425615071,1.0048836469650269
20190222_sample_7,Vip,0.8800000000000058,0.9621217821959935,0.6740264296531677
20190222_sample_8,IT,1.6400000000000303,1.9849179497602718,1.0935722589492798
20190226_sample_1,Pvalb,0.5999999999999894,0.8389390371812823,0.6091887950897217
20190226_sample_2,Lamp5,1.07999999999997,1.0105538130362308,0.6984102129936218
20190226_sample_3,CT,1.5600000000000058,1.4980306149853493,0.915502667427063
20190226_sample_5,IT,1.479999999999981,1.9984941089973105,1.0981101989746094
20190226_sample_6,IT,1.5199999999999936,1.526523329506676,0.9268441796302795
20190226_sample_7,Lamp5,1.0799999999999976,1.1339683616196015,0.7579833269119263
20190226_sample_9,Pvalb,0.5600000000000049,0.6577161323767743,0.5054408311843872
20190227_sample_1,Sst,0.8400000000000074,0.913014157105812,0.6486800909042358
20190227_sample_2,Sst,0.8400000000000074,0.8004530457381884,0.5880383253097534
20190227_sample_3,Sst,0.8400000000000074,0.8021172024992353,0.588962197303772
20190227_sample_4,Sst,0.920000000000004,0.9742242627310247,0.6801755428314209
20190227_sample_5,Sst,0.7600000000000107,0.9089314247464348,0.6465436220169067
20190227_sample_6,Sst,1.12000000000001,0.9164009434741553,0.6504489183425903
20190227_sample_7,Pvalb,0.5200000000000066,0.6390687694156111,0.4941282570362091
20190318_sample_3,Sst,0.9600000000000024,0.8193345585773577,0.5984708070755005
20190318_sample_4,Sst,0.6800000000000139,0.7378838828870196,0.5526682138442993
20190318_sample_5,Sst,0.9600000000000164,0.8234022671110741,0.6007041335105896
20190318_sample_6,Sst,0.920000000000004,0.8409197568447943,0.61026531457901
20190320_sample_4,IT,1.4800000000000368,1.8596083945537214,1.0506846904754639
20190320_sample_5,CT,1.0799999999999976,2.025649439321212,1.1071257591247559
20190320_sample_6,CT,1.4399999999999968,1.387586178462647,0.8702828884124756
20190320_sample_9,IT,1.239999999999991,1.5199583592538415,0.924242377281189
20190321_sample_2,low quality,1.7199999999999993,1.4843405159404655,0.9100072383880615
20190321_sample_4,IT,1.7600000000000393,1.9089835961613295,1.0678037405014038
20190321_sample_6,CT,1.36,1.6905679163031193,0.9897522926330566
20190322_sample_1,IT,2.1200000000000108,1.9415967638980138,1.0789525508880615
20190322_sample_2,IT,1.5999999999999903,1.751741468564779,1.0122339725494385
20190322_sample_3,CT,1.7600000000000116,1.5555821523655837,0.9382800459861755
20190322_sample_4,CT,1.36,2.061611180795375,1.118941307067871
20190325_sample_1,Lamp5,1.4000000000000123,1.0742231965162896,0.7295867204666138
20190325_sample_2,low quality,0.4800000000000082,0.9780324145450368,0.682102620601654
20190325_sample_3,IT,1.8400000000000083,1.814207919117185,1.0346808433532715
20190325_sample_4,CT,1.2799999999999756,1.9484553515277852,1.0812814235687256
20190325_sample_5,CT,1.240000000000005,1.5740016495653724,0.9454617500305176
20190325_sample_6,CT,1.36,1.4294280377241604,0.8876558542251587
20190325_sample_7,IT,1.799999999999996,1.6718235164030777,0.9827612042427063
20190325_sample_9,CT,1.3999999999999846,1.397154525738274,0.8742824196815491
20190326_sample_1,CT,1.2000000000000066,1.5247903029945369,0.9261580109596252
20190326_sample_2,Vip,0.9199999999999764,1.0693412303946692,0.7272303104400635
20190326_sample_3,Vip,0.7999999999999952,1.2038070576933637,0.79018634557724
20190326_sample_4,CT,1.0000000000000009,1.3223451532336519,0.8425775170326233
20190327_sample_1,CT,1.8799999999999928,1.2170631336818396,0.7961834073066711
20190327_sample_2,IT,2.48000000000001,1.6095602641692537,0.9591817259788513
20190327_sample_4,CT,1.4000000000000123,1.8037944846911638,1.0309736728668213
20190327_sample_7,Vip,0.68,1.1006291860315418,0.7422369122505188
20190328_sample_1,CT,1.5600000000000058,1.1355526472257844,0.7587254643440247
20190328_sample_2,CT,2.0399999999999863,1.2060338973189195,0.7911962866783142
20190328_sample_3,CT,1.2800000000000034,1.6567427680200406,0.9771008491516113
20190328_sample_4,CT,1.36,1.6225191115607558,0.9641353487968445
20190328_sample_5,CT,1.799999999999996,2.0219190064587327,1.1058920621871948
20190328_sample_6,CT,1.4399999999999968,1.4993808548369114,0.9160430431365967
20190328_sample_8,IT,1.480000000000009,1.6134771018795389,0.9606815576553345
20190328_sample_9,CT,1.6800000000000148,1.1781676304352955,0.7784839868545532
20190329_sample_3,CT,1.2800000000000034,1.359092105648381,0.8582768440246582
20190329_sample_4,CT,1.600000000000018,1.6534081809247314,0.9758449196815491
20190329_sample_5,CT,1.2800000000000034,1.5323090828763435,0.9291315674781799
20190402_sample_2,CT,1.2800000000000034,1.5131628222752425,0.9215420484542847
20190402_sample_3,IT,1.479999999999981,1.2088603717987028,0.7924767136573792
20190402_sample_5,low quality,1.3999999999999846,1.1402626844084685,0.7609285712242126
20190402_sample_6,Vip,1.0400000000000131,1.1114684517350504,0.7473836541175842
20190403_sample_3,low quality,1.1599999999999944,1.1701729332284372,0.7748068571090698
20190403_sample_5,IT,1.4399999999999968,1.9631843709732568,1.0862644910812378
20190403_sample_6,Sst,1.0000000000000009,0.8075849326758701,0.591991662979126
20190403_sample_7,Sst,0.8400000000000074,1.0161352273581383,0.7011824250221252
20190408_sample_1,Pvalb,0.5999999999999894,0.6007028302696884,0.4704428017139435
20190408_sample_2,Sst,1.080000000000081,1.038224423375725,0.7120790481567383
20190408_sample_5,Sst,0.7599999999999829,1.1522837775227497,0.7665295004844666
20190408_sample_6,Sst,0.9600000000000164,1.016737734711219,0.7014812231063843
20190409_sample_2,low quality,1.0399999999999854,1.1053453954223775,0.7444795370101929
20190409_sample_3,low quality,1.4000000000000123,1.0818837825557654,0.7332731485366821
20190409_sample_4,Sst,1.12000000000001,0.9148500342175944,0.6496393084526062
20190409_sample_5,CT,1.7199999999999993,1.471267739062983,0.904731273651123
20190409_sample_7,Sst,1.0399999999999991,1.037181354488251,0.7115671634674072
20190409_sample_8,CT,1.7199999999999993,1.4081782452425804,0.8788705468177795
20190409_sample_9,IT,1.480000000000009,2.0087858689337272,1.1015366315841675
20190409_sample_10,CT,1.7199999999999993,1.444632176117069,0.8938946723937988
20190409_sample_11,IT,1.679999999999987,1.6673830935907714,0.9810978770256042
20190410_sample_3,CT,1.12000000000001,1.2325696172899232,0.8031532168388367
20190410_sample_4,Sst,1.5199999999999936,1.0885707860613092,0.7364799976348877
20190410_sample_6,IT,1.9600000000000173,1.7884802140460045,1.0254967212677002
20190410_sample_7,CT,1.5200000000000211,1.7116266627632077,0.9975486993789673
20190410_sample_10,CT,1.9599999999999893,1.0787671170493662,0.7317749857902527
20190411_sample_1,CT,1.2800000000000034,1.2921987809311248,0.8295115232467651
20190411_sample_3,low quality,0.5200000000000066,0.9909500256635467,0.6886119246482849
20190411_sample_5,CT,1.4399999999999968,1.340871772237796,0.8505234122276306
20190411_sample_6,Pvalb,0.8399999999999935,0.6007835485925599,0.47049322724342346
20190411_sample_8,CT,1.479999999999981,1.4755102008002117,0.9064465165138245
20190412_sample_1,Pvalb,0.6000000000000449,0.657707733753647,0.5054357647895813
20190412_sample_3,IT,1.160000000000022,1.548204623293893,0.9353890419006348
20190412_sample_6,Pvalb,0.6400000000000017,0.8733958026834165,0.6277527213096619
20190415_sample_1,Pvalb,0.6400000000000017,0.5046225909424413,0.40854209661483765
20190415_sample_3,CT,1.5600000000000058,1.5037421657744654,0.9177864789962769
20190415_sample_4,IT,2.3999999999999853,2.0107764572749907,1.1021980047225952
20190415_sample_6,CT,1.6400000000000026,1.6109339051224654,0.9597079753875732
20190415_sample_8,Sst,1.7600000000000116,0.7891805545586426,0.5817577242851257
20190415_sample_10,IT,1.8800000000000203,2.0098168781384658,1.1018792390823364
20190416_sample_3,CT,1.36,1.4676880216930563,0.9032816886901855
20190416_sample_4,Pvalb,0.5600000000000049,0.8226091606447974,0.600269079208374
20190416_sample_5,Sst,0.7199999999999984,0.9080604010347924,0.6460872292518616
20190416_sample_6,IT,1.5999999999999903,1.5402644818058153,0.9322682023048401
20190416_sample_7,Sncg,0.9599999999999608,0.9988767717838413,0.6925854086875916
20190416_sample_8,Pvalb,0.5600000000000049,0.5229662290656668,0.4206598997116089
20190416_sample_9,IT,2.2000000000000077,1.9595789352338275,1.0850470066070557
20190416_sample_10,CT,1.7599999999999838,1.1515145832030704,0.7661720514297485
20190417_sample_2,CT,2.0000000000000018,1.4655949982481047,0.9024331569671631
20190417_sample_3,CT,1.6400000000000303,1.119697129038915,0.7512732148170471
20190417_sample_4,Sst,1.0799999999999976,0.8019408364294656,0.5888643264770508
20190417_sample_5,Sst,0.6400000000000017,1.0883899120745106,0.736393392086029
20190417_sample_9,CT,1.8400000000000083,1.5686639478142446,0.943385899066925
20190417_sample_10,Sst,1.3200000000000156,1.0557859714861675,0.7206582427024841
20190418_sample_2,Sst,1.2800000000000034,1.0458527795029746,0.7158147096633911
20190418_sample_4,CT,1.8799999999999928,1.681837597232968,0.9865022301673889
20190418_sample_5,IT,2.0400000000000142,1.7557391572922998,1.013685703277588
20190418_sample_7,CT,1.600000000000018,1.7621466209867582,1.0160081386566162
20190418_sample_8,Pvalb,0.7200000000000123,0.8687547015201759,0.625272274017334
20190418_sample_9,CT,1.7199999999999993,1.1250914069252647,0.7538148164749146
20190418_sample_10,CT,1.4000000000000123,1.211108396157743,0.793493926525116
20190422_sample_1,Pvalb,0.7199999999999984,0.7053715733731929,0.5337830185890198
20190422_sample_4,Pvalb,0.640000000000085,0.9548684360799365,0.6703228950500488
20190422_sample_5,Pvalb,0.7600000000000107,0.7918469198807437,0.5832468867301941
20190422_sample_6,CT,1.5199999999999936,1.5580749402762477,0.9392549991607666
20190422_sample_7,IT,1.4399999999999968,1.8641438041117668,1.052269458770752
20190422_sample_8,Pvalb,0.6800000000000139,0.6989188931827831,0.5299921035766602
20190422_sample_10,CT,1.600000000000018,1.5758206549180607,0.9461681842803955
20190423_sample_1,IT,1.8000000000000238,1.5472005586556665,0.9349949359893799
20190423_sample_3,CT,1.5600000000000058,1.0852745685881768,0.7349005341529846
20190423_sample_5,CT,1.559999999999978,1.2100008273169092,0.792992889881134
20190423_sample_7,CT,1.2400000000000189,1.6065368822791868,0.9580224752426147
20190423_sample_8,Pvalb,0.6400000000000017,0.8676751217457807,0.6246944069862366
20190423_sample_10,Pvalb,0.5999999999999894,0.6206897063524655,0.4828518033027649
20190424_sample_1,CT,1.3999999999999846,1.3303187997158004,0.8460050821304321
20190424_sample_2,Pvalb,0.6800000000000139,0.6650045434860685,0.5098278522491455
20190424_sample_3,CT,1.4000000000000123,1.501719808659466,0.9169784188270569
20190424_sample_4,CT,1.4000000000000123,1.7991417407823826,1.0293128490447998
20190424_sample_5,CT,1.2800000000000034,1.2695819123241605,0.8195956349372864
20190424_sample_6,IT,1.9599999999999616,1.7559717519803248,1.0137701034545898
20190424_sample_7,Lamp5,1.0000000000000009,0.9829196166835841,0.6845703125
20190425_sample_1,IT,1.8399999999999803,1.7633368719219853,1.0164389610290527
20190425_sample_4,Lamp5,1.3999999999999846,1.0077362325539199,0.6970078349113464
20190425_sample_6,Sst,0.9600000000000164,0.7752351377465986,0.5739328861236572
20190425_sample_7,IT,1.1999999999999789,1.6153009329501338,0.9613791704177856
20190425_sample_8,CT,1.4399999999999968,1.3929824474374966,0.8725404739379883
20190425_sample_9,CT,1.3999999999999846,1.13872538528325,0.7602100372314453
20190425_sample_12,CT,1.4000000000000123,1.424635086165518,0.8856810331344604
20190425_sample_13,CT,1.6400000000000026,1.6188197311867933,0.9627237319946289
20190425_sample_14,CT,1.36,1.579816474974077,0.9477182626724243
20190425_sample_16,IT,1.7199999999999993,1.9326634724549263,1.075911045074463
20190429_sample_1,Pvalb,0.5600000000000049,0.7071354690300276,0.5348168015480042
20190429_sample_4,Pvalb,0.6400000000000017,0.6316750991559272,0.48960715532302856
20190429_sample_5,Pvalb,0.4800000000000359,0.7727316935292557,0.5725216865539551
20190429_sample_6,Pvalb,0.7199999999999984,0.7757650187963462,0.5742313265800476
20190429_sample_7,CT,1.1599999999999944,1.8319582064732856,1.040968418121338
20190430_sample_1,Vip,0.8799999999999919,0.9230900370835717,0.6539332866668701
20190430_sample_3,Vip,0.6800000000000139,1.0271696144635953,0.7066405415534973
20190430_sample_4,Vip,0.920000000000004,1.120713682199826,0.7517526745796204
20190430_sample_5,Vip,0.800000000000009,1.1877488528493774,0.7828730940818787
20190430_sample_6,Vip,0.8000000000000229,0.894694998042912,0.6390578746795654
20190430_sample_7,IT,1.1999999999999789,1.6187114043163662,0.9626823663711548
20190430_sample_8,Vip,1.0799999999999976,1.331555596240896,0.8465356826782227
20190430_sample_9,IT,1.4400000000000246,1.8129146065630066,1.0342211723327637
20190430_sample_10,IT,1.7600000000000116,1.6397321017468984,0.9706774353981018
20190501_sample_1,Vip,1.0399999999999991,1.0712703399679138,0.7281621098518372
20190501_sample_3,Vip,1.0000000000000009,1.1113198241870768,0.7473132610321045
20190501_sample_4,Vip,0.7999999999999952,1.1542624734780151,0.7674484252929688
20190501_sample_5,CT,1.2000000000000066,1.392851656671246,0.8724858164787292
20190501_sample_6,Vip,1.1599999999999944,1.2020557124602465,0.7893913388252258
20190501_sample_7,Pvalb,0.4399999999999959,0.5433213801167934,0.43393683433532715
20190501_sample_8,Vip,1.0000000000000009,1.129475376067105,0.7558756470680237
20190501_sample_9,Pvalb,0.5200000000000204,0.5808593987821368,0.4579686224460602
20190501_sample_11,Pvalb,0.4800000000000082,0.8996243580844933,0.6416561603546143
20190501_sample_12,IT,1.480000000000009,1.6569812601626306,0.9771906137466431
20190501_sample_14,Pvalb,0.6799999999999862,0.5165958678586549,0.4164682626724243
20190503_sample_1,Vip,0.9600000000000164,0.9837027881314103,0.684965193271637
20190503_sample_3,Vip,1.0399999999999854,1.0501727511167718,0.7179240584373474
20190506_sample_1,Vip,0.8799999999999919,1.0254606088019902,0.7057971358299255
20190506_sample_2,Vip,0.7599999999999968,1.1546568384063156,0.767631471157074
20190506_sample_3,Vip,0.7599999999999968,1.1156086751592214,0.7493425607681274
20190506_sample_4,CT,1.480000000000009,1.5857546320121556,0.9500173926353455
20190506_sample_5,Vip,1.0799999999999976,1.1283640427927535,0.7553536295890808
20190506_sample_6,CT,1.479999999999981,1.3232230565659948,0.842955470085144
20190506_sample_7,Vip,0.920000000000004,0.8899681238213204,0.6365599632263184
20190507_sample_2,Vip,0.8399999999999797,0.9490253567615864,0.6673294305801392
20190507_sample_3,CT,1.4000000000000123,1.4119845927370043,0.8804498910903931
20190507_sample_4,Vip,1.0799999999999976,1.1129672673050743,0.7480932474136353
20190507_sample_5,Vip,0.8400000000000074,0.9462719605370669,0.6659157276153564
20190507_sample_6,Vip,0.8399999999999935,1.009411239510511,0.6978417634963989
20190508_sample_1,Lamp5,1.4399999999999968,1.1073515291894427,0.7454319596290588
20190508_sample_2,Sst,0.9199999999999764,0.9388924057903324,0.6621168851852417
20190508_sample_3,Lamp5,1.799999999999996,1.061450807369104,0.7234100103378296
20190508_sample_4,Sst,1.0000000000000009,1.0018543289462256,0.6940739154815674
20190508_sample_5,low quality,1.479999999999995,1.0794866291844454,0.7321210503578186
20190508_sample_6,Pvalb,0.5600000000000049,0.8224270958504714,0.6001691818237305
20190508_sample_7,Sst,0.9599999999999886,0.910994025674521,0.6476235389709473
20190509_sample_2,Vip,1.4399999999999968,1.2178659414572226,0.7965454459190369
20190509_sample_3,Lamp5,1.3999999999999846,1.084214005732744,0.7343918085098267
20190509_sample_4,Vip,1.119999999999982,1.0447453552274548,0.7152732610702515
20190509_sample_5,Lamp5,1.3999999999999568,0.9764669697007582,0.6813108921051025
20190509_sample_9,Vip,1.0000000000000009,1.0542904932928836,0.7199305295944214
20190513_sample_1,Lamp5,1.2000000000000066,1.0334093686853227,0.709713876247406
20190513_sample_2,Vip,1.2400000000000189,1.1678473894049448,0.7737346887588501
20190513_sample_3,Vip,0.9599999999999886,1.1545960930288814,0.7676032781600952
20190513_sample_4,Vip,0.7199999999999984,1.1622010068290296,0.7711266875267029
20190513_sample_5,Lamp5,1.0000000000000009,1.0146191191966658,0.700430154800415
20190514_sample_2,Pvalb,0.7199999999999984,0.544746765474002,0.4348599910736084
20190514_sample_4,Lamp5,1.5200000000000211,1.070850627566243,0.7279594540596008
20190514_sample_7,Lamp5,1.9199999999999773,0.9542375862140541,0.6700001358985901
20190514_sample_8,Pvalb,0.6399999999999739,0.5561570873858931,0.4422193765640259
20190515_sample_1,Lamp5,1.5200000000000211,1.0046132319975658,0.6954511404037476
20190515_sample_2,low quality,1.119999999999982,1.0963373398097747,0.7401916980743408
20190515_sample_3,low quality,1.2400000000000189,1.1332870898502179,0.7576640248298645
20190515_sample_4,Vip,1.119999999999982,1.0557961418659076,0.7206631898880005
20190515_sample_5,Lamp5,1.3200000000000016,1.0630308097995944,0.7241761684417725
20190515_sample_6,Vip,0.8400000000000074,1.0387829785886271,0.7123530507087708
20190515_sample_7,Lamp5,1.239999999999991,0.9378885041723962,0.6615989804267883
20190515_sample_8,Vip,1.1599999999999944,1.141764067077285,0.7616298198699951
20190515_sample_9,Lamp5,1.2800000000000034,1.0418136521502146,0.7138384580612183
20190515_sample_10,Vip,1.1999999999999789,1.211249550249071,0.7935577630996704
20190515_sample_11,Lamp5,1.0399999999999854,1.0865521849215076,0.7355130314826965
20190515_sample_12,Vip,1.119999999999996,1.0552172455184146,0.7203815579414368
20190515_sample_13,Vip,0.8000000000000229,1.0492609766779717,0.7174792289733887
20190515_sample_14,Vip,1.1599999999999944,1.0570954232586032,0.7212949991226196
20190515_sample_15,Lamp5,1.3199999999999878,0.9428965394714014,0.6641799211502075
20190516_sample_2,Sst,1.1599999999999944,0.9842861414496427,0.685259222984314
20190516_sample_3,Lamp5,1.1999999999999789,0.9718993564771519,0.6789972186088562
20190516_sample_4,Sst,0.920000000000004,0.8825291443530334,0.6326161623001099
20190516_sample_5,Lamp5,1.160000000000008,1.0375648522176353,0.7117553949356079
20190516_sample_6,Sst,1.2000000000000066,0.9349168222446691,0.6600643396377563
20190522_sample_1,Lamp5,1.2000000000000066,0.9588206803208422,0.6723425984382629
20190528_sample_2,Vip,1.3200000000000156,1.108204705365931,0.7458367347717285
20190528_sample_4,Vip,0.8000000000000229,0.992491669142003,0.6893859505653381
20190528_sample_6,Vip,1.0000000000000009,1.1861722333063665,0.7821521759033203
20190528_sample_7,Lamp5,1.160000000000008,1.0745867103762488,0.7297619581222534
20190528_sample_8,Vip,0.920000000000004,1.0473779926842341,0.7165599465370178
20190528_sample_9,Vip,1.2800000000000034,1.181982614350686,0.7802339196205139
20190529_sample_2,Vip,0.920000000000004,1.0802447036116463,0.7324855327606201
20190529_sample_3,Sncg,1.3999999999999846,1.0549766686301465,0.7202644944190979
20190529_sample_6,Vip,0.7599999999999968,1.0302482491722262,0.7081580758094788
20190603_sample_1,Lamp5,1.36,1.05444502501679,0.7200057506561279
20190603_sample_2,Vip,1.239999999999991,1.1307221603551922,0.756460964679718
20190603_sample_3,Vip,0.8399999999999935,1.023625426605791,0.7048906683921814
20190603_sample_4,Vip,1.12000000000001,1.1716159505875003,0.775471568107605
20190603_sample_5,Lamp5,1.5999999999999903,1.0539514703592954,0.7197654843330383
20190603_sample_6,Lamp5,1.8399999999999528,1.0623467391983623,0.7238445281982422
20190603_sample_7,Lamp5,1.0399999999999854,1.0488071343647305,0.7172577381134033
20190603_sample_9,Sncg,0.9199999999999764,0.9914448218214352,0.6888604164123535
20190603_sample_10,Vip,1.16000000000005,1.2485116789198265,0.8102685213088989
20190604_sample_2,Pvalb,0.6400000000000017,0.64814564794345,0.4996508061885834
20190604_sample_4,Lamp5,1.36,0.9337711270641209,0.6594720482826233
20190604_sample_6,Lamp5,1.7599999999999838,1.010699421898819,0.6984826326370239
20190604_sample_8,Pvalb,0.68,0.7300331763773021,0.5481405854225159
20190604_sample_12,IT,1.7199999999999993,1.9312723915806584,1.0754365921020508
20190605_sample_1,low quality,1.2399999999999634,1.1200183192962572,0.7514247298240662
20190605_sample_2,Vip,1.1599999999999944,0.9841005803064263,0.6851657032966614
20190605_sample_4,Vip,1.0399999999999854,1.0445303766998948,0.7151681184768677
20190605_sample_5,Lamp5,1.0799999999999976,1.1062592744926705,0.7449135184288025
20190605_sample_6,Vip,1.0000000000000009,0.9299937749853703,0.6575167775154114
20190606_sample_1,Pvalb,0.5600000000000049,0.7450742191123781,0.5567970871925354
20190606_sample_2,Pvalb,0.6400000000000017,0.7840641983399096,0.5788940191268921
20190606_sample_3,Pvalb,0.5999999999999894,1.1286269137378113,0.7554771304130554
20190606_sample_5,Pvalb,0.6799999999999862,0.84996930730993,0.6151690483093262
20190606_sample_6,IT,1.8799999999999928,2.044754784084925,1.1134203672409058
20190606_sample_7,low quality,0.6399999999999739,0.9125321221369876,0.6484280824661255
20190606_sample_9,Sst,1.0000000000000009,0.9314040634505706,0.6582472324371338
20190607_sample_2,Sst,1.0799999999999976,0.8778379939634083,0.630121111869812
20190607_sample_3,Lamp5,0.9599999999999886,1.0346730354800646,0.7103351354598999
20190607_sample_5,low quality,0.6400000000000017,0.9827424559602872,0.6844809651374817
20190610_sample_1,Sst,0.7999999999999952,0.7549737957496703,0.5624539256095886
20190610_sample_2,Pvalb,0.8799999999999919,0.8702093061963724,0.6260503530502319
20190610_sample_3,Lamp5,1.5600000000000058,0.9595879096426518,0.6727342009544373
20190610_sample_4,Pvalb,0.8799999999999919,0.7937529673192368,0.5843100547790527
20190610_sample_5,low quality,0.5600000000000049,1.1143988385271515,0.748770534992218
20190610_sample_7,low quality,1.0399999999999854,1.00216685193727,0.6942300200462341
20190610_sample_8,Pvalb,0.8800000000000197,0.9556859894480105,0.6707410216331482
20190610_sample_9,Lamp5,1.1599999999999944,1.059230722895721,0.7223324775695801
20190610_sample_10,Pvalb,0.8399999999999797,1.0434268349822478,0.7146282196044922
20190610_sample_12,Pvalb,0.6800000000000139,0.7506016534673091,0.5599595308303833
20190610_sample_16,Lamp5,1.1599999999999944,0.9423261645384429,0.663886308670044
20190610_sample_18,Vip,1.1599999999999944,1.1786942801435438,0.7787257432937622
20190611_sample_1,IT,1.2000000000000066,1.4078109579540612,0.8787180185317993
20190611_sample_3,Lamp5,1.2400000000000189,1.005954413331545,0.6961199641227722
20190611_sample_4,Sst,0.7199999999999984,0.8381496907932772,0.6087594628334045
20190611_sample_5,low quality,0.7599999999999829,1.201630625842614,0.7891982793807983
20190611_sample_7,Lamp5,1.0000000000000009,1.1614019868408942,0.7707570791244507
20190611_sample_8,Sst,0.9600000000000164,0.9791861658073034,0.6826857328414917
20190611_sample_10,Sst,0.8000000000000229,0.7971784014433673,0.5862178802490234
20190611_sample_11,IT,0.4799999999999943,0.7013619074300826,0.5314290523529053
20190611_sample_14,Sncg,0.8399999999999797,0.9770662249548488,0.6816140413284302
20190611_sample_15,Lamp5,1.1599999999999944,0.9170713412069255,0.6507986783981323
20190612_sample_1,Lamp5,2.0399999999999863,1.020845898283904,0.7035161852836609
20190612_sample_2,Pvalb,0.6799999999999862,0.770076786345881,0.5710229277610779
20190612_sample_4,Vip,1.239999999999991,1.1085961688448964,0.7460224032402039
20190612_sample_6,Pvalb,0.6800000000000139,0.8360805677746966,0.6076331734657288
20190612_sample_7,Lamp5,1.12000000000001,0.9165453310796062,0.6505242586135864
20190612_sample_8,Lamp5,1.3200000000000156,0.9723738997821523,0.6792378425598145
20190613_sample_2,Sst,1.0000000000000009,0.9354793685601495,0.6603550314903259
20190613_sample_3,Sst,0.8799999999999919,0.8511626681588028,0.6158139109611511
20190613_sample_4,Sst,1.1599999999999944,0.9462180180998964,0.6658880114555359
20190613_sample_6,Pvalb,0.6800000000000139,0.6841160561875477,0.5212408304214478
20190613_sample_7,Sst,1.0799999999999976,0.8247128056770596,0.6014226078987122
20190613_sample_8,Pvalb,0.5999999999999894,0.5656675033328303,0.44831225275993347
20190613_sample_9,Sst,0.6000000000000172,1.038580170235627,0.7122535705566406
20190613_sample_10,Sst,1.0399999999999854,0.887436190403167,0.635219395160675
20190614_sample_2,Vip,1.0000000000000009,1.0910302588697514,0.7376568913459778
20190614_sample_3,Lamp5,0.9199999999999904,1.0526336204031597,0.7191236615180969
20190614_sample_4,Vip,1.0799999999999976,1.0680123967399544,0.7265879511833191
20190614_sample_6,Vip,1.2800000000000034,1.182340298485629,0.7803978323936462
20190614_sample_8,Vip,1.0000000000000009,1.0535330641681115,0.719561755657196
20190617_sample_1,Lamp5,1.5999999999999903,1.0933473868452086,0.7387644052505493
20190617_sample_2,CT,1.5600000000000058,1.3941700180184864,0.8730366230010986
20190617_sample_3,Sst,0.6400000000000017,0.9328164192874995,0.6589782238006592
20190617_sample_4,Sst,0.9600000000000164,0.8756491780368123,0.6289548277854919
20190617_sample_5,Sncg,0.9599999999999886,1.0381912575190997,0.7120627760887146
20190617_sample_6,Sst,0.8799999999999919,0.9437209031776483,0.664604127407074
20190618_sample_1,low quality,1.2000000000000066,1.1285937993460644,0.755461573600769
20190618_sample_2,Vip,1.1599999999999944,1.1311683613622034,0.756670355796814
20190618_sample_4,Vip,1.36,1.1049516497589356,0.7442924976348877
20190618_sample_5,Vip,1.0000000000000009,1.1231144481247706,0.7528840899467468
20190618_sample_7,Lamp5,1.1599999999999944,0.8250875270283848,0.6016279458999634
20190618_sample_8,Lamp5,1.2000000000000066,1.055246645847227,0.7203958630561829
20190619_sample_1,Lamp5,1.4000000000000123,0.9750274261746362,0.6805822849273682
20190619_sample_3,Pvalb,0.6000000000000172,0.6163081356795941,0.4801446199417114
20190619_sample_4,Pvalb,0.5999999999999894,1.0987190166924337,0.741327166557312
20190619_sample_5,Pvalb,0.5999999999999894,0.725175622618307,0.5453288555145264
20190619_sample_6,Lamp5,1.480000000000009,0.9841322746711263,0.6851816773414612
20190620_sample_1,Lamp5,1.2400000000000189,0.990419523369591,0.6883454322814941
20190620_sample_2,Sst,1.2400000000000189,0.9177476887840256,0.6511514186859131
20190620_sample_5,Sst,1.07999999999997,0.9374399263047468,0.6613674759864807
20190620_sample_6,Sst,1.3200000000000016,1.040963135314419,0.7134218215942383
20190620_sample_8,Pvalb,0.5999999999999894,0.7144912383753852,0.539116382598877
20190624_sample_1,Sst,0.7199999999999984,0.7103513516446502,0.5366988182067871
20190624_sample_2,Sst,1.5600000000000058,0.9120625171132899,0.6481825113296509
20190624_sample_3,Sst,0.8000000000000229,0.9429534008815595,0.6642091870307922
20190624_sample_4,Pvalb,0.6799999999999862,0.639605648610253,0.4944557547569275
20190624_sample_5,Sst,0.8400000000000074,0.8590860592893479,0.6200850009918213
20190624_sample_6,Sst,0.7999999999999952,0.8196229254890635,0.5986292958259583
20190625_sample_1,Vip,1.119999999999982,1.102557636395143,0.7431545257568359
20190625_sample_2,low quality,1.1599999999999944,1.1032005122267552,0.7434602379798889
20190625_sample_3,Vip,1.0399999999999854,1.093813092324706,0.7389868497848511
20190625_sample_4,Vip,1.0000000000000009,1.1821702936606018,0.7803199291229248
20190625_sample_5,Vip,0.9600000000000164,1.0026667037256722,0.6944796442985535
20190625_sample_6,Lamp5,2.19999999999998,0.9774994608207623,0.6818331480026245
20190625_sample_7,Vip,0.8799999999999919,0.9650762127846396,0.6755310297012329
20190625_sample_8,Vip,1.0799999999999976,1.1792267724303043,0.7789701223373413
20190625_sample_10,Vip,0.8799999999999919,0.8727671333232966,0.6274170875549316
20190625_sample_11,Vip,0.920000000000032,0.9992032484540797,0.6927487254142761
20190625_sample_12,Vip,1.0000000000000009,1.2433558857473421,0.8079729080200195
20190625_sample_13,Vip,1.6400000000000026,1.2451970863268214,0.808793306350708
20190626_sample_1,Vip,1.0799999999999976,1.1627972750634399,0.7714024186134338
20190626_sample_4,low quality,0.9600000000000024,1.1566441433191654,0.7685533761978149
20190626_sample_5,Vip,1.160000000000008,1.1866029371219318,0.782349169254303
20190627_sample_1,CT,1.2000000000000066,1.4186779514544725,0.8832210898399353
20190627_sample_2,Lamp5,1.1999999999999789,0.9797263001524984,0.6829586029052734
20190627_sample_4,NP,1.3199999999999878,1.1546836799325952,0.767643928527832
20190627_sample_6,Pvalb,0.5600000000000049,0.9113828199813129,0.6478269696235657
20190627_sample_8,IT,1.36,1.4635397251944873,0.9015992283821106
20190628_sample_1,Sst,1.12000000000001,0.9038451397709721,0.6438755989074707
20190628_sample_2,Pvalb,0.6400000000000017,0.7595155266651205,0.5650385022163391
20190628_sample_3,Sst,1.0400000000000131,0.9765501429185643,0.681352972984314
20190628_sample_4,Sst,1.160000000000022,0.980221257717902,0.6832085847854614
20190628_sample_5,Sst,1.0399999999999854,1.0625267099016558,0.7239317893981934
20190628_sample_6,Pvalb,0.5999999999999894,0.7360221981721815,0.5515964031219482
20190628_sample_7,Sst,0.6800000000000139,0.9395825791149895,0.6624727845191956
20190703_sample_1,Pvalb,0.5199999999999927,0.637823714804912,0.49336835741996765
20190703_sample_2,Pvalb,0.5999999999999894,0.6957670587021464,0.5281351804733276
20190703_sample_3,Pvalb,0.5199999999999927,0.8054509928837481,0.5908104181289673
20190703_sample_5,Pvalb,0.5199999999999927,0.826084475421226,0.6021740436553955
20190703_sample_6,Pvalb,0.5600000000000049,0.7231853951558005,0.5441745519638062
20190703_sample_8,Pvalb,0.6000000000000172,0.6646932504220388,0.5096408724784851
20190703_sample_10,Pvalb,0.6400000000000294,0.5440448140958792,0.43440547585487366
20190703_sample_12,Pvalb,0.6800000000000139,0.6610199887725094,0.5074318647384644
20190703_sample_13,Sst,0.8799999999999919,0.9446355602041597,0.6650745868682861
20190703_sample_14,low quality,1.0799999999999976,1.0743115962357774,0.7296293377876282
20190703_sample_15,Sst,0.7199999999999984,0.8793704637158481,0.630936861038208
20190704_sample_2,Sst,0.7599999999999968,0.8636659349013567,0.6225454807281494
20190704_sample_12,Vip,1.0399999999999854,1.116020179812623,0.7495370507240295
20190704_sample_14,Vip,1.0400000000000131,1.0844464508447988,0.7345033288002014
20190705_sample_1,Vip,0.920000000000004,1.0619191259133778,0.7236371636390686
20190705_sample_3,Vip,1.3199999999999878,1.0625383888710502,0.723937451839447
20190705_sample_4,Vip,1.160000000000022,1.027796570819215,0.706949770450592
20190705_sample_5,Vip,1.119999999999982,1.2907125021935042,0.8288629055023193
20190705_sample_9,Vip,0.8799999999999919,1.0437547407795607,0.7147886753082275
20190708_sample_3,low quality,0.7199999999999984,1.202262182712642,0.7894850969314575
20190708_sample_4,Pvalb,0.6400000000000017,0.7506994265159214,0.5600153803825378
20190708_sample_6,Vip,1.1599999999999944,1.1702448543472233,0.7748399972915649
20190708_sample_7,Vip,1.2800000000000034,1.1950524630410042,0.7862059473991394
20190708_sample_8,IT,1.5999999999999903,1.6902667576511972,0.9896403551101685
20190708_sample_12,Vip,0.920000000000004,1.2145218137092546,0.7950364947319031
20190709_sample_1,Vip,1.2800000000000034,1.0353434381513518,0.7106645703315735
20190709_sample_2,Vip,1.2800000000000034,1.0605567385781633,0.7229762077331543
20190709_sample_3,Vip,1.3200000000000016,1.2112798646279705,0.7935714721679688
20190709_sample_8,Sncg,1.239999999999991,1.2093087139338128,0.7926796674728394
20190709_sample_10,Vip,1.2800000000000034,1.201301269677767,0.7890486717224121
20190709_sample_11,Vip,1.5199999999999936,1.0486918578180258,0.7172014713287354
20190709_sample_12,Vip,1.3200000000000016,1.2393737981190673,0.8061962723731995
20190709_sample_13,Vip,1.0399999999999854,1.1663443792095112,0.7730411291122437
20190709_sample_14,Vip,0.9600000000000024,1.0446568749331488,0.7152299880981445
20190710_sample_3,Sst,0.920000000000004,0.956535604733068,0.6711753606796265
20190710_sample_4,Sst,1.0399999999999854,1.0603563081227496,0.7228789329528809
20190710_sample_5,Sst,0.7600000000000107,0.7334191688606956,0.5500958561897278
20190710_sample_6,Sst,1.0000000000000009,0.853358921677641,0.616999626159668
20190710_sample_8,Vip,0.7199999999999984,0.9650493907313505,0.6755173802375793
20190710_sample_10,Vip,0.6800000000000139,1.1172682987408418,0.7501267194747925
20190712_sample_1,CT,2.3999999999999853,1.626785112707152,0.9657607078552246
20190712_sample_3,Sst,0.920000000000032,0.8074804274528835,0.5919338464736938
20190712_sample_4,low quality,0.9199999999999764,1.0001044338734686,0.6931993961334229
20190712_sample_5,Lamp5,1.0800000000000254,0.9063745412797751,0.6452032923698425
20190712_sample_6,Lamp5,1.360000000000028,1.055929954439328,0.7207282781600952
20190712_sample_7,Lamp5,1.12000000000001,1.0283711287478696,0.7072330713272095
20190715_sample_1,Lamp5,1.480000000000009,1.2335017116571447,0.8035706281661987
20190715_sample_4,Lamp5,1.7599999999999838,1.017200103582733,0.7017104625701904
20190715_sample_5,Vip,0.8799999999999919,1.0026366231557389,0.6944646239280701
20190715_sample_6,Lamp5,1.8399999999999528,1.080301740827008,0.7325129508972168
20190715_sample_7,Vip,0.8799999999999919,0.9969691414945869,0.6916306018829346
20190715_sample_8,Lamp5,1.4399999999999968,0.911317312909812,0.6477926969528198
20190715_sample_9,Vip,0.9199999999999764,1.0430177573575745,0.7144280076026917
20190715_sample_10,Sncg,1.0400000000000131,1.127790457445412,0.7550840973854065
20190715_sample_11,Lamp5,1.2800000000000034,0.9075073020826787,0.6457973122596741
20190716_sample_1,low quality,0.8400000000000074,0.9320030139396019,0.6585572957992554
20190716_sample_3,Sst,1.239999999999991,0.9762590519681078,0.681205689907074
20190716_sample_5,Sst,0.8400000000000074,0.8618497223577031,0.6215704679489136
20190716_sample_7,Vip,1.0399999999999854,1.1123047868287355,0.7477796673774719
20190716_sample_8,Lamp5,1.0000000000000009,0.9721021136726846,0.6791000366210938
20190716_sample_9,Vip,1.2000000000000066,1.1398537353551808,0.7607374787330627
20190717_sample_1,Sst,0.9599999999999886,0.9074114585138021,0.6457470655441284
20190717_sample_2,Sst,1.0000000000000009,0.8673533172464404,0.6245220899581909
20190717_sample_3,Sst,0.7999999999999674,0.8876064105234579,0.6353095769882202
20190718_sample_1,Vip,1.36,1.107115273899879,0.7453198432922363
20190718_sample_2,CT,1.600000000000004,1.2655696115642372,0.8178262114524841
20190718_sample_3,CT,1.9600000000000173,1.030173101970844,0.7081210613250732
20190718_sample_4,Vip,0.920000000000004,1.1860057085561635,0.7820760011672974
20190718_sample_5,Vip,1.12000000000001,1.0710289949440852,0.7280455827713013
20190718_sample_6,Vip,0.920000000000004,1.053060164607009,0.7193314433097839
20190718_sample_7,Vip,1.0399999999999854,1.2283497872363316,0.801261305809021
20190718_sample_8,Vip,1.160000000000022,1.0321894866724977,0.7091137766838074
20190718_sample_9,Vip,0.8799999999999919,1.193447700528353,0.7854745984077454
20190719_sample_1,CT,1.7199999999999993,1.2845151526166154,0.8261538147926331
20190719_sample_2,IT,1.5600000000000058,1.5284626510047892,0.9276114702224731
20190719_sample_4,IT,1.6400000000000303,1.5198607303502192,0.924203634262085
20190719_sample_5,IT,1.7199999999999993,1.607054132710723,0.958220899105072
20190719_sample_6,IT,1.5600000000000058,1.8287639904990207,1.0398398637771606
20190719_sample_9,IT,1.5600000000000058,1.6989489066779546,0.9928624033927917
20190719_sample_10,IT,1.799999999999996,1.974108596410255,1.0899443626403809
20190722_sample_1,CT,2.0799999999999708,1.349111066049519,0.8540369868278503
20190722_sample_6,CT,1.6400000000000026,1.5452866131983147,0.9342432618141174
20190722_sample_7,low quality,1.799999999999996,1.2800920828652445,0.824215829372406
20190722_sample_8,low quality,1.8000000000000238,1.0058792088593589,0.6960824728012085
20190724_sample_1,Vip,1.2800000000000034,1.2195314317237136,0.7972961068153381
20190724_sample_2,CT,1.5600000000000058,1.5243512136096142,0.9259840846061707
20190724_sample_4,Vip,1.0399999999999854,1.0517723594502106,0.7187039852142334
20190724_sample_5,Vip,0.8799999999999919,1.0164470952838536,0.7013370990753174
20190724_sample_6,IT,0.9600000000000164,1.2734838284522656,0.8213133811950684
20190724_sample_9,Vip,0.7600000000000107,1.1931332941550266,0.7853312492370605
20190724_sample_10,Vip,0.9599999999999886,1.0800194218989752,0.7323772311210632
20190724_sample_12,Vip,0.9599999999999886,1.0838327823057816,0.734208881855011
20190724_sample_16,low quality,1.5999999999999903,1.1835208118940839,0.7809386253356934
20190725_sample_1,Vip,0.920000000000004,1.0572851134517132,0.7213872075080872
20190725_sample_3,Vip,1.1599999999999944,1.2534270642333003,0.8124521970748901
20190725_sample_4,Sst,0.920000000000004,1.0018138799372014,0.6940537095069885
20190725_sample_5,CT,1.9599999999999893,1.4827204761922037,0.9093549251556396
20190725_sample_6,Vip,1.1599999999999944,1.1838057244139686,0.7810690999031067
20190725_sample_7,Vip,0.920000000000004,1.1144980248829477,0.7488174438476562
20190725_sample_8,Vip,0.920000000000004,1.1966523768046267,0.7869345545768738
20190725_sample_9,Vip,0.9599999999999886,1.0487943119706018,0.7172514796257019
20190725_sample_10,low quality,1.12000000000001,1.077699337387679,0.7312611937522888
20190726_sample_1,Lamp5,1.8000000000000238,1.014282080988344,0.7002628445625305
20190726_sample_2,Pvalb,0.6000000000000033,0.6581611226299147,0.5057092308998108
20190726_sample_3,Lamp5,1.7999999999999683,1.0211578925324558,0.7036705613136292
20190726_sample_4,IT,1.3999999999999986,1.4209197376215332,0.8841475248336792
20190726_sample_5,Lamp5,1.12000000000001,1.092713385331443,0.7384614944458008
20190726_sample_6,Sst,0.7200000000000123,1.0377006359738352,0.7118220329284668
20190726_sample_7,Lamp5,1.4399999999999968,1.0196396927083593,0.7029191255569458
20190729_sample_2,Sst,1.1599999999999944,1.0098201767265451,0.6980452537536621
20190729_sample_3,Sst,0.7600000000000107,0.945333691365535,0.6654335260391235
20190729_sample_5,Pvalb,0.6400000000000017,0.8574583061358463,0.6192090511322021
20190730_sample_1,Vip,0.8800000000000058,1.0495646528211497,0.7176274061203003
20190730_sample_2,Vip,1.119999999999982,1.1875486980163021,0.7827816009521484
20190730_sample_5,Vip,1.0399999999999991,1.0893032804418248,0.7368306517601013
20190730_sample_6,Vip,0.920000000000004,1.1187668112073212,0.7508342266082764
20190730_sample_7,Vip,1.2000000000000066,1.1916926999581139,0.7846741676330566
20190730_sample_9,Lamp5,0.8799999999999919,1.015488330368539,0.7008615136146545
20190731_sample_1,Pvalb,0.7600000000000107,0.6946133702045107,0.5274546146392822
20190731_sample_2,Lamp5,1.2800000000000034,1.0901369405982069,0.737229585647583
20190731_sample_3,low quality,1.0799999999999976,1.0997803271826911,0.7418327331542969
20190731_sample_4,Vip,1.0000000000000009,0.9629302010025558,0.6744383573532104
20190731_sample_5,Pvalb,0.5999999999999894,0.8551239483352888,0.617951512336731
20190731_sample_6,low quality,1.2400000000000189,1.147711520885206,0.7644028663635254
20190731_sample_8,Pvalb,0.5999999999999894,0.7274021636713794,0.546618640422821
20190801_sample_1,IT,1.4000000000000123,1.6002002465578289,0.9555884599685669
20190801_sample_2,Sst,0.9600000000000164,0.872822946964845,0.6274468898773193
20190801_sample_3,Sst,0.7599999999999829,0.9292011056073576,0.6571059823036194
20190801_sample_4,Sst,1.0800000000000254,1.088044390457653,0.7362279295921326
20190801_sample_7,Sst,0.7999999999999952,0.8768457917901363,0.6295925974845886
20190801_sample_8,low quality,1.2000000000000066,1.2045885084582828,0.790540874004364
20190820_sample_1,Sst,1.12000000000001,0.8138636131811496,0.5954591631889343
20190820_sample_2,CT,1.600000000000018,1.6638584252363193,0.979775607585907
20190820_sample_3,Pvalb,0.7599999999999829,0.828657814378935,0.6035822629928589
20190820_sample_5,Sst,0.920000000000004,0.9912261896003424,0.6887506246566772
20190820_sample_6,CT,1.4399999999999968,1.7080135086894417,0.9962153434753418
20190821_sample_1,IT,1.8400000000000083,1.4104944926641971,0.8798319101333618
20190821_sample_2,IT,1.5600000000000058,1.52753747246469,0.9272454977035522
20190821_sample_3,CT,1.600000000000004,1.362759183010715,0.8598300814628601
20190821_sample_4,IT,1.5200000000000211,1.6852332002566688,0.9877675771713257
20190821_sample_5,IT,2.1199999999999832,1.593216762700204,0.9528990983963013
20190821_sample_6,IT,1.3999999999999846,1.6366190729796155,0.9694974422454834
20190821_sample_7,IT,1.36,1.6665118203782356,0.9807711839675903
20190823_sample_1,IT,1.5199999999999936,1.5331630796226383,0.9294687509536743
20190823_sample_3,Pvalb,0.6800000000000139,0.8011452555529467,0.5884227156639099
20190823_sample_5,low quality,1.4399999999999968,1.122686634195131,0.7526825666427612
20190823_sample_6,IT,2.0399999999999863,1.5599229721550778,0.9399771690368652
20190823_sample_7,IT,1.479999999999981,1.767918882124731,1.0180957317352295
20190827_sample_1,Sst,0.7199999999999984,1.0225718660821832,0.7043699026107788
20190827_sample_2,low quality,1.679999999999987,1.1082050823423424,0.7458369135856628
20190827_sample_3,Sst,1.239999999999991,0.9446602490442915,0.6650872826576233
20190827_sample_4,Sst,0.9199999999999764,0.9701619067046098,0.678115725517273
20190827_sample_5,CT,1.679999999999987,1.2911644845956225,0.8290601968765259
20190827_sample_6,Sst,0.8799999999999919,0.9242774610443031,0.6545505523681641
20190827_sample_7,Pvalb,1.0800000000000254,0.8298493161307359,0.6042336225509644
20190827_sample_8,Sst,0.8400000000000074,1.0759455053861386,0.7304167151451111
20190827_sample_9,Sst,0.8400000000000074,1.0082557889948776,0.6972665786743164
20190828_sample_1,Vip,1.2800000000000034,1.1923936691525812,0.7849939465522766
20190828_sample_3,Vip,1.0000000000000009,1.1108474569031639,0.7470895051956177
20190828_sample_4,Vip,1.36,1.1315379164937347,0.7568437457084656
20190828_sample_5,Vip,1.1999999999999789,1.1756268038484106,0.7773168087005615
20190828_sample_6,Vip,1.36,1.1363552269542085,0.7591012120246887
20190828_sample_7,Vip,0.7199999999999984,0.9483414621394347,0.6669784784317017
20190829_sample_1,low quality,1.6400000000000303,1.1250107226491544,0.7537768483161926
20190829_sample_2,Lamp5,1.36,1.1741786590837737,0.7766509652137756
20190829_sample_3,IT,1.5600000000000058,1.6558782947145019,0.9767754077911377
20190829_sample_4,Lamp5,1.5199999999999936,0.9419139454020984,0.6636740565299988
20190829_sample_6,Lamp5,1.36,1.1322368036258619,0.7571715712547302
20190829_sample_9,Pvalb,0.5600000000000049,0.76533343270631,0.5683395862579346
20190830_sample_1,IT,2.400000000000013,1.7190068125456688,1.000266671180725
20190830_sample_2,IT,1.9199999999999773,1.6450500463033686,0.9726899862289429
20190830_sample_3,low quality,1.5199999999999936,1.3459987108330678,0.8527112007141113
20190830_sample_4,low quality,1.7199999999999993,1.1646597057075034,0.7722631692886353
20190830_sample_6,IT,1.4399999999999968,1.779119262976356,1.0221340656280518
20190830_sample_8,IT,1.4399999999999968,1.7155304642588252,0.9989873170852661
20190830_sample_9,NP,1.2000000000000066,1.0936371303292693,0.7389028072357178
20190904_sample_1,low quality,1.2000000000000066,1.0437199013357692,0.7147716283798218
20190904_sample_2,Vip,0.920000000000004,1.0988843966848476,0.7414059638977051
20190904_sample_3,Vip,1.0400000000000131,1.2143578810109352,0.794962465763092
20190904_sample_4,Vip,1.12000000000001,1.1365854641032669,0.7592089772224426
20190904_sample_5,Vip,0.920000000000004,1.0918098721821352,0.7380296587944031
20190904_sample_7,Vip,0.920000000000004,1.1991621795668954,0.7880764603614807
20190905_sample_1,low quality,0.7999999999999674,1.1317869481782898,0.7569605708122253
20190905_sample_3,Sst,0.9599999999999886,0.8797000531254441,0.6311122179031372
20190906_sample_1,Lamp5,1.479999999999981,1.0795888880246787,0.7321702241897583
20190906_sample_5,CT,1.5999999999999903,1.5440252979423592,0.9337475895881653
20190906_sample_6,Lamp5,1.239999999999991,1.0067119955608703,0.6964975595474243
20190910_sample_1,Lamp5,1.7199999999999993,0.9687964250454493,0.6774224042892456
20190910_sample_2,Vip,1.4000000000000123,1.1641808224418013,0.772041916847229
20190910_sample_3,Vip,0.9599999999999886,1.2087927004496852,0.7924460768699646
20190910_sample_4,Vip,1.0400000000000131,1.1892231300918126,0.7835467457771301
20190910_sample_6,Vip,1.0399999999999991,0.9260786846802909,0.6554861664772034
20190911_sample_3,NP,1.36,1.07708592196687,0.7309659123420715
20190911_sample_4,IT,1.5999999999999903,1.4348412303467482,0.8898815512657166
20190911_sample_6,low quality,1.4000000000000123,1.159078763885669,0.7696816325187683
20190911_sample_7,low quality,2.0799999999999708,1.1264105287996111,0.7544353604316711
20190911_sample_9,CT,1.2800000000000034,1.517316503927111,0.9231934547424316
20190912_sample_1,CT,1.480000000000009,1.3632641176038034,0.8600437641143799
20190912_sample_2,CT,2.0800000000000263,1.4141264988093964,0.8813375234603882
20190912_sample_3,CT,1.4000000000000123,1.3642125876226843,0.8604450225830078
20190912_sample_4,Lamp5,1.3199999999999878,0.9776809861073174,0.6819249391555786
20190912_sample_6,NP,1.36,1.393326930608245,0.8726844191551208
20190912_sample_8,CT,1.3199999999999878,1.3697296151804774,0.8627758622169495
20190912_sample_10,Pvalb,0.6799999999999584,1.0702335579411548,0.7276614308357239
20190917_sample_1,CT,1.7199999999999993,1.198452625420737,0.7877537608146667
20190917_sample_2,Lamp5,1.479999999999981,1.0457596176854564,0.7157691717147827
20190917_sample_3,IT,1.4000000000000123,1.2079576434340358,0.7920679450035095
20190919_sample_1,low quality,1.2800000000000034,1.0946937484277826,0.7394073605537415
20190919_sample_4,Lamp5,0.9600000000000164,1.0082226319882983,0.6972500681877136
20190919_sample_5,CT,1.8400000000000083,1.5160813467630536,0.9227026700973511
20190924_sample_1,Sst,1.119999999999982,0.9600626445383074,0.6729764342308044
20190924_sample_2,Sst,0.9199999999999904,1.0031361146401445,0.6947140097618103
20190924_sample_3,IT,2.0000000000000018,1.7308129064670634,1.0045993328094482
20190924_sample_4,Sst,1.36,1.091169356285222,0.7377234101295471
20190924_sample_5,Sst,0.9600000000000164,1.017601365998965,0.7019093632698059
20190924_sample_6,Sst,0.7999999999999952,0.9751396172911901,0.6806390881538391
20190924_sample_7,Pvalb,0.8000000000000229,0.7958609849664605,0.5854845643043518
20190924_sample_8,CT,2.24000000000002,1.2358021332494018,0.8046000599861145
20190925_sample_2,Pvalb,0.68,1.0050182050542984,0.6956531405448914
20190925_sample_3,Sst,0.7999999999999952,0.8881164877553949,0.6355797648429871
20190925_sample_4,CT,1.6400000000000026,1.0880878264527445,0.7362487316131592
20190925_sample_5,Sst,0.7199999999999984,0.9655187709476206,0.6757562160491943
20190925_sample_6,Pvalb,0.5199999999999927,0.7056707498733814,0.5339584350585938
20190925_sample_7,Sst,0.9600000000000164,0.9911535548913609,0.6887141466140747
20190926_sample_2,ET,1.7199999999999993,1.361077268928351,0.8591179847717285
20190926_sample_3,Sst,1.119999999999982,1.0401672071752497,0.7130317687988281
20190926_sample_4,ET,1.2800000000000034,0.9008895184791944,0.6423219442367554
20190926_sample_5,Pvalb,0.6400000000000017,0.8234684564082251,0.6007404327392578
20190926_sample_6,Sst,0.7600000000000107,1.032877125130169,0.7094520926475525
20190927_sample_1,IT,2.19999999999998,1.619436374362912,0.9629591703414917
20190927_sample_2,CT,1.5600000000000058,1.4297784915712262,0.8878000974655151
20190927_sample_3,Pvalb,0.6799999999999862,0.7131242550778716,0.5383187532424927
20190927_sample_4,IT,1.799999999999996,1.53096051469544,0.9285988807678223
20190927_sample_5,Pvalb,0.5600000000000049,0.6289398489204413,0.48792940378189087
20190927_sample_6,Vip,1.0000000000000009,1.191819680919467,0.7847321033477783
20190927_sample_7,CT,1.3999999999999986,1.6931350657391186,0.9907059669494629
20191001_sample_1,Sst,1.2399999999999634,0.9165857706975374,0.6505453586578369
20191001_sample_2,low quality,1.239999999999991,1.1087183354098673,0.7460803389549255
20191001_sample_3,Sst,0.8400000000000074,1.0059107728731727,0.6960982084274292
20191001_sample_4,Pvalb,0.7600000000000107,0.9755512354992223,0.6808474659919739
20191001_sample_5,Sst,0.7600000000000107,1.0681836163349956,0.7266707420349121
20191001_sample_6,Sst,0.8000000000000229,0.9076996859149611,0.645898163318634
20191003_sample_2,low quality,1.0799999999999976,1.0943158510453084,0.7392269372940063
20191003_sample_3,Sst,0.920000000000004,0.9018966987027154,0.6428516507148743
20191003_sample_4,Sst,0.8799999999999919,0.8994503370251501,0.6415645480155945
20191003_sample_5,Sst,0.8399999999999797,0.8765552911911978,0.6294378042221069
20191003_sample_6,CT,1.6800000000000148,1.147384471086292,0.7642505764961243
20191010_sample_1,IT,1.6400000000000026,1.5018401466488904,0.9170265197753906
20191010_sample_2,Sst,0.6400000000000017,0.6523792515409176,0.5022162199020386
20191010_sample_3,IT,1.5199999999999936,1.6836341131869217,0.9871718883514404
20191010_sample_4,Pvalb,0.5600000000000049,0.8563752938903657,0.618625819683075
20191010_sample_6,Pvalb,0.4800000000000359,0.6377662653239281,0.49333328008651733
20191010_sample_7,ET,1.2800000000000034,1.272428449061382,0.8208490610122681
20191028_sample_1,Sst,0.8800000000000197,1.0305085631567203,0.7082862854003906
20191028_sample_2,Sst,1.0000000000000009,1.0685657990270208,0.7268555164337158
20191028_sample_3,Pvalb,0.4799999999999943,0.9897239502455497,0.6879959106445312
20191028_sample_4,low quality,1.2000000000000066,1.0773350304884006,0.7310858368873596
20191028_sample_5,low quality,0.8399999999999935,1.0689180860641294,0.7270258069038391
20191030_sample_2,Sst,1.12000000000001,0.9406026265683591,0.6629985570907593
20191030_sample_3,ET,1.4000000000000123,1.1228895851570384,0.752778172492981
20191030_sample_4,NP,1.3999999999999846,1.1322756938930016,0.7571898102760315
20191030_sample_5,Sst,1.239999999999991,0.8747131084440671,0.628455638885498
20191101_sample_1,Lamp5,2.0000000000000018,1.0059954242714486,0.6961404085159302
20191101_sample_2,CT,1.7199999999999993,1.5755191379279476,0.9460511207580566
20191101_sample_3,Lamp5,1.0000000000000009,1.0833865575259736,0.733994722366333
20191101_sample_4,CT,1.5600000000000058,1.544751736757674,0.9340330958366394
20191101_sample_5,CT,1.4000000000000123,1.3818279632016879,0.8678682446479797
20191101_sample_6,CT,1.479999999999981,1.4536353209003456,0.8975707292556763
20191104_sample_1,Sst,1.0000000000000009,0.8143363522267397,0.5957197546958923
20191104_sample_2,Lamp5,1.0000000000000009,1.0653178956377456,0.7252841591835022
20191104_sample_3,low quality,1.119999999999982,0.9776587071069752,0.6819136738777161
20191104_sample_4,Pvalb,0.6400000000000017,0.7038366671822561,0.532882571220398
20191105_sample_1,Pvalb,0.6400000000000017,0.8600155456060675,0.6205848455429077
20191105_sample_2,IT,1.479999999999981,1.263584336057405,0.8169495463371277
20191105_sample_3,Sst,1.3199999999999878,0.9748958186961925,0.6805156469345093
20191105_sample_4,Pvalb,0.7200000000000123,0.9362029486680965,0.6607288122177124
20191105_sample_5,Sst,0.6799999999999862,0.7303827817605247,0.5483426451683044
20191106_sample_2,Lamp5,1.0399999999999854,1.1281259391738987,0.7552417516708374
20191106_sample_3,IT,1.679999999999987,1.6511020119566993,0.9749754071235657
20191106_sample_5,Lamp5,1.1599999999999944,1.045044827275155,0.7154197096824646
20191107_sample_1,low quality,1.7600000000000116,1.2572806211956997,0.8141608238220215
20191107_sample_2,Sst,1.1999999999999789,0.8889303310079656,0.6360107064247131
20191107_sample_3,Sst,0.8799999999999919,0.9842432089346732,0.6852375864982605
20191107_sample_4,Sst,0.9199999999999764,0.9398460679403419,0.6626086235046387
20191108_sample_1,CT,1.3200000000000016,1.1429928828414337,0.7622033953666687
20191108_sample_4,CT,1.8000000000000238,1.4381278348165207,0.8912304639816284
20191108_sample_5,IT,1.600000000000018,1.5403279240425352,0.932293176651001
20191114_sample_1,Lamp5,1.3999999999999846,1.140431465640038,0.7610074281692505
20191114_sample_2,CT,1.6400000000000026,1.2996249143075487,0.8327460289001465
20191114_sample_3,IT,1.799999999999996,1.5397099217951893,0.9320498704910278
20191114_sample_4,Sst,1.0000000000000009,1.010335000124554,0.698301374912262
20191114_sample_5,low quality,1.36,0.9844938391284331,0.6853638887405396
20191114_sample_7,IT,1.36,1.2962388065543793,0.8312724828720093
20191114_sample_8,IT,1.5199999999999936,1.5671232621455182,0.942785918712616
20191114_sample_9,ET,1.3199999999999878,1.1961238732186985,0.7866939306259155
20200106_sample_1,Lamp5,1.2000000000000066,1.013502198493633,0.6998755931854248
20200106_sample_4,IT,1.7199999999999993,1.7285829037415468,1.0037823915481567
20200106_sample_5,IT,1.2400000000000189,1.2583308500085695,0.8146259784698486
20200106_sample_6,IT,1.4000000000000123,1.7553219815443715,1.0135343074798584
20200225_sample_2,IT,1.6399999999999748,1.441712552449931,0.892699658870697
20200225_sample_5,Sncg,0.920000000000004,1.0271920887309822,0.7066516280174255
20200316_sample_1,ET,1.4399999999999968,1.3738059713222526,0.8644945621490479
20200316_sample_2,low quality,1.5199999999999936,1.122679295932813,0.7526791095733643
20200316_sample_3,Pvalb,0.6000000000000033,0.6603294769039509,0.5070160627365112
