cell_id,RNA_family,y_true,y_pred,y_pred_train_space
20171204_sample_2,ET,72.72588842255729,154.38791432980184,5.045924663543701
20171204_sample_4,IT,71.38178370147948,169.17713525088266,5.136839866638184
20171204_sample_5,IT,120.178483026102,119.62625368152118,4.792696952819824
20171204_sample_6,ET,63.110748248795616,136.6076511818875,4.9244065284729
20171207_sample_1,ET,39.940807516376296,140.16181070088976,4.949906826019287
20171207_sample_2,ET,38.5270351413637,130.52527362466654,4.879199028015137
20171207_sample_6,IT,100.07770009271124,130.8811037281187,4.881900787353516
20171207_sample_7,IT,96.58286710422148,134.60705861481284,4.909761428833008
20171219_sample_1,IT,178.40405846493576,120.46919392362985,4.799660682678223
20171219_sample_2,IT,177.9086544563373,98.5711077617352,4.600872039794922
20171219_sample_3,IT,124.00315671165788,112.25678225076044,4.7296576499938965
20171219_sample_4,ET,113.45075983305772,110.0527466353126,4.710005283355713
20171219_sample_6,ET,115.03288695216185,143.5875287346242,4.9738850593566895
20171219_sample_7,IT,128.00901498113362,111.47726817878836,4.722751140594482
20171219_sample_8,ET,86.88685081650809,133.28358130223864,4.899953842163086
20180102_sample_1,ET,127.7595769166946,137.29657094380607,4.929400444030762
20180102_sample_2,IT,220.1878137141466,125.3967240198301,4.839425563812256
20180102_sample_3,ET,144.1283177807927,119.37022076494873,4.790572166442871
20180102_sample_4,ET,161.24306729063397,150.6742594511766,5.021735191345215
20180102_sample_5,IT,152.79526938019052,184.12251285056809,5.221017837524414
20180103_sample_1,ET,118.75208992262688,179.96397484447613,5.19829797744751
20180103_sample_2,ET,76.66500811420738,120.63333707185086,4.801011085510254
20180103_sample_3,ET,120.0458252944407,150.39375767864053,5.01988410949707
20180103_sample_4,low quality,76.1711687147617,229.8181944111715,5.4416303634643555
20180103_sample_5,IT,104.0258161028226,106.22210589846885,4.674902439117432
20180103_sample_6,IT,134.74546813716486,102.46901676706116,4.639272212982178
20180103_sample_7,IT,242.00033924231923,205.9975439570461,5.332706928253174
20180103_sample_8,IT,125.89360132813454,106.8301442855413,4.6805572509765625
20180104_sample_1,low quality,100.5136176769932,174.21832909243344,5.166032791137695
20180104_sample_2,IT,195.81090500578284,95.51600255263422,4.569708824157715
20180104_sample_3,IT,142.4280832175698,110.84393197001225,4.717104434967041
20180104_sample_4,low quality,116.9993004649878,211.21445659499952,5.357597351074219
20180104_sample_6,ET,248.37592552105576,146.7950097414201,4.995826244354248
20180105_sample_4,IT,133.11865995327625,159.47403480347342,5.078132152557373
20180105_sample_5,IT,150.01545629898703,132.04329360292638,4.890674591064453
20180105_sample_6,IT,122.51728617399924,101.92399102725437,4.63399076461792
20180108_sample_1,IT,160.65716730306548,100.63252784209521,4.621363639831543
20180108_sample_2,low quality,188.7451195120812,223.07410303552933,5.4119768142700195
20180108_sample_3,IT,189.91349449381232,182.97815856629782,5.214817047119141
20180108_sample_4,ET,88.79589218087494,161.6145994090621,5.09138298034668
20180108_sample_5,ET,34.74395550787447,99.31908931003917,4.60835599899292
20180108_sample_7,IT,121.22002596283951,134.62885162303385,4.909922122955322
20180108_sample_8,ET,111.57232570399847,136.57871737354031,4.924196243286133
20180108_sample_9,IT,155.8336402177811,116.00671776508442,4.762231349945068
20180108_sample_10,ET,61.04218294844035,108.8791748310953,4.699381351470947
20180109_sample_1,IT,216.1138954112927,149.1400531721369,5.011568546295166
20180109_sample_2,IT,197.66811670611304,107.84996795849354,4.68997049331665
20180109_sample_5,IT,110.35272041335708,136.66153282641883,4.924798011779785
20180110_sample_1,IT,112.35461599131423,124.19542870329677,4.829875946044922
20180110_sample_2,IT,113.80023925999808,145.05322629375388,4.983971118927002
20180110_sample_3,IT,118.83190071831152,100.7344948938336,4.622366428375244
20180110_sample_4,IT,105.6785213500262,159.6807718111116,5.0794196128845215
20180110_sample_5,IT,93.147898266713,124.82706766777933,4.834908485412598
20180110_sample_7,IT,179.16017170622945,119.44422823197654,4.791186809539795
20180110_sample_8,ET,58.54866400627148,136.84985752417884,4.9261651039123535
20180111_sample_5,IT,114.83774299174549,120.19137535241074,4.797370910644531
20180115_sample_2,IT,75.99015909513196,163.75574669967583,5.104464054107666
20180115_sample_5,IT,56.87532852662517,159.49331899771892,5.07825231552124
20180115_sample_6,low quality,50.57356852624154,182.9463161953097,5.214643955230713
20180115_sample_7,IT,55.12713685631752,101.87080424033972,4.633473873138428
20180115_sample_8,IT,147.85009339717885,109.91753135522893,4.708786964416504
20180115_sample_9,IT,145.45920111238954,136.32709919443528,4.922365665435791
20180118_sample_1,IT,93.1596037559211,115.23813602744556,4.755640983581543
20180118_sample_2,IT,150.19221370418865,113.50469708468532,4.7406158447265625
20180118_sample_4,IT,158.10593275725836,102.9920824474337,4.644314765930176
20180118_sample_6,IT,125.02253608405589,124.83546781115328,4.834975242614746
20180118_sample_7,ET,81.43032290999375,118.34229268919569,4.78199577331543
20180118_sample_10,ET,61.97245725430554,141.57993123043417,4.959902763366699
20180123_sample_1,ET,77.0462213829159,109.86031956767715,4.708271026611328
20180123_sample_3,ET,130.19489992409942,105.9082853997808,4.671971321105957
20180123_sample_5,ET,89.44329018890853,144.05579944107504,4.977118492126465
20180123_sample_6,ET,67.04893405921757,107.87867449444774,4.690234184265137
20180123_sample_7,ET,70.1232418790459,161.97890530581432,5.093620777130127
20180208_sample_1,low quality,105.1690412436922,185.09447282788773,5.226254463195801
20180208_sample_2,ET,68.2725143879652,115.4886569874428,4.75779390335083
20180208_sample_3,ET,96.52014707348178,121.80607432104551,4.810606479644775
20180208_sample_4,IT,75.84736405313015,118.29313530649955,4.781583786010742
20180208_sample_5,IT,75.17590156756339,139.57359550063228,4.945731163024902
20180213_sample_3,ET,85.12868423325315,119.37240187048134,4.790590286254883
20180213_sample_5,Pvalb,322.46473029255867,167.54511596842025,5.127203464508057
20180215_sample_1,Pvalb,184.12738744666171,173.3644404969104,5.161147594451904
20180220_sample_1,Sst,263.382795256873,220.11735121377959,5.398693561553955
20180220_sample_2,IT,133.9976311009377,144.37737152903534,4.97933292388916
20180225_sample_1,IT,121.0445617387692,110.13766446951337,4.7107696533203125
20180225_sample_2,IT,120.9362077269526,138.95385902828048,4.941312789916992
20180225_sample_3,IT,237.92367332180345,96.00535266144078,4.574766159057617
20180225_sample_4,IT,144.2434113125006,93.54690943589372,4.54909610748291
20180225_sample_5,ET,98.36674366678513,171.11565377078102,5.148166656494141
20180225_sample_7,Pvalb,190.6109226346016,150.7020343803438,5.021918296813965
20180228_sample_3,IT,52.04887107014648,198.6667911416985,5.296649932861328
20180306_sample_1,Pvalb,138.48825218404332,188.06307479840444,5.2420806884765625
20180306_sample_2,IT,48.13494825735688,116.8120611284599,4.76909065246582
20180306_sample_3,IT,142.7995818008979,136.35309827272545,4.922554969787598
20180306_sample_5,IT,87.22187992185363,138.98035541070777,4.941502094268799
20180309_sample_4,IT,99.22509590039658,165.4768470731553,5.114856243133545
20180309_sample_6,IT,146.33870396514732,146.77556015522563,4.995694637298584
20180309_sample_7,IT,155.37908356264228,163.31756354664302,5.101800918579102
20180309_sample_8,IT,66.13475336134428,154.08885975974425,5.0439982414245605
20180313_sample_1,low quality,75.75050288438803,196.92714676091583,5.287899017333984
20180313_sample_2,ET,66.89907945692545,117.35801606864484,4.773714065551758
20180313_sample_3,ET,117.34315727526936,123.4727312869128,4.824086666107178
20180313_sample_7,IT,98.17718392858902,144.14110865504125,4.977706432342529
20180313_sample_8,low quality,78.63540367533759,227.83866917922126,5.433017253875732
20180313_sample_9,Pvalb,161.84043251971408,214.30210451123668,5.372042179107666
20180315_sample_1,ET,142.2694003085295,133.62684341006852,4.9025068283081055
20180315_sample_2,low quality,84.735201029107,226.0944306051435,5.425365924835205
20180315_sample_5,IT,87.00804235786202,121.52017369071187,4.8082756996154785
20180315_sample_6,IT,131.83632850026083,140.6671431528965,4.953480243682861
20180321_sample_2,IT,164.38106339744164,103.88609445378063,4.652874946594238
20180321_sample_3,IT,100.06291465212904,125.4516425136469,4.839859962463379
20180321_sample_4,IT,213.62795061724523,110.75271925652576,4.7162885665893555
20180321_sample_8,ET,57.48962548540695,146.79007663307976,4.995792865753174
20180321_sample_9,ET,87.09728590931212,154.42081587334633,5.046136379241943
20180322_sample_1,IT,61.61194297485055,137.1231127223912,4.928145408630371
20180322_sample_2,IT,59.39252164880082,145.21586495527285,4.985084056854248
20180322_sample_3,IT,109.26253111101688,93.84655724306326,4.552260398864746
20180322_sample_4,IT,96.82546217367056,125.39262568175585,4.839393138885498
20180322_sample_5,IT,160.76278567314154,95.34467527245944,4.56793212890625
20180322_sample_6,ET,114.62128181755548,134.15498246303704,4.906422138214111
20180322_sample_7,ET,72.43802072790757,115.9907620119696,4.762094974517822
20180327_sample_1,Pvalb,151.3124991917894,146.16596094506292,4.991560935974121
20180327_sample_2,Pvalb,414.5977446933588,114.71470474748203,4.75112771987915
20180327_sample_3,IT,159.74851903993454,135.0873146920402,4.913296699523926
20180327_sample_4,Pvalb,177.0883409306407,154.4197042210194,5.04612922668457
20180327_sample_5,Pvalb,146.96913623916254,122.74258113769868,4.818203449249268
20180327_sample_6,IT,158.57373911887407,111.89778684739125,4.72648286819458
20180329_sample_1,IT,248.0423876084388,119.7277600232344,4.7935380935668945
20180329_sample_2,IT,146.19472541624594,165.76771965868488,5.116601943969727
20180329_sample_3,IT,179.90573407461244,119.6666963729188,4.793032169342041
20180329_sample_4,ET,79.5868053101003,123.69687256559835,4.825885772705078
20180329_sample_5,IT,242.8043632606665,129.76167211992274,4.873376369476318
20180329_sample_6,IT,161.37644325196737,102.3071672507896,4.637706756591797
20180329_sample_7,low quality,186.98083119715253,135.51985348316424,4.916470050811768
20180329_sample_8,IT,121.11508952932704,104.01000122652177,4.654055595397949
20180403_sample_5,IT,170.64980907676124,120.74863628356262,4.8019585609436035
20180403_sample_6,ET,97.61221510934686,143.2090359484222,4.971263885498047
20180403_sample_7,IT,249.47251547873023,119.99799594259736,4.795773983001709
20180404_sample_1,Pvalb,189.47727206101015,170.80644159346485,5.146368503570557
20180404_sample_2,Pvalb,140.12102066228772,178.95212608206933,5.192690849304199
20180404_sample_3,IT,244.12731000532708,121.97982306800486,4.812020301818848
20180404_sample_4,Pvalb,123.42691324651256,231.97820315824623,5.450944900512695
20180404_sample_5,Pvalb,104.69591245230173,168.10573302231788,5.130524158477783
20180404_sample_7,IT,60.80574311993339,193.7715281081025,5.271827220916748
20180405_sample_1,ET,103.16076425628536,158.88431026554034,5.074450492858887
20180405_sample_2,IT,149.86402368971275,108.0542967868419,4.691845893859863
20180405_sample_3,IT,196.45277870198072,120.15093011709789,4.797037124633789
20180410_sample_1,Pvalb,207.99698431257693,136.1912244477925,4.921375751495361
20180410_sample_3,IT,85.81726166481766,129.49258861827462,4.871316432952881
20180410_sample_4,IT,85.12558057904243,135.08056614458127,4.913247108459473
20180410_sample_5,IT,66.28869385520613,97.4751910905347,4.589804649353027
20180410_sample_6,IT,75.33442148566246,149.3368462335483,5.01287841796875
20180410_sample_9,Pvalb,91.99258856830144,124.16486714389691,4.829631805419922
20180411_sample_1,IT,92.15845501493835,131.53402299707383,4.886839389801025
20180411_sample_3,IT,220.6556199553112,100.31168272950245,4.618201732635498
20180411_sample_4,Pvalb,144.1475738274554,166.10507060024472,5.118622779846191
20180411_sample_5,Pvalb,168.82185921197134,127.42808412238853,4.8553690910339355
20180412_sample_1,IT,68.60970220838988,146.62420869197848,4.9946699142456055
20180412_sample_2,Pvalb,232.11558993657428,144.46592182823665,4.9799418449401855
20180412_sample_3,IT,82.69465535134077,140.7187624035399,4.9538445472717285
20180412_sample_4,IT,59.71953698909948,122.85391473672891,4.819102764129639
20180412_sample_7,IT,51.9738852530718,131.55506931788307,4.886998176574707
20180413_sample_2,Pvalb,245.5795351987084,181.4038182878592,5.206223011016846
20180413_sample_3,Pvalb,109.56818308149062,147.302659223026,4.999255180358887
20180413_sample_4,IT,52.23037068332945,164.09036591843548,5.10649299621582
20180417_sample_1,Vip,418.9508213258038,319.7829825682572,5.7707648277282715
20180417_sample_2,Pvalb,133.83780480672914,151.82894453012116,5.0293192863464355
20180417_sample_3,IT,131.42000448703772,159.44733155149183,5.07796573638916
20180417_sample_4,Pvalb,139.57281932234764,157.2816240977513,5.064375877380371
20180417_sample_5,IT,104.99970609446368,146.59464671486467,4.99446964263916
20180417_sample_6,IT,69.60513456165788,212.96466212391465,5.365810871124268
20180417_sample_7,Pvalb,149.1390426370005,171.0489428662873,5.1477789878845215
20180417_sample_8,Sst,213.7344481050968,292.25322130647214,5.681036472320557
20180417_sample_9,IT,96.6867321133614,101.34942523198784,4.628392696380615
20180418_sample_1,Pvalb,131.51400611549607,211.86469694998584,5.36065673828125
20180418_sample_2,Pvalb,113.08399031914416,180.55559726099227,5.20156192779541
20180418_sample_3,Pvalb,229.5698006550471,170.424283594363,5.144141674041748
20180418_sample_5,IT,239.71591510375336,134.58695007319366,4.909613132476807
20180418_sample_6,IT,95.05134442945324,148.87703872104265,5.009815216064453
20180420_sample_2,low quality,95.7933956661395,225.25448900262973,5.421660423278809
20180420_sample_3,IT,105.96934795627988,145.2972521887443,4.985640525817871
20180420_sample_4,IT,167.29112274944785,176.65872000768465,5.179864406585693
20180424_sample_1,IT,148.34223828464746,140.66741336178598,4.953482151031494
20180424_sample_2,IT,72.05345356216037,129.46434210917857,4.871099948883057
20180424_sample_3,IT,57.461496579150335,129.6671183017501,4.872653007507324
20180424_sample_6,IT,69.61989587297037,156.76727228584636,5.061120986938477
20180425_sample_2,IT,95.71931259263124,128.89047422097858,4.866691589355469
20180425_sample_3,Pvalb,202.37957389156023,199.5047613050109,5.300837993621826
20180425_sample_4,IT,66.88178375363348,123.95656703793928,4.827966213226318
20180425_sample_5,Sncg,464.3018537370696,313.7523792263291,5.751786231994629
20180425_sample_7,Pvalb,102.9025459960103,191.37124458013534,5.259427070617676
20180425_sample_8,Vip,482.920207619667,348.2855551361718,5.855889797210693
20180425_sample_9,IT,52.21404430456454,157.54177203434662,5.066018104553223
20180426_sample_1,ET,111.64035172760488,199.49692159239268,5.3007988929748535
20180426_sample_3,IT,94.73453386376296,110.02955517188077,4.70979642868042
20180426_sample_4,IT,83.1921759744485,103.49322514544609,4.64912223815918
20180426_sample_5,Pvalb,232.28477793479607,170.5803172851338,5.1450514793396
20180426_sample_7,IT,176.05753229931003,110.48670370118214,4.713905334472656
20180426_sample_9,Pvalb,129.23328574125964,212.757852795678,5.364843845367432
20180501_sample_2,IT,132.66269020239508,139.93535573830857,4.948301315307617
20180501_sample_3,IT,133.20976090182867,113.25495599884145,4.73843240737915
20180501_sample_4,IT,104.5033322547873,125.76364086241858,4.842324256896973
20180501_sample_5,IT,54.892221763730014,168.99943549456805,5.1357951164245605
20180501_sample_6,low quality,142.5565614861747,180.36307569565443,5.200500965118408
20180501_sample_7,low quality,169.14988226691884,187.91969688376037,5.241322040557861
20180501_sample_8,Lamp5,228.92642589658504,269.165514061599,5.599034786224365
20180502_sample_1,low quality,105.61884085301844,187.7160368851122,5.240243434906006
20180502_sample_2,low quality,114.309395685792,213.08427036781484,5.366369724273682
20180502_sample_3,IT,156.7863345630467,127.33668641106016,4.854657173156738
20180502_sample_4,IT,60.935079013307885,160.9109711279723,5.0870466232299805
20180508_sample_1,Pvalb,198.62396949529648,191.24864098021106,5.258789539337158
20180508_sample_2,IT,223.02945576608187,185.37731413205725,5.227773189544678
20180508_sample_3,IT,84.58764577905337,142.6544899707897,4.967411041259766
20180508_sample_4,IT,89.5965631607742,152.6855714704204,5.034908771514893
20180509_sample_1,low quality,94.0934102038542,197.46858336770836,5.29063081741333
20180509_sample_2,IT,98.81342126381772,134.16104060907617,4.906466960906982
20180509_sample_3,IT,57.961546391248696,127.16294713335043,4.853302478790283
20180509_sample_4,IT,62.48290568590166,144.56479848583965,4.980621337890625
20180509_sample_5,IT,91.58373583356531,107.55570906005516,4.687263488769531
20180509_sample_7,IT,123.02449426054952,106.81729069679767,4.680438041687012
20180509_sample_9,IT,123.8648914222916,145.96021380418892,4.990161895751953
20180510_sample_2,Pvalb,175.4581247487416,115.55583160781089,4.758370399475098
20180510_sample_3,IT,134.0949982727567,154.96945797046206,5.0496602058410645
20180510_sample_4,IT,80.43760292054642,120.36897399565062,4.798835277557373
20180510_sample_5,IT,147.83262721697486,119.00916229746171,4.787568092346191
20180510_sample_9,IT,351.3408915735781,126.88237999932593,4.851110935211182
20180515_sample_1,Pvalb,225.37644270434976,162.7064545968942,5.098074913024902
20180515_sample_6,Pvalb,189.64136330570489,217.88426700499633,5.388543128967285
20180522_sample_1,IT,62.632722556591,140.95906617834177,4.955538749694824
20180522_sample_2,IT,120.0474076444904,137.7768888005311,4.932867527008057
20180522_sample_3,IT,183.31061568111176,80.22472191391877,4.397219657897949
20180522_sample_4,IT,197.35895610414445,111.29425936565842,4.721122741699219
20180522_sample_5,Pvalb,123.79023519655073,171.48816685379165,5.150328636169434
20180522_sample_6,ET,72.23224080034669,172.98306349152338,5.1589579582214355
20180522_sample_7,IT,79.10970989118022,141.7351629400702,4.960990905761719
20180524_sample_5,low quality,144.97894808650017,214.64208798337307,5.37362003326416
20180524_sample_8,IT,148.45148746545118,136.0422834388572,4.920289516448975
20180524_sample_9,Pvalb,118.02569154774147,201.22732829777053,5.30939245223999
20180529_sample_3,IT,221.9401651794712,91.8428783806387,4.530908584594727
20180608_sample_1,Lamp5,177.87506661843508,251.77922504676926,5.5325164794921875
20180608_sample_2,Pvalb,127.74224527180188,125.96847502745936,4.843938827514648
20180608_sample_3,IT,153.7639938294887,201.6649159949884,5.311553955078125
20180608_sample_5,Pvalb,93.92807587670784,155.58976101073858,5.053629398345947
20180619_sample_3,Pvalb,95.92608015984302,215.18528180082578,5.37613582611084
20180619_sample_5,IT,80.93272486080727,148.4073807201589,5.00667667388916
20180619_sample_7,Lamp5,249.7157703116536,204.01290129588065,5.323072910308838
20180621_sample_1,IT,91.81498048454525,139.0834520148482,4.9422383308410645
20180621_sample_2,IT,58.68014945586516,170.1678890580631,5.142644882202148
20180621_sample_3,Sncg,466.9759065161149,312.7515518643606,5.74860143661499
20180621_sample_4,IT,57.7209215487042,132.16128082356033,4.891561031341553
20180621_sample_5,Vip,430.4393764548004,303.2482589440249,5.717844009399414
20180621_sample_7,Pvalb,132.58220580096048,169.650797804375,5.13961935043335
20180621_sample_8,Pvalb,102.10979629556336,175.81342513272818,5.175095081329346
20180628_sample_2,Pvalb,139.18969150135916,185.55727713763335,5.228738307952881
20180628_sample_3,Pvalb,131.65203700462973,190.5717428736504,5.25526237487793
20180628_sample_4,low quality,150.07010442763567,219.23870288902094,5.394711971282959
20180628_sample_6,Pvalb,151.38565685351688,186.63713127944203,5.2345099449157715
20180628_sample_7,Lamp5,251.3976592347026,333.6044810100365,5.812949180603027
20180703_sample_1,Pvalb,220.7258477658033,248.2154290773751,5.518317699432373
20180703_sample_2,IT,90.56149228729988,119.6649126967997,4.793017387390137
20180703_sample_3,low quality,209.70485825091603,205.8681832929752,5.3320817947387695
20180704_sample_1,Pvalb,174.26933283110455,170.44357566634923,5.144254207611084
20180704_sample_2,Pvalb,147.64766119917232,161.91969769169003,5.093257427215576
20180704_sample_3,Pvalb,141.76022339860594,197.26181424209167,5.289588451385498
20180704_sample_4,IT,143.56962532053393,173.34099562194726,5.161013126373291
20180704_sample_5,Pvalb,99.02432477899973,175.2216256072936,5.1717424392700195
20180705_sample_1,Pvalb,136.78174152970314,190.07098643298008,5.252645015716553
20180705_sample_4,Pvalb,177.29382682343322,132.1651541509425,4.891590118408203
20180709_sample_2,IT,108.12462325145805,100.24252760437848,4.617518901824951
20180709_sample_3,Lamp5,213.8017997592688,266.21261260248957,5.5880446434021
20180709_sample_4,IT,134.9533614143729,129.9512972817689,4.874825477600098
20180709_sample_6,IT,173.03461834291613,113.10049787567156,4.737079620361328
20180710_sample_1,Pvalb,115.60649295071406,214.81120046780183,5.374403953552246
20180710_sample_2,Pvalb,104.35866910964252,185.7835440585062,5.229950428009033
20180710_sample_3,Pvalb,152.32741712530452,154.31657748336477,5.045465469360352
20180710_sample_5,Pvalb,142.5038083766898,158.21056320285683,5.07022762298584
20180711_sample_1,Pvalb,131.27064545204252,206.3195696181022,5.334261417388916
20180711_sample_2,Sst,202.93059132567475,303.3097777577977,5.718046188354492
20180711_sample_3,Sst,241.42638041699928,274.30849400908147,5.617892265319824
20180711_sample_4,Sst,339.04737294341123,319.1836291788539,5.768894672393799
20180712_sample_2,low quality,347.5509772586326,209.52905668713868,5.349623680114746
20180712_sample_3,Sncg,346.51515536755323,380.20396743120716,5.943334579467773
20180712_sample_5,Pvalb,126.60242859699896,246.9814201517473,5.5133538246154785
20180712_sample_11,Pvalb,59.28942940880859,212.18975063415846,5.3621826171875
20180712_sample_12,Pvalb,107.69356187433006,164.19265646112234,5.107112407684326
20180712_sample_13,IT,48.48397493983303,151.73758719899516,5.028721332550049
20180712_sample_14,Pvalb,145.80759711066884,170.46638561981413,5.144387245178223
20180712_sample_15,Pvalb,196.0402303785086,154.06527082401965,5.043846130371094
20180717_sample_1,Pvalb,124.5269291847944,198.25534348733947,5.294587135314941
20180717_sample_2,Lamp5,415.02272043687606,266.0309778591221,5.587364673614502
20180717_sample_3,Pvalb,102.48612144341074,179.54887733819857,5.1960015296936035
20180717_sample_4,Pvalb,141.7211366678987,176.4457066852369,5.178664684295654
20180717_sample_6,Pvalb,242.4775458537042,172.97086856526354,5.15888786315918
20180717_sample_7,ET,59.919254731697336,107.26338136673033,4.684566974639893
20180718_sample_2,Pvalb,144.27056014165277,192.56032814022672,5.265589237213135
20180718_sample_3,Pvalb,143.81295188268024,208.1241161208913,5.342927932739258
20180718_sample_4,Pvalb,220.15104992315173,167.51232877964625,5.12700891494751
20180719_sample_1,Pvalb,121.40388923031948,116.84650276612824,4.769382953643799
20180719_sample_4,Pvalb,163.44071673850218,159.80018788399724,5.080162525177002
20180720_sample_2,Sncg,125.57469812035556,339.99008129191355,5.83185338973999
20180720_sample_3,Pvalb,136.09924761992366,195.19452017964738,5.279106616973877
20180720_sample_5,Lamp5,202.23606469730535,232.12822653718098,5.4515886306762695
20180725_sample_3,IT,65.55641900499658,132.78448987989097,4.896230220794678
20180725_sample_4,low quality,73.08966124057767,215.3356322444936,5.3768310546875
20180725_sample_6,Pvalb,106.91588051723582,218.44849823202074,5.391117572784424
20180725_sample_7,IT,98.08466644159384,138.55641569680753,4.938468933105469
20180725_sample_9,Lamp5,270.1755876665313,218.06333845558916,5.3893609046936035
20180726_sample_3,Pvalb,171.25628326709074,164.740620917425,5.110424041748047
20180726_sample_4,Pvalb,165.75983607769007,166.00247181362784,5.118008613586426
20180726_sample_5,Pvalb,165.36798188959563,181.83974482268914,5.2086100578308105
20180726_sample_6,Pvalb,158.92487747222182,173.82649774792512,5.163794040679932
20180726_sample_7,Pvalb,117.7713739611208,150.4434326628778,5.020212173461914
20180817_sample_2,Pvalb,109.84581812719505,219.11397683923354,5.394145488739014
20180817_sample_3,Pvalb,133.72568757406302,173.40368861918478,5.161372661590576
20180817_sample_4,Pvalb,203.76294854034975,206.78967576028865,5.336526393890381
20180817_sample_5,Pvalb,158.990265712142,181.24593657173997,5.205357074737549
20180817_sample_6,IT,156.77015274266404,95.50302510376139,4.569574356079102
20180817_sample_7,Pvalb,182.27353958288825,144.96278726275332,4.983351707458496
20180820_sample_1,Sst,288.7734073710938,251.83419476725845,5.532733917236328
20180820_sample_2,IT,112.90890810141954,127.80046787822177,4.858264446258545
20180820_sample_3,Sst,288.1138945259154,301.7187986916207,5.712804317474365
20180820_sample_4,Sst,262.815908446908,266.4317320504362,5.588864326477051
20180820_sample_5,Sst,244.3351473882795,216.87897390233402,5.383939743041992
20180820_sample_6,IT,94.85597551117334,150.54456581443645,5.020879745483398
20180820_sample_7,Sst,148.728540014653,188.51066904072283,5.244445323944092
20180822_sample_1,Pvalb,179.83510129650438,173.14358521118768,5.1598801612854
20180822_sample_2,Pvalb,161.96052364508313,169.83911655567343,5.140722274780273
20180822_sample_3,Pvalb,132.8589696933826,192.30483489371727,5.264268398284912
20180822_sample_4,Pvalb,229.66106961525625,173.00803672212004,5.159101486206055
20180822_sample_6,Pvalb,210.38970406974363,160.04804058433797,5.081702709197998
20180822_sample_7,Pvalb,154.63782632847625,179.5685935773547,5.196110725402832
20180828_sample_2,Pvalb,218.9897604758541,165.66008291394706,5.1159563064575195
20180828_sample_3,Pvalb,112.35608588904148,171.34116873093797,5.149476051330566
20180828_sample_4,IT,88.39688145262858,142.06796233490533,4.963319778442383
20180828_sample_5,Pvalb,130.52550939843064,147.1506972620862,4.99822998046875
20180828_sample_6,Pvalb,215.0845075150331,146.94075162595212,4.996811866760254
20180828_sample_7,low quality,104.24164896054812,145.46121015558427,4.98676061630249
20180828_sample_8,IT,91.37889140844344,185.32666418719532,5.227501392364502
20180829_sample_1,Sst,200.5534997259577,242.10514222504432,5.493494033813477
20180829_sample_2,Sst,282.1984368426104,286.4643800437626,5.661098957061768
20180829_sample_3,Sst,240.5038636860748,318.7239483356422,5.767457962036133
20180829_sample_4,Sst,362.6754726709,276.9652879827608,5.627496242523193
20180829_sample_5,Sst,153.21601887543994,193.28417726113122,5.269321918487549
20180829_sample_6,Sst,196.9408694601485,288.12087255801646,5.666844844818115
20180829_sample_7,Sst,305.458029491206,303.0556578415543,5.71721076965332
20180829_sample_8,IT,69.56826875252382,168.9897083271411,5.135737895965576
20180830_sample_1,Pvalb,179.02581276992956,197.3082381290643,5.289822578430176
20180830_sample_2,Pvalb,214.80337627107892,197.98037761337417,5.293206214904785
20180830_sample_5,Pvalb,174.8152359984815,185.67117741930156,5.229348659515381
20180830_sample_6,Pvalb,186.1499499765535,165.26796450913275,5.113600730895996
20180904_sample_1,Pvalb,242.39444684733945,198.81022670646095,5.297368049621582
20180904_sample_2,Pvalb,89.02005784923125,157.71846877495045,5.067131996154785
20180904_sample_3,Pvalb,173.20463409895694,185.3692269892949,5.227729797363281
20180904_sample_4,Pvalb,173.27415712426102,204.377764307437,5.324851036071777
20180904_sample_5,Pvalb,139.05006417383748,136.14432784967246,4.92103385925293
20180904_sample_6,Pvalb,215.9768964971106,198.75278297010445,5.2970805168151855
20180904_sample_7,Pvalb,147.9931799458961,179.71063130545858,5.196897029876709
20180904_sample_9,Pvalb,143.31400664771598,187.962581701798,5.241549015045166
20180905_sample_1,Sst,192.97883938997984,268.04423609465016,5.594875812530518
20180905_sample_2,Sst,270.73024690399563,261.67364317422647,5.5709123611450195
20180910_sample_2,Sst,306.9952941810092,276.40148742912174,5.6254658699035645
20180910_sample_3,Sst,179.11692923555768,275.387734278473,5.621804714202881
20180911_sample_1,Sst,404.4603828315934,286.4065407627373,5.660897731781006
20180911_sample_2,Sst,270.2290560156108,231.47350118106823,5.4487762451171875
20180911_sample_3,Sst,282.71798292174924,254.98938400366657,5.545135974884033
20180911_sample_5,Sst,285.44022819399834,217.10932200629526,5.38499641418457
20180911_sample_6,Sst,274.8000456492106,232.64794179991722,5.453815460205078
20180912_sample_2,Pvalb,140.70999596587254,171.80964750361306,5.152190685272217
20180912_sample_3,Pvalb,186.6650284628074,153.38223488878947,5.039431571960449
20180912_sample_6,Pvalb,249.58863278975087,175.7422807874997,5.174692630767822
20180913_sample_2,low quality,174.69090097490698,223.92847249238284,5.415782451629639
20180917_sample_1,Sst,397.5543460162977,306.13643447989017,5.727292060852051
20180917_sample_2,Pvalb,159.63872239241994,166.06985490855232,5.118412017822266
20180917_sample_3,IT,100.37535782282548,139.7655683671727,4.94709587097168
20180917_sample_4,Pvalb,177.458514322837,187.65503568325062,5.239920139312744
20180917_sample_5,Sst,245.49336529026425,205.51081485380956,5.330352783203125
20180918_sample_1,Vip,238.676082632194,272.112105768996,5.609882354736328
20180918_sample_2,Vip,356.12485734124976,360.80630143661034,5.891108989715576
20180918_sample_3,Vip,305.53740979482734,328.0763928113757,5.796289920806885
20180920_sample_1,low quality,210.57601566116017,202.91548754263445,5.3177056312561035
20180920_sample_2,Pvalb,140.07680652663106,166.11909520436188,5.118706703186035
20180920_sample_3,Pvalb,146.7815462698539,131.4027012319936,4.885848045349121
20180920_sample_4,Pvalb,186.68150991449752,149.10884214930962,5.0113606452941895
20180921_sample_1,low quality,279.44153482715296,197.97572848703567,5.293182849884033
20180921_sample_2,Pvalb,158.92054903383058,146.35400748825256,4.992837905883789
20180921_sample_3,Pvalb,179.6921562208306,153.46227533771741,5.039949893951416
20180925_sample_9,Pvalb,176.52085668593654,172.90377028642132,5.158502101898193
20180926_sample_1,Pvalb,119.13594089200106,150.46603728665286,5.020361423492432
20180926_sample_3,Pvalb,210.02470520635444,189.9243560334752,5.251877307891846
20180926_sample_4,low quality,144.63453215999263,293.24155195909265,5.684401035308838
20180926_sample_7,Pvalb,130.05978804968652,174.7811926234054,5.1692399978637695
20180926_sample_9,IT,50.60683549071357,132.42549650045865,4.893543243408203
20180927_sample_1,Pvalb,173.25487226744488,178.5429452669728,5.1904144287109375
20180927_sample_2,Pvalb,214.96819216012952,145.72977424798842,4.988592624664307
20180927_sample_3,low quality,119.0083403459617,205.53730552883707,5.330481052398682
20180927_sample_4,Pvalb,145.63369046896693,141.27411237097175,4.9577555656433105
20180927_sample_5,Pvalb,165.3331917400161,157.49626820369613,5.065731048583984
20180927_sample_7,Pvalb,130.67750350758428,154.86693264869967,5.049002647399902
20180927_sample_9,IT,106.94806543489304,187.48545166854717,5.239020824432373
20180927_sample_10,low quality,155.73550744851426,222.02912751911617,5.407302379608154
20181002_sample_1,low quality,215.5339028934639,236.23118946147034,5.4690351486206055
20181002_sample_2,Pvalb,189.28161405275267,135.90120690105147,4.919259548187256
20181002_sample_3,Pvalb,157.0152770082156,187.31503234047116,5.238116264343262
20181002_sample_4,Pvalb,211.45813602209097,292.5937749307445,5.682197093963623
20181002_sample_5,Pvalb,166.37882239371538,130.52019371561562,4.879160404205322
20181002_sample_6,Pvalb,125.80021517475438,218.45550930429934,5.391149520874023
20181002_sample_7,IT,78.59490051865575,122.20515338757434,4.8138508796691895
20181002_sample_8,Pvalb,109.57486949861052,176.12759455636285,5.176870346069336
20181002_sample_9,Sst,94.98028737679122,158.02535636235214,5.069063663482666
20181002_sample_10,Pvalb,142.97637086734173,117.34091674143424,4.773569583892822
20181003_sample_1,low quality,446.9659174494445,223.79026423818954,5.415167808532715
20181003_sample_2,Sst,412.3390629887582,243.3011393157413,5.498401641845703
20181003_sample_3,Sst,192.43817740927136,215.41559359116894,5.377200603485107
20181003_sample_4,Sst,166.1525642921528,245.44450141568683,5.507136821746826
20181003_sample_5,Sst,260.1528956865271,287.4532818793848,5.6645331382751465
20181003_sample_6,Sst,338.8722701830169,330.81413122305224,5.804574966430664
20181003_sample_7,Sst,353.6554841635128,216.45291112351586,5.381982326507568
20181003_sample_8,Sst,154.9171667918563,207.31448030913737,5.339048862457275
20181003_sample_9,Sst,182.0293430723249,177.03372177073865,5.181972980499268
20181003_sample_10,Sst,168.88226271917424,189.22146002378727,5.2481889724731445
20181004_sample_1,low quality,221.4327623375825,143.5210813108856,4.973425388336182
20181004_sample_3,Sst,304.24015587195754,207.2276821550874,5.338632106781006
20181004_sample_5,Sst,194.03395165999729,215.46224275662567,5.377416133880615
20181004_sample_6,Sst,198.543049977294,255.0400460951119,5.5453338623046875
20181004_sample_8,Sst,153.83296290785074,162.9454965911683,5.099534034729004
20181009_sample_2,Sst,282.66179099430644,248.79220843082618,5.520629405975342
20181009_sample_3,Sst,289.3412211139997,275.52324960593893,5.622294902801514
20181009_sample_4,Sst,258.1760160202781,248.26736546072377,5.518526077270508
20181009_sample_5,Sst,214.4304039105773,286.77405913955414,5.66217565536499
20181009_sample_6,IT,148.8422157367071,138.79751910583315,4.940195083618164
20181009_sample_7,Sst,270.28120985502994,250.48043862104996,5.527365207672119
20181010_sample_1,Sst,267.9762839476268,199.62526373314776,5.301438808441162
20181010_sample_3,Sst,286.89662965014577,263.5271260196851,5.577943801879883
20181010_sample_4,Sst,229.8083883399765,283.535742706336,5.6508588790893555
20181010_sample_5,IT,94.71067723135148,121.51771998408165,4.808255672454834
20181010_sample_6,Sst,407.7637825586967,214.31729932585702,5.37211275100708
20181010_sample_8,Sst,533.5585146604312,256.4886907084716,5.550975799560547
20181010_sample_10,Sst,293.17291496652695,259.7423693681915,5.563532829284668
20181011_sample_3,Sst,191.00442867229384,204.04594608474542,5.3232340812683105
20181011_sample_4,Sst,449.7941155942778,232.27000398717075,5.4521965980529785
20181011_sample_8,Sst,274.08634635309375,259.67797352653423,5.563285827636719
20181011_sample_9,Sst,242.46295618265867,171.91960682218402,5.15282678604126
20181011_sample_10,Sst,143.32235146562263,176.68616955449605,5.180018901824951
20181109_sample_1,Sst,269.4355738734206,308.4101608245265,5.734667778015137
20181109_sample_2,Sst,170.91816042363644,209.4396299087948,5.349198818206787
20181109_sample_3,Sst,273.3472176678479,332.7459190234572,5.810379981994629
20181109_sample_5,Sst,187.1058633540358,243.9023935266916,5.50085973739624
20181109_sample_7,Sst,337.73177084326755,258.820591388175,5.559991359710693
20181109_sample_8,Sst,206.47028975002465,261.9237662816788,5.571864128112793
20181109_sample_9,Sst,242.900692075491,257.2828271922498,5.554055213928223
20181109_sample_10,Sst,180.4078539088369,189.52956088698534,5.249807357788086
20181112_sample_1,low quality,274.7923682332039,192.6530162692612,5.266067981719971
20181112_sample_4,Sst,188.8819560681781,180.90707491707676,5.203495979309082
20181112_sample_5,low quality,247.63450755178928,175.3927076537739,5.172712802886963
20181112_sample_6,Sst,343.57853584860766,258.35752413907943,5.5582075119018555
20181112_sample_8,Sst,142.94766606721618,262.6628670895773,5.574671268463135
20181112_sample_11,Sst,274.8041082868973,236.9827065533538,5.472198009490967
20181114_sample_1,Pvalb,211.49940150727835,185.85142417464974,5.230313777923584
20181114_sample_2,Pvalb,316.3287552967668,151.58188120193515,5.027701377868652
20181114_sample_4,Pvalb,236.3804920266072,164.67416893050967,5.110023021697998
20181116_sample_2,Pvalb,265.38668390239275,152.86646698762198,5.03608512878418
20181116_sample_3,Pvalb,209.33599020540711,182.24455532093265,5.210821628570557
20181116_sample_4,Pvalb,265.38668390239275,207.02919542354383,5.3376784324646
20181116_sample_5,Pvalb,109.82961420714852,167.3919227595877,5.126294136047363
20181116_sample_7,low quality,108.5058075735966,204.083103391029,5.323415279388428
20181116_sample_10,low quality,163.12945186843473,177.2643557794897,5.183267593383789
20181116_sample_12,Pvalb,186.5576711048683,145.43662919073103,4.986592769622803
20181121_sample_1,Sst,266.9737269741793,261.7937878412708,5.571369647979736
20181121_sample_2,Sst,178.97592961539823,253.54043546457456,5.539459705352783
20181121_sample_3,Pvalb,159.22260234256578,230.92952272529865,5.4464335441589355
20181121_sample_4,low quality,236.30970442046728,229.12474259218024,5.438621520996094
20181121_sample_5,Sst,225.4539813378028,304.5767182073995,5.722200870513916
20181121_sample_6,Sst,142.0573837086559,212.51092281712187,5.363687992095947
20181121_sample_7,Sst,168.57003754625725,273.22915276133693,5.613964080810547
20181126_sample_2,Sst,270.1336789776881,283.04664016836773,5.649138450622559
20181126_sample_6,Sst,427.5264512499174,238.16855634489153,5.477168560028076
20181127_sample_1,Sst,214.71677572280169,285.97475901847855,5.659394264221191
20181127_sample_3,Sst,420.06835623954737,359.2083126597282,5.886682510375977
20181127_sample_4,Sst,211.36001942182577,304.4544916882286,5.721800804138184
20181127_sample_5,Sst,175.2456422025959,304.43643136774705,5.721741676330566
20181127_sample_7,Sst,254.4889634636541,206.43101215884639,5.334798812866211
20181129_sample_1,Sst,289.1237523841361,257.962942122834,5.556684970855713
20181129_sample_2,low quality,307.6993857274453,206.47325137658493,5.335002422332764
20181129_sample_3,Sst,227.6600539591164,222.82422082167773,5.410861015319824
20181129_sample_4,Sst,183.3126540506879,316.3720088987044,5.760074615478516
20181129_sample_5,Sst,253.05977342681336,204.2593989441678,5.32427453994751
20181129_sample_6,Sst,637.1470197103918,300.53156456750133,5.708874702453613
20181203_sample_2,Sst,548.9060153756291,273.44852942645167,5.6147637367248535
20181203_sample_3,Sst,219.81910993903875,263.431784115109,5.577583312988281
20181203_sample_4,Sst,219.26476548363763,292.4000838032051,5.68153715133667
20181203_sample_5,Sst,301.41375816240907,319.8331577805464,5.770921230316162
20181203_sample_6,Pvalb,174.24518925448257,274.6003468003339,5.618951797485352
20181203_sample_7,Sst,187.36455975472927,274.4619999759349,5.618449687957764
20181203_sample_8,Sst,206.40094983453548,266.69646987783574,5.589853763580322
20181203_sample_9,Sst,267.3406976660093,276.43799782457927,5.6255974769592285
20181203_sample_10,low quality,168.7538526964684,265.8109145113948,5.586540222167969
20181205_sample_1,Sst,271.6193995686869,271.9673283955477,5.609352111816406
20181205_sample_2,Sst,218.22786206007,210.4413467014451,5.353947639465332
20181207_sample_1,Pvalb,203.43931257228053,187.60754397997638,5.239668369293213
20181207_sample_2,Pvalb,192.1682293837269,210.78159563287446,5.355555534362793
20181207_sample_3,Pvalb,160.7511748770873,205.2398992137776,5.329040050506592
20181207_sample_4,Pvalb,214.56430829564735,215.0476038652922,5.3754987716674805
20181207_sample_5,Pvalb,215.05847698574263,188.4910606920484,5.244341850280762
20181207_sample_6,low quality,282.8794716695945,144.0858214573668,4.977325439453125
20181207_sample_7,Pvalb,197.62595299631352,205.55917028102104,5.330586910247803
20181208_sample_1,low quality,294.3129092082381,152.9521861385366,5.036642074584961
20181208_sample_2,Sst,217.52969612500493,194.66283272283832,5.276392936706543
20181208_sample_3,Sst,243.56923355720943,211.99526829105668,5.361269950866699
20181208_sample_4,Sst,264.3403370951612,279.5283756984059,5.636674880981445
20181208_sample_5,Sst,278.4408737280006,365.57982073383187,5.904216289520264
20181208_sample_6,Sst,309.96615144113696,224.7789939047548,5.419556617736816
20181208_sample_7,Sst,300.3598359289269,283.6315469452989,5.651195526123047
20181208_sample_8,Sst,227.96700526561068,235.14523575540122,5.464447021484375
20181208_sample_9,Sst,231.0708661476771,265.9282420809872,5.586979866027832
20181208_sample_10,Sst,289.3099152240902,237.4378515775715,5.474108695983887
20181211_sample_1,CT,110.9695601463318,99.54738226584624,4.610629081726074
20181211_sample_2,Pvalb,250.26550213744247,202.37945896514165,5.315073490142822
20181211_sample_4,Pvalb,82.07362831632295,203.65151643859878,5.321308612823486
20181211_sample_5,low quality,220.40656284242868,184.86336845165675,5.225011825561523
20181211_sample_6,Pvalb,102.05182454238336,183.20630399775203,5.2160563468933105
20181211_sample_7,Pvalb,241.5911983946959,204.5513727028846,5.325695991516113
20181211_sample_8,Pvalb,315.2568384036421,228.4424547000772,5.435652256011963
20181211_sample_9,Pvalb,155.59425925463438,235.30766486303145,5.465134620666504
20181213_sample_1,Sst,517.1195215752555,285.5443091303627,5.657893180847168
20181213_sample_2,Sst,351.0987848391136,228.73179886577051,5.436912536621094
20181213_sample_3,Sst,355.9765268510414,284.36661964721503,5.653774738311768
20181213_sample_4,Sst,199.06147579352063,209.76871894915777,5.350761413574219
20181213_sample_5,IT,229.25898948435983,147.4035348430183,4.999935150146484
20181213_sample_6,Sst,228.38427761942148,197.28299201950557,5.2896952629089355
20181213_sample_7,Sst,413.7293560374528,266.72046870681584,5.5899434089660645
20181214_sample_1,low quality,108.9400314092636,189.18264239033292,5.247984886169434
20181214_sample_2,Sst,392.2339893989264,252.953661035572,5.53715181350708
20190108_sample_1,Pvalb,88.58438852926099,148.55820696686783,5.007685661315918
20190108_sample_2,Vip,810.4638124754031,365.32470318353,5.903520107269287
20190108_sample_3,IT,132.6042961776256,239.65918156232385,5.483381748199463
20190108_sample_5,Vip,247.2093370060127,271.7024492689838,5.608381271362305
20190108_sample_6,Lamp5,180.6283570391436,266.83921796782437,5.590386867523193
20190109_sample_2,Sst,234.52293654105492,209.02831508087655,5.34724235534668
20190110_sample_1,Sst,331.15370635688305,225.4056885544915,5.422328472137451
20190110_sample_3,Sst,222.1269235995909,200.46072400026452,5.305594444274902
20190110_sample_4,Sst,222.09672573581335,222.1760432692838,5.407960891723633
20190110_sample_6,IT,69.02982041417135,111.19593829338248,4.7202467918396
20190110_sample_7,IT,69.0082400114764,149.87941214457544,5.016480922698975
20190117_sample_1,Vip,218.66417528688908,270.276330190575,5.603137969970703
20190117_sample_2,IT,154.2215023748576,105.6645327684357,4.669688701629639
20190117_sample_3,Sst,389.90477223392753,313.8567060253034,5.75211763381958
20190117_sample_4,IT,149.5418896054228,138.12831979854482,4.935396671295166
20190117_sample_5,Sst,226.6541741916112,211.0349172498257,5.356750965118408
20190122_sample_1,Pvalb,121.43589787185188,123.83192007383511,4.826968193054199
20190122_sample_2,IT,56.953362538055984,136.74577745152607,4.92540979385376
20190122_sample_3,Pvalb,169.70511574794853,163.0850989131806,5.1003851890563965
20190122_sample_5,Pvalb,137.3624359170596,157.12313145253282,5.063374042510986
20190122_sample_6,IT,84.84614367534712,130.6743088260996,4.880331516265869
20190122_sample_9,Pvalb,144.0235239764055,210.5102200872472,5.354273319244385
20190122_sample_10,Pvalb,139.3623145495851,177.3721722619812,5.183872222900391
20190122_sample_11,low quality,155.62308599551525,239.81300272192277,5.484020709991455
20190122_sample_12,Pvalb,141.90274892002344,185.91888330963218,5.230674743652344
20190122_sample_13,Pvalb,364.0492531955242,152.5168933761663,5.033810615539551
20190122_sample_14,Pvalb,156.1911644687256,173.51183294146185,5.16199254989624
20190122_sample_16,Pvalb,187.20331799735632,183.54848072366744,5.217912197113037
20190122_sample_17,Pvalb,223.65054043009883,150.09295171679526,5.017895221710205
20190123_sample_5,Pvalb,140.9444566071034,166.2428176777709,5.119446754455566
20190123_sample_7,Pvalb,190.49809749424463,209.33670067272473,5.348709583282471
20190123_sample_8,Pvalb,168.75504911690945,162.67523304627213,5.097884178161621
20190124_sample_4,Pvalb,177.6271686429779,166.07726392851052,5.1184563636779785
20190128_sample_2,Pvalb,157.2569152836998,159.32710722008005,5.077216148376465
20190128_sample_3,low quality,178.6146816971401,224.02094466228914,5.41619348526001
20190128_sample_4,Pvalb,167.71369311710205,172.1118325575668,5.153937816619873
20190128_sample_6,Lamp5,320.9627125412225,319.6971827858338,5.7704973220825195
20190128_sample_7,Pvalb,154.72101603200036,175.58424729196008,5.173798084259033
20190128_sample_11,Pvalb,293.5888986065984,267.24451076012537,5.5918989181518555
20190128_sample_12,Pvalb,156.7847818136216,159.05769495741777,5.075534343719482
20190130_sample_2,low quality,127.88446741799508,237.7392226516676,5.475371837615967
20190130_sample_3,Lamp5,279.56540151188767,293.6553223493648,5.6858062744140625
20190130_sample_6,Pvalb,208.1272488857309,176.98007741892604,5.181671619415283
20190130_sample_8,CT,121.23093911508718,132.64358068941175,4.895176410675049
20190130_sample_9,Sst,301.7723696269095,216.5811092783592,5.382571697235107
20190130_sample_10,Sst,252.43150965496895,319.1637819852731,5.768832683563232
20190130_sample_15,Pvalb,130.65563769798194,129.38455077332642,4.870488166809082
20190130_sample_17,Sst,323.7652210791906,220.71271035146546,5.4013824462890625
20190130_sample_18,Sst,196.8442963634928,215.52201378966186,5.377692222595215
20190131_sample_1,Sst,310.0882750339806,236.13844866387745,5.468644142150879
20190131_sample_3,Pvalb,104.3655303965012,165.38074280171062,5.114278793334961
20190131_sample_4,Sst,210.15097489953044,241.3932689109751,5.490561485290527
20190131_sample_5,Sst,243.85956190526488,186.30682199595847,5.232748031616211
20190131_sample_6,Sst,197.7908484091361,224.42851054593217,5.418003082275391
20190131_sample_10,Sst,209.6327057008942,227.6127957311265,5.432029724121094
20190201_sample_2,Pvalb,162.30059105282027,212.34737690960168,5.362921714782715
20190201_sample_3,Pvalb,165.12606631343556,191.2176585790857,5.2586283683776855
20190201_sample_4,Pvalb,198.0505842020114,163.41380886262016,5.102386474609375
20190201_sample_7,Pvalb,186.78454413016632,231.56685730799364,5.4491777420043945
20190201_sample_8,Pvalb,200.9091420595845,176.1150947666485,5.176799774169922
20190201_sample_10,Pvalb,178.63313282281163,185.94188023042562,5.23079776763916
20190204_sample_1,Sst,119.51122349252302,167.14800119603976,5.124844551086426
20190204_sample_2,CT,233.75992957378432,163.29116080142785,5.101640224456787
20190204_sample_4,Sst,192.3801746219397,284.28947645384653,5.653504371643066
20190204_sample_5,Sst,251.4957705798249,264.8046829713644,5.582761764526367
20190204_sample_6,Sst,207.21958265826103,287.40844561506435,5.664377689361572
20190204_sample_7,Pvalb,136.77817450712124,170.01133343354394,5.141729831695557
20190204_sample_8,Pvalb,180.27655761937305,166.0839562289469,5.118496417999268
20190204_sample_9,Pvalb,189.8737324724595,161.57645386751855,5.091148376464844
20190204_sample_10,Pvalb,188.7960593849421,159.9809368831678,5.0812859535217285
20190204_sample_11,Sst,365.22558454051614,216.223359843807,5.380926132202148
20190204_sample_14,Sst,332.60070549886825,218.21140480642472,5.390036582946777
20190204_sample_15,Sst,265.8085290938615,270.57970696503463,5.604255676269531
20190204_sample_16,Sst,245.21766390030584,217.34553579300962,5.386078834533691
20190204_sample_17,Sst,237.5529968703077,241.62685726774006,5.491524696350098
20190204_sample_18,Sst,587.1243446792165,236.74588032250813,5.471202373504639
20190204_sample_19,low quality,181.7816859719654,173.59298518782862,5.162457466125488
20190204_sample_20,low quality,190.53437366336584,216.70076679256604,5.383121490478516
20190204_sample_21,Pvalb,192.67775318895772,156.0536111319976,5.056587219238281
20190204_sample_22,IT,205.3978977476557,173.22572929174504,5.160351753234863
20190204_sample_24,CT,219.0045191906393,183.6808795517097,5.218629360198975
20190205_sample_1,Pvalb,495.7903483795623,287.7234095960794,5.665469169616699
20190205_sample_2,Sst,257.2626508027316,242.64837711647178,5.495726108551025
20190205_sample_3,low quality,235.24235665425653,206.74479653474424,5.336310386657715
20190205_sample_4,Sst,293.5493190300961,249.14025248057092,5.522021770477295
20190205_sample_5,Sst,345.9623720472057,306.3623496931184,5.72802734375
20190205_sample_6,Sst,143.32743957887095,250.5129377448153,5.527494430541992
20190205_sample_7,Pvalb,111.8723124451936,167.56987130706386,5.127350330352783
20190211_sample_1,Pvalb,288.4855393692851,138.4870258043518,4.937971591949463
20190211_sample_2,IT,238.69796034942064,139.7445606695368,4.946946620941162
20190211_sample_3,Pvalb,162.61672057211393,213.0478297189344,5.366199493408203
20190211_sample_4,IT,160.71622523665422,141.61488104160046,4.960147857666016
20190211_sample_6,Pvalb,146.36921294530225,135.97022481133928,4.919763565063477
20190211_sample_8,Pvalb,230.069489064316,274.28657156952937,5.617812633514404
20190211_sample_9,Pvalb,165.32466798754675,186.73495005357233,5.2350311279296875
20190211_sample_11,Pvalb,183.89083418374264,174.32522291537074,5.166642665863037
20190211_sample_12,low quality,191.4054583633939,213.71290194138797,5.369301795959473
20190212_sample_1,Sst,211.40516277828385,229.158762035257,5.438769340515137
20190212_sample_4,Sst,221.1129648387432,197.01106749417738,5.288322925567627
20190212_sample_5,Sst,562.4555143175918,259.54028445668814,5.56275749206543
20190212_sample_6,Sst,262.8710152123656,249.53907175272468,5.523614883422852
20190212_sample_7,Sst,282.531312637031,294.33149302745517,5.688098430633545
20190212_sample_8,Sst,179.92698606724542,223.7571454777585,5.41502046585083
20190213_sample_1,Pvalb,135.07872874041396,151.9501099873721,5.030111789703369
20190213_sample_4,Pvalb,161.0575920343399,157.70197076818744,5.067028045654297
20190213_sample_7,Pvalb,196.841331194554,178.20150425314677,5.188510894775391
20190213_sample_8,Pvalb,140.765366041412,171.66138742883007,5.151332378387451
20190214_sample_1,Pvalb,123.17198731501892,215.96073583839177,5.379716396331787
20190214_sample_2,Pvalb,134.5610768347979,189.16758908509038,5.247905731201172
20190214_sample_3,Pvalb,180.39713181679448,147.3671664396561,4.999690055847168
20190214_sample_6,Pvalb,211.3470611845454,173.47064700768766,5.16175651550293
20190214_sample_9,Pvalb,102.77393882224958,163.43239038392585,5.102499485015869
20190218_sample_3,Sst,314.538640388598,282.7200017664204,5.6479878425598145
20190218_sample_4,Sst,221.7938975294431,262.6173588380743,5.574498653411865
20190218_sample_5,Sst,176.75255360826853,230.57192099345656,5.44489049911499
20190219_sample_1,Vip,570.13075898091,273.8732602540062,5.616310119628906
20190219_sample_3,Sncg,574.3723582029343,344.5741422856588,5.845207214355469
20190219_sample_4,Vip,410.9124541282654,278.65997375841386,5.633574485778809
20190219_sample_7,Vip,334.8309439669054,302.4985563884804,5.715376853942871
20190219_sample_8,IT,185.8844633400437,141.84532882522203,4.961762428283691
20190221_sample_1,Sst,317.6863952664038,256.3182055093286,5.550313472747803
20190221_sample_2,Sst,207.70238741363087,232.66120020652863,5.453872203826904
20190221_sample_4,Sst,257.8509023810427,261.6969411823409,5.571001052856445
20190221_sample_10,Sst,190.1000056502276,247.02411090479458,5.51352596282959
20190221_sample_11,Pvalb,195.74949037035307,145.40569935086688,4.986381530761719
20190222_sample_2,CT,261.21304262677825,163.5190534720213,5.103026390075684
20190222_sample_3,IT,200.62249904870987,165.6224979749221,5.1157307624816895
20190222_sample_4,CT,405.7951919798341,230.35526383234847,5.4439544677734375
20190222_sample_5,CT,240.64467323074737,145.14093391739232,4.98457145690918
20190222_sample_7,Vip,476.96421441932506,224.04476615632208,5.416299343109131
20190222_sample_8,IT,134.0104328468442,154.81766419176756,5.048686504364014
20190226_sample_1,Pvalb,167.34792329867673,233.08809912007231,5.455697536468506
20190226_sample_2,Lamp5,178.20358385890725,342.7954583222045,5.8400468826293945
20190226_sample_3,CT,336.5436050469676,241.26177214221806,5.490018844604492
20190226_sample_5,IT,103.51941020290052,120.55245495949686,4.8003458976745605
20190226_sample_6,IT,223.3228639935454,135.7654926827994,4.918267726898193
20190226_sample_7,Lamp5,280.7568797692657,353.6278587637798,5.871068954467773
20190226_sample_9,Pvalb,194.97371757030487,185.48487983120057,5.2283501625061035
20190227_sample_1,Sst,375.3058263744987,227.52124476369977,5.431629180908203
20190227_sample_2,Sst,240.41323731342965,270.2714147590022,5.603119850158691
20190227_sample_3,Sst,224.37423955649132,251.1232849363024,5.529918193817139
20190227_sample_4,Sst,306.0698191449046,281.2555112255507,5.642812728881836
20190227_sample_5,Sst,192.41487534557072,251.11931764974307,5.529902458190918
20190227_sample_6,Sst,309.75198451429605,248.89216188701462,5.521029472351074
20190227_sample_7,Pvalb,110.61647235850492,155.908692934007,5.0556640625
20190318_sample_3,Sst,210.84274525609283,230.71032122201115,5.445487976074219
20190318_sample_4,Sst,259.07816032071906,222.26704974836662,5.4083685874938965
20190318_sample_5,Sst,385.9852546098797,210.13023410546722,5.352475166320801
20190318_sample_6,Sst,285.69204974547034,266.43402744525525,5.588872909545898
20190320_sample_4,IT,207.8925778145591,154.1854713223056,5.044620990753174
20190320_sample_5,CT,182.75563158343235,176.5487102332071,5.1792449951171875
20190320_sample_6,CT,262.8104664981365,156.68093268569714,5.060573577880859
20190320_sample_9,IT,197.5597217679024,230.13969110051642,5.44302225112915
20190321_sample_2,low quality,350.6908935631315,172.5709015186281,5.156586170196533
20190321_sample_4,IT,171.06862203280136,191.4529013901265,5.259851455688477
20190321_sample_6,CT,131.99264203508687,136.69613057800063,4.925049304962158
20190322_sample_1,IT,205.1664520390332,149.8674697621515,5.016401767730713
20190322_sample_2,IT,80.59279442578554,105.92878045693716,4.672163009643555
20190322_sample_3,CT,230.79505990693968,203.05010448000166,5.318365573883057
20190322_sample_4,CT,110.9626392597954,164.25655128232273,5.107499122619629
20190325_sample_1,Lamp5,177.27597013426316,249.45319017790328,5.5232720375061035
20190325_sample_2,low quality,114.6773725748062,241.25796003151711,5.4900031089782715
20190325_sample_3,IT,133.49629345660406,186.41054524831677,5.233301639556885
20190325_sample_4,CT,154.14251474042734,138.61139325857133,4.9388628005981445
20190325_sample_5,CT,130.73794023754698,126.57279871058064,4.848687171936035
20190325_sample_6,CT,258.3032313423853,124.20832409918546,4.829978942871094
20190325_sample_7,IT,257.9097662555675,189.02002100272435,5.247129440307617
20190325_sample_9,CT,180.12246205161017,202.68410361760095,5.316570281982422
20190326_sample_1,CT,147.6003444616993,137.3071884873238,4.929477214813232
20190326_sample_2,Vip,523.2133824626605,348.09290723547866,5.855338096618652
20190326_sample_3,Vip,499.7226969401041,305.1012880165973,5.723916053771973
20190326_sample_4,CT,186.49861511339736,153.83231038779346,5.042342662811279
20190327_sample_1,CT,169.75971734949525,250.85569320264537,5.52885627746582
20190327_sample_2,IT,125.21776568321955,117.7576459065023,4.777084827423096
20190327_sample_4,CT,192.5978722373644,184.24039521330778,5.221654415130615
20190327_sample_7,Vip,352.95207229753345,284.0757070116637,5.652754783630371
20190328_sample_1,CT,206.5634403675794,180.25725425990106,5.199917316436768
20190328_sample_2,CT,190.76878202706584,172.3227012155122,5.155155181884766
20190328_sample_3,CT,290.4004368881384,182.8490688158941,5.214115142822266
20190328_sample_4,CT,222.37077515323955,152.88092140853888,5.036179065704346
20190328_sample_5,CT,193.48795229196548,150.66644866863206,5.021683692932129
20190328_sample_6,CT,168.52444859097395,164.40839068964164,5.108417510986328
20190328_sample_8,IT,160.9546898230911,149.0281244688117,5.010822772979736
20190328_sample_9,CT,200.9925062432885,180.35710862871886,5.200468063354492
20190329_sample_3,CT,155.280312374234,144.09834399600834,4.97741174697876
20190329_sample_4,CT,150.15472993503016,187.64693966117503,5.239877223968506
20190329_sample_5,CT,158.7540778890252,104.38064075226303,4.657578945159912
20190402_sample_2,CT,260.0325176368158,152.1652655837669,5.031517505645752
20190402_sample_3,IT,175.6331964582205,199.7968654658335,5.30229377746582
20190402_sample_5,low quality,213.27375689148897,194.61917351784012,5.276169776916504
20190402_sample_6,Vip,385.2889227867126,257.6565148916115,5.5555009841918945
20190403_sample_3,low quality,213.38086703916383,228.08125960341735,5.43407678604126
20190403_sample_5,IT,309.7129837051034,156.59787168898018,5.060046672821045
20190403_sample_6,Sst,203.2595750875771,218.17921250231694,5.389889717102051
20190403_sample_7,Sst,252.8784420602024,360.440393444344,5.890097141265869
20190408_sample_1,Pvalb,148.66266115506485,170.05684135104437,5.141995906829834
20190408_sample_2,Sst,475.383880186826,269.5134364549263,5.6003217697143555
20190408_sample_5,Sst,189.33613957216343,248.05184674901676,5.517661094665527
20190408_sample_6,Sst,370.32626131922007,187.45103197154074,5.238838195800781
20190409_sample_2,low quality,257.68882586061954,190.4146878237842,5.25444221496582
20190409_sample_3,low quality,242.6610193438828,216.39557831853364,5.381718635559082
20190409_sample_4,Sst,333.0320447012782,296.3043934930605,5.694756507873535
20190409_sample_5,CT,325.1102444988986,128.17670318128128,4.861181259155273
20190409_sample_7,Sst,386.6073458978015,199.48573619168053,5.300743103027344
20190409_sample_8,CT,264.5121616770823,205.4871829188432,5.330238342285156
20190409_sample_9,IT,256.41255596776807,141.11755235826783,4.9566545486450195
20190409_sample_10,CT,191.15587773174047,145.58152083273345,4.987581729888916
20190409_sample_11,IT,159.58710048596066,149.52420722837704,5.014123916625977
20190410_sample_3,CT,98.27477371692656,119.5015018316844,4.791662216186523
20190410_sample_4,Sst,266.46696354821324,250.46592929828714,5.527307510375977
20190410_sample_6,IT,77.06233275433381,125.57537182965596,4.8408379554748535
20190410_sample_7,CT,349.03765611102176,138.44353334786624,4.937659740447998
20190410_sample_10,CT,94.36268689483404,140.51961855325993,4.9524383544921875
20190411_sample_1,CT,211.9465114821991,202.9534125167338,5.317891597747803
20190411_sample_3,low quality,107.31457358743586,228.62315626213703,5.436439514160156
20190411_sample_5,CT,298.5795818691452,164.38504596854173,5.1082763671875
20190411_sample_6,Pvalb,198.6495512848099,171.29219720080738,5.149191856384277
20190411_sample_8,CT,259.18176947037387,184.7274650185418,5.22428035736084
20190412_sample_1,Pvalb,206.46007584407928,156.824682683134,5.0614848136901855
20190412_sample_3,IT,110.6625445062916,162.67952565637566,5.097910404205322
20190412_sample_6,Pvalb,183.8431607137124,256.0126214910816,5.5491251945495605
20190415_sample_1,Pvalb,243.7855180973808,164.5126145688579,5.1090474128723145
20190415_sample_3,CT,209.68487885168628,171.52723944301988,5.15055513381958
20190415_sample_4,IT,162.76190501327312,163.5963436875714,5.103496074676514
20190415_sample_6,CT,255.98238893598315,171.82027769645,5.152252197265625
20190415_sample_8,Sst,289.28879460444057,220.15773726076495,5.398876190185547
20190415_sample_10,IT,154.90288572385913,173.9008740475301,5.164219379425049
20190416_sample_3,CT,222.18307310094437,133.63801381763335,4.902589797973633
20190416_sample_4,Pvalb,133.6498883590102,215.34357546915976,5.376867771148682
20190416_sample_5,Sst,257.57274764527875,247.16394203364155,5.514089584350586
20190416_sample_6,IT,313.0411710590124,118.50139636134232,4.783328056335449
20190416_sample_7,Sncg,341.30339774986106,330.1756903609567,5.802649021148682
20190416_sample_8,Pvalb,196.75676424056297,168.26328828079363,5.131455421447754
20190416_sample_9,IT,180.2302817478776,180.70360988732088,5.202376842498779
20190416_sample_10,CT,183.98463735729453,161.78791759349522,5.0924482345581055
20190417_sample_2,CT,212.3167086268465,223.19701061871464,5.412525177001953
20190417_sample_3,CT,297.2981950889031,215.3315060091207,5.376811981201172
20190417_sample_4,Sst,253.49034597103795,199.81496254116277,5.302383899688721
20190417_sample_5,Sst,201.57688754300293,319.9361333229024,5.771242141723633
20190417_sample_9,CT,160.7765167242004,186.95502713152337,5.236202716827393
20190417_sample_10,Sst,302.1982890740037,310.17530819579474,5.7403564453125
20190418_sample_2,Sst,288.52193937947345,209.06226843940834,5.3474040031433105
20190418_sample_4,CT,222.3491535012921,182.00974695132513,5.209539413452148
20190418_sample_5,IT,188.41294438888636,148.03666541658092,5.004192352294922
20190418_sample_7,CT,188.18012980123365,188.17219055596098,5.242657661437988
20190418_sample_8,Pvalb,161.70412712295845,203.4321644054499,5.3202362060546875
20190418_sample_9,CT,198.9936183219155,204.85102530404373,5.327152729034424
20190418_sample_10,CT,266.2277135526141,217.23884372202608,5.385590076446533
20190422_sample_1,Pvalb,154.75398097808164,182.359056014071,5.211446285247803
20190422_sample_4,Pvalb,153.66645856201646,199.1240292744983,5.2989373207092285
20190422_sample_5,Pvalb,228.6729485740265,212.79230713035238,5.365005016326904
20190422_sample_6,CT,152.78490014125902,164.3471178235893,5.108047008514404
20190422_sample_7,IT,192.24086045225465,140.15878172953745,4.949885368347168
20190422_sample_8,Pvalb,245.8947743574778,190.26505757512538,5.253660202026367
20190422_sample_10,CT,150.97767060995105,189.1820075883372,5.247981548309326
20190423_sample_1,IT,182.5889056151112,122.08102100980946,4.812842845916748
20190423_sample_3,CT,222.3243519204358,182.61558712827534,5.212844371795654
20190423_sample_5,CT,339.1135997381692,226.52213361215823,5.427247524261475
20190423_sample_7,CT,279.7479729925593,131.6549110411353,4.88775110244751
20190423_sample_8,Pvalb,160.99406866977614,205.42653999656403,5.329944610595703
20190423_sample_10,Pvalb,132.36720257749164,157.54729082878467,5.0660529136657715
20190424_sample_1,CT,220.2094982092579,115.23630696197522,4.755625247955322
20190424_sample_2,Pvalb,160.95995950450495,165.84646407868078,5.117074012756348
20190424_sample_3,CT,188.34630717337137,134.6178576796868,4.909841060638428
20190424_sample_4,CT,133.08150022973624,149.77786012251164,5.015807628631592
20190424_sample_5,CT,144.05431476483744,140.10689544884502,4.949517726898193
20190424_sample_6,IT,120.83220232774812,143.98236162625022,4.976612091064453
20190424_sample_7,Lamp5,205.71835635354125,293.50446118296287,5.685294151306152
20190425_sample_1,IT,159.01573273291186,159.7246036062316,5.079692363739014
20190425_sample_4,Lamp5,174.72994986921557,273.67685684822936,5.61559534072876
20190425_sample_6,Sst,398.2347040250896,207.77439815988706,5.341254234313965
20190425_sample_7,IT,142.75075977047285,159.70191992598154,5.0795512199401855
20190425_sample_8,CT,297.65067971746134,112.00723026371406,4.727451801300049
20190425_sample_9,CT,187.15049561361468,152.72441636403926,5.03516149520874
20190425_sample_12,CT,255.9422627637784,172.99716753339584,5.15903902053833
20190425_sample_13,CT,378.17275517930585,154.65310312129117,5.0476298332214355
20190425_sample_14,CT,205.7594841942191,212.6550324963052,5.364362716674805
20190425_sample_16,IT,221.86423507829505,165.97189554717022,5.117825508117676
20190429_sample_1,Pvalb,248.61940792823836,148.44414662633375,5.006922721862793
20190429_sample_4,Pvalb,166.46570117771626,143.9494580633278,4.976385116577148
20190429_sample_5,Pvalb,95.76020498893088,170.26120524236848,5.143189907073975
20190429_sample_6,Pvalb,191.22758365422484,175.24305430995037,5.171864032745361
20190429_sample_7,CT,219.91793412342665,170.54603985956678,5.1448516845703125
20190430_sample_1,Vip,471.8033682058255,251.3498844835137,5.530816555023193
20190430_sample_3,Vip,328.6770893136661,286.6084806058327,5.661600112915039
20190430_sample_4,Vip,332.1282967428367,337.1914695774739,5.823612213134766
20190430_sample_5,Vip,574.3531922747692,318.6484913930371,5.767221927642822
20190430_sample_6,Vip,364.0239208936691,180.53585981417592,5.20145320892334
20190430_sample_7,IT,170.81605369846025,102.80253443572899,4.642490386962891
20190430_sample_8,Vip,291.509123891592,231.82516775069874,5.450287818908691
20190430_sample_9,IT,77.32570791244498,121.98621514119716,4.812072277069092
20190430_sample_10,IT,198.34049567580223,108.49407075946536,4.695870399475098
20190501_sample_1,Vip,469.6482635128001,343.51227023460694,5.842129707336426
20190501_sample_3,Vip,439.4536492725213,264.7223111300768,5.582451820373535
20190501_sample_4,Vip,739.6724175910156,266.5930952673217,5.589467525482178
20190501_sample_5,CT,107.46961772441868,102.27357691821437,4.637381553649902
20190501_sample_6,Vip,484.98024776577967,334.97479823123473,5.817036151885986
20190501_sample_7,Pvalb,119.24594439566138,114.96437406827246,4.7532830238342285
20190501_sample_8,Vip,484.10812869668,335.8276903715462,5.819571495056152
20190501_sample_9,Pvalb,189.85257808491596,217.35927944048768,5.386141777038574
20190501_sample_11,Pvalb,229.4406954534352,211.98409653762144,5.361217498779297
20190501_sample_12,IT,194.23636312286044,124.05819895411334,4.828779220581055
20190501_sample_14,Pvalb,323.74114081263554,131.8589379707361,4.889287948608398
20190503_sample_1,Vip,564.2698686321576,301.14152647994484,5.710895538330078
20190503_sample_3,Vip,383.0520335833233,244.54610400370407,5.503484725952148
20190506_sample_1,Vip,508.4635237107674,301.5568840331176,5.712269306182861
20190506_sample_2,Vip,660.7596045484146,322.45419202215805,5.779057502746582
20190506_sample_3,Vip,417.4616435915231,288.9226940008622,5.669614315032959
20190506_sample_4,CT,195.8961337792377,161.33019655190665,5.089632511138916
20190506_sample_5,Vip,441.748164554437,295.7648977130338,5.6929402351379395
20190506_sample_6,CT,165.99822324514395,219.75273481481514,5.397043228149414
20190506_sample_7,Vip,300.80954071814386,245.53206482024297,5.5074920654296875
20190507_sample_2,Vip,206.02164937679967,293.92296078806294,5.686714172363281
20190507_sample_3,CT,196.2502139856417,139.70503711282655,4.9466657638549805
20190507_sample_4,Vip,469.6285344734788,391.91609723623884,5.973596096038818
20190507_sample_5,Vip,584.2302465071552,320.62245968406864,5.773378372192383
20190507_sample_6,Vip,564.5664582066238,358.66732955570944,5.88517951965332
20190508_sample_1,Lamp5,273.2711960623662,272.86861582233246,5.6126484870910645
20190508_sample_2,Sst,215.1866643773392,237.66922148078507,5.475078582763672
20190508_sample_3,Lamp5,277.9700967719158,293.7144798844188,5.686007022857666
20190508_sample_4,Sst,307.3671572034558,282.78102332359157,5.648202896118164
20190508_sample_5,low quality,189.4224390124176,249.36912881533627,5.5229363441467285
20190508_sample_6,Pvalb,155.38914899776378,201.79599971771123,5.312200546264648
20190508_sample_7,Sst,319.6749670629699,224.25486926820355,5.417232513427734
20190509_sample_2,Vip,655.5549998022615,340.97048298260563,5.834724426269531
20190509_sample_3,Lamp5,235.6373673391839,196.96367481122255,5.288083553314209
20190509_sample_4,Vip,337.0609245449305,314.21032312861803,5.75324010848999
20190509_sample_5,Lamp5,232.59963859741885,246.48764097173472,5.5113606452941895
20190509_sample_9,Vip,326.360335672895,255.44215776531726,5.546903133392334
20190513_sample_1,Lamp5,242.38188660171411,227.3384705629221,5.430829048156738
20190513_sample_2,Vip,307.011734948804,263.682193042608,5.5785298347473145
20190513_sample_3,Vip,375.6463185325264,322.15018360150583,5.7781171798706055
20190513_sample_4,Vip,510.3172708091636,304.3254712264086,5.721378326416016
20190513_sample_5,Lamp5,291.5376490963002,298.8578659756855,5.703308582305908
20190514_sample_2,Pvalb,249.25145211567485,154.52593998523923,5.046812534332275
20190514_sample_4,Lamp5,80.04832880305389,276.6147972432984,5.626234531402588
20190514_sample_7,Lamp5,249.5110598094761,272.55172500110115,5.611490726470947
20190514_sample_8,Pvalb,120.80804781367384,144.35789353951384,4.979198932647705
20190515_sample_1,Lamp5,329.03767839943373,344.29198495749,5.844390392303467
20190515_sample_2,low quality,588.7062276399561,267.6381192805359,5.59336519241333
20190515_sample_3,low quality,292.9385511664052,178.42321297366382,5.189747333526611
20190515_sample_4,Vip,452.9957227905591,306.91670601119785,5.72982931137085
20190515_sample_5,Lamp5,422.7822481282056,292.8888956188789,5.683201789855957
20190515_sample_6,Vip,604.5156547427176,273.7350164071965,5.615807056427002
20190515_sample_7,Lamp5,316.79409728199244,307.2451843132589,5.730895519256592
20190515_sample_8,Vip,458.6953377972047,176.74362399698018,5.180342197418213
20190515_sample_9,Lamp5,254.20685735841596,323.09845536261173,5.781047344207764
20190515_sample_10,Vip,556.6443478564421,149.17871802226435,5.011826038360596
20190515_sample_11,Lamp5,265.9037677124142,286.5602105284125,5.661432266235352
20190515_sample_12,Vip,479.984631339709,256.73043550474256,5.551914215087891
20190515_sample_13,Vip,348.8104053301116,307.0838394864001,5.730371952056885
20190515_sample_14,Vip,607.1514809628327,286.56089612619775,5.661434650421143
20190515_sample_15,Lamp5,260.6415535633762,275.14916209649675,5.620941162109375
20190516_sample_2,Sst,286.30456208313507,341.75032867404707,5.837002277374268
20190516_sample_3,Lamp5,160.2669696137309,228.14965058023856,5.434375286102295
20190516_sample_4,Sst,281.46058161432546,265.59548177543223,5.585732460021973
20190516_sample_5,Lamp5,237.94667768602585,285.2150714988988,5.65674352645874
20190516_sample_6,Sst,505.6707059678933,225.85318696989,5.42430305480957
20190522_sample_1,Lamp5,289.9502334358791,268.3872462164988,5.596149921417236
20190528_sample_2,Vip,327.04624823729193,263.2303676041523,5.576821327209473
20190528_sample_4,Vip,301.0387470585605,284.4827138728075,5.654181480407715
20190528_sample_6,Vip,289.1254247253139,291.22473192608203,5.677523136138916
20190528_sample_7,Lamp5,268.0978253247837,228.98937310003515,5.438033103942871
20190528_sample_8,Vip,586.3852985811731,248.36009345885498,5.518898010253906
20190528_sample_9,Vip,746.8099275231363,306.9465131576025,5.729926109313965
20190529_sample_2,Vip,880.0884580363829,273.94273601839365,5.616562843322754
20190529_sample_3,Sncg,275.53209114819765,229.89657235201167,5.441969871520996
20190529_sample_6,Vip,709.828515201807,350.64336439959214,5.862617492675781
20190603_sample_1,Lamp5,230.96948699094355,269.38228455523404,5.599836826324463
20190603_sample_2,Vip,943.7208421155808,354.94674670110044,5.874781131744385
20190603_sample_3,Vip,461.0265175588429,218.73466905471793,5.392420768737793
20190603_sample_4,Vip,263.8858808229367,334.7617927752414,5.816401958465576
20190603_sample_5,Lamp5,205.78424932807684,286.3628263758536,5.660745620727539
20190603_sample_6,Lamp5,274.03485810508334,290.64549798651825,5.675539016723633
20190603_sample_7,Lamp5,224.914196961456,294.85215911326287,5.689859867095947
20190603_sample_9,Sncg,301.5005957856775,278.3108089720101,5.632325172424316
20190603_sample_10,Vip,403.8566540579002,316.67785239994896,5.761037826538086
20190604_sample_2,Pvalb,160.20009883173884,140.46544103058406,4.95205545425415
20190604_sample_4,Lamp5,240.51025677472356,221.45409889736808,5.404720783233643
20190604_sample_6,Lamp5,242.85183245937023,290.3769434713396,5.674617767333984
20190604_sample_8,Pvalb,327.6719325880209,220.83834231244717,5.401948928833008
20190604_sample_12,IT,180.8666128388473,138.15538978516287,4.935591220855713
20190605_sample_1,low quality,252.6428704236945,230.60615437356023,5.445038318634033
20190605_sample_2,Vip,461.3289338760078,270.62607167018695,5.604426383972168
20190605_sample_4,Vip,334.83334063986933,304.8857803036261,5.723211765289307
20190605_sample_5,Lamp5,277.5180068401,244.99319174368316,5.505303859710693
20190605_sample_6,Vip,356.4189061533127,267.54488111268745,5.593018054962158
20190606_sample_1,Pvalb,199.73944189026943,231.57195860382987,5.449199676513672
20190606_sample_2,Pvalb,242.0736105243365,208.94010207340938,5.346822261810303
20190606_sample_3,Pvalb,237.12788884590063,200.0738620996979,5.3036723136901855
20190606_sample_5,Pvalb,218.31907030443352,199.75100769529325,5.302065372467041
20190606_sample_6,IT,62.16783748779981,121.67737166900316,4.809557914733887
20190606_sample_7,low quality,259.564751756688,249.14156452185048,5.522027015686035
20190606_sample_9,Sst,345.06614004820585,225.81500545716497,5.424134731292725
20190607_sample_2,Sst,418.4453936293721,311.593332197011,5.744903087615967
20190607_sample_3,Lamp5,202.65396837251524,289.0741128033672,5.670136451721191
20190607_sample_5,low quality,188.8902799540332,181.37007436516174,5.206037998199463
20190610_sample_1,Sst,341.09821743021416,201.35475180120264,5.310022354125977
20190610_sample_2,Pvalb,254.07575672119856,269.002599632148,5.598431587219238
20190610_sample_3,Lamp5,199.97675381600857,262.76585536086066,5.575061798095703
20190610_sample_4,Pvalb,248.22167811294395,221.78519103788352,5.406208038330078
20190610_sample_5,low quality,270.1968011111021,188.1720101473875,5.242656707763672
20190610_sample_7,low quality,295.9960424005985,221.8719997003525,5.40659761428833
20190610_sample_8,Pvalb,238.75933950642747,221.14807285177582,5.40334415435791
20190610_sample_9,Lamp5,205.0309657504161,249.26564314974988,5.522522926330566
20190610_sample_10,Pvalb,217.52952940762043,229.93224752895256,5.442124366760254
20190610_sample_12,Pvalb,213.00464623297256,191.24304911250334,5.258760452270508
20190610_sample_16,Lamp5,192.2836981316408,278.33904578295824,5.6324262619018555
20190610_sample_18,Vip,293.1598872020841,344.3367721311581,5.844520092010498
20190611_sample_1,IT,220.63294276098404,219.65538791127594,5.396602153778076
20190611_sample_3,Lamp5,273.3743966395656,287.28841226753843,5.663961410522461
20190611_sample_4,Sst,271.65266090383136,242.38595038878614,5.494648456573486
20190611_sample_5,low quality,121.037696506828,178.2904797178844,5.18900728225708
20190611_sample_7,Lamp5,180.08385955542332,294.539423935047,5.688802242279053
20190611_sample_8,Sst,238.4034644402564,230.53603659263243,5.444735527038574
20190611_sample_10,Sst,249.6073940508067,225.33951957613226,5.422036170959473
20190611_sample_11,IT,108.3876021711954,149.61007525131583,5.0146942138671875
20190611_sample_14,Sncg,570.9456524490897,396.1906868264306,5.984416484832764
20190611_sample_15,Lamp5,293.0949395236869,305.9491768389246,5.726682186126709
20190612_sample_1,Lamp5,308.0494919295112,290.58640032551557,5.6753363609313965
20190612_sample_2,Pvalb,159.57435527443886,197.7017169620083,5.291804790496826
20190612_sample_4,Vip,332.94293950001395,282.15397997911754,5.64599084854126
20190612_sample_6,Pvalb,198.04456897079945,172.48501264849588,5.156091213226318
20190612_sample_7,Lamp5,206.5456113045414,261.1083612635602,5.568758010864258
20190612_sample_8,Lamp5,195.1808108215531,288.67230059474036,5.668750286102295
20190613_sample_2,Sst,245.57486737767857,209.77816638244218,5.35080623626709
20190613_sample_3,Sst,321.7784670343002,271.64367993575325,5.608165740966797
20190613_sample_4,Sst,421.4305920579604,297.9609883935433,5.700313091278076
20190613_sample_6,Pvalb,209.7600525443752,225.18254011769451,5.421342372894287
20190613_sample_7,Sst,249.6420277442252,262.7111496227107,5.574854373931885
20190613_sample_8,Pvalb,388.49186189783126,149.28495438653692,5.012533187866211
20190613_sample_9,Sst,150.24041957904893,222.1612515698839,5.407894611358643
20190613_sample_10,Sst,306.3862614606817,285.3813499617224,5.657324314117432
20190614_sample_2,Vip,879.8405524374297,385.83335158259473,5.957993984222412
20190614_sample_3,Lamp5,146.40001746692838,246.29783360690254,5.510593414306641
20190614_sample_4,Vip,383.417934725682,293.11292011879226,5.683963775634766
20190614_sample_6,Vip,541.8455980221431,341.201949429614,5.8354010581970215
20190614_sample_8,Vip,412.477540994684,268.8978196887272,5.598043441772461
20190617_sample_1,Lamp5,204.9490132778883,261.74103769230527,5.571168899536133
20190617_sample_2,CT,218.25631698966023,141.57945531936386,4.959899425506592
20190617_sample_3,Sst,345.414654991279,344.47874633439505,5.844931125640869
20190617_sample_4,Sst,303.27658580438725,264.58651671673675,5.581940650939941
20190617_sample_5,Sncg,281.2139088040567,312.14428139140045,5.746664047241211
20190617_sample_6,Sst,210.0600602626801,214.1968995784498,5.371553421020508
20190618_sample_1,low quality,276.420931853354,269.9225174875724,5.601832866668701
20190618_sample_2,Vip,287.4400868291656,316.6763375975169,5.761033058166504
20190618_sample_4,Vip,294.5158366064231,296.43867600506826,5.6952080726623535
20190618_sample_5,Vip,424.93306150039024,297.0292736007829,5.6971917152404785
20190618_sample_7,Lamp5,248.31093246738095,266.7301709717473,5.589979648590088
20190618_sample_8,Lamp5,260.61398557946086,319.3073201803959,5.769280910491943
20190619_sample_1,Lamp5,292.75992829849315,279.48383503903,5.636516094207764
20190619_sample_3,Pvalb,174.83834732820594,139.1154514298087,4.942466735839844
20190619_sample_4,Pvalb,208.0611293651164,179.73346767738178,5.197023391723633
20190619_sample_5,Pvalb,176.5965987071395,199.98778074990486,5.303244113922119
20190619_sample_6,Lamp5,245.32895746827128,235.79596157963334,5.467198848724365
20190620_sample_1,Lamp5,196.4975252225995,261.8707393491704,5.571662425994873
20190620_sample_2,Sst,355.0439495258033,239.9568110364633,5.484617710113525
20190620_sample_5,Sst,368.42785639067495,268.575753937681,5.59684944152832
20190620_sample_6,Sst,656.4990408470233,278.50492806688635,5.633019924163818
20190620_sample_8,Pvalb,183.56679686407253,139.7288572823402,4.946835041046143
20190624_sample_1,Sst,175.2718022589882,248.9158754278908,5.521124362945557
20190624_sample_2,Sst,451.66795348127664,209.63037262799122,5.350104808807373
20190624_sample_3,Sst,225.19717261567712,239.81817006381655,5.484042167663574
20190624_sample_4,Pvalb,193.48260087426752,179.1184985769884,5.193614959716797
20190624_sample_5,Sst,262.4681654560069,270.21735088969507,5.6029205322265625
20190624_sample_6,Sst,282.9891255795956,246.3242492759767,5.510700225830078
20190625_sample_1,Vip,426.6072811136644,326.4481954356171,5.791329860687256
20190625_sample_2,low quality,644.0008304268122,214.20880311751134,5.371608734130859
20190625_sample_3,Vip,251.65425373365483,316.54200335278324,5.760610103607178
20190625_sample_4,Vip,595.4668254653611,369.6200245869376,5.915177345275879
20190625_sample_5,Vip,230.651469618082,251.24834656416974,5.53041410446167
20190625_sample_6,Lamp5,244.67819293836752,283.34965444543417,5.650204658508301
20190625_sample_7,Vip,317.0979872066528,244.43466389754693,5.503030776977539
20190625_sample_8,Vip,451.547555728505,337.57710607896655,5.824751853942871
20190625_sample_10,Vip,268.606952217718,246.75153683088706,5.512426376342773
20190625_sample_11,Vip,160.93028483539814,269.85702814099767,5.601591110229492
20190625_sample_12,Vip,525.9357209044198,283.6573354641053,5.6512861251831055
20190625_sample_13,Vip,191.180636651814,252.580117179321,5.535679817199707
20190626_sample_1,Vip,342.7614034091433,305.4979734646785,5.725211143493652
20190626_sample_4,low quality,292.35931797325617,257.11612393098585,5.553409576416016
20190626_sample_5,Vip,507.03744903206825,329.64787946033766,5.801054000854492
20190627_sample_1,CT,204.28000417848423,170.9847180620343,5.147405624389648
20190627_sample_2,Lamp5,172.98922204545568,286.502351965811,5.66123104095459
20190627_sample_4,NP,337.4323473647238,202.84889279937053,5.317378997802734
20190627_sample_6,Pvalb,227.8781843756637,274.2584818933069,5.617710590362549
20190627_sample_8,IT,225.59092132002115,115.89362394641375,4.761264324188232
20190628_sample_1,Sst,233.00372227387768,282.4319841057883,5.646972179412842
20190628_sample_2,Pvalb,121.65194362934145,187.52563091003148,5.23923397064209
20190628_sample_3,Sst,251.26981453473377,241.40910417830185,5.490626811981201
20190628_sample_4,Sst,333.3722892453273,315.27627372717376,5.756616115570068
20190628_sample_5,Sst,387.0232676217953,239.15524587976677,5.481285572052002
20190628_sample_6,Pvalb,186.3919492655744,187.00432676346637,5.236464977264404
20190628_sample_7,Sst,225.50488966206703,213.2961981154424,5.367359161376953
20190703_sample_1,Pvalb,162.436636905585,141.02589327285008,4.956009387969971
20190703_sample_2,Pvalb,191.15555003684543,171.9556431904846,5.1530351638793945
20190703_sample_3,Pvalb,122.48018839955328,169.8585057163097,5.140835762023926
20190703_sample_5,Pvalb,151.39560133715466,174.19234677927818,5.165884494781494
20190703_sample_6,Pvalb,199.35111438234648,185.21927854412132,5.226924896240234
20190703_sample_8,Pvalb,149.10970943048602,169.25213139739336,5.137280464172363
20190703_sample_10,Pvalb,184.76989933954823,143.2018846461476,4.971214294433594
20190703_sample_12,Pvalb,275.3226409877341,187.54424030584025,5.239332675933838
20190703_sample_13,Sst,186.50003282891385,264.31273232393244,5.580909252166748
20190703_sample_14,low quality,211.15919466316703,199.50782078821163,5.300853252410889
20190703_sample_15,Sst,191.03158582498625,300.8990060993988,5.710092544555664
20190704_sample_2,Sst,298.46797897045815,206.34220926159708,5.3343706130981445
20190704_sample_12,Vip,174.74330648283166,321.3738874996954,5.775712013244629
20190704_sample_14,Vip,207.42992327610648,300.18453220817247,5.707723140716553
20190705_sample_1,Vip,284.77125767866767,308.156941302283,5.733849048614502
20190705_sample_3,Vip,192.2650376707316,255.84294138951466,5.548464775085449
20190705_sample_4,Vip,370.5922452691528,315.8858403744271,5.758541584014893
20190705_sample_5,Vip,347.45997362832225,335.9615067076505,5.8199687004089355
20190705_sample_9,Vip,365.97612096617615,233.32496893987303,5.456708908081055
20190708_sample_3,low quality,183.48229327549532,181.2180432818629,5.205204010009766
20190708_sample_4,Pvalb,158.0237464557091,206.39867084403775,5.3346428871154785
20190708_sample_6,Vip,852.1771586686373,313.40782126485334,5.750690937042236
20190708_sample_7,Vip,786.0434876189296,255.64522483213955,5.547694683074951
20190708_sample_8,IT,135.54796742399526,94.81008167273237,4.562367916107178
20190708_sample_12,Vip,306.28567304089665,321.73748611480255,5.776839256286621
20190709_sample_1,Vip,434.748549785465,314.70912542227757,5.754821300506592
20190709_sample_2,Vip,228.4379331419865,269.229676507535,5.59927225112915
20190709_sample_3,Vip,536.8032257519664,328.0351265299235,5.796164512634277
20190709_sample_8,Sncg,478.63959399362415,355.2495015405502,5.875631332397461
20190709_sample_10,Vip,342.203410508732,294.5411150300338,5.688807964324951
20190709_sample_11,Vip,311.1271311541399,257.9175043091234,5.556509494781494
20190709_sample_12,Vip,520.3908574345212,351.4343449223714,5.864864349365234
20190709_sample_13,Vip,258.91037968049454,335.88969229343235,5.819755554199219
20190709_sample_14,Vip,401.6309696361423,318.7369073802724,5.76749849319458
20190710_sample_3,Sst,182.53435875289145,234.108643919974,5.460047721862793
20190710_sample_4,Sst,419.3807662241161,291.10923890137326,5.677127838134766
20190710_sample_5,Sst,265.8087573759258,204.08672169898375,5.323432922363281
20190710_sample_6,Sst,280.05208233619726,270.6274964093687,5.604431629180908
20190710_sample_8,Vip,264.12981532265746,267.0561670287444,5.591196537017822
20190710_sample_10,Vip,441.3368979096412,371.93988346826853,5.921417236328125
20190712_sample_1,CT,457.7217586586874,142.3944264217847,4.965599060058594
20190712_sample_3,Sst,285.9540607780218,237.76870896313454,5.475495338439941
20190712_sample_4,low quality,276.0978857278824,190.71987607605618,5.256035327911377
20190712_sample_5,Lamp5,158.69901331514114,271.8740189353312,5.609010219573975
20190712_sample_6,Lamp5,226.33152525126928,241.39465590035348,5.490567207336426
20190712_sample_7,Lamp5,217.96400371566412,256.0457129766092,5.549253940582275
20190715_sample_1,Lamp5,170.48253600051004,286.396399528917,5.660862445831299
20190715_sample_4,Lamp5,120.49332310472214,275.01396171120814,5.6204514503479
20190715_sample_5,Vip,230.75032543887696,303.3090522276144,5.718043804168701
20190715_sample_6,Lamp5,253.9410428355137,266.69481046386755,5.589847564697266
20190715_sample_7,Vip,245.329257633537,338.69502480755494,5.828048229217529
20190715_sample_8,Lamp5,172.82478633274633,263.7507341111234,5.578788757324219
20190715_sample_9,Vip,296.4356763834754,279.0597826671261,5.635003089904785
20190715_sample_10,Sncg,313.99034444491065,283.1054289440776,5.649345397949219
20190715_sample_11,Lamp5,172.60662637899318,271.7352199724148,5.608501434326172
20190716_sample_1,low quality,207.19069194296992,206.64912618699304,5.335849761962891
20190716_sample_3,Sst,508.8921342373941,275.72836259191985,5.6230363845825195
20190716_sample_5,Sst,266.4656389057636,223.89983742954834,5.415655136108398
20190716_sample_7,Vip,226.60872070491317,270.80616609892786,5.60508918762207
20190716_sample_8,Lamp5,200.55838492761055,276.71886510616605,5.6266093254089355
20190716_sample_9,Vip,225.23981882880133,328.9013903632051,5.798793792724609
20190717_sample_1,Sst,366.9522593170405,236.95014030950583,5.4720611572265625
20190717_sample_2,Sst,328.5195701395472,309.83407316778204,5.739259243011475
20190717_sample_3,Sst,178.74529667819542,228.7016760598357,5.436781406402588
20190718_sample_1,Vip,266.22540152569604,312.9160145832621,5.7491254806518555
20190718_sample_2,CT,730.8678589016197,197.1869538074252,5.289210796356201
20190718_sample_3,CT,481.31908031801385,144.06935700166707,4.977211952209473
20190718_sample_4,Vip,494.7332147012155,345.06818374196587,5.846635818481445
20190718_sample_5,Vip,561.7291954904794,315.36420950849794,5.756894111633301
20190718_sample_6,Vip,696.4556400726237,418.67963795221664,6.039491653442383
20190718_sample_7,Vip,401.9247537354628,341.5384175976005,5.836383819580078
20190718_sample_8,Vip,382.83383185664826,279.16743893978946,5.635387420654297
20190718_sample_9,Vip,436.9866851158441,342.00881855947927,5.837756156921387
20190719_sample_1,CT,241.59180355692905,130.39451280492798,4.878204345703125
20190719_sample_2,IT,182.90520408252863,101.47551478780589,4.629623889923096
20190719_sample_4,IT,111.15796149522065,102.61550583320188,4.640686988830566
20190719_sample_5,IT,195.64587497214484,124.74861341644443,4.834284782409668
20190719_sample_6,IT,99.67110332970816,115.36285745541268,4.756713390350342
20190719_sample_9,IT,195.3040180594794,138.69323410205863,4.939448833465576
20190719_sample_10,IT,171.2378663085401,117.89164680813114,4.778212547302246
20190722_sample_1,CT,163.59675513704622,201.46555294919963,5.310569763183594
20190722_sample_6,CT,138.3935588556859,177.10929265880137,5.182397365570068
20190722_sample_7,low quality,272.0787520160278,238.73305726831614,5.479526042938232
20190722_sample_8,low quality,192.7196498165528,212.62773076033258,5.364234924316406
20190724_sample_1,Vip,479.14316182335216,246.29523936299339,5.51058292388916
20190724_sample_2,CT,179.1010554370781,166.64418967652918,5.1218438148498535
20190724_sample_4,Vip,291.4324853494763,356.8814608259964,5.880201816558838
20190724_sample_5,Vip,422.12084894130624,278.3173351510998,5.632348537445068
20190724_sample_6,IT,276.1494254469871,211.81740236726947,5.360434532165527
20190724_sample_9,Vip,349.74296630670625,342.7826716729456,5.840009689331055
20190724_sample_10,Vip,260.0835506220659,305.1331090525644,5.724020004272461
20190724_sample_12,Vip,274.7978568648299,214.39534364622014,5.3724751472473145
20190724_sample_16,low quality,299.5777611260613,180.86518429579056,5.20326566696167
20190725_sample_1,Vip,486.0694598866006,338.3297961907345,5.826972484588623
20190725_sample_3,Vip,404.7641241401434,313.9639209346914,5.752458095550537
20190725_sample_4,Sst,318.7451786622405,245.42182227740653,5.507044792175293
20190725_sample_5,CT,312.356986011068,269.46803548311425,5.600153923034668
20190725_sample_6,Vip,218.63219700132808,340.11920754715607,5.8322319984436035
20190725_sample_7,Vip,319.26488058269024,331.3392080926165,5.806156158447266
20190725_sample_8,Vip,348.58264618739486,320.05445062078303,5.771610736846924
20190725_sample_9,Vip,519.223804615438,367.5900809791798,5.909685134887695
20190725_sample_10,low quality,251.27872959276044,202.2320075611717,5.314348220825195
20190726_sample_1,Lamp5,198.48518792539835,295.90714786809906,5.693419456481934
20190726_sample_2,Pvalb,202.18492627516383,171.7349249936639,5.151758193969727
20190726_sample_3,Lamp5,206.17643405745432,292.66840250635397,5.682451248168945
20190726_sample_4,IT,248.21843157087767,96.03320262402808,4.5750532150268555
20190726_sample_5,Lamp5,220.01218440135324,300.23868029817817,5.707902908325195
20190726_sample_6,Sst,286.86446597675484,261.8367726325116,5.571533203125
20190726_sample_7,Lamp5,186.712933845818,248.3295369625071,5.518775463104248
20190729_sample_2,Sst,451.3130993147693,269.23779452918353,5.599302291870117
20190729_sample_3,Sst,211.8367965755364,190.60280389011805,5.255424499511719
20190729_sample_5,Pvalb,224.00950741147008,213.28853442322148,5.367323398590088
20190730_sample_1,Vip,359.23048814137763,241.21753224614352,5.4898362159729
20190730_sample_2,Vip,290.40706229458243,314.89720818579644,5.7554168701171875
20190730_sample_5,Vip,433.5164103967449,240.51654974884335,5.486937999725342
20190730_sample_6,Vip,665.5197315166392,325.40544238873423,5.788140296936035
20190730_sample_7,Vip,240.09988524640607,343.710937483107,5.842706203460693
20190730_sample_9,Lamp5,258.2044982550045,230.30011101406743,5.443716049194336
20190731_sample_1,Pvalb,208.9889995716512,208.7592861984309,5.34596061706543
20190731_sample_2,Lamp5,279.1662796251476,256.0164206673708,5.549139976501465
20190731_sample_3,low quality,200.7697775748869,201.00749217368548,5.308304786682129
20190731_sample_4,Vip,235.33146745959917,268.62306218329775,5.597024917602539
20190731_sample_5,Pvalb,174.31879786029452,198.66507739523814,5.2966413497924805
20190731_sample_6,low quality,172.87786851078278,196.719716071187,5.286850452423096
20190731_sample_8,Pvalb,174.31879786029452,218.40905204595288,5.390937805175781
20190801_sample_1,IT,197.4890723824501,96.96744775450514,4.584635257720947
20190801_sample_2,Sst,318.2801623605192,264.19409156910973,5.5804619789123535
20190801_sample_3,Sst,389.7138393421968,246.10546172892978,5.509815216064453
20190801_sample_4,Sst,243.3582546779265,229.59113676759586,5.440646171569824
20190801_sample_7,Sst,249.58813737457,223.91849806795977,5.415738105773926
20190801_sample_8,low quality,224.4898137425383,208.09480103990435,5.342787742614746
20190820_sample_1,Sst,218.56587853282696,257.8243076634302,5.556149482727051
20190820_sample_2,CT,190.1150940135122,171.1892873289251,5.148594379425049
20190820_sample_3,Pvalb,172.4962509001295,153.65145925419665,5.041173934936523
20190820_sample_5,Sst,420.12714308996993,253.01360990860312,5.537387847900391
20190820_sample_6,CT,250.8601520458856,123.31874564551813,4.822848796844482
20190821_sample_1,IT,145.737041366597,136.54644465818666,4.923961639404297
20190821_sample_2,IT,195.14580143988135,101.448545335774,4.629360675811768
20190821_sample_3,CT,190.1274605890115,132.1042099311017,4.891132354736328
20190821_sample_4,IT,228.66810019686815,119.38749850003286,4.79071569442749
20190821_sample_5,IT,171.62286298597854,154.01669927253286,5.043532848358154
20190821_sample_6,IT,117.90257949169188,97.99793311798678,4.595098972320557
20190821_sample_7,IT,213.38617621734736,148.30867055704235,5.006015777587891
20190823_sample_1,IT,101.68954391156628,91.34801330323901,4.525564193725586
20190823_sample_3,Pvalb,203.9724268789093,183.28264965513463,5.216470718383789
20190823_sample_5,low quality,199.23962165415287,181.57689744215278,5.207171440124512
20190823_sample_6,IT,178.35922985772288,119.16531590716117,4.788868427276611
20190823_sample_7,IT,182.17830564826727,113.86989766371002,4.743800163269043
20190827_sample_1,Sst,219.76256273935235,290.3900040632898,5.6746625900268555
20190827_sample_2,low quality,115.27666761974496,141.92872464763295,4.962346076965332
20190827_sample_3,Sst,287.4146181282897,248.40611361418695,5.519082546234131
20190827_sample_4,Sst,181.92650743015116,216.96605345786173,5.384339332580566
20190827_sample_5,CT,164.26925780996683,200.8348558350052,5.307449817657471
20190827_sample_6,Sst,492.4364870886008,252.05576187134147,5.533609867095947
20190827_sample_7,Pvalb,271.22761903383906,297.3025369740864,5.698108196258545
20190827_sample_8,Sst,254.36025260761383,210.50850554334775,5.354265213012695
20190827_sample_9,Sst,374.3843753449619,230.040187482297,5.442591667175293
20190828_sample_1,Vip,428.8857664664586,301.93395299661483,5.713514804840088
20190828_sample_3,Vip,329.22016333291924,293.32392270078657,5.684680938720703
20190828_sample_4,Vip,312.84512409071124,296.8957187884786,5.696743488311768
20190828_sample_5,Vip,288.68830201774847,294.04969584480887,5.687143802642822
20190828_sample_6,Vip,276.4078557069104,296.2060243175798,5.694425582885742
20190828_sample_7,Vip,397.01167038828135,309.5847236263863,5.738456726074219
20190829_sample_1,low quality,320.7512186318636,192.6358416134616,5.265979290008545
20190829_sample_2,Lamp5,350.344137152036,277.75650778709996,5.630338668823242
20190829_sample_3,IT,187.77088595181695,181.87287804248166,5.208791255950928
20190829_sample_4,Lamp5,204.3072884504994,267.224557706021,5.591824531555176
20190829_sample_6,Lamp5,350.344137152036,198.05003263078274,5.293556213378906
20190829_sample_9,Pvalb,174.22895345340177,170.0489296069798,5.141949653625488
20190830_sample_1,IT,274.7225035031637,136.6956709683465,4.925045967102051
20190830_sample_2,IT,158.19123381127915,148.14543640589235,5.004921913146973
20190830_sample_3,low quality,227.80978259009615,109.13857120533326,4.701739311218262
20190830_sample_4,low quality,234.23473911608255,229.05013690901583,5.438297271728516
20190830_sample_6,IT,221.1055492038528,122.41418247298151,4.815546035766602
20190830_sample_8,IT,357.86185943335295,158.91885016324707,5.074666500091553
20190830_sample_9,NP,359.5794167369604,219.37673977731575,5.395338535308838
20190904_sample_1,low quality,382.0345954125127,215.6326182190973,5.37820291519165
20190904_sample_2,Vip,236.82377014805863,338.89642464574996,5.828640937805176
20190904_sample_3,Vip,746.1720814059178,349.4694122220954,5.859273433685303
20190904_sample_4,Vip,286.889729561905,310.3105116939203,5.740790843963623
20190904_sample_5,Vip,306.47701731572545,263.16070163344654,5.576557636260986
20190904_sample_7,Vip,397.82399407525855,293.637057576624,5.685744285583496
20190905_sample_1,low quality,216.7413826118268,199.23580499551167,5.299495697021484
20190905_sample_3,Sst,284.048718487223,330.58510584551345,5.803884506225586
20190906_sample_1,Lamp5,219.1088861102859,330.8904026578177,5.804804801940918
20190906_sample_5,CT,262.9619847548504,154.30872724592504,5.045414924621582
20190906_sample_6,Lamp5,239.4535137365262,246.9090636954769,5.513062000274658
20190910_sample_1,Lamp5,258.1076858751476,293.08220829318185,5.683859348297119
20190910_sample_2,Vip,405.9066392493745,347.0024667194665,5.852209568023682
20190910_sample_3,Vip,271.6826623951395,293.2870143898363,5.684555530548096
20190910_sample_4,Vip,423.7856898009777,411.1436037583617,6.021371841430664
20190910_sample_6,Vip,205.57943528983748,301.35727971920807,5.711609363555908
20190911_sample_3,NP,383.3254306900004,202.66895281385044,5.316495895385742
20190911_sample_4,IT,136.25051019092402,151.38418389271834,5.026404857635498
20190911_sample_6,low quality,182.09700317308307,195.2592694252773,5.2794365882873535
20190911_sample_7,low quality,368.82864878699183,170.63096878405577,5.145346641540527
20190911_sample_9,CT,216.22096930692595,138.91615871874862,4.941043376922607
20190912_sample_1,CT,207.997745702664,156.45913347379079,5.059165954589844
20190912_sample_2,CT,343.73409016678727,190.49876930389306,5.254881381988525
20190912_sample_3,CT,217.4718460664153,133.47921153352712,4.90140962600708
20190912_sample_4,Lamp5,378.88385358328617,352.5041151196246,5.867895126342773
20190912_sample_6,NP,222.1517832453052,113.60072429377591,4.741454124450684
20190912_sample_8,CT,174.26656146347528,198.83528611315484,5.2974934577941895
20190912_sample_10,Pvalb,163.21275143573678,243.60140672608003,5.499629974365234
20190917_sample_1,CT,175.88699191808706,195.16495971016053,5.278955936431885
20190917_sample_2,Lamp5,160.49595374365646,238.37312548991864,5.478023529052734
20190917_sample_3,IT,278.9616858001266,231.74768890058616,5.449954986572266
20190919_sample_1,low quality,174.47060393435618,196.75997777579622,5.287054061889648
20190919_sample_4,Lamp5,277.5248186985651,304.3621622443819,5.721498489379883
20190919_sample_5,CT,207.42602617045247,141.4930018447478,4.959292888641357
20190924_sample_1,Sst,380.4589296753208,245.22144353396627,5.506231307983398
20190924_sample_2,Sst,179.41537650426233,200.03541810020025,5.303481101989746
20190924_sample_3,IT,84.56737714509163,155.41647828888452,5.0525221824646
20190924_sample_4,Sst,373.492740953962,247.6142551698495,5.515902519226074
20190924_sample_5,Sst,451.77322010323405,252.25083390672378,5.5343804359436035
20190924_sample_6,Sst,206.3656774952653,293.93730542000696,5.686762809753418
20190924_sample_7,Pvalb,276.4271600743135,219.95672364352393,5.3979668617248535
20190924_sample_8,CT,235.17587616791323,146.4032706914157,4.9931721687316895
20190925_sample_2,Pvalb,201.54935299108428,244.1240226809355,5.501764297485352
20190925_sample_3,Sst,180.68674949308243,244.67165175196075,5.503995895385742
20190925_sample_4,CT,344.13116211568314,198.53173591244524,5.295973300933838
20190925_sample_5,Sst,179.24437726785737,195.44774387946245,5.280396461486816
20190925_sample_6,Pvalb,92.99970547202972,176.9573343783091,5.181543827056885
20190925_sample_7,Sst,390.038844080021,316.830884657988,5.761519432067871
20190926_sample_2,ET,46.45879898220304,146.27371777114212,4.992292881011963
20190926_sample_3,Sst,196.7658430412412,188.79345344816497,5.245936393737793
20190926_sample_4,ET,79.07539660111071,167.4340831876823,5.12654447555542
20190926_sample_5,Pvalb,143.95078485831618,198.95900937665212,5.298112392425537
20190926_sample_6,Sst,257.7802929197039,239.1897173519549,5.481429100036621
20190927_sample_1,IT,78.1416265318791,161.20608628896431,5.088867664337158
20190927_sample_2,CT,196.43799288074172,120.94647164795664,4.803582191467285
20190927_sample_3,Pvalb,159.91056238966326,178.39250112229448,5.189576148986816
20190927_sample_4,IT,117.28047634288671,122.37099525560203,4.8151960372924805
20190927_sample_5,Pvalb,124.82055909434948,144.94441389234356,4.9832258224487305
20190927_sample_6,Vip,327.3566283620894,277.8826787987957,5.630791187286377
20190927_sample_7,CT,131.9798904682199,144.31222407780254,4.978884696960449
20191001_sample_1,Sst,153.78971368540078,292.7574763684538,5.6827545166015625
20191001_sample_2,low quality,59.56166028665999,237.73762890073257,5.475365161895752
20191001_sample_3,Sst,248.9165285180013,315.16680296179993,5.756269931793213
20191001_sample_4,Pvalb,181.47760331630707,266.0144254341177,5.5873026847839355
20191001_sample_5,Sst,242.8560338641207,272.5086833106633,5.61133337020874
20191001_sample_6,Sst,160.72384854512546,249.11854516009214,5.521934986114502
20191003_sample_2,low quality,233.8252057693899,210.24664618748497,5.353026390075684
20191003_sample_3,Sst,261.37629713490605,216.10883037926348,5.380398750305176
20191003_sample_4,Sst,200.98573759943253,235.36401171752047,5.4653730392456055
20191003_sample_5,Sst,234.66640745351717,284.7127279702896,5.65498685836792
20191003_sample_6,CT,334.5564454818765,197.26587944357158,5.289608955383301
20191010_sample_1,IT,144.782652311027,143.70443725047122,4.974693298339844
20191010_sample_2,Sst,111.2274454782407,195.1177283324387,5.278715133666992
20191010_sample_3,IT,161.0310721024871,124.44742774043853,4.8318867683410645
20191010_sample_4,Pvalb,231.20137139285603,263.16586611109926,5.576577186584473
20191010_sample_6,Pvalb,108.95614332209034,171.30698579336072,5.149277687072754
20191010_sample_7,ET,79.44202187870229,194.15556997090508,5.273797035217285
20191028_sample_1,Sst,185.9838483184577,214.96880830072598,5.375133991241455
20191028_sample_2,Sst,349.5939287924104,298.6854776003015,5.702733516693115
20191028_sample_3,Pvalb,69.21071626866859,200.16909297636485,5.304145812988281
20191028_sample_4,low quality,123.8465254604817,180.62608091747634,5.2019500732421875
20191028_sample_5,low quality,282.85828590393066,240.91142429077365,5.488571643829346
20191030_sample_2,Sst,278.66127989813685,221.63566621959174,5.405536651611328
20191030_sample_3,ET,52.199653052458814,126.24533818273224,4.84611701965332
20191030_sample_4,NP,278.8883367230495,183.92797252991087,5.219966411590576
20191030_sample_5,Sst,194.1126114885722,233.24922495453166,5.456385612487793
20191101_sample_1,Lamp5,300.67159636318684,295.27780101291665,5.69129753112793
20191101_sample_2,CT,218.4669439010322,165.36781145140412,5.114201068878174
20191101_sample_3,Lamp5,367.2571909216544,283.7186943843207,5.651501655578613
20191101_sample_4,CT,308.9087755580743,137.09808734136564,4.927964210510254
20191101_sample_5,CT,226.45296916365623,171.96092145837738,5.1530656814575195
20191101_sample_6,CT,226.53150984148184,171.0803667986573,5.147961616516113
20191104_sample_1,Sst,238.28056714218116,262.57977645415906,5.5743560791015625
20191104_sample_2,Lamp5,343.48486607149243,272.59764360340006,5.611658573150635
20191104_sample_3,low quality,223.54114291941124,251.41908360566435,5.53109073638916
20191104_sample_4,Pvalb,217.80752994865185,171.30871121184185,5.149287700653076
20191105_sample_1,Pvalb,124.78090260177854,238.42700657755128,5.478248596191406
20191105_sample_2,IT,259.3758577853441,167.8688295810515,5.129122257232666
20191105_sample_3,Sst,334.93140414853895,243.42628361638262,5.498913764953613
20191105_sample_4,Pvalb,149.48389758355916,234.96975318812252,5.463703632354736
20191105_sample_5,Sst,190.95044934997952,274.91684787938425,5.6200995445251465
20191106_sample_2,Lamp5,190.12361575414727,291.1851610200764,5.677387714385986
20191106_sample_3,IT,196.3242493147651,132.46774835275693,4.89385986328125
20191106_sample_5,Lamp5,250.42109932129577,240.7687755009398,5.487981796264648
20191107_sample_1,low quality,193.23008501653865,190.68422591828343,5.255849361419678
20191107_sample_2,Sst,333.51627510786057,220.2518242232012,5.399301528930664
20191107_sample_3,Sst,220.89206010103223,267.21189596073424,5.591777324676514
20191107_sample_4,Sst,274.45119189719367,289.6313778185566,5.672055721282959
20191108_sample_1,CT,145.46115354696911,190.1976709590236,5.253307819366455
20191108_sample_4,CT,201.9415176610152,195.05713918293307,5.278406143188477
20191108_sample_5,IT,89.04743047058577,119.10946208628316,4.788403511047363
20191114_sample_1,Lamp5,289.5745239580672,244.8911630441592,5.504889011383057
20191114_sample_2,CT,258.7999088130892,223.29025156810513,5.412940979003906
20191114_sample_3,IT,51.21995658924181,154.42778240897027,5.0461812019348145
20191114_sample_4,Sst,199.2542460433075,278.32812365907586,5.632387161254883
20191114_sample_5,low quality,115.13079062104232,182.57969319582472,5.212648868560791
20191114_sample_7,IT,60.8234058196346,117.75940138928706,4.777099609375
20191114_sample_8,IT,82.35764562255805,141.81100351384595,4.961522102355957
20191114_sample_9,ET,40.61877179890869,181.43017419804858,5.206367492675781
20200106_sample_1,Lamp5,231.22207092742127,266.6955763459593,5.589850425720215
20200106_sample_4,IT,124.77443866680062,135.71241808053725,4.917879581451416
20200106_sample_5,IT,90.83693954162295,125.70586802423149,4.8418684005737305
20200106_sample_6,IT,74.15979679922259,120.03308040318664,4.7960638999938965
20200225_sample_2,IT,193.56654234727216,104.12543205594791,4.655154228210449
20200225_sample_5,Sncg,248.2424611561,320.36246365837417,5.77256965637207
20200316_sample_1,ET,56.05333275161679,128.62664484321553,4.864658355712891
20200316_sample_2,low quality,50.88574469917351,212.46307750612107,5.363463878631592
20200316_sample_3,Pvalb,110.33814643509685,174.60961509421028,5.1682634353637695
