cell_id,RNA_family,y_true,y_pred,y_pred_train_space
20171204_sample_2,ET,72.72588842255729,129.06097362456882,4.8680033683776855
20171204_sample_4,IT,71.38178370147948,98.69158785438073,4.602081298828125
20171204_sample_5,IT,120.178483026102,119.41333362644266,4.790930271148682
20171204_sample_6,ET,63.110748248795616,113.23763235159123,4.738280773162842
20171207_sample_1,ET,39.940807516376296,102.84139677954116,4.64286470413208
20171207_sample_2,ET,38.5270351413637,82.07438284682372,4.419736385345459
20171207_sample_6,IT,100.07770009271124,90.39873237162261,4.515231609344482
20171207_sample_7,IT,96.58286710422148,103.7729247900014,4.651795387268066
20171219_sample_1,IT,178.40405846493576,118.3074707844865,4.781703948974609
20171219_sample_2,IT,177.9086544563373,92.3929742411256,4.536816120147705
20171219_sample_3,IT,124.00315671165788,120.75600939957718,4.802019119262695
20171219_sample_4,ET,113.45075983305772,119.88715437594615,4.794857501983643
20171219_sample_6,ET,115.03288695216185,114.9379455336956,4.753055095672607
20171219_sample_7,IT,128.00901498113362,96.06138455904372,4.575343608856201
20171219_sample_8,ET,86.88685081650809,161.1745322356719,5.088673114776611
20180102_sample_1,ET,127.7595769166946,123.35384423928582,4.823131084442139
20180102_sample_2,IT,220.1878137141466,114.91854264178323,4.752887725830078
20180102_sample_3,ET,144.1283177807927,107.18777861202453,4.683868408203125
20180102_sample_4,ET,161.24306729063397,84.49555562655763,4.448464393615723
20180102_sample_5,IT,152.79526938019052,131.23896845410954,4.884610652923584
20180103_sample_1,ET,118.75208992262688,150.49153472858097,5.020529747009277
20180103_sample_2,ET,76.66500811420738,89.97292575325186,4.510561943054199
20180103_sample_3,ET,120.0458252944407,186.18896348581814,5.232118606567383
20180103_sample_4,low quality,76.1711687147617,175.70208509310126,5.174465179443359
20180103_sample_5,IT,104.0258161028226,103.86349074834001,4.6526594161987305
20180103_sample_6,IT,134.74546813716486,104.19733977724263,4.6558380126953125
20180103_sample_7,IT,242.00033924231923,156.56721407460935,5.059852123260498
20180103_sample_8,IT,125.89360132813454,128.63097167149365,4.864691734313965
20180104_sample_1,low quality,100.5136176769932,138.7479990143494,4.939840793609619
20180104_sample_2,IT,195.81090500578284,142.89238102845354,4.9690656661987305
20180104_sample_3,IT,142.4280832175698,95.87453715428734,4.573416709899902
20180104_sample_4,low quality,116.9993004649878,196.61801400063192,5.2863359451293945
20180104_sample_6,ET,248.37592552105576,140.276286127162,4.950717449188232
20180105_sample_4,IT,133.11865995327625,123.7210157040836,4.826079368591309
20180105_sample_5,IT,150.01545629898703,95.78053307351131,4.572445869445801
20180105_sample_6,IT,122.51728617399924,132.65027211057202,4.89522647857666
20180108_sample_1,IT,160.65716730306548,137.58333267382477,4.931471824645996
20180108_sample_2,low quality,188.7451195120812,188.4253829891929,5.243995189666748
20180108_sample_3,IT,189.91349449381232,145.08359406233157,4.9841790199279785
20180108_sample_4,ET,88.79589218087494,84.31787210233604,4.446383953094482
20180108_sample_5,ET,34.74395550787447,115.85756623127308,4.760955810546875
20180108_sample_7,IT,121.22002596283951,109.90695393951816,4.708691596984863
20180108_sample_8,ET,111.57232570399847,190.85677941660805,5.256749153137207
20180108_sample_9,IT,155.8336402177811,123.53091103855654,4.824553966522217
20180108_sample_10,ET,61.04218294844035,111.326927222555,4.721413612365723
20180109_sample_1,IT,216.1138954112927,143.65504135912144,4.97435188293457
20180109_sample_2,IT,197.66811670611304,165.35615029800246,5.114130973815918
20180109_sample_5,IT,110.35272041335708,127.98171356947888,4.859670639038086
20180110_sample_1,IT,112.35461599131423,81.30445077877144,4.410425186157227
20180110_sample_2,IT,113.80023925999808,109.28508921517295,4.703068733215332
20180110_sample_3,IT,118.83190071831152,172.40007579634752,5.155601501464844
20180110_sample_4,IT,105.6785213500262,117.99611926337828,4.779090881347656
20180110_sample_5,IT,93.147898266713,89.99852312390725,4.510843276977539
20180110_sample_7,IT,179.16017170622945,105.83969123810861,4.671329498291016
20180110_sample_8,ET,58.54866400627148,112.18794674895095,4.7290496826171875
20180111_sample_5,IT,114.83774299174549,145.00692063825483,4.983654022216797
20180115_sample_2,IT,75.99015909513196,128.65359715404077,4.864866256713867
20180115_sample_5,IT,56.87532852662517,135.98047925653893,4.9198384284973145
20180115_sample_6,low quality,50.57356852624154,149.864951910618,5.016385078430176
20180115_sample_7,IT,55.12713685631752,96.20816459313674,4.576854705810547
20180115_sample_8,IT,147.85009339717885,127.86552474591439,4.858769416809082
20180115_sample_9,IT,145.45920111238954,125.21357378059929,4.83797550201416
20180118_sample_1,IT,93.1596037559211,119.90508282978097,4.795005798339844
20180118_sample_2,IT,150.19221370418865,142.92929968369975,4.969322204589844
20180118_sample_4,IT,158.10593275725836,115.31049033166525,4.756263256072998
20180118_sample_6,IT,125.02253608405589,111.38125187073537,4.721897125244141
20180118_sample_7,ET,81.43032290999375,89.75360468104702,4.508148193359375
20180118_sample_10,ET,61.97245725430554,98.42166053466627,4.599370002746582
20180123_sample_1,ET,77.0462213829159,92.61206717121536,4.539159297943115
20180123_sample_3,ET,130.19489992409942,105.70894419943905,4.67010498046875
20180123_sample_5,ET,89.44329018890853,124.53227834012402,4.8325629234313965
20180123_sample_6,ET,67.04893405921757,97.58574204893772,4.590926647186279
20180123_sample_7,ET,70.1232418790459,118.7204104054668,4.785159111022949
20180208_sample_1,low quality,105.1690412436922,323.35973692104267,5.781853199005127
20180208_sample_2,ET,68.2725143879652,118.51085586495695,4.783407211303711
20180208_sample_3,ET,96.52014707348178,131.40339571362068,4.885853290557861
20180208_sample_4,IT,75.84736405313015,98.50503863903552,4.600208282470703
20180208_sample_5,IT,75.17590156756339,114.33774339708597,4.747864723205566
20180213_sample_3,ET,85.12868423325315,103.99468010712411,4.653909683227539
20180213_sample_5,Pvalb,322.46473029255867,155.61283506593645,5.053776741027832
20180215_sample_1,Pvalb,184.12738744666171,163.13025068461232,5.10066032409668
20180220_sample_1,Sst,263.382795256873,238.34470581889437,5.477904796600342
20180220_sample_2,IT,133.9976311009377,155.9918398598802,5.056193828582764
20180225_sample_1,IT,121.0445617387692,96.40178600347808,4.5788445472717285
20180225_sample_2,IT,120.9362077269526,153.86206665571405,5.042534828186035
20180225_sample_3,IT,237.92367332180345,135.8118683155162,4.918606758117676
20180225_sample_4,IT,144.2434113125006,130.89399594942427,4.881998538970947
20180225_sample_5,ET,98.36674366678513,124.83942807324372,4.8350067138671875
20180225_sample_7,Pvalb,190.6109226346016,160.43831748233688,5.084123134613037
20180228_sample_3,IT,52.04887107014648,158.48699080818497,5.071962356567383
20180306_sample_1,Pvalb,138.48825218404332,170.91231961886322,5.146984577178955
20180306_sample_2,IT,48.13494825735688,113.70295766953024,4.742345809936523
20180306_sample_3,IT,142.7995818008979,132.88519377280747,4.896982669830322
20180306_sample_5,IT,87.22187992185363,125.47401462080751,4.840036869049072
20180309_sample_4,IT,99.22509590039658,115.00258998459859,4.753612518310547
20180309_sample_6,IT,146.33870396514732,100.80956876835646,4.623104095458984
20180309_sample_7,IT,155.37908356264228,97.00805108369958,4.585049629211426
20180309_sample_8,IT,66.13475336134428,118.50857639802031,4.783388137817383
20180313_sample_1,low quality,75.75050288438803,143.13575190958326,4.970755577087402
20180313_sample_2,ET,66.89907945692545,96.79508284278808,4.582874298095703
20180313_sample_3,ET,117.34315727526936,127.27367031539441,4.854166030883789
20180313_sample_7,IT,98.17718392858902,124.40825307174588,4.831574440002441
20180313_sample_8,low quality,78.63540367533759,192.69485123956838,5.266283988952637
20180313_sample_9,Pvalb,161.84043251971408,127.65750743403964,4.85715389251709
20180315_sample_1,ET,142.2694003085295,97.26739277109598,4.5876922607421875
20180315_sample_2,low quality,84.735201029107,174.8888491784782,5.169852256774902
20180315_sample_5,IT,87.00804235786202,94.85043073421078,4.562788963317871
20180315_sample_6,IT,131.83632850026083,112.75558792545803,4.7340521812438965
20180321_sample_2,IT,164.38106339744164,209.4839872653675,5.349409580230713
20180321_sample_3,IT,100.06291465212904,150.3762886656329,5.019768714904785
20180321_sample_4,IT,213.62795061724523,79.30916975434086,4.385883808135986
20180321_sample_8,ET,57.48962548540695,128.00170368236508,4.859825611114502
20180321_sample_9,ET,87.09728590931212,118.76037807361364,4.785492897033691
20180322_sample_1,IT,61.61194297485055,127.71175109906117,4.857575416564941
20180322_sample_2,IT,59.39252164880082,106.68180432320788,4.67918062210083
20180322_sample_3,IT,109.26253111101688,98.64468021655705,4.6016106605529785
20180322_sample_4,IT,96.82546217367056,123.4326743078941,4.823764801025391
20180322_sample_5,IT,160.76278567314154,155.31500077841505,5.051873207092285
20180322_sample_6,ET,114.62128181755548,157.3680660643396,5.064921855926514
20180322_sample_7,ET,72.43802072790757,106.16266111867915,4.674347877502441
20180327_sample_1,Pvalb,151.3124991917894,165.55767791893683,5.115341663360596
20180327_sample_2,Pvalb,414.5977446933588,145.88399079140078,4.989643096923828
20180327_sample_3,IT,159.74851903993454,120.23437766181675,4.797725677490234
20180327_sample_4,Pvalb,177.0883409306407,135.20358498901646,4.914150714874268
20180327_sample_5,Pvalb,146.96913623916254,141.14283167110815,4.956832408905029
20180327_sample_6,IT,158.57373911887407,131.33888760734146,4.885365962982178
20180329_sample_1,IT,248.0423876084388,126.35593662612669,4.846985816955566
20180329_sample_2,IT,146.19472541624594,149.0016573793981,5.010646343231201
20180329_sample_3,IT,179.90573407461244,92.97258419929521,4.543003082275391
20180329_sample_4,ET,79.5868053101003,109.45297267847684,4.70458984375
20180329_sample_5,IT,242.8043632606665,131.6236036146481,4.887515068054199
20180329_sample_6,IT,161.37644325196737,104.81664985921888,4.661707878112793
20180329_sample_7,low quality,186.98083119715253,139.08979787312046,4.942283630371094
20180329_sample_8,IT,121.11508952932704,94.26150966151911,4.556625843048096
20180403_sample_5,IT,170.64980907676124,152.07940063024176,5.030956745147705
20180403_sample_6,ET,97.61221510934686,116.60494963973206,4.767331123352051
20180403_sample_7,IT,249.47251547873023,140.08106036995432,4.949334621429443
20180404_sample_1,Pvalb,189.47727206101015,152.39827787575686,5.0330376625061035
20180404_sample_2,Pvalb,140.12102066228772,117.80879205379247,4.777515411376953
20180404_sample_3,IT,244.12731000532708,125.50881684135061,4.8403120040893555
20180404_sample_4,Pvalb,123.42691324651256,178.0406742377786,5.187613010406494
20180404_sample_5,Pvalb,104.69591245230173,146.45557376195435,4.993526935577393
20180404_sample_7,IT,60.80574311993339,126.93281963540294,4.851505279541016
20180405_sample_1,ET,103.16076425628536,151.2236844804663,5.025351047515869
20180405_sample_2,IT,149.86402368971275,165.00028382403548,5.111989498138428
20180405_sample_3,IT,196.45277870198072,134.5189522830244,4.909111499786377
20180410_sample_1,Pvalb,207.99698431257693,127.2237688519526,4.853776931762695
20180410_sample_3,IT,85.81726166481766,119.60428339398167,4.792514801025391
20180410_sample_4,IT,85.12558057904243,119.92491675685713,4.795169830322266
20180410_sample_5,IT,66.28869385520613,93.8333972845388,4.552121639251709
20180410_sample_6,IT,75.33442148566246,100.95628507033393,4.624544143676758
20180410_sample_9,Pvalb,91.99258856830144,167.84306420834534,5.128969669342041
20180411_sample_1,IT,92.15845501493835,80.36729939544922,4.39897346496582
20180411_sample_3,IT,220.6556199553112,95.14228956028745,4.565829277038574
20180411_sample_4,Pvalb,144.1475738274554,141.78812455542376,4.961361885070801
20180411_sample_5,Pvalb,168.82185921197134,138.18963289939128,4.935837268829346
20180412_sample_1,IT,68.60970220838988,85.72588020843325,4.462752342224121
20180412_sample_2,Pvalb,232.11558993657428,136.49359148721848,4.923577308654785
20180412_sample_3,IT,82.69465535134077,160.6713493686182,5.085565567016602
20180412_sample_4,IT,59.71953698909948,108.82338888297926,4.698873519897461
20180412_sample_7,IT,51.9738852530718,127.51427670359428,4.856040000915527
20180413_sample_2,Pvalb,245.5795351987084,141.81059492887198,4.961519241333008
20180413_sample_3,Pvalb,109.56818308149062,109.10564723894076,4.701440334320068
20180413_sample_4,IT,52.23037068332945,128.86372036344616,4.866485595703125
20180417_sample_1,Vip,418.9508213258038,417.2843325663036,6.036161422729492
20180417_sample_2,Pvalb,133.83780480672914,153.86915584079804,5.042580604553223
20180417_sample_3,IT,131.42000448703772,140.25398981265025,4.950559616088867
20180417_sample_4,Pvalb,139.57281932234764,186.21690352930526,5.2322678565979
20180417_sample_5,IT,104.99970609446368,142.27126616772037,4.964739799499512
20180417_sample_6,IT,69.60513456165788,147.64865236110225,5.001585483551025
20180417_sample_7,Pvalb,149.1390426370005,157.74639820868123,5.067307949066162
20180417_sample_8,Sst,213.7344481050968,237.14708088216182,5.472888469696045
20180417_sample_9,IT,96.6867321133614,104.24545613642032,4.656295299530029
20180418_sample_1,Pvalb,131.51400611549607,211.33794643195114,5.358179092407227
20180418_sample_2,Pvalb,113.08399031914416,151.97213712667073,5.0302557945251465
20180418_sample_3,Pvalb,229.5698006550471,207.42268104005996,5.339568138122559
20180418_sample_5,IT,239.71591510375336,142.26586922136335,4.964702129364014
20180418_sample_6,IT,95.05134442945324,117.38414951586765,4.773934841156006
20180420_sample_2,low quality,95.7933956661395,127.84076363324893,4.858577251434326
20180420_sample_3,IT,105.96934795627988,187.96618591138895,5.241568088531494
20180420_sample_4,IT,167.29112274944785,136.07463394885286,4.920525550842285
20180424_sample_1,IT,148.34223828464746,159.36518380207758,5.07745361328125
20180424_sample_2,IT,72.05345356216037,124.95408966802621,4.8359174728393555
20180424_sample_3,IT,57.461496579150335,121.14701647513448,4.805225372314453
20180424_sample_6,IT,69.61989587297037,134.32129330442896,4.907651901245117
20180425_sample_2,IT,95.71931259263124,94.12723951164753,4.555215358734131
20180425_sample_3,Pvalb,202.37957389156023,237.1241433966505,5.472792148590088
20180425_sample_4,IT,66.88178375363348,123.55490325959374,4.824746608734131
20180425_sample_5,Sncg,464.3018537370696,437.2280132767145,6.082739353179932
20180425_sample_7,Pvalb,102.9025459960103,178.44888150607358,5.189890384674072
20180425_sample_8,Vip,482.920207619667,400.8548239642724,5.996090888977051
20180425_sample_9,IT,52.21404430456454,132.3486629720038,4.892967224121094
20180426_sample_1,ET,111.64035172760488,149.11557058263062,5.0114054679870605
20180426_sample_3,IT,94.73453386376296,112.29740132468146,4.730016231536865
20180426_sample_4,IT,83.1921759744485,86.00331292347659,4.465946197509766
20180426_sample_5,Pvalb,232.28477793479607,207.07949390082635,5.337920188903809
20180426_sample_7,IT,176.05753229931003,145.46141967017584,4.986762046813965
20180426_sample_9,Pvalb,129.23328574125964,208.9312928209696,5.346780300140381
20180501_sample_2,IT,132.66269020239508,90.29893981358437,4.514139175415039
20180501_sample_3,IT,133.20976090182867,111.91054619313101,4.726595878601074
20180501_sample_4,IT,104.5033322547873,119.3621280608501,4.7905049324035645
20180501_sample_5,IT,54.892221763730014,112.91240362684205,4.735429763793945
20180501_sample_6,low quality,142.5565614861747,173.86676708609616,5.164024353027344
20180501_sample_7,low quality,169.14988226691884,196.980855708103,5.288170337677002
20180501_sample_8,Lamp5,228.92642589658504,255.88850511059854,5.548642158508301
20180502_sample_1,low quality,105.61884085301844,154.2331334802994,5.044928073883057
20180502_sample_2,low quality,114.309395685792,208.7567856877867,5.345948696136475
20180502_sample_3,IT,156.7863345630467,126.89988219018616,4.851247787475586
20180502_sample_4,IT,60.935079013307885,160.133380977162,5.082232475280762
20180508_sample_1,Pvalb,198.62396949529648,168.9268194133864,5.1353678703308105
20180508_sample_2,IT,223.02945576608187,142.995612344895,4.969782829284668
20180508_sample_3,IT,84.58764577905337,151.7187251458877,5.028597831726074
20180508_sample_4,IT,89.5965631607742,97.51126038666672,4.590170860290527
20180509_sample_1,low quality,94.0934102038542,181.68592841472665,5.207768440246582
20180509_sample_2,IT,98.81342126381772,114.63610412865135,4.750448226928711
20180509_sample_3,IT,57.961546391248696,124.67805840065137,4.833723545074463
20180509_sample_4,IT,62.48290568590166,116.17466397869204,4.763665676116943
20180509_sample_5,IT,91.58373583356531,107.66856011709675,4.688302516937256
20180509_sample_7,IT,123.02449426054952,104.72107644249323,4.660804271697998
20180509_sample_9,IT,123.8648914222916,115.22804881259076,4.75555419921875
20180510_sample_2,Pvalb,175.4581247487416,119.99886139080044,4.795781135559082
20180510_sample_3,IT,134.0949982727567,150.49037894430336,5.020522117614746
20180510_sample_4,IT,80.43760292054642,118.24109834867957,4.781147480010986
20180510_sample_5,IT,147.83262721697486,115.52682342306845,4.758121490478516
20180510_sample_9,IT,351.3408915735781,137.80951640624036,4.933102607727051
20180515_sample_1,Pvalb,225.37644270434976,147.14165513707684,4.9981689453125
20180515_sample_6,Pvalb,189.64136330570489,224.71010213648432,5.419251441955566
20180522_sample_1,IT,62.632722556591,95.47445325651664,4.569278240203857
20180522_sample_2,IT,120.0474076444904,134.4001027601235,4.908234119415283
20180522_sample_3,IT,183.31061568111176,144.1424928351173,4.977715969085693
20180522_sample_4,IT,197.35895610414445,119.58777955402205,4.792377948760986
20180522_sample_5,Pvalb,123.79023519655073,173.39545575974321,5.161325454711914
20180522_sample_6,ET,72.23224080034669,112.76437561325437,4.734129428863525
20180522_sample_7,IT,79.10970989118022,134.2336950613445,4.907004356384277
20180524_sample_5,low quality,144.97894808650017,168.20099083632425,5.131087303161621
20180524_sample_8,IT,148.45148746545118,134.53368655159278,4.909220218658447
20180524_sample_9,Pvalb,118.02569154774147,213.24398825317422,5.367115497589111
20180529_sample_3,IT,221.9401651794712,97.59481527003369,4.5910186767578125
20180608_sample_1,Lamp5,177.87506661843508,264.40269687265004,5.5812482833862305
20180608_sample_2,Pvalb,127.74224527180188,151.3764818686009,5.0263543128967285
20180608_sample_3,IT,153.7639938294887,147.87571633149742,5.003111839294434
20180608_sample_5,Pvalb,93.92807587670784,119.08959011922374,4.788238048553467
20180619_sample_3,Pvalb,95.92608015984302,241.44204947234294,5.490762710571289
20180619_sample_5,IT,80.93272486080727,137.10598960339155,4.928021430969238
20180619_sample_7,Lamp5,249.7157703116536,218.84502762931896,5.392922878265381
20180621_sample_1,IT,91.81498048454525,135.91896409900556,4.919389247894287
20180621_sample_2,IT,58.68014945586516,126.37749690613693,4.8471550941467285
20180621_sample_3,Sncg,466.9759065161149,360.70056048335584,5.890816688537598
20180621_sample_4,IT,57.7209215487042,111.61159257482318,4.723944664001465
20180621_sample_5,Vip,430.4393764548004,425.98051361167035,6.056738376617432
20180621_sample_7,Pvalb,132.58220580096048,174.63959556703995,5.168434143066406
20180621_sample_8,Pvalb,102.10979629556336,180.02093543646316,5.198612689971924
20180628_sample_2,Pvalb,139.18969150135916,140.26530593128626,4.950639724731445
20180628_sample_3,Pvalb,131.65203700462973,199.84742646117795,5.302545547485352
20180628_sample_4,low quality,150.07010442763567,201.04602571981553,5.30849552154541
20180628_sample_6,Pvalb,151.38565685351688,168.68714742610103,5.133956432342529
20180628_sample_7,Lamp5,251.3976592347026,362.77650729174263,5.896539688110352
20180703_sample_1,Pvalb,220.7258477658033,254.08903092928196,5.54161262512207
20180703_sample_2,IT,90.56149228729988,97.08112336588938,4.585794925689697
20180703_sample_3,low quality,209.70485825091603,178.20731494300216,5.188543319702148
20180704_sample_1,Pvalb,174.26933283110455,133.34609049445297,4.900419235229492
20180704_sample_2,Pvalb,147.64766119917232,155.08581921440066,5.050405979156494
20180704_sample_3,Pvalb,141.76022339860594,169.84498195195613,5.140756607055664
20180704_sample_4,IT,143.56962532053393,194.90920458097835,5.277651309967041
20180704_sample_5,Pvalb,99.02432477899973,199.64870316953085,5.301555633544922
20180705_sample_1,Pvalb,136.78174152970314,198.6687905311598,5.29665994644165
20180705_sample_4,Pvalb,177.29382682343322,135.79940861925706,4.918515682220459
20180709_sample_2,IT,108.12462325145805,110.35696008567913,4.712740898132324
20180709_sample_3,Lamp5,213.8017997592688,249.66346708320498,5.524111270904541
20180709_sample_4,IT,134.9533614143729,136.98033138920832,4.9271111488342285
20180709_sample_6,IT,173.03461834291613,127.35265948291948,4.854781627655029
20180710_sample_1,Pvalb,115.60649295071406,184.06249674197952,5.220693588256836
20180710_sample_2,Pvalb,104.35866910964252,165.64649414578776,5.115874767303467
20180710_sample_3,Pvalb,152.32741712530452,170.47317196226228,5.1444268226623535
20180710_sample_5,Pvalb,142.5038083766898,164.11540116474364,5.106644630432129
20180711_sample_1,Pvalb,131.27064545204252,211.93180021248048,5.360971927642822
20180711_sample_2,Sst,202.93059132567475,351.22400436834647,5.864267349243164
20180711_sample_3,Sst,241.42638041699928,282.58406965924087,5.64750862121582
20180711_sample_4,Sst,339.04737294341123,392.0028531014619,5.973816871643066
20180712_sample_2,low quality,347.5509772586326,234.95883908331703,5.463657379150391
20180712_sample_3,Sncg,346.51515536755323,400.7105605231822,5.995731830596924
20180712_sample_5,Pvalb,126.60242859699896,176.01310243362028,5.1762237548828125
20180712_sample_11,Pvalb,59.28942940880859,141.96457800409124,4.962596893310547
20180712_sample_12,Pvalb,107.69356187433006,178.84815700139237,5.192112922668457
20180712_sample_13,IT,48.48397493983303,95.8863171821048,4.573538303375244
20180712_sample_14,Pvalb,145.80759711066884,171.29983781513846,5.14923620223999
20180712_sample_15,Pvalb,196.0402303785086,140.83916775404816,4.954693794250488
20180717_sample_1,Pvalb,124.5269291847944,200.01049574419895,5.303357124328613
20180717_sample_2,Lamp5,415.02272043687606,257.39849924592545,5.554502964019775
20180717_sample_3,Pvalb,102.48612144341074,179.7064952146859,5.196874141693115
20180717_sample_4,Pvalb,141.7211366678987,178.35717616343595,5.1893792152404785
20180717_sample_6,Pvalb,242.4775458537042,183.4688582912863,5.217480659484863
20180717_sample_7,ET,59.919254731697336,109.97064522704977,4.70926570892334
20180718_sample_2,Pvalb,144.27056014165277,191.94991894048127,5.262430667877197
20180718_sample_3,Pvalb,143.81295188268024,199.7538794820343,5.302079677581787
20180718_sample_4,Pvalb,220.15104992315173,230.8543319383628,5.446109294891357
20180719_sample_1,Pvalb,121.40388923031948,100.40090072726778,4.619081974029541
20180719_sample_4,Pvalb,163.44071673850218,193.038738706094,5.268057823181152
20180720_sample_2,Sncg,125.57469812035556,298.4035234070259,5.701792240142822
20180720_sample_3,Pvalb,136.09924761992366,214.7259075901464,5.374008655548096
20180720_sample_5,Lamp5,202.23606469730535,174.43209829746928,5.167252063751221
20180725_sample_3,IT,65.55641900499658,134.47139996034966,4.9087605476379395
20180725_sample_4,low quality,73.08966124057767,214.92597205708708,5.374935626983643
20180725_sample_6,Pvalb,106.91588051723582,171.9511897772415,5.153009414672852
20180725_sample_7,IT,98.08466644159384,93.30462619755103,4.546530246734619
20180725_sample_9,Lamp5,270.1755876665313,197.33575721267368,5.289961338043213
20180726_sample_3,Pvalb,171.25628326709074,143.94109511278234,4.976327419281006
20180726_sample_4,Pvalb,165.75983607769007,148.37375781233152,5.006451606750488
20180726_sample_5,Pvalb,165.36798188959563,208.65868918039402,5.345480918884277
20180726_sample_6,Pvalb,158.92487747222182,157.06026120135456,5.062976360321045
20180726_sample_7,Pvalb,117.7713739611208,145.20589516965845,4.985015869140625
20180817_sample_2,Pvalb,109.84581812719505,151.17048830623068,5.025001525878906
20180817_sample_3,Pvalb,133.72568757406302,132.13690049696947,4.891377925872803
20180817_sample_4,Pvalb,203.76294854034975,193.11110665452,5.268430709838867
20180817_sample_5,Pvalb,158.990265712142,196.44602196474287,5.285465240478516
20180817_sample_6,IT,156.77015274266404,167.04331973972367,5.1242218017578125
20180817_sample_7,Pvalb,182.27353958288825,141.14676290653708,4.956860065460205
20180820_sample_1,Sst,288.7734073710938,261.48520570435255,5.570194721221924
20180820_sample_2,IT,112.90890810141954,106.53653992652937,4.677830696105957
20180820_sample_3,Sst,288.1138945259154,312.85120688073783,5.7489190101623535
20180820_sample_4,Sst,262.815908446908,283.9775790580206,5.652410507202148
20180820_sample_5,Sst,244.3351473882795,221.22276496701397,5.403680324554443
20180820_sample_6,IT,94.85597551117334,125.89439166583087,4.843355178833008
20180820_sample_7,Sst,148.728540014653,197.8397184770986,5.29249906539917
20180822_sample_1,Pvalb,179.83510129650438,131.08035056515587,4.883410453796387
20180822_sample_2,Pvalb,161.96052364508313,157.9589438555475,5.06864595413208
20180822_sample_3,Pvalb,132.8589696933826,175.66417300672538,5.174250602722168
20180822_sample_4,Pvalb,229.66106961525625,157.22087873650588,5.063992023468018
20180822_sample_6,Pvalb,210.38970406974363,149.90092520626936,5.016623497009277
20180822_sample_7,Pvalb,154.63782632847625,154.13294149352,5.04428243637085
20180828_sample_2,Pvalb,218.9897604758541,183.9553105143619,5.220114231109619
20180828_sample_3,Pvalb,112.35608588904148,163.0549003297326,5.10020112991333
20180828_sample_4,IT,88.39688145262858,129.99276562939463,4.8751420974731445
20180828_sample_5,Pvalb,130.52550939843064,184.44446035618867,5.222755432128906
20180828_sample_6,Pvalb,215.0845075150331,145.90318293519547,4.989773750305176
20180828_sample_7,low quality,104.24164896054812,179.8792575593847,5.197829723358154
20180828_sample_8,IT,91.37889140844344,127.38148948276083,4.855006217956543
20180829_sample_1,Sst,200.5534997259577,270.15851371017135,5.60270357131958
20180829_sample_2,Sst,282.1984368426104,276.6852307677444,5.626488208770752
20180829_sample_3,Sst,240.5038636860748,321.7427185268922,5.77685546875
20180829_sample_4,Sst,362.6754726709,323.5119647382726,5.782322406768799
20180829_sample_5,Sst,153.21601887543994,196.9648075716969,5.288089275360107
20180829_sample_6,Sst,196.9408694601485,315.9515769723364,5.758749008178711
20180829_sample_7,Sst,305.458029491206,303.4671135483086,5.718563079833984
20180829_sample_8,IT,69.56826875252382,97.30394845337071,4.588064193725586
20180830_sample_1,Pvalb,179.02581276992956,165.4548596152556,5.114724159240723
20180830_sample_2,Pvalb,214.80337627107892,189.77811107015805,5.251111030578613
20180830_sample_5,Pvalb,174.8152359984815,184.93073684386965,5.225374221801758
20180830_sample_6,Pvalb,186.1499499765535,210.61009103132477,5.354745388031006
20180904_sample_1,Pvalb,242.39444684733945,174.84197190686828,5.169585704803467
20180904_sample_2,Pvalb,89.02005784923125,145.26544510241027,4.9854230880737305
20180904_sample_3,Pvalb,173.20463409895694,150.1529785666888,5.018292427062988
20180904_sample_4,Pvalb,173.27415712426102,171.3342658606401,5.149435997009277
20180904_sample_5,Pvalb,139.05006417383748,136.7145818896098,4.925183296203613
20180904_sample_6,Pvalb,215.9768964971106,166.32410021776514,5.119932651519775
20180904_sample_7,Pvalb,147.9931799458961,169.85361748517752,5.140807151794434
20180904_sample_9,Pvalb,143.31400664771598,164.43481521054926,5.108577251434326
20180905_sample_1,Sst,192.97883938997984,282.5889377442118,5.647525787353516
20180905_sample_2,Sst,270.73024690399563,271.2299230664383,5.60664701461792
20180910_sample_2,Sst,306.9952941810092,247.10359913890844,5.513846397399902
20180910_sample_3,Sst,179.11692923555768,275.49978013418996,5.6222100257873535
20180911_sample_1,Sst,404.4603828315934,276.63134486782525,5.626294136047363
20180911_sample_2,Sst,270.2290560156108,250.04564259918837,5.525634765625
20180911_sample_3,Sst,282.71798292174924,312.80062725668597,5.748757839202881
20180911_sample_5,Sst,285.44022819399834,243.56023802200224,5.499461650848389
20180911_sample_6,Sst,274.8000456492106,228.75622862337354,5.437018871307373
20180912_sample_2,Pvalb,140.70999596587254,160.94973276102894,5.087285995483398
20180912_sample_3,Pvalb,186.6650284628074,185.01152245046583,5.225808620452881
20180912_sample_6,Pvalb,249.58863278975087,166.16811087663228,5.11899995803833
20180913_sample_2,low quality,174.69090097490698,181.71101823188553,5.2079057693481445
20180917_sample_1,Sst,397.5543460162977,312.86273059794587,5.748955726623535
20180917_sample_2,Pvalb,159.63872239241994,179.98201042579282,5.198397636413574
20180917_sample_3,IT,100.37535782282548,118.65860099356348,4.784642696380615
20180917_sample_4,Pvalb,177.458514322837,201.81911249439926,5.312314510345459
20180917_sample_5,Sst,245.49336529026425,208.42578145589937,5.344369411468506
20180918_sample_1,Vip,238.676082632194,352.7496293719573,5.868589401245117
20180918_sample_2,Vip,356.12485734124976,521.2076071667377,6.258065223693848
20180918_sample_3,Vip,305.53740979482734,404.7223736580423,6.005669116973877
20180920_sample_1,low quality,210.57601566116017,181.9143030107857,5.209017753601074
20180920_sample_2,Pvalb,140.07680652663106,194.9476960786267,5.277847766876221
20180920_sample_3,Pvalb,146.7815462698539,115.9489861012406,4.761737823486328
20180920_sample_4,Pvalb,186.68150991449752,188.0620831257128,5.242075443267822
20180921_sample_1,low quality,279.44153482715296,204.97012469240923,5.327731132507324
20180921_sample_2,Pvalb,158.92054903383058,142.0074638828922,4.962896823883057
20180921_sample_3,Pvalb,179.6921562208306,174.83065279306106,5.169521331787109
20180925_sample_9,Pvalb,176.52085668593654,155.20859845696563,5.051192283630371
20180926_sample_1,Pvalb,119.13594089200106,142.93430982209026,4.969357013702393
20180926_sample_3,Pvalb,210.02470520635444,162.65548848973827,5.097763538360596
20180926_sample_4,low quality,144.63453215999263,271.02191819624613,5.60588264465332
20180926_sample_7,Pvalb,130.05978804968652,167.86995690587364,5.129128932952881
20180926_sample_9,IT,50.60683549071357,108.61129459277329,4.6969404220581055
20180927_sample_1,Pvalb,173.25487226744488,173.81924525033875,5.163752555847168
20180927_sample_2,Pvalb,214.96819216012952,144.98004920260294,4.9834699630737305
20180927_sample_3,low quality,119.0083403459617,208.41499663819798,5.34431791305542
20180927_sample_4,Pvalb,145.63369046896693,183.71522720062075,5.218815326690674
20180927_sample_5,Pvalb,165.3331917400161,157.57314856108806,5.066215991973877
20180927_sample_7,Pvalb,130.67750350758428,120.69692091238333,4.8015336990356445
20180927_sample_9,IT,106.94806543489304,148.47849814547632,5.007152557373047
20180927_sample_10,low quality,155.73550744851426,216.6717025446638,5.382987976074219
20181002_sample_1,low quality,215.5339028934639,234.0925008447893,5.459979057312012
20181002_sample_2,Pvalb,189.28161405275267,149.70698684922525,5.0153374671936035
20181002_sample_3,Pvalb,157.0152770082156,170.37851448325833,5.143874645233154
20181002_sample_4,Pvalb,211.45813602209097,237.27941197926634,5.473443984985352
20181002_sample_5,Pvalb,166.37882239371538,117.05848684418358,4.771180152893066
20181002_sample_6,Pvalb,125.80021517475438,199.8159201038064,5.302388668060303
20181002_sample_7,IT,78.59490051865575,102.96788666561406,4.644082069396973
20181002_sample_8,Pvalb,109.57486949861052,168.96596016517998,5.135598182678223
20181002_sample_9,Sst,94.98028737679122,146.77161417473366,4.995667934417725
20181002_sample_10,Pvalb,142.97637086734173,132.3922898268976,4.893294334411621
20181003_sample_1,low quality,446.9659174494445,308.31530826412376,5.734361171722412
20181003_sample_2,Sst,412.3390629887582,188.65386242615472,5.2452006340026855
20181003_sample_3,Sst,192.43817740927136,227.9118995957642,5.433337211608887
20181003_sample_4,Sst,166.1525642921528,238.2219351054844,5.477391719818115
20181003_sample_5,Sst,260.1528956865271,336.192798480279,5.82065486907959
20181003_sample_6,Sst,338.8722701830169,298.9169239236616,5.703505516052246
20181003_sample_7,Sst,353.6554841635128,229.47175717764839,5.440128326416016
20181003_sample_8,Sst,154.9171667918563,212.81830446049855,5.365126609802246
20181003_sample_9,Sst,182.0293430723249,175.6618143012895,5.174237251281738
20181003_sample_10,Sst,168.88226271917424,191.22279141285222,5.258655071258545
20181004_sample_1,low quality,221.4327623375825,139.8290131902158,4.947546482086182
20181004_sample_3,Sst,304.24015587195754,201.0256983583013,5.308394908905029
20181004_sample_5,Sst,194.03395165999729,213.11081368029528,5.3664937019348145
20181004_sample_6,Sst,198.543049977294,284.45862009799936,5.654097080230713
20181004_sample_8,Sst,153.83296290785074,172.74073568208436,5.157564163208008
20181009_sample_2,Sst,282.66179099430644,240.56204383890048,5.487126350402832
20181009_sample_3,Sst,289.3412211139997,314.0672661983775,5.752786159515381
20181009_sample_4,Sst,258.1760160202781,223.5688150676638,5.414182186126709
20181009_sample_5,Sst,214.4304039105773,310.24030540099596,5.740565299987793
20181009_sample_6,IT,148.8422157367071,125.16453390290484,4.837586879730225
20181009_sample_7,Sst,270.28120985502994,295.2173409413825,5.691093444824219
20181010_sample_1,Sst,267.9762839476268,183.94640317882406,5.220066070556641
20181010_sample_3,Sst,286.89662965014577,232.9125836973566,5.454947471618652
20181010_sample_4,Sst,229.8083883399765,259.31092289448515,5.5618767738342285
20181010_sample_5,IT,94.71067723135148,104.4317065168419,4.6580634117126465
20181010_sample_6,Sst,407.7637825586967,247.637966003437,5.515997886657715
20181010_sample_8,Sst,533.5585146604312,254.57616081124246,5.543520450592041
20181010_sample_10,Sst,293.17291496652695,248.5405363219322,5.5196213722229
20181011_sample_3,Sst,191.00442867229384,195.97780713752988,5.283091068267822
20181011_sample_4,Sst,449.7941155942778,210.31293709141482,5.353340148925781
20181011_sample_8,Sst,274.08634635309375,258.99409825331196,5.560658931732178
20181011_sample_9,Sst,242.46295618265867,237.24657792363664,5.473306179046631
20181011_sample_10,Sst,143.32235146562263,188.54004017840137,5.244600296020508
20181109_sample_1,Sst,269.4355738734206,291.7188436059171,5.67921257019043
20181109_sample_2,Sst,170.91816042363644,221.23389147308424,5.403730392456055
20181109_sample_3,Sst,273.3472176678479,231.1265718315944,5.447282791137695
20181109_sample_5,Sst,187.1058633540358,199.0990290739523,5.298812389373779
20181109_sample_7,Sst,337.73177084326755,256.0833443977776,5.549400329589844
20181109_sample_8,Sst,206.47028975002465,277.6408900995869,5.6299238204956055
20181109_sample_9,Sst,242.900692075491,249.56356354925518,5.523712635040283
20181109_sample_10,Sst,180.4078539088369,260.3410909542487,5.565826416015625
20181112_sample_1,low quality,274.7923682332039,192.2073384149958,5.263763904571533
20181112_sample_4,Sst,188.8819560681781,179.1833550815656,5.19397497177124
20181112_sample_5,low quality,247.63450755178928,197.64828607088552,5.2915358543396
20181112_sample_6,Sst,343.57853584860766,224.03961534934402,5.416276454925537
20181112_sample_8,Sst,142.94766606721618,224.88150931414822,5.420010566711426
20181112_sample_11,Sst,274.8041082868973,280.8860347628875,5.641502857208252
20181114_sample_1,Pvalb,211.49940150727835,186.29574728163712,5.232688903808594
20181114_sample_2,Pvalb,316.3287552967668,173.70491230569218,5.163098335266113
20181114_sample_4,Pvalb,236.3804920266072,187.93663342199173,5.2414116859436035
20181116_sample_2,Pvalb,265.38668390239275,141.49558381454653,4.959311008453369
20181116_sample_3,Pvalb,209.33599020540711,177.89969317003045,5.186825275421143
20181116_sample_4,Pvalb,265.38668390239275,146.29766664129156,4.99245548248291
20181116_sample_5,Pvalb,109.82961420714852,207.71527300753388,5.340970993041992
20181116_sample_7,low quality,108.5058075735966,146.94039890813463,4.996809482574463
20181116_sample_10,low quality,163.12945186843473,185.9927865770872,5.231070041656494
20181116_sample_12,Pvalb,186.5576711048683,148.16015857627178,5.005020618438721
20181121_sample_1,Sst,266.9737269741793,279.98877557655095,5.638314723968506
20181121_sample_2,Sst,178.97592961539823,216.62572667824384,5.382776737213135
20181121_sample_3,Pvalb,159.22260234256578,316.0622265817805,5.759098052978516
20181121_sample_4,low quality,236.30970442046728,214.0293963393582,5.370774745941162
20181121_sample_5,Sst,225.4539813378028,312.83893533540993,5.748879909515381
20181121_sample_6,Sst,142.0573837086559,242.3133105097835,5.494349956512451
20181121_sample_7,Sst,168.57003754625725,240.39634838641436,5.486440181732178
20181126_sample_2,Sst,270.1336789776881,185.97120986566173,5.230954647064209
20181126_sample_6,Sst,427.5264512499174,274.4007974349323,5.618227481842041
20181127_sample_1,Sst,214.71677572280169,249.6413558122586,5.524023056030273
20181127_sample_3,Sst,420.06835623954737,376.14962161788486,5.932641983032227
20181127_sample_4,Sst,211.36001942182577,296.6898207424819,5.696052074432373
20181127_sample_5,Sst,175.2456422025959,258.5695834015492,5.559024810791016
20181127_sample_7,Sst,254.4889634636541,253.76847856221931,5.540355205535889
20181129_sample_1,Sst,289.1237523841361,267.74381979581096,5.593758583068848
20181129_sample_2,low quality,307.6993857274453,184.67309605938365,5.223987579345703
20181129_sample_3,Sst,227.6600539591164,242.65302438478122,5.4957451820373535
20181129_sample_4,Sst,183.3126540506879,288.229667383244,5.6672210693359375
20181129_sample_5,Sst,253.05977342681336,215.03936246044842,5.375460624694824
20181129_sample_6,Sst,637.1470197103918,348.43981664982493,5.8563313484191895
20181203_sample_2,Sst,548.9060153756291,245.08129883808493,5.505661964416504
20181203_sample_3,Sst,219.81910993903875,257.6968492473784,5.555656909942627
20181203_sample_4,Sst,219.26476548363763,255.27493170027338,5.546250820159912
20181203_sample_5,Sst,301.41375816240907,264.5558712371191,5.581825256347656
20181203_sample_6,Pvalb,174.24518925448257,212.5779242693479,5.364001750946045
20181203_sample_7,Sst,187.36455975472927,235.60656915500405,5.4663987159729
20181203_sample_8,Sst,206.40094983453548,225.5655237420161,5.423034191131592
20181203_sample_9,Sst,267.3406976660093,365.46569483408825,5.903904914855957
20181203_sample_10,low quality,168.7538526964684,188.0903929185309,5.242225170135498
20181205_sample_1,Sst,271.6193995686869,202.27911058530515,5.314579963684082
20181205_sample_2,Sst,218.22786206007,240.10530390507876,5.485233783721924
20181207_sample_1,Pvalb,203.43931257228053,171.06920777391198,5.147896766662598
20181207_sample_2,Pvalb,192.1682293837269,211.67710283738998,5.359775066375732
20181207_sample_3,Pvalb,160.7511748770873,195.3744111539809,5.280023097991943
20181207_sample_4,Pvalb,214.56430829564735,144.40440936277867,4.979518890380859
20181207_sample_5,Pvalb,215.05847698574263,205.32508170612905,5.329452991485596
20181207_sample_6,low quality,282.8794716695945,198.7061161429801,5.296846866607666
20181207_sample_7,Pvalb,197.62595299631352,183.88697312952715,5.219744682312012
20181208_sample_1,low quality,294.3129092082381,133.29920587308445,4.9000701904296875
20181208_sample_2,Sst,217.52969612500493,168.95550554170435,5.1355366706848145
20181208_sample_3,Sst,243.56923355720943,231.55532435595126,5.449128150939941
20181208_sample_4,Sst,264.3403370951612,319.538643600688,5.770002841949463
20181208_sample_5,Sst,278.4408737280006,335.052186287057,5.817266464233398
20181208_sample_6,Sst,309.96615144113696,231.7349262346642,5.449900150299072
20181208_sample_7,Sst,300.3598359289269,220.65668537605,5.401129722595215
20181208_sample_8,Sst,227.96700526561068,211.2717388485421,5.357867240905762
20181208_sample_9,Sst,231.0708661476771,313.1030291063827,5.749721050262451
20181208_sample_10,Sst,289.3099152240902,232.61752829790197,5.453685283660889
20181211_sample_1,CT,110.9695601463318,194.4353147908326,5.275229454040527
20181211_sample_2,Pvalb,250.26550213744247,260.86263494663433,5.567820072174072
20181211_sample_4,Pvalb,82.07362831632295,152.4014963334711,5.0330586433410645
20181211_sample_5,low quality,220.40656284242868,174.86956005827057,5.169742584228516
20181211_sample_6,Pvalb,102.05182454238336,185.72316752207823,5.2296271324157715
20181211_sample_7,Pvalb,241.5911983946959,192.8199482807757,5.266929626464844
20181211_sample_8,Pvalb,315.2568384036421,282.0026648661072,5.645456314086914
20181211_sample_9,Pvalb,155.59425925463438,214.28650014210208,5.371969699859619
20181213_sample_1,Sst,517.1195215752555,262.67669712003044,5.574723720550537
20181213_sample_2,Sst,351.0987848391136,278.3734133000151,5.632549285888672
20181213_sample_3,Sst,355.9765268510414,296.1443829996744,5.694218158721924
20181213_sample_4,Sst,199.06147579352063,204.51442454530107,5.325516223907471
20181213_sample_5,IT,229.25898948435983,197.34966005717777,5.290031433105469
20181213_sample_6,Sst,228.38427761942148,186.82019148781453,5.235485076904297
20181213_sample_7,Sst,413.7293560374528,193.04271731675465,5.268078327178955
20181214_sample_1,low quality,108.9400314092636,139.5250736399287,4.945385932922363
20181214_sample_2,Sst,392.2339893989264,218.6655266828743,5.392106056213379
20190108_sample_1,Pvalb,88.58438852926099,142.71512508582927,4.967833042144775
20190108_sample_2,Vip,810.4638124754031,415.45615942970704,6.031781196594238
20190108_sample_3,IT,132.6042961776256,216.63091534175035,5.382800579071045
20190108_sample_5,Vip,247.2093370060127,276.7551523854325,5.626739978790283
20190108_sample_6,Lamp5,180.6283570391436,255.17828861182264,5.545873641967773
20190109_sample_2,Sst,234.52293654105492,196.2856562061814,5.2846527099609375
20190110_sample_1,Sst,331.15370635688305,226.53819084787412,5.427318096160889
20190110_sample_3,Sst,222.1269235995909,189.30347471220153,5.24862003326416
20190110_sample_4,Sst,222.09672573581335,313.6296331212368,5.751396179199219
20190110_sample_6,IT,69.02982041417135,114.63351259690124,4.750425815582275
20190110_sample_7,IT,69.0082400114764,101.0696732414969,4.625655651092529
20190117_sample_1,Vip,218.66417528688908,386.2371530501337,5.9590373039245605
20190117_sample_2,IT,154.2215023748576,157.73337899937994,5.067225933074951
20190117_sample_3,Sst,389.90477223392753,351.87290184683684,5.866107940673828
20190117_sample_4,IT,149.5418896054228,129.97683873210013,4.875020503997803
20190117_sample_5,Sst,226.6541741916112,246.63378209645,5.511950969696045
20190122_sample_1,Pvalb,121.43589787185188,138.7575284357766,4.939908981323242
20190122_sample_2,IT,56.953362538055984,112.47831128576891,4.731611728668213
20190122_sample_3,Pvalb,169.70511574794853,192.3734252063167,5.264623165130615
20190122_sample_5,Pvalb,137.3624359170596,183.97603716331565,5.220226287841797
20190122_sample_6,IT,84.84614367534712,110.77814045146562,4.716516017913818
20190122_sample_9,Pvalb,144.0235239764055,191.74292523928685,5.261357307434082
20190122_sample_10,Pvalb,139.3623145495851,149.21366815553876,5.012058734893799
20190122_sample_11,low quality,155.62308599551525,198.8521529584464,5.297577857971191
20190122_sample_12,Pvalb,141.90274892002344,166.1844526285568,5.119097709655762
20190122_sample_13,Pvalb,364.0492531955242,198.26855064191477,5.294653415679932
20190122_sample_14,Pvalb,156.1911644687256,178.42689190454468,5.189767837524414
20190122_sample_16,Pvalb,187.20331799735632,140.0441324958663,4.94907283782959
20190122_sample_17,Pvalb,223.65054043009883,154.81788709088357,5.048687934875488
20190123_sample_5,Pvalb,140.9444566071034,165.94657881413335,5.117673873901367
20190123_sample_7,Pvalb,190.49809749424463,201.94594115727483,5.312939643859863
20190123_sample_8,Pvalb,168.75504911690945,147.42979072802322,5.000112056732178
20190124_sample_4,Pvalb,177.6271686429779,179.30101538602736,5.19462776184082
20190128_sample_2,Pvalb,157.2569152836998,146.08458138354362,4.9910078048706055
20190128_sample_3,low quality,178.6146816971401,189.01150398456286,5.247084617614746
20190128_sample_4,Pvalb,167.71369311710205,141.1801150010178,4.957094669342041
20190128_sample_6,Lamp5,320.9627125412225,350.6926647822637,5.862757682800293
20190128_sample_7,Pvalb,154.72101603200036,155.0189976103333,5.049977779388428
20190128_sample_11,Pvalb,293.5888986065984,215.89856832740088,5.379429817199707
20190128_sample_12,Pvalb,156.7847818136216,161.04034144059307,5.087845325469971
20190130_sample_2,low quality,127.88446741799508,213.26523848183857,5.367214679718018
20190130_sample_3,Lamp5,279.56540151188767,266.4832556534855,5.589056968688965
20190130_sample_6,Pvalb,208.1272488857309,168.25328040952218,5.131396293640137
20190130_sample_8,CT,121.23093911508718,120.46566079247468,4.799631595611572
20190130_sample_9,Sst,301.7723696269095,184.26636590775223,5.221794605255127
20190130_sample_10,Sst,252.43150965496895,279.01918856451545,5.634858131408691
20190130_sample_15,Pvalb,130.65563769798194,129.0468963220127,4.867895126342773
20190130_sample_17,Sst,323.7652210791906,257.5312348109544,5.55501651763916
20190130_sample_18,Sst,196.8442963634928,196.61857939111397,5.286338806152344
20190131_sample_1,Sst,310.0882750339806,229.27073247782513,5.439255714416504
20190131_sample_3,Pvalb,104.3655303965012,145.43139230241542,4.9865570068359375
20190131_sample_4,Sst,210.15097489953044,228.06716879186808,5.434015274047852
20190131_sample_5,Sst,243.85956190526488,180.6453084814229,5.202055931091309
20190131_sample_6,Sst,197.7908484091361,227.7114720445063,5.432461261749268
20190131_sample_10,Sst,209.6327057008942,221.7075487903218,5.405859470367432
20190201_sample_2,Pvalb,162.30059105282027,138.9448500661941,4.941248416900635
20190201_sample_3,Pvalb,165.12606631343556,156.95176708579825,5.062289714813232
20190201_sample_4,Pvalb,198.0505842020114,165.24774863857397,5.113479137420654
20190201_sample_7,Pvalb,186.78454413016632,154.25163981489789,5.045047283172607
20190201_sample_8,Pvalb,200.9091420595845,201.91710510066534,5.312797546386719
20190201_sample_10,Pvalb,178.63313282281163,186.59150592562136,5.234266757965088
20190204_sample_1,Sst,119.51122349252302,173.7219075142386,5.163195610046387
20190204_sample_2,CT,233.75992957378432,167.2063015900209,5.1251912117004395
20190204_sample_4,Sst,192.3801746219397,325.02247602514865,5.786966323852539
20190204_sample_5,Sst,251.4957705798249,297.2321356246455,5.697872161865234
20190204_sample_6,Sst,207.21958265826103,257.4533352963186,5.554715156555176
20190204_sample_7,Pvalb,136.77817450712124,147.78133026441603,5.002477645874023
20190204_sample_8,Pvalb,180.27655761937305,149.3279574082174,5.012819290161133
20190204_sample_9,Pvalb,189.8737324724595,149.3460223464782,5.012939453125
20190204_sample_10,Pvalb,188.7960593849421,124.16880630101237,4.829663276672363
20190204_sample_11,Sst,365.22558454051614,225.6228975161637,5.423287391662598
20190204_sample_14,Sst,332.60070549886825,222.9470981274651,5.411409854888916
20190204_sample_15,Sst,265.8085290938615,225.08775786392707,5.420923233032227
20190204_sample_16,Sst,245.21766390030584,249.10232553500282,5.521870136260986
20190204_sample_17,Sst,237.5529968703077,179.1844720205744,5.193981170654297
20190204_sample_18,Sst,587.1243446792165,240.0697814200381,5.485086441040039
20190204_sample_19,low quality,181.7816859719654,150.8641562013312,5.02298641204834
20190204_sample_20,low quality,190.53437366336584,144.7444052824595,4.981854438781738
20190204_sample_21,Pvalb,192.67775318895772,181.9478859228359,5.209201335906982
20190204_sample_22,IT,205.3978977476557,130.3707691655552,4.878023624420166
20190204_sample_24,CT,219.0045191906393,193.4421032353866,5.270134449005127
20190205_sample_1,Pvalb,495.7903483795623,251.60776259297037,5.5318379402160645
20190205_sample_2,Sst,257.2626508027316,296.5750056888732,5.695666313171387
20190205_sample_3,low quality,235.24235665425653,221.00162209240162,5.402684688568115
20190205_sample_4,Sst,293.5493190300961,263.53948767209096,5.577990531921387
20190205_sample_5,Sst,345.9623720472057,347.9605962421365,5.854959011077881
20190205_sample_6,Sst,143.32743957887095,253.643745985812,5.539865493774414
20190205_sample_7,Pvalb,111.8723124451936,156.54039355429137,5.0596818923950195
20190211_sample_1,Pvalb,288.4855393692851,128.3470674654703,4.862499237060547
20190211_sample_2,IT,238.69796034942064,155.72907842717785,5.054518699645996
20190211_sample_3,Pvalb,162.61672057211393,175.77017877101997,5.1748504638671875
20190211_sample_4,IT,160.71622523665422,128.8501597489335,4.8663811683654785
20190211_sample_6,Pvalb,146.36921294530225,142.200097469703,4.964242935180664
20190211_sample_8,Pvalb,230.069489064316,253.5444408492386,5.539475440979004
20190211_sample_9,Pvalb,165.32466798754675,198.16187326341432,5.2941179275512695
20190211_sample_11,Pvalb,183.89083418374264,177.90054623227724,5.186830043792725
20190211_sample_12,low quality,191.4054583633939,173.21119137053557,5.160268306732178
20190212_sample_1,Sst,211.40516277828385,212.33252456089508,5.362852096557617
20190212_sample_4,Sst,221.1129648387432,149.373482342219,5.013122081756592
20190212_sample_5,Sst,562.4555143175918,239.92395268899688,5.484481334686279
20190212_sample_6,Sst,262.8710152123656,205.15475188950626,5.328627109527588
20190212_sample_7,Sst,282.531312637031,372.9536541196767,5.924131870269775
20190212_sample_8,Sst,179.92698606724542,277.9586216442798,5.631063461303711
20190213_sample_1,Pvalb,135.07872874041396,132.0353638409991,4.890614986419678
20190213_sample_4,Pvalb,161.0575920343399,145.30834444382222,4.985716342926025
20190213_sample_7,Pvalb,196.841331194554,125.38894934449571,4.839364051818848
20190213_sample_8,Pvalb,140.765366041412,149.44800090708767,5.013617515563965
20190214_sample_1,Pvalb,123.17198731501892,218.6655266828743,5.392106056213379
20190214_sample_2,Pvalb,134.5610768347979,173.04595974242446,5.1593194007873535
20190214_sample_3,Pvalb,180.39713181679448,133.0877241540303,4.898494243621826
20190214_sample_6,Pvalb,211.3470611845454,134.00960401340095,4.905345916748047
20190214_sample_9,Pvalb,102.77393882224958,139.12320186558398,4.942522048950195
20190218_sample_3,Sst,314.538640388598,331.02684881496606,5.805215835571289
20190218_sample_4,Sst,221.7938975294431,279.0875609701249,5.635102272033691
20190218_sample_5,Sst,176.75255360826853,208.75598553067607,5.345944881439209
20190219_sample_1,Vip,570.13075898091,321.33699684702117,5.77559757232666
20190219_sample_3,Sncg,574.3723582029343,357.50043535567033,5.881929874420166
20190219_sample_4,Vip,410.9124541282654,272.3904187600141,5.61090087890625
20190219_sample_7,Vip,334.8309439669054,354.4113165125726,5.8732757568359375
20190219_sample_8,IT,185.8844633400437,188.09129457393664,5.24222993850708
20190221_sample_1,Sst,317.6863952664038,248.3493923142282,5.518855094909668
20190221_sample_2,Sst,207.70238741363087,211.44843959999733,5.358699321746826
20190221_sample_4,Sst,257.8509023810427,262.22156751140363,5.572996139526367
20190221_sample_10,Sst,190.1000056502276,229.0357671224175,5.438234806060791
20190221_sample_11,Pvalb,195.74949037035307,204.58215157022005,5.325845718383789
20190222_sample_2,CT,261.21304262677825,230.87622321039535,5.446203708648682
20190222_sample_3,IT,200.62249904870987,144.40704408721228,4.979537010192871
20190222_sample_4,CT,405.7951919798341,237.85969547496816,5.475876331329346
20190222_sample_5,CT,240.64467323074737,134.0771530041761,4.905846118927002
20190222_sample_7,Vip,476.96421441932506,254.03746250875713,5.541410446166992
20190222_sample_8,IT,134.0104328468442,148.75959310968423,5.009031295776367
20190226_sample_1,Pvalb,167.34792329867673,210.6263371271967,5.354822158813477
20190226_sample_2,Lamp5,178.20358385890725,276.6224752184287,5.626262187957764
20190226_sample_3,CT,336.5436050469676,267.84148558212286,5.594121932983398
20190226_sample_5,IT,103.51941020290052,92.77813267111078,4.540931701660156
20190226_sample_6,IT,223.3228639935454,191.3776657703309,5.25946044921875
20190226_sample_7,Lamp5,280.7568797692657,300.07626522600486,5.707363605499268
20190226_sample_9,Pvalb,194.97371757030487,182.05914608696287,5.209809303283691
20190227_sample_1,Sst,375.3058263744987,217.07583573049948,5.384842872619629
20190227_sample_2,Sst,240.41323731342965,280.2617033102347,5.639285564422607
20190227_sample_3,Sst,224.37423955649132,234.34834197043796,5.461066722869873
20190227_sample_4,Sst,306.0698191449046,305.79538600210276,5.7261810302734375
20190227_sample_5,Sst,192.41487534557072,292.58103553280296,5.682153701782227
20190227_sample_6,Sst,309.75198451429605,253.83542453203685,5.540617942810059
20190227_sample_7,Pvalb,110.61647235850492,157.2398167139303,5.064111709594727
20190318_sample_3,Sst,210.84274525609283,286.3852993994063,5.660823822021484
20190318_sample_4,Sst,259.07816032071906,209.5830724008797,5.349880218505859
20190318_sample_5,Sst,385.9852546098797,274.3977770608218,5.618216514587402
20190318_sample_6,Sst,285.69204974547034,323.41712337050853,5.78203010559082
20190320_sample_4,IT,207.8925778145591,210.2513805623077,5.353048801422119
20190320_sample_5,CT,182.75563158343235,196.92148410082964,5.287870407104492
20190320_sample_6,CT,262.8104664981365,216.68011001746814,5.383026599884033
20190320_sample_9,IT,197.5597217679024,206.11859058754598,5.333291530609131
20190321_sample_2,low quality,350.6908935631315,184.96168129940565,5.225540637969971
20190321_sample_4,IT,171.06862203280136,158.20555272587436,5.070196151733398
20190321_sample_6,CT,131.99264203508687,189.18481887040448,5.2479963302612305
20190322_sample_1,IT,205.1664520390332,121.20737241064545,4.805719375610352
20190322_sample_2,IT,80.59279442578554,101.67385053485793,4.631557464599609
20190322_sample_3,CT,230.79505990693968,248.01907192550473,5.517529487609863
20190322_sample_4,CT,110.9626392597954,156.21732886485032,5.057629108428955
20190325_sample_1,Lamp5,177.27597013426316,219.71663252164353,5.39687967300415
20190325_sample_2,low quality,114.6773725748062,189.7050760694689,5.250728130340576
20190325_sample_3,IT,133.49629345660406,125.17590464352187,4.837677001953125
20190325_sample_4,CT,154.14251474042734,150.66297733883627,5.021660804748535
20190325_sample_5,CT,130.73794023754698,142.8355118982879,4.96867036819458
20190325_sample_6,CT,258.3032313423853,204.84464517075375,5.327121734619141
20190325_sample_7,IT,257.9097662555675,178.03802768670374,5.18759822845459
20190325_sample_9,CT,180.12246205161017,201.468931985858,5.310586452484131
20190326_sample_1,CT,147.6003444616993,123.63522768180161,4.8253912925720215
20190326_sample_2,Vip,523.2133824626605,451.4179317816078,6.1146063804626465
20190326_sample_3,Vip,499.7226969401041,349.0922654736913,5.85819673538208
20190326_sample_4,CT,186.49861511339736,172.74935188374724,5.157613754272461
20190327_sample_1,CT,169.75971734949525,336.1468168037786,5.820518493652344
20190327_sample_2,IT,125.21776568321955,138.805385284038,4.940251350402832
20190327_sample_4,CT,192.5978722373644,246.83873738158496,5.512778282165527
20190327_sample_7,Vip,352.95207229753345,470.12804250119143,6.155129909515381
20190328_sample_1,CT,206.5634403675794,206.72221198249227,5.3362016677856445
20190328_sample_2,CT,190.76878202706584,180.24437661846684,5.199846267700195
20190328_sample_3,CT,290.4004368881384,194.73580638717868,5.276765823364258
20190328_sample_4,CT,222.37077515323955,143.40948532388205,4.972652912139893
20190328_sample_5,CT,193.48795229196548,195.0542410971509,5.278391361236572
20190328_sample_6,CT,168.52444859097395,162.33950988734873,5.095830917358398
20190328_sample_8,IT,160.9546898230911,131.0218543416236,4.882967472076416
20190328_sample_9,CT,200.9925062432885,199.62813372109412,5.301453113555908
20190329_sample_3,CT,155.280312374234,147.2563473324919,4.998942852020264
20190329_sample_4,CT,150.15472993503016,145.9569903393685,4.990139961242676
20190329_sample_5,CT,158.7540778890252,155.58826766152654,5.053619861602783
20190402_sample_2,CT,260.0325176368158,140.22772374610608,4.950373649597168
20190402_sample_3,IT,175.6331964582205,159.42239212656975,5.077810287475586
20190402_sample_5,low quality,213.27375689148897,212.79047214413612,5.364996433258057
20190402_sample_6,Vip,385.2889227867126,254.98144988534798,5.54510498046875
20190403_sample_3,low quality,213.38086703916383,159.05242886355768,5.075501441955566
20190403_sample_5,IT,309.7129837051034,125.63423245581265,4.841302871704102
20190403_sample_6,Sst,203.2595750875771,268.44068831798484,5.596348285675049
20190403_sample_7,Sst,252.8784420602024,360.46245468848184,5.890158176422119
20190408_sample_1,Pvalb,148.66266115506485,185.69690358870668,5.229486465454102
20190408_sample_2,Sst,475.383880186826,236.7215078668227,5.471099853515625
20190408_sample_5,Sst,189.33613957216343,264.2972984346067,5.580851078033447
20190408_sample_6,Sst,370.32626131922007,181.0362767173798,5.2042059898376465
20190409_sample_2,low quality,257.68882586061954,178.61795769964914,5.190832138061523
20190409_sample_3,low quality,242.6610193438828,238.40600064348638,5.478160858154297
20190409_sample_4,Sst,333.0320447012782,289.85916028383224,5.672839164733887
20190409_sample_5,CT,325.1102444988986,180.30937916034847,5.200204849243164
20190409_sample_7,Sst,386.6073458978015,218.5393455914394,5.391531467437744
20190409_sample_8,CT,264.5121616770823,265.0437057377686,5.58366060256958
20190409_sample_9,IT,256.41255596776807,118.06002765318229,4.779627799987793
20190409_sample_10,CT,191.15587773174047,140.33861322068182,4.95115852355957
20190409_sample_11,IT,159.58710048596066,137.24375913004718,4.929018497467041
20190410_sample_3,CT,98.27477371692656,144.60138252375978,4.980872631072998
20190410_sample_4,Sst,266.46696354821324,309.2611493324379,5.737414360046387
20190410_sample_6,IT,77.06233275433381,125.94686291364357,4.84376859664917
20190410_sample_7,CT,349.03765611102176,222.8387362602682,5.41092586517334
20190410_sample_10,CT,94.36268689483404,295.2057588781417,5.691054344177246
20190411_sample_1,CT,211.9465114821991,205.26871568105503,5.329179763793945
20190411_sample_3,low quality,107.31457358743586,180.7569898349401,5.202670574188232
20190411_sample_5,CT,298.5795818691452,207.33842071713755,5.339163780212402
20190411_sample_6,Pvalb,198.6495512848099,217.55886800447223,5.387055397033691
20190411_sample_8,CT,259.18176947037387,205.82508103909495,5.331873416900635
20190412_sample_1,Pvalb,206.46007584407928,138.10569916821888,4.935234069824219
20190412_sample_3,IT,110.6625445062916,211.82633272822633,5.360476493835449
20190412_sample_6,Pvalb,183.8431607137124,213.67942528096538,5.36914587020874
20190415_sample_1,Pvalb,243.7855180973808,169.63069994550577,5.139501571655273
20190415_sample_3,CT,209.68487885168628,178.62815016228993,5.19088888168335
20190415_sample_4,IT,162.76190501327312,131.67610308862265,4.887910842895508
20190415_sample_6,CT,255.98238893598315,196.97094347024301,5.288120269775391
20190415_sample_8,Sst,289.28879460444057,204.9865271183698,5.327810764312744
20190415_sample_10,IT,154.90288572385913,128.67832897370303,4.865056991577148
20190416_sample_3,CT,222.18307310094437,161.35612932142843,5.089792251586914
20190416_sample_4,Pvalb,133.6498883590102,153.5045581482418,5.040223598480225
20190416_sample_5,Sst,257.57274764527875,259.3701376926565,5.562104225158691
20190416_sample_6,IT,313.0411710590124,136.54060751628185,4.923919200897217
20190416_sample_7,Sncg,341.30339774986106,385.6301338994253,5.957468509674072
20190416_sample_8,Pvalb,196.75676424056297,166.70847293721772,5.122227191925049
20190416_sample_9,IT,180.2302817478776,134.6038901900895,4.909738063812256
20190416_sample_10,CT,183.98463735729453,221.5003521350808,5.404928684234619
20190417_sample_2,CT,212.3167086268465,246.00332504259768,5.509401798248291
20190417_sample_3,CT,297.2981950889031,203.29934117125163,5.319586277008057
20190417_sample_4,Sst,253.49034597103795,290.8377524876163,5.6761980056762695
20190417_sample_5,Sst,201.57688754300293,238.44938449116486,5.478342056274414
20190417_sample_9,CT,160.7765167242004,174.15442453197466,5.16566801071167
20190417_sample_10,Sst,302.1982890740037,337.122133914517,5.823407173156738
20190418_sample_2,Sst,288.52193937947345,212.25258379092713,5.3624773025512695
20190418_sample_4,CT,222.3491535012921,188.73364199720373,5.245621204376221
20190418_sample_5,IT,188.41294438888636,160.3717436958492,5.083710670471191
20190418_sample_7,CT,188.18012980123365,187.3784387096923,5.238452911376953
20190418_sample_8,Pvalb,161.70412712295845,220.08561696342653,5.398550033569336
20190418_sample_9,CT,198.9936183219155,209.01219166169847,5.347165584564209
20190418_sample_10,CT,266.2277135526141,246.89239632805743,5.512994766235352
20190422_sample_1,Pvalb,154.75398097808164,186.54204626481487,5.234003067016602
20190422_sample_4,Pvalb,153.66645856201646,186.23341957338053,5.232356071472168
20190422_sample_5,Pvalb,228.6729485740265,204.51609049959424,5.32552433013916
20190422_sample_6,CT,152.78490014125902,140.93916631409348,4.9553985595703125
20190422_sample_7,IT,192.24086045225465,166.41803510730477,5.1204938888549805
20190422_sample_8,Pvalb,245.8947743574778,255.1624089114822,5.545811653137207
20190422_sample_10,CT,150.97767060995105,141.69331129784345,4.960697650909424
20190423_sample_1,IT,182.5889056151112,127.54400112609483,4.856271266937256
20190423_sample_3,CT,222.3243519204358,153.53130394865616,5.040396690368652
20190423_sample_5,CT,339.1135997381692,264.7116680164059,5.582411766052246
20190423_sample_7,CT,279.7479729925593,187.56231205671165,5.239428520202637
20190423_sample_8,Pvalb,160.99406866977614,150.64063255522314,5.02151346206665
20190423_sample_10,Pvalb,132.36720257749164,164.83066200218232,5.11096715927124
20190424_sample_1,CT,220.2094982092579,172.94250000356968,5.158724784851074
20190424_sample_2,Pvalb,160.95995950450495,195.23175774233817,5.279296398162842
20190424_sample_3,CT,188.34630717337137,149.9763530677328,5.017123222351074
20190424_sample_4,CT,133.08150022973624,134.4001027601235,4.908234119415283
20190424_sample_5,CT,144.05431476483744,137.5732886220778,4.931399345397949
20190424_sample_6,IT,120.83220232774812,99.57716035061361,4.610925197601318
20190424_sample_7,Lamp5,205.71835635354125,250.91046209062026,5.529073715209961
20190425_sample_1,IT,159.01573273291186,148.13249347586046,5.00483512878418
20190425_sample_4,Lamp5,174.72994986921557,239.86709306066788,5.484245300292969
20190425_sample_6,Sst,398.2347040250896,235.04740417280104,5.4640326499938965
20190425_sample_7,IT,142.75075977047285,162.62349643971194,5.097568035125732
20190425_sample_8,CT,297.65067971746134,158.53217050439986,5.0722455978393555
20190425_sample_9,CT,187.15049561361468,246.95398842179358,5.513243198394775
20190425_sample_12,CT,255.9422627637784,162.05220646214846,5.0940704345703125
20190425_sample_13,CT,378.17275517930585,159.90987124665565,5.080844402313232
20190425_sample_14,CT,205.7594841942191,213.20455831712064,5.366931438446045
20190425_sample_16,IT,221.86423507829505,158.0925552266871,5.069486141204834
20190429_sample_1,Pvalb,248.61940792823836,159.1728291035064,5.076253414154053
20190429_sample_4,Pvalb,166.46570117771626,135.7635362507268,4.918253421783447
20190429_sample_5,Pvalb,95.76020498893088,220.1515154308959,5.398848056793213
20190429_sample_6,Pvalb,191.22758365422484,188.37851008262703,5.243747711181641
20190429_sample_7,CT,219.91793412342665,184.54476347431577,5.223296165466309
20190430_sample_1,Vip,471.8033682058255,271.19890040125523,5.606533050537109
20190430_sample_3,Vip,328.6770893136661,311.69306664574873,5.745222091674805
20190430_sample_4,Vip,332.1282967428367,415.35132145239714,6.031529426574707
20190430_sample_5,Vip,574.3531922747692,412.62649429104215,6.02496337890625
20190430_sample_6,Vip,364.0239208936691,227.9388621473627,5.433454990386963
20190430_sample_7,IT,170.81605369846025,114.99390595744036,4.753537654876709
20190430_sample_8,Vip,291.509123891592,340.6362017291271,5.833746433258057
20190430_sample_9,IT,77.32570791244498,124.41423314582181,4.831622123718262
20190430_sample_10,IT,198.34049567580223,130.49191287101937,4.878945350646973
20190501_sample_1,Vip,469.6482635128001,413.3312139070918,6.026665687561035
20190501_sample_3,Vip,439.4536492725213,376.2872235132471,5.933006763458252
20190501_sample_4,Vip,739.6724175910156,332.1190098533155,5.808499813079834
20190501_sample_5,CT,107.46961772441868,170.3031855318221,5.143435001373291
20190501_sample_6,Vip,484.98024776577967,438.2851784255709,6.085148811340332
20190501_sample_7,Pvalb,119.24594439566138,129.87376672604543,4.874233245849609
20190501_sample_8,Vip,484.10812869668,341.9260675117087,5.837514877319336
20190501_sample_9,Pvalb,189.85257808491596,156.08589160694743,5.056792736053467
20190501_sample_11,Pvalb,229.4406954534352,222.8970209535231,5.411186218261719
20190501_sample_12,IT,194.23636312286044,118.58393581180492,4.784018516540527
20190501_sample_14,Pvalb,323.74114081263554,179.40361181409867,5.195196628570557
20190503_sample_1,Vip,564.2698686321576,378.1249120777368,5.937865734100342
20190503_sample_3,Vip,383.0520335833233,265.527734022172,5.58547830581665
20190506_sample_1,Vip,508.4635237107674,374.04510509127147,5.927046298980713
20190506_sample_2,Vip,660.7596045484146,331.90829117413193,5.807867050170898
20190506_sample_3,Vip,417.4616435915231,328.13634012642177,5.796472072601318
20190506_sample_4,CT,195.8961337792377,154.626385788515,5.047458171844482
20190506_sample_5,Vip,441.748164554437,447.13303492751635,6.105090141296387
20190506_sample_6,CT,165.99822324514395,219.7659983647066,5.397103309631348
20190506_sample_7,Vip,300.80954071814386,334.18463525036543,5.814681529998779
20190507_sample_2,Vip,206.02164937679967,324.100662391037,5.784134864807129
20190507_sample_3,CT,196.2502139856417,163.69298788778445,5.104083061218262
20190507_sample_4,Vip,469.6285344734788,425.996394720632,6.0567755699157715
20190507_sample_5,Vip,584.2302465071552,440.2638525149847,6.0896430015563965
20190507_sample_6,Vip,564.5664582066238,506.3955932775645,6.229290962219238
20190508_sample_1,Lamp5,273.2711960623662,220.38944042615304,5.399923324584961
20190508_sample_2,Sst,215.1866643773392,268.41358054262247,5.596247673034668
20190508_sample_3,Lamp5,277.9700967719158,255.44399198912325,5.546910285949707
20190508_sample_4,Sst,307.3671572034558,316.8922697833267,5.761712551116943
20190508_sample_5,low quality,189.4224390124176,228.09458659478958,5.4341349601745605
20190508_sample_6,Pvalb,155.38914899776378,187.03606463898527,5.236633777618408
20190508_sample_7,Sst,319.6749670629699,266.03568912150985,5.5873823165893555
20190509_sample_2,Vip,655.5549998022615,442.38546086352255,6.094439506530762
20190509_sample_3,Lamp5,235.6373673391839,223.25720647545455,5.4127936363220215
20190509_sample_4,Vip,337.0609245449305,359.6524158737226,5.887914657592773
20190509_sample_5,Lamp5,232.59963859741885,275.5228540365403,5.622293472290039
20190509_sample_9,Vip,326.360335672895,344.99079887394146,5.846412181854248
20190513_sample_1,Lamp5,242.38188660171411,231.54490083367904,5.44908332824707
20190513_sample_2,Vip,307.011734948804,318.0795561526409,5.765440464019775
20190513_sample_3,Vip,375.6463185325264,382.5308171787009,5.949419975280762
20190513_sample_4,Vip,510.3172708091636,466.31460208422374,6.147002696990967
20190513_sample_5,Lamp5,291.5376490963002,274.4060503383724,5.618246555328369
20190514_sample_2,Pvalb,249.25145211567485,153.44378945253365,5.039830207824707
20190514_sample_4,Lamp5,80.04832880305389,247.99746190174403,5.51744270324707
20190514_sample_7,Lamp5,249.5110598094761,288.6380472439826,5.6686320304870605
20190514_sample_8,Pvalb,120.80804781367384,177.99884623383969,5.187379360198975
20190515_sample_1,Lamp5,329.03767839943373,257.31411143446275,5.554176330566406
20190515_sample_2,low quality,588.7062276399561,287.4546573350962,5.6645379066467285
20190515_sample_3,low quality,292.9385511664052,146.67820977354967,4.995035648345947
20190515_sample_4,Vip,452.9957227905591,297.3941547172041,5.698415279388428
20190515_sample_5,Lamp5,422.7822481282056,262.08454209343137,5.572475433349609
20190515_sample_6,Vip,604.5156547427176,311.1566050266465,5.743505001068115
20190515_sample_7,Lamp5,316.79409728199244,379.7703239858939,5.942196369171143
20190515_sample_8,Vip,458.6953377972047,175.8938763255297,5.1755499839782715
20190515_sample_9,Lamp5,254.20685735841596,324.67008416646155,5.785884857177734
20190515_sample_10,Vip,556.6443478564421,176.0140309067273,5.176229000091553
20190515_sample_11,Lamp5,265.9037677124142,247.46504738159277,5.5153021812438965
20190515_sample_12,Vip,479.984631339709,281.36010696546754,5.64318323135376
20190515_sample_13,Vip,348.8104053301116,441.386136679764,6.0921831130981445
20190515_sample_14,Vip,607.1514809628327,290.5922400316728,5.675356388092041
20190515_sample_15,Lamp5,260.6415535633762,258.3248769695581,5.55808162689209
20190516_sample_2,Sst,286.30456208313507,368.76230989723217,5.91286039352417
20190516_sample_3,Lamp5,160.2669696137309,205.87863965551432,5.332132339477539
20190516_sample_4,Sst,281.46058161432546,302.0394199722562,5.713862895965576
20190516_sample_5,Lamp5,237.94667768602585,303.53317817587197,5.718780040740967
20190516_sample_6,Sst,505.6707059678933,246.0548004244603,5.509610176086426
20190522_sample_1,Lamp5,289.9502334358791,283.4123032242019,5.650424957275391
20190528_sample_2,Vip,327.04624823729193,357.46026521910926,5.881817817687988
20190528_sample_4,Vip,301.0387470585605,386.88951312836735,5.960720539093018
20190528_sample_6,Vip,289.1254247253139,423.42850923162797,6.050743579864502
20190528_sample_7,Lamp5,268.0978253247837,255.3684328316931,5.5466156005859375
20190528_sample_8,Vip,586.3852985811731,337.3146963881871,5.823976516723633
20190528_sample_9,Vip,746.8099275231363,318.1627925043064,5.7657012939453125
20190529_sample_2,Vip,880.0884580363829,192.7329076694688,5.266480445861816
20190529_sample_3,Sncg,275.53209114819765,227.20545763289368,5.430246353149414
20190529_sample_6,Vip,709.828515201807,376.1645485464326,5.932681560516357
20190603_sample_1,Lamp5,230.96948699094355,351.66061793153386,5.865506172180176
20190603_sample_2,Vip,943.7208421155808,467.30100905414264,6.149111270904541
20190603_sample_3,Vip,461.0265175588429,253.7385954779054,5.540237903594971
20190603_sample_4,Vip,263.8858808229367,300.81782545752213,5.7098236083984375
20190603_sample_5,Lamp5,205.78424932807684,225.45567892531142,5.422549247741699
20190603_sample_6,Lamp5,274.03485810508334,322.1695995266867,5.778177261352539
20190603_sample_7,Lamp5,224.914196961456,280.57946944150876,5.640414714813232
20190603_sample_9,Sncg,301.5005957856775,237.5943486469209,5.474764823913574
20190603_sample_10,Vip,403.8566540579002,417.9650222995835,6.037787437438965
20190604_sample_2,Pvalb,160.20009883173884,130.9886193807364,4.882715702056885
20190604_sample_4,Lamp5,240.51025677472356,259.10086251144116,5.561069488525391
20190604_sample_6,Lamp5,242.85183245937023,226.39187321442196,5.426674842834473
20190604_sample_8,Pvalb,327.6719325880209,181.25201978767825,5.205390453338623
20190604_sample_12,IT,180.8666128388473,153.0920224815687,5.03754997253418
20190605_sample_1,low quality,252.6428704236945,240.85098720697954,5.488321781158447
20190605_sample_2,Vip,461.3289338760078,336.32000423852287,5.8210320472717285
20190605_sample_4,Vip,334.83334063986933,358.0127853738961,5.883358001708984
20190605_sample_5,Lamp5,277.5180068401,236.1853800232312,5.468842029571533
20190605_sample_6,Vip,356.4189061533127,342.52179676707067,5.839250564575195
20190606_sample_1,Pvalb,199.73944189026943,187.1424345368591,5.237199306488037
20190606_sample_2,Pvalb,242.0736105243365,172.88793256574135,5.158411026000977
20190606_sample_3,Pvalb,237.12788884590063,195.83912677784454,5.282386779785156
20190606_sample_5,Pvalb,218.31907030443352,214.2337411139301,5.371724605560303
20190606_sample_6,IT,62.16783748779981,117.39075434559496,4.773990631103516
20190606_sample_7,low quality,259.564751756688,202.50692914767708,5.315700054168701
20190606_sample_9,Sst,345.06614004820585,297.78213450101543,5.699714660644531
20190607_sample_2,Sst,418.4453936293721,425.376655699662,6.055323123931885
20190607_sample_3,Lamp5,202.65396837251524,216.24117636358855,5.381008148193359
20190607_sample_5,low quality,188.8902799540332,147.95290189095135,5.0036301612854
20190610_sample_1,Sst,341.09821743021416,173.45891703568,5.161689281463623
20190610_sample_2,Pvalb,254.07575672119856,261.0516251202361,5.568541526794434
20190610_sample_3,Lamp5,199.97675381600857,237.42557272276912,5.474057197570801
20190610_sample_4,Pvalb,248.22167811294395,262.9504294304132,5.575761318206787
20190610_sample_5,low quality,270.1968011111021,203.93949835492845,5.322714805603027
20190610_sample_7,low quality,295.9960424005985,280.6730694800407,5.6407470703125
20190610_sample_8,Pvalb,238.75933950642747,224.8360608168643,5.419809341430664
20190610_sample_9,Lamp5,205.0309657504161,249.17341345291004,5.522154331207275
20190610_sample_10,Pvalb,217.52952940762043,204.47532749592892,5.325325965881348
20190610_sample_12,Pvalb,213.00464623297256,202.9834657735229,5.3180389404296875
20190610_sample_16,Lamp5,192.2836981316408,278.32173041886375,5.632364273071289
20190610_sample_18,Vip,293.1598872020841,445.66698472398406,6.101813316345215
20190611_sample_1,IT,220.63294276098404,154.0188429013025,5.043546676635742
20190611_sample_3,Lamp5,273.3743966395656,231.86269543047936,5.450448989868164
20190611_sample_4,Sst,271.65266090383136,344.535914838843,5.845096588134766
20190611_sample_5,low quality,121.037696506828,253.8325081887329,5.540606498718262
20190611_sample_7,Lamp5,180.08385955542332,233.52573068844143,5.4575653076171875
20190611_sample_8,Sst,238.4034644402564,303.03869506554383,5.7171549797058105
20190611_sample_10,Sst,249.6073940508067,248.90443544885355,5.521078586578369
20190611_sample_11,IT,108.3876021711954,151.55918279671894,5.027552604675293
20190611_sample_14,Sncg,570.9456524490897,497.1117700001161,6.210824489593506
20190611_sample_15,Lamp5,293.0949395236869,283.15569351142443,5.649522304534912
20190612_sample_1,Lamp5,308.0494919295112,320.0068429457234,5.771462440490723
20190612_sample_2,Pvalb,159.57435527443886,189.30048019141537,5.2486042976379395
20190612_sample_4,Vip,332.94293950001395,390.32603938843187,5.969541072845459
20190612_sample_6,Pvalb,198.04456897079945,180.94350938746734,5.203696250915527
20190612_sample_7,Lamp5,206.5456113045414,190.92073769955098,5.257082462310791
20190612_sample_8,Lamp5,195.1808108215531,312.42871354043007,5.74757194519043
20190613_sample_2,Sst,245.57486737767857,181.36050892494742,5.2059855461120605
20190613_sample_3,Sst,321.7784670343002,256.05061578125805,5.5492730140686035
20190613_sample_4,Sst,421.4305920579604,279.6418325031752,5.637079238891602
20190613_sample_6,Pvalb,209.7600525443752,240.82284990073728,5.488205432891846
20190613_sample_7,Sst,249.6420277442252,292.0579382131245,5.680370330810547
20190613_sample_8,Pvalb,388.49186189783126,166.92044633946784,5.123490333557129
20190613_sample_9,Sst,150.24041957904893,204.14442766796697,5.323714256286621
20190613_sample_10,Sst,306.3862614606817,321.80751512901173,5.7770562171936035
20190614_sample_2,Vip,879.8405524374297,524.8706024861241,6.265055179595947
20190614_sample_3,Lamp5,146.40001746692838,302.49681976077915,5.715371131896973
20190614_sample_4,Vip,383.417934725682,355.1034407109701,5.875221252441406
20190614_sample_6,Vip,541.8455980221431,398.0022044585992,5.988966941833496
20190614_sample_8,Vip,412.477540994684,309.1675148840367,5.737112522125244
20190617_sample_1,Lamp5,204.9490132778883,192.6118365827814,5.265855312347412
20190617_sample_2,CT,218.25631698966023,162.9204042387873,5.099380970001221
20190617_sample_3,Sst,345.414654991279,279.99400107481927,5.638333320617676
20190617_sample_4,Sst,303.27658580438725,297.99648687223396,5.700431823730469
20190617_sample_5,Sncg,281.2139088040567,377.8408310734885,5.9371161460876465
20190617_sample_6,Sst,210.0600602626801,328.49782458127305,5.797569751739502
20190618_sample_1,low quality,276.420931853354,266.02563004038245,5.587344646453857
20190618_sample_2,Vip,287.4400868291656,410.74543925712885,6.020405292510986
20190618_sample_4,Vip,294.5158366064231,341.9968789347139,5.837721347808838
20190618_sample_5,Vip,424.93306150039024,390.067312424576,5.968879699707031
20190618_sample_7,Lamp5,248.31093246738095,259.5523355584043,5.562803745269775
20190618_sample_8,Lamp5,260.61398557946086,308.38493281030696,5.734586238861084
20190619_sample_1,Lamp5,292.75992829849315,268.6834951134975,5.5972490310668945
20190619_sample_3,Pvalb,174.83834732820594,156.31699166897704,5.058262825012207
20190619_sample_4,Pvalb,208.0611293651164,155.1723279552378,5.050960063934326
20190619_sample_5,Pvalb,176.5965987071395,196.3897285303146,5.28518009185791
20190619_sample_6,Lamp5,245.32895746827128,215.2696219217994,5.37652587890625
20190620_sample_1,Lamp5,196.4975252225995,335.7475545383724,5.819333553314209
20190620_sample_2,Sst,355.0439495258033,277.4143123114948,5.629110336303711
20190620_sample_5,Sst,368.42785639067495,270.89677668735663,5.605422496795654
20190620_sample_6,Sst,656.4990408470233,291.7446669008841,5.679300785064697
20190620_sample_8,Pvalb,183.56679686407253,125.17638596731835,4.837680816650391
20190624_sample_1,Sst,175.2718022589882,236.04506592910423,5.468250274658203
20190624_sample_2,Sst,451.66795348127664,268.9796835902122,5.598346710205078
20190624_sample_3,Sst,225.19717261567712,264.29413586321056,5.580839157104492
20190624_sample_4,Pvalb,193.48260087426752,220.8620384692352,5.402055740356445
20190624_sample_5,Sst,262.4681654560069,219.00327344499755,5.393642425537109
20190624_sample_6,Sst,282.9891255795956,181.798075244796,5.2083821296691895
20190625_sample_1,Vip,426.6072811136644,311.75554732630565,5.745421886444092
20190625_sample_2,low quality,644.0008304268122,177.58842668010277,5.185083866119385
20190625_sample_3,Vip,251.65425373365483,338.80616072167004,5.828375339508057
20190625_sample_4,Vip,595.4668254653611,469.5671975001152,6.1539387702941895
20190625_sample_5,Vip,230.651469618082,242.76981609690063,5.496224403381348
20190625_sample_6,Lamp5,244.67819293836752,259.8921076544684,5.5641069412231445
20190625_sample_7,Vip,317.0979872066528,375.19803733252724,5.930115699768066
20190625_sample_8,Vip,451.547555728505,360.2115874735345,5.889463901519775
20190625_sample_10,Vip,268.606952217718,294.364870445495,5.688211441040039
20190625_sample_11,Vip,160.93028483539814,362.2829955942558,5.895182132720947
20190625_sample_12,Vip,525.9357209044198,322.9300481482263,5.780527591705322
20190625_sample_13,Vip,191.180636651814,232.19815930659797,5.451888561248779
20190626_sample_1,Vip,342.7614034091433,337.2451741734917,5.823770999908447
20190626_sample_4,low quality,292.35931797325617,298.86229849299906,5.7033233642578125
20190626_sample_5,Vip,507.03744903206825,414.4331332473964,6.029321670532227
20190627_sample_1,CT,204.28000417848423,234.80384579804812,5.463000297546387
20190627_sample_2,Lamp5,172.98922204545568,265.7198367034536,5.586198806762695
20190627_sample_4,NP,337.4323473647238,272.4220987339984,5.611016750335693
20190627_sample_6,Pvalb,227.8781843756637,213.3885927165279,5.367790222167969
20190627_sample_8,IT,225.59092132002115,145.5472061516107,4.987347602844238
20190628_sample_1,Sst,233.00372227387768,364.2729123304624,5.900644779205322
20190628_sample_2,Pvalb,121.65194362934145,188.71500567009042,5.245522975921631
20190628_sample_3,Sst,251.26981453473377,205.21619994930154,5.328925132751465
20190628_sample_4,Sst,333.3722892453273,366.4150859357045,5.906492233276367
20190628_sample_5,Sst,387.0232676217953,186.34540998663442,5.232954025268555
20190628_sample_6,Pvalb,186.3919492655744,246.45684193812323,5.511236190795898
20190628_sample_7,Sst,225.50488966206703,181.61033133141243,5.207354545593262
20190703_sample_1,Pvalb,162.436636905585,126.30590654817432,4.846592903137207
20190703_sample_2,Pvalb,191.15555003684543,151.26419280664481,5.0256171226501465
20190703_sample_3,Pvalb,122.48018839955328,120.55077411002985,4.800332069396973
20190703_sample_5,Pvalb,151.39560133715466,173.23320640933315,5.160394668579102
20190703_sample_6,Pvalb,199.35111438234648,169.33999357215282,5.137796401977539
20190703_sample_8,Pvalb,149.10970943048602,158.3314697685558,5.070986747741699
20190703_sample_10,Pvalb,184.76989933954823,151.35584817547797,5.026218891143799
20190703_sample_12,Pvalb,275.3226409877341,199.50801200746173,5.300854206085205
20190703_sample_13,Sst,186.50003282891385,297.05158593076726,5.697266578674316
20190703_sample_14,low quality,211.15919466316703,202.73267148168154,5.316808700561523
20190703_sample_15,Sst,191.03158582498625,282.50970652888225,5.647246360778809
20190704_sample_2,Sst,298.46797897045815,210.59414887027188,5.35467004776001
20190704_sample_12,Vip,174.74330648283166,313.79215443127305,5.751912593841553
20190704_sample_14,Vip,207.42992327610648,373.32330537384155,5.925119876861572
20190705_sample_1,Vip,284.77125767866767,325.32560768266217,5.787895679473877
20190705_sample_3,Vip,192.2650376707316,338.2309477020256,5.826681137084961
20190705_sample_4,Vip,370.5922452691528,408.6277315783456,6.015248775482178
20190705_sample_5,Vip,347.45997362832225,437.5286056917321,6.083425045013428
20190705_sample_9,Vip,365.97612096617615,236.86653242505201,5.471709728240967
20190708_sample_3,low quality,183.48229327549532,192.5736193295191,5.265657901763916
20190708_sample_4,Pvalb,158.0237464557091,173.17472729503325,5.160058975219727
20190708_sample_6,Vip,852.1771586686373,331.46030251507295,5.806520462036133
20190708_sample_7,Vip,786.0434876189296,322.8478848480683,5.780273914337158
20190708_sample_8,IT,135.54796742399526,124.7014924207144,4.83390998840332
20190708_sample_12,Vip,306.28567304089665,374.82277139519385,5.929117679595947
20190709_sample_1,Vip,434.748549785465,379.9541125512475,5.942678928375244
20190709_sample_2,Vip,228.4379331419865,331.36836816159393,5.806243896484375
20190709_sample_3,Vip,536.8032257519664,409.4328731429908,6.017212390899658
20190709_sample_8,Sncg,478.63959399362415,394.7767223242217,5.9808502197265625
20190709_sample_10,Vip,342.203410508732,437.10766688584715,6.082464694976807
20190709_sample_11,Vip,311.1271311541399,261.79203350932465,5.5713629722595215
20190709_sample_12,Vip,520.3908574345212,345.2667575486174,5.847209453582764
20190709_sample_13,Vip,258.91037968049454,404.45180847280153,6.005002021789551
20190709_sample_14,Vip,401.6309696361423,376.34587696093695,5.933162212371826
20190710_sample_3,Sst,182.53435875289145,230.89479924392336,5.44628381729126
20190710_sample_4,Sst,419.3807662241161,292.5355421953196,5.6819987297058105
20190710_sample_5,Sst,265.8087573759258,236.10645019496025,5.468509197235107
20190710_sample_6,Sst,280.05208233619726,301.07353200305425,5.710670471191406
20190710_sample_8,Vip,264.12981532265746,329.33175429530036,5.800097465515137
20190710_sample_10,Vip,441.3368979096412,327.53626146073367,5.794647216796875
20190712_sample_1,CT,457.7217586586874,252.48352335972902,5.535298824310303
20190712_sample_3,Sst,285.9540607780218,199.0771803114739,5.298703193664551
20190712_sample_4,low quality,276.0978857278824,202.38246533274233,5.315088272094727
20190712_sample_5,Lamp5,158.69901331514114,194.5058729754386,5.275590419769287
20190712_sample_6,Lamp5,226.33152525126928,207.32222835583883,5.339086055755615
20190712_sample_7,Lamp5,217.96400371566412,287.9085028233993,5.666110038757324
20190715_sample_1,Lamp5,170.48253600051004,255.8130598968588,5.548348426818848
20190715_sample_4,Lamp5,120.49332310472214,188.7953539696712,5.245946407318115
20190715_sample_5,Vip,230.75032543887696,315.946438448156,5.758732795715332
20190715_sample_6,Lamp5,253.9410428355137,259.888375589626,5.564092636108398
20190715_sample_7,Vip,245.329257633537,414.0494044944006,6.028397560119629
20190715_sample_8,Lamp5,172.82478633274633,210.59515783220382,5.354674816131592
20190715_sample_9,Vip,296.4356763834754,261.2196197455621,5.569182395935059
20190715_sample_10,Sncg,313.99034444491065,410.2670513705636,6.019242763519287
20190715_sample_11,Lamp5,172.60662637899318,207.01709385740128,5.337620258331299
20190716_sample_1,low quality,207.19069194296992,230.5707063535781,5.44488525390625
20190716_sample_3,Sst,508.8921342373941,346.535988995731,5.850868225097656
20190716_sample_5,Sst,266.4656389057636,230.01771419188523,5.4424943923950195
20190716_sample_7,Vip,226.60872070491317,291.6358057493311,5.678928852081299
20190716_sample_8,Lamp5,200.55838492761055,242.26818259338202,5.49416446685791
20190716_sample_9,Vip,225.23981882880133,412.98442879480564,6.0258283615112305
20190717_sample_1,Sst,366.9522593170405,268.1194247083459,5.595155239105225
20190717_sample_2,Sst,328.5195701395472,283.88057161276896,5.652070045471191
20190717_sample_3,Sst,178.74529667819542,243.21285444100727,5.498040199279785
20190718_sample_1,Vip,266.22540152569604,256.2472953279013,5.550037860870361
20190718_sample_2,CT,730.8678589016197,330.2647674559782,5.802917957305908
20190718_sample_3,CT,481.31908031801385,141.1396460945609,4.956809997558594
20190718_sample_4,Vip,494.7332147012155,396.4223848051807,5.984999656677246
20190718_sample_5,Vip,561.7291954904794,373.0658310750572,5.924431800842285
20190718_sample_6,Vip,696.4556400726237,437.25413448024125,6.082798957824707
20190718_sample_7,Vip,401.9247537354628,440.21756452260973,6.089538097381592
20190718_sample_8,Vip,382.83383185664826,291.7837551400599,5.679434299468994
20190718_sample_9,Vip,436.9866851158441,346.71335257723223,5.851378440856934
20190719_sample_1,CT,241.59180355692905,159.01229013224275,5.075250625610352
20190719_sample_2,IT,182.90520408252863,162.3253351871443,5.0957441329956055
20190719_sample_4,IT,111.15796149522065,152.93119227493258,5.036505699157715
20190719_sample_5,IT,195.64587497214484,110.32043387163539,4.7124128341674805
20190719_sample_6,IT,99.67110332970816,110.2712379915901,4.711970806121826
20190719_sample_9,IT,195.3040180594794,121.94124311285151,4.81170654296875
20190719_sample_10,IT,171.2378663085401,96.52052476022997,4.5800628662109375
20190722_sample_1,CT,163.59675513704622,186.2935145556483,5.232676982879639
20190722_sample_6,CT,138.3935588556859,177.93279496832682,5.187010288238525
20190722_sample_7,low quality,272.0787520160278,152.15642861701676,5.031459808349609
20190722_sample_8,low quality,192.7196498165528,180.95591612236967,5.20376443862915
20190724_sample_1,Vip,479.14316182335216,221.63778944888395,5.405546188354492
20190724_sample_2,CT,179.1010554370781,191.30768636005502,5.259096622467041
20190724_sample_4,Vip,291.4324853494763,356.5662363551816,5.8793206214904785
20190724_sample_5,Vip,422.12084894130624,337.2048546098655,5.8236517906188965
20190724_sample_6,IT,276.1494254469871,215.56383235291875,5.377885341644287
20190724_sample_9,Vip,349.74296630670625,364.2323316473093,5.900533676147461
20190724_sample_10,Vip,260.0835506220659,357.47855489332824,5.881868839263916
20190724_sample_12,Vip,274.7978568648299,195.28772093591192,5.279581546783447
20190724_sample_16,low quality,299.5777611260613,188.5169947473151,5.244478702545166
20190725_sample_1,Vip,486.0694598866006,463.2520376829994,6.140427589416504
20190725_sample_3,Vip,404.7641241401434,353.13054725593497,5.869665622711182
20190725_sample_4,Sst,318.7451786622405,324.19058646948605,5.784411430358887
20190725_sample_5,CT,312.356986011068,179.82622161632983,5.197536468505859
20190725_sample_6,Vip,218.63219700132808,372.503145391565,5.922926425933838
20190725_sample_7,Vip,319.26488058269024,467.04852108643183,6.148571968078613
20190725_sample_8,Vip,348.58264618739486,355.3245933194871,5.875842094421387
20190725_sample_9,Vip,519.223804615438,365.1214353032545,5.902965068817139
20190725_sample_10,low quality,251.27872959276044,155.018328050871,5.049973487854004
20190726_sample_1,Lamp5,198.48518792539835,304.72625358598674,5.722690105438232
20190726_sample_2,Pvalb,202.18492627516383,169.45008824931585,5.138442516326904
20190726_sample_3,Lamp5,206.17643405745432,252.31544843146523,5.534635543823242
20190726_sample_4,IT,248.21843157087767,109.88268258418532,4.708472728729248
20190726_sample_5,Lamp5,220.01218440135324,197.43659857328106,5.290469646453857
20190726_sample_6,Sst,286.86446597675484,253.36244157329443,5.538760185241699
20190726_sample_7,Lamp5,186.712933845818,224.5326950305163,5.4184651374816895
20190729_sample_2,Sst,451.3130993147693,279.21861020830676,5.635570049285889
20190729_sample_3,Sst,211.8367965755364,179.88736523649567,5.197874546051025
20190729_sample_5,Pvalb,224.00950741147008,245.12542289940177,5.505841255187988
20190730_sample_1,Vip,359.23048814137763,263.2645144167888,5.576950550079346
20190730_sample_2,Vip,290.40706229458243,355.7198503542034,5.876950740814209
20190730_sample_5,Vip,433.5164103967449,238.86318148113057,5.480068683624268
20190730_sample_6,Vip,665.5197315166392,375.69957360977844,5.931447982788086
20190730_sample_7,Vip,240.09988524640607,468.88063525943477,6.1524786949157715
20190730_sample_9,Lamp5,258.2044982550045,213.71965933165862,5.369333267211914
20190731_sample_1,Pvalb,208.9889995716512,176.29549813046842,5.1778178215026855
20190731_sample_2,Lamp5,279.1662796251476,217.47050986272052,5.386651039123535
20190731_sample_3,low quality,200.7697775748869,212.3503271567506,5.362935543060303
20190731_sample_4,Vip,235.33146745959917,306.48827205752013,5.7284369468688965
20190731_sample_5,Pvalb,174.31879786029452,165.24909628680444,5.113487243652344
20190731_sample_6,low quality,172.87786851078278,202.2722285984298,5.31454610824585
20190731_sample_8,Pvalb,174.31879786029452,173.3955389179966,5.161325931549072
20190801_sample_1,IT,197.4890723824501,152.31294024112043,5.0324811935424805
20190801_sample_2,Sst,318.2801623605192,307.0002614121211,5.730100631713867
20190801_sample_3,Sst,389.7138393421968,266.0705805165238,5.587512969970703
20190801_sample_4,Sst,243.3582546779265,181.78168897531543,5.208292484283447
20190801_sample_7,Sst,249.58813737457,286.7614350509194,5.6621317863464355
20190801_sample_8,low quality,224.4898137425383,229.95812649189403,5.442236423492432
20190820_sample_1,Sst,218.56587853282696,200.42278230969515,5.305406093597412
20190820_sample_2,CT,190.1150940135122,148.28830991168098,5.0058794021606445
20190820_sample_3,Pvalb,172.4962509001295,127.48682602439118,4.855826377868652
20190820_sample_5,Sst,420.12714308996993,289.70622272788137,5.672313213348389
20190820_sample_6,CT,250.8601520458856,157.56513372527377,5.066165447235107
20190821_sample_1,IT,145.737041366597,165.70316106880492,5.116214752197266
20190821_sample_2,IT,195.14580143988135,150.05599626255528,5.017650604248047
20190821_sample_3,CT,190.1274605890115,154.70061192754,5.0479350090026855
20190821_sample_4,IT,228.66810019686815,133.22756551271675,4.899536609649658
20190821_sample_5,IT,171.62286298597854,155.67311246989706,5.054161548614502
20190821_sample_6,IT,117.90257949169188,121.65847855122618,4.809403896331787
20190821_sample_7,IT,213.38617621734736,168.85796006065493,5.134962558746338
20190823_sample_1,IT,101.68954391156628,120.7920686254579,4.8023152351379395
20190823_sample_3,Pvalb,203.9724268789093,167.57509611262884,5.127381324768066
20190823_sample_5,low quality,199.23962165415287,209.73404848787558,5.350596904754639
20190823_sample_6,IT,178.35922985772288,126.00317107054752,4.844212055206299
20190823_sample_7,IT,182.17830564826727,125.53789640145072,4.840541839599609
20190827_sample_1,Sst,219.76256273935235,229.89194819556943,5.441949844360352
20190827_sample_2,low quality,115.27666761974496,170.67934305376855,5.145628452301025
20190827_sample_3,Sst,287.4146181282897,231.23728480038096,5.447759628295898
20190827_sample_4,Sst,181.92650743015116,237.25566648267952,5.473344326019287
20190827_sample_5,CT,164.26925780996683,199.2060174912236,5.299346923828125
20190827_sample_6,Sst,492.4364870886008,323.05595904767904,5.780916213989258
20190827_sample_7,Pvalb,271.22761903383906,306.12559707031517,5.727256774902344
20190827_sample_8,Sst,254.36025260761383,169.61320778468533,5.13939905166626
20190827_sample_9,Sst,374.3843753449619,302.3775950905111,5.714978218078613
20190828_sample_1,Vip,428.8857664664586,357.7475379215266,5.8826189041137695
20190828_sample_3,Vip,329.22016333291924,352.2072302688073,5.8670549392700195
20190828_sample_4,Vip,312.84512409071124,351.79113554648325,5.865876197814941
20190828_sample_5,Vip,288.68830201774847,300.87482234850114,5.710012435913086
20190828_sample_6,Vip,276.4078557069104,230.637852369158,5.4451751708984375
20190828_sample_7,Vip,397.01167038828135,354.67341886641003,5.8740129470825195
20190829_sample_1,low quality,320.7512186318636,207.92985573049188,5.34199857711792
20190829_sample_2,Lamp5,350.344137152036,289.17897688503496,5.670497894287109
20190829_sample_3,IT,187.77088595181695,175.6852342726029,5.174369812011719
20190829_sample_4,Lamp5,204.3072884504994,222.37726513965112,5.408862113952637
20190829_sample_6,Lamp5,350.344137152036,192.28686161835012,5.2641754150390625
20190829_sample_9,Pvalb,174.22895345340177,163.56000884140815,5.103275299072266
20190830_sample_1,IT,274.7225035031637,158.6174687415033,5.072780132293701
20190830_sample_2,IT,158.19123381127915,114.8441673468747,4.752245903015137
20190830_sample_3,low quality,227.80978259009615,110.65918495837282,4.715451240539551
20190830_sample_4,low quality,234.23473911608255,205.14207128977543,5.32856559753418
20190830_sample_6,IT,221.1055492038528,154.90171976206167,5.049225807189941
20190830_sample_8,IT,357.86185943335295,145.08052913870648,4.984158039093018
20190830_sample_9,NP,359.5794167369604,231.5646393881829,5.4491682052612305
20190904_sample_1,low quality,382.0345954125127,218.22698005307268,5.39010763168335
20190904_sample_2,Vip,236.82377014805863,432.4803580906696,6.0718464851379395
20190904_sample_3,Vip,746.1720814059178,398.40366268191576,5.9899725914001465
20190904_sample_4,Vip,286.889729561905,291.7298705721109,5.679250240325928
20190904_sample_5,Vip,306.47701731572545,270.9097420451044,5.605470180511475
20190904_sample_7,Vip,397.82399407525855,320.8159067388394,5.773979663848877
20190905_sample_1,low quality,216.7413826118268,144.3144413832946,4.978899955749512
20190905_sample_3,Sst,284.048718487223,287.528666521491,5.664794445037842
20190906_sample_1,Lamp5,219.1088861102859,277.95822259105597,5.631062030792236
20190906_sample_5,CT,262.9619847548504,167.270399204472,5.125572204589844
20190906_sample_6,Lamp5,239.4535137365262,197.03004662966157,5.288418769836426
20190910_sample_1,Lamp5,258.1076858751476,257.90441772223704,5.556458950042725
20190910_sample_2,Vip,405.9066392493745,326.15119680176736,5.790422439575195
20190910_sample_3,Vip,271.6826623951395,275.71793839334657,5.6229987144470215
20190910_sample_4,Vip,423.7856898009777,544.2460203664531,6.301237106323242
20190910_sample_6,Vip,205.57943528983748,366.44434502729774,5.906571865081787
20190911_sample_3,NP,383.3254306900004,192.1474642094791,5.263453960418701
20190911_sample_4,IT,136.25051019092402,166.64115202284833,5.121825695037842
20190911_sample_6,low quality,182.09700317308307,187.8362075330379,5.240880012512207
20190911_sample_7,low quality,368.82864878699183,181.56941048305845,5.207130432128906
20190911_sample_9,CT,216.22096930692595,129.68550014110022,4.872793674468994
20190912_sample_1,CT,207.997745702664,189.50230736404558,5.249664306640625
20190912_sample_2,CT,343.73409016678727,165.9816888980754,5.117884159088135
20190912_sample_3,CT,217.4718460664153,264.3090635311888,5.58089542388916
20190912_sample_4,Lamp5,378.88385358328617,347.20381077823305,5.852787971496582
20190912_sample_6,NP,222.1517832453052,179.4836310807975,5.1956400871276855
20190912_sample_8,CT,174.26656146347528,240.62609561100868,5.487391471862793
20190912_sample_10,Pvalb,163.21275143573678,211.16609245602243,5.357369422912598
20190917_sample_1,CT,175.88699191808706,182.99974082717995,5.214934349060059
20190917_sample_2,Lamp5,160.49595374365646,202.9986399736923,5.318113327026367
20190917_sample_3,IT,278.9616858001266,220.1699705214179,5.398931503295898
20190919_sample_1,low quality,174.47060393435618,191.43932010256194,5.2597808837890625
20190919_sample_4,Lamp5,277.5248186985651,238.43271503027174,5.478272438049316
20190919_sample_5,CT,207.42602617045247,133.26763842980145,4.899835109710693
20190924_sample_1,Sst,380.4589296753208,232.311942147404,5.452376365661621
20190924_sample_2,Sst,179.41537650426233,182.8662521680928,5.214208602905273
20190924_sample_3,IT,84.56737714509163,138.39566742718287,4.937316417694092
20190924_sample_4,Sst,373.492740953962,224.19354656869157,5.4169602394104
20190924_sample_5,Sst,451.77322010323405,236.37059504144062,5.469622611999512
20190924_sample_6,Sst,206.3656774952653,211.2183019158973,5.3576154708862305
20190924_sample_7,Pvalb,276.4271600743135,225.93086778371048,5.42464542388916
20190924_sample_8,CT,235.17587616791323,153.95550747912534,5.043138027191162
20190925_sample_2,Pvalb,201.54935299108428,211.71503443674925,5.3599534034729
20190925_sample_3,Sst,180.68674949308243,231.2376170187193,5.447761058807373
20190925_sample_4,CT,344.13116211568314,250.37661348082833,5.526952266693115
20190925_sample_5,Sst,179.24437726785737,177.34648765850233,5.183728218078613
20190925_sample_6,Pvalb,92.99970547202972,145.52610416673713,4.987203598022461
20190925_sample_7,Sst,390.038844080021,326.9135090676418,5.792749881744385
20190926_sample_2,ET,46.45879898220304,117.84188168977721,4.777793884277344
20190926_sample_3,Sst,196.7658430412412,212.84012426747208,5.365228652954102
20190926_sample_4,ET,79.07539660111071,171.10843166205603,5.148124694824219
20190926_sample_5,Pvalb,143.95078485831618,192.41630651022587,5.26484489440918
20190926_sample_6,Sst,257.7802929197039,262.95735189668443,5.575787544250488
20190927_sample_1,IT,78.1416265318791,147.46185609941494,5.000328063964844
20190927_sample_2,CT,196.43799288074172,176.08376471128685,5.1766228675842285
20190927_sample_3,Pvalb,159.91056238966326,145.8293699487684,4.98927116394043
20190927_sample_4,IT,117.28047634288671,111.62410476216715,4.724055767059326
20190927_sample_5,Pvalb,124.82055909434948,142.22932563071885,4.964447021484375
20190927_sample_6,Vip,327.3566283620894,255.36977754116435,5.546620845794678
20190927_sample_7,CT,131.9798904682199,169.8731712488548,5.140921592712402
20191001_sample_1,Sst,153.78971368540078,233.95039994317565,5.45937442779541
20191001_sample_2,low quality,59.56166028665999,199.27094467148635,5.299671173095703
20191001_sample_3,Sst,248.9165285180013,359.1959461010273,5.886648178100586
20191001_sample_4,Pvalb,181.47760331630707,243.30195476012932,5.4984049797058105
20191001_sample_5,Sst,242.8560338641207,271.7125921611601,5.6084184646606445
20191001_sample_6,Sst,160.72384854512546,249.7935447353307,5.524630069732666
20191003_sample_2,low quality,233.8252057693899,173.9912187454999,5.164735794067383
20191003_sample_3,Sst,261.37629713490605,187.62751062570456,5.239774227142334
20191003_sample_4,Sst,200.98573759943253,221.86689862348285,5.406574726104736
20191003_sample_5,Sst,234.66640745351717,260.4361911334043,5.566190242767334
20191003_sample_6,CT,334.5564454818765,217.05784678000103,5.38476037979126
20191010_sample_1,IT,144.782652311027,159.18474425830237,5.076327800750732
20191010_sample_2,Sst,111.2274454782407,130.62728960786205,4.879974365234375
20191010_sample_3,IT,161.0310721024871,151.72680859769224,5.028650760650635
20191010_sample_4,Pvalb,231.20137139285603,149.32222296111328,5.012781143188477
20191010_sample_6,Pvalb,108.95614332209034,123.34103684757858,4.823028087615967
20191010_sample_7,ET,79.44202187870229,111.44444936304237,4.722459316253662
20191028_sample_1,Sst,185.9838483184577,221.32472578783364,5.404139041900635
20191028_sample_2,Sst,349.5939287924104,362.29685400508174,5.8952202796936035
20191028_sample_3,Pvalb,69.21071626866859,167.41416608922606,5.1264262199401855
20191028_sample_4,low quality,123.8465254604817,200.9525945677835,5.308032989501953
20191028_sample_5,low quality,282.85828590393066,232.74154664235175,5.454216003417969
20191030_sample_2,Sst,278.66127989813685,172.14468904464644,5.154127597808838
20191030_sample_3,ET,52.199653052458814,103.61806459611678,4.65031623840332
20191030_sample_4,NP,278.8883367230495,183.43561180049375,5.2173004150390625
20191030_sample_5,Sst,194.1126114885722,188.7243236048199,5.245572090148926
20191101_sample_1,Lamp5,300.67159636318684,205.06963971879568,5.328214168548584
20191101_sample_2,CT,218.4669439010322,172.11117218959205,5.153934001922607
20191101_sample_3,Lamp5,367.2571909216544,302.6140644359591,5.715757369995117
20191101_sample_4,CT,308.9087755580743,172.9741868278919,5.158906936645508
20191101_sample_5,CT,226.45296916365623,314.37284362979597,5.753755569458008
20191101_sample_6,CT,226.53150984148184,139.61777568215575,4.946045398712158
20191104_sample_1,Sst,238.28056714218116,306.49179100166754,5.728448390960693
20191104_sample_2,Lamp5,343.48486607149243,265.1238930393762,5.5839619636535645
20191104_sample_3,low quality,223.54114291941124,207.4379866885779,5.339641571044922
20191104_sample_4,Pvalb,217.80752994865185,150.817962794648,5.022682189941406
20191105_sample_1,Pvalb,124.78090260177854,207.81681135994214,5.341457366943359
20191105_sample_2,IT,259.3758577853441,193.61036503363428,5.270999431610107
20191105_sample_3,Sst,334.93140414853895,292.98953131586603,5.683544158935547
20191105_sample_4,Pvalb,149.48389758355916,209.42718744269402,5.34913969039917
20191105_sample_5,Sst,190.95044934997952,218.0273035684762,5.389196395874023
20191106_sample_2,Lamp5,190.12361575414727,219.3935538296455,5.39541482925415
20191106_sample_3,IT,196.3242493147651,151.5780978998873,5.027676582336426
20191106_sample_5,Lamp5,250.42109932129577,240.3325876697329,5.486176013946533
20191107_sample_1,low quality,193.23008501653865,195.00769062272678,5.278153896331787
20191107_sample_2,Sst,333.51627510786057,225.36445210781173,5.422146320343018
20191107_sample_3,Sst,220.89206010103223,253.0664250823383,5.537595748901367
20191107_sample_4,Sst,274.45119189719367,263.36824193699135,5.577342987060547
20191108_sample_1,CT,145.46115354696911,209.1669674651427,5.347902297973633
20191108_sample_4,CT,201.9415176610152,195.23465845218223,5.279311180114746
20191108_sample_5,IT,89.04743047058577,138.91869399621132,4.941061496734619
20191114_sample_1,Lamp5,289.5745239580672,260.2534997844506,5.565491199493408
20191114_sample_2,CT,258.7999088130892,266.7080860636399,5.589897155761719
20191114_sample_3,IT,51.21995658924181,152.49778869707825,5.03368616104126
20191114_sample_4,Sst,199.2542460433075,232.25243002387697,5.452121257781982
20191114_sample_5,low quality,115.13079062104232,211.15364907371318,5.357310771942139
20191114_sample_7,IT,60.8234058196346,129.37398192792682,4.8704071044921875
20191114_sample_8,IT,82.35764562255805,114.34379326114603,4.747917175292969
20191114_sample_9,ET,40.61877179890869,154.90744402659018,5.049262523651123
20200106_sample_1,Lamp5,231.22207092742127,225.94915585342437,5.4247260093688965
20200106_sample_4,IT,124.77443866680062,153.1006195072262,5.0376057624816895
20200106_sample_5,IT,90.83693954162295,183.7500217154891,5.219003677368164
20200106_sample_6,IT,74.15979679922259,139.5124097785753,4.945295810699463
20200225_sample_2,IT,193.56654234727216,157.96614478409623,5.068691253662109
20200225_sample_5,Sncg,248.2424611561,274.9125061891577,5.620083808898926
20200316_sample_1,ET,56.05333275161679,161.3195924037402,5.089567184448242
20200316_sample_2,low quality,50.88574469917351,180.47146833246444,5.201098442077637
20200316_sample_3,Pvalb,110.33814643509685,199.27113566483368,5.2996721267700195
