cell_id,RNA_family,y_true,y_pred,y_pred_train_space
20171204_sample_2,ET,2.1483308042488622,2.141350269317627,2.141350269317627
20171204_sample_4,IT,1.1536373507057545,2.842219591140747,2.842219591140747
20171204_sample_5,IT,1.1927927927927928,2.71225643157959,2.71225643157959
20171204_sample_6,ET,2.312641937925813,2.6746652126312256,2.6746652126312256
20171207_sample_1,ET,19.17808219178083,2.537637710571289,2.537637710571289
20171207_sample_2,ET,35.18181818181806,2.4760358333587646,2.4760358333587646
20171207_sample_6,IT,1.2526205450733745,2.3585898876190186,2.3585898876190186
20171207_sample_7,IT,1.2757697456492647,2.7754244804382324,2.7754244804382324
20171219_sample_1,IT,1.898936170212767,3.091468095779419,3.091468095779419
20171219_sample_2,IT,1.93333333333333,3.2510628700256348,3.2510628700256348
20171219_sample_3,IT,2.0225733634311536,2.9980077743530273,2.9980077743530273
20171219_sample_4,ET,1.5906432748537984,1.7291682958602905,1.7291682958602905
20171219_sample_6,ET,0.8193916349809888,2.5039825439453125,2.5039825439453125
20171219_sample_7,IT,1.9456066945606676,2.9449312686920166,2.9449312686920166
20171219_sample_8,ET,1.601190476190474,2.177661418914795,2.177661418914795
20180102_sample_1,ET,0.7916666666666666,2.3128738403320312,2.3128738403320312
20180102_sample_2,IT,10.05263157894737,3.0201427936553955,3.0201427936553955
20180102_sample_3,ET,1.3754646840148692,2.701289653778076,2.701289653778076
20180102_sample_4,ET,3.642857142857141,2.6916604042053223,2.6916604042053223
20180102_sample_5,IT,1.3493862134088763,2.172797203063965,2.172797203063965
20180103_sample_1,ET,6.084033613445378,2.1392791271209717,2.1392791271209717
20180103_sample_2,ET,12.681372549019608,2.364405870437622,2.364405870437622
20180103_sample_3,ET,2.11809523809524,1.6643152236938477,1.6643152236938477
20180103_sample_4,low quality,1.4895374449339205,2.353876829147339,2.353876829147339
20180103_sample_5,IT,1.6840236686390535,2.583733320236206,2.583733320236206
20180103_sample_6,IT,1.5811455847255378,3.155794620513916,3.155794620513916
20180103_sample_7,IT,3.886363636363636,2.4670045375823975,2.4670045375823975
20180103_sample_8,IT,1.5418113812449907,3.0481390953063965,3.0481390953063965
20180104_sample_1,low quality,1.0616061606160614,2.3183157444000244,2.3183157444000244
20180104_sample_2,IT,1.4415584415584417,2.668630599975586,2.668630599975586
20180104_sample_3,IT,1.424242424242425,3.0872764587402344,3.0872764587402344
20180104_sample_4,low quality,1.6692307692307682,2.0569307804107666,2.0569307804107666
20180104_sample_6,ET,1.5750873108265424,2.1271510124206543,2.1271510124206543
20180105_sample_4,IT,2.25,3.0287768840789795,3.0287768840789795
20180105_sample_5,IT,2.196153846153848,2.5246095657348633,2.5246095657348633
20180105_sample_6,IT,2.973021582733816,2.969186305999756,2.969186305999756
20180108_sample_1,IT,3.998822143698466,3.145275115966797,3.145275115966797
20180108_sample_2,low quality,2.66027178257394,2.130704879760742,2.130704879760742
20180108_sample_3,IT,4.432065217391311,2.368732452392578,2.368732452392578
20180108_sample_4,ET,1.3310344827586216,2.057532787322998,2.057532787322998
20180108_sample_5,ET,5.743589743589744,3.004873275756836,3.004873275756836
20180108_sample_7,IT,9.007117437722423,2.7440237998962402,2.7440237998962402
20180108_sample_8,ET,7.652849740932637,2.542792320251465,2.542792320251465
20180108_sample_9,IT,2.232131147540984,2.8866255283355713,2.8866255283355713
20180108_sample_10,ET,1.4557315936626272,1.859436273574829,1.859436273574829
20180109_sample_1,IT,3.5120274914089418,2.7921130657196045,2.7921130657196045
20180109_sample_2,IT,1.2431818181818175,2.6590662002563477,2.6590662002563477
20180109_sample_5,IT,1.538606403013182,2.8432679176330566,2.8432679176330566
20180110_sample_1,IT,1.2223858615611196,3.031130790710449,3.031130790710449
20180110_sample_2,IT,1.2668965517241375,2.7980175018310547,2.7980175018310547
20180110_sample_3,IT,2.2331838565022384,3.1359195709228516,3.1359195709228516
20180110_sample_4,IT,1.18864774624374,2.111747980117798,2.111747980117798
20180110_sample_5,IT,1.523773584905661,2.8163018226623535,2.8163018226623535
20180110_sample_7,IT,1.3995381062355658,3.204533100128174,3.204533100128174
20180110_sample_8,ET,1.108695652173911,2.3598926067352295,2.3598926067352295
20180111_sample_5,IT,1.2836477987421382,2.9985733032226562,2.9985733032226562
20180115_sample_2,IT,1.867309117865085,2.0992283821105957,2.0992283821105957
20180115_sample_5,IT,1.3701015965166896,2.8056235313415527,2.8056235313415527
20180115_sample_6,low quality,23.163636363636343,2.314303398132324,2.314303398132324
20180115_sample_7,IT,19.839357429718884,2.856273651123047,2.856273651123047
20180115_sample_8,IT,2.3188010899182574,2.862546682357788,2.862546682357788
20180115_sample_9,IT,5.733333333333347,2.793813705444336,2.793813705444336
20180118_sample_1,IT,16.991935483870996,2.6981780529022217,2.6981780529022217
20180118_sample_2,IT,1.5508830950378472,2.7671475410461426,2.7671475410461426
20180118_sample_4,IT,1.3935837245696403,2.8643980026245117,2.8643980026245117
20180118_sample_6,IT,1.3242009132420065,2.959928274154663,2.959928274154663
20180118_sample_7,ET,9.984924623115583,2.4107589721679688,2.4107589721679688
20180118_sample_10,ET,17.852760736196327,2.419314384460449,2.419314384460449
20180123_sample_1,ET,1.128768303186908,2.772472858428955,2.772472858428955
20180123_sample_3,ET,2.512042818911687,2.2953433990478516,2.2953433990478516
20180123_sample_5,ET,1.388888888888889,1.8802309036254883,1.8802309036254883
20180123_sample_6,ET,1.6340167046317384,2.5167834758758545,2.5167834758758545
20180123_sample_7,ET,1.2111875560873466,2.0389702320098877,2.0389702320098877
20180208_sample_1,low quality,0.8637770897832819,2.2266154289245605,2.2266154289245605
20180208_sample_2,ET,2.2329749103942644,2.330859661102295,2.330859661102295
20180208_sample_3,ET,1.48580697485807,2.100447416305542,2.100447416305542
20180208_sample_4,IT,2.622093023255815,2.9130475521087646,2.9130475521087646
20180208_sample_5,IT,1.7951167728237791,2.609423875808716,2.609423875808716
20180213_sample_3,ET,2.4929577464788744,2.8721656799316406,2.8721656799316406
20180213_sample_5,Pvalb,1.3257575757575752,0.9767768383026123,0.9767768383026123
20180215_sample_1,Pvalb,1.1549295774647883,1.2978196144104004,1.2978196144104004
20180220_sample_1,Sst,1.1630769230769262,1.496891736984253,1.496891736984253
20180220_sample_2,IT,1.298333333333333,2.2175676822662354,2.2175676822662354
20180225_sample_1,IT,2.1993399339933988,2.784055233001709,2.784055233001709
20180225_sample_2,IT,1.3041905336147124,2.8953006267547607,2.8953006267547607
20180225_sample_3,IT,10.919191919191928,2.627361297607422,2.627361297607422
20180225_sample_4,IT,1.287994891443167,3.3353965282440186,3.3353965282440186
20180225_sample_5,ET,1.111258278145694,2.2801718711853027,2.2801718711853027
20180225_sample_7,Pvalb,1.2000000000000015,0.9657101631164551,0.9657101631164551
20180228_sample_3,IT,1.9809160305343505,2.69640851020813,2.69640851020813
20180306_sample_1,Pvalb,1.0968586387434542,1.3259676694869995,1.3259676694869995
20180306_sample_2,IT,2.2807547169811326,2.795006275177002,2.795006275177002
20180306_sample_3,IT,1.3992805755395676,2.5467257499694824,2.5467257499694824
20180306_sample_5,IT,2.0590851334180424,2.935304880142212,2.935304880142212
20180309_sample_4,IT,1.6470959595959591,2.429553985595703,2.429553985595703
20180309_sample_6,IT,1.5297157622739022,2.479902505874634,2.479902505874634
20180309_sample_7,IT,2.1987041036717057,2.6414437294006348,2.6414437294006348
20180309_sample_8,IT,1.3903080390683695,2.436588764190674,2.436588764190674
20180313_sample_2,ET,1.7781484570475394,2.24924373626709,2.24924373626709
20180313_sample_3,ET,1.8935810810810807,2.283921003341675,2.283921003341675
20180313_sample_7,IT,1.636047320807237,2.9499194622039795,2.9499194622039795
20180313_sample_8,low quality,2.3969010727056,1.702336311340332,1.702336311340332
20180313_sample_9,Pvalb,1.1005917159763314,1.3180735111236572,1.3180735111236572
20180315_sample_1,ET,1.371715610510047,2.2395474910736084,2.2395474910736084
20180315_sample_2,low quality,1.272012941992142,1.83889639377594,1.83889639377594
20180315_sample_5,IT,2.708601521357519,3.281273603439331,3.281273603439331
20180315_sample_6,IT,1.3333333333333337,2.619460105895996,2.619460105895996
20180321_sample_2,IT,1.4846656611362488,2.7022573947906494,2.7022573947906494
20180321_sample_3,IT,1.104951560818084,2.4937362670898438,2.4937362670898438
20180321_sample_4,IT,1.0400000000000016,2.79843807220459,2.79843807220459
20180321_sample_8,ET,1.4595959595959602,1.8980602025985718,1.8980602025985718
20180321_sample_9,ET,1.4447022428460936,1.9696366786956787,1.9696366786956787
20180322_sample_1,IT,1.8514957264957252,3.1957976818084717,3.1957976818084717
20180322_sample_2,IT,2.2170949134766644,2.8290138244628906,2.8290138244628906
20180322_sample_3,IT,1.3333333333333344,2.5792388916015625,2.5792388916015625
20180322_sample_4,IT,1.859584859584859,2.7710251808166504,2.7710251808166504
20180322_sample_5,IT,1.7544790975447908,3.0108742713928223,3.0108742713928223
20180322_sample_6,ET,1.7795275590551165,2.329479694366455,2.329479694366455
20180322_sample_7,ET,1.5172612197928654,2.4539597034454346,2.4539597034454346
20180327_sample_1,Pvalb,1.1283582089552249,1.4187991619110107,1.4187991619110107
20180327_sample_2,Pvalb,1.2087912087912092,1.2674537897109985,1.2674537897109985
20180327_sample_3,IT,1.3194706994328926,2.413557291030884,2.413557291030884
20180327_sample_4,Pvalb,1.0580110497237565,1.2223223447799683,1.2223223447799683
20180327_sample_5,Pvalb,1.031976744186046,1.3495268821716309,1.3495268821716309
20180327_sample_6,IT,1.3986842105263153,3.0020861625671387,3.0020861625671387
20180329_sample_1,IT,1.5124760076775436,2.6765694618225098,2.6765694618225098
20180329_sample_2,IT,1.0890269151138712,2.2591283321380615,2.2591283321380615
20180329_sample_3,IT,1.3823691460055096,2.5462069511413574,2.5462069511413574
20180329_sample_4,ET,1.1476578411405292,2.0482521057128906,2.0482521057128906
20180329_sample_5,IT,2.099725839616174,2.992871046066284,2.992871046066284
20180329_sample_6,IT,6.83397683397685,2.699774980545044,2.699774980545044
20180329_sample_7,low quality,2.1567301782421637,2.5219879150390625,2.5219879150390625
20180329_sample_8,IT,1.9509500662836945,2.7414016723632812,2.7414016723632812
20180403_sample_5,IT,13.984555984555993,2.818493366241455,2.818493366241455
20180403_sample_6,ET,1.6563729942476535,1.7691446542739868,1.7691446542739868
20180403_sample_7,IT,2.183401639344261,2.8805699348449707,2.8805699348449707
20180404_sample_1,Pvalb,1.061797752808988,1.1599040031433105,1.1599040031433105
20180404_sample_2,Pvalb,1.1005154639175243,1.741892695426941,1.741892695426941
20180404_sample_3,IT,1.7283236994219682,3.0367496013641357,3.0367496013641357
20180404_sample_4,Pvalb,1.0513392857142851,1.2345621585845947,1.2345621585845947
20180404_sample_5,Pvalb,0.3443728917509962,1.618896722793579,1.618896722793579
20180404_sample_7,IT,1.486051502145923,2.584216594696045,2.584216594696045
20180405_sample_1,ET,3.0622884224779967,2.4759411811828613,2.4759411811828613
20180405_sample_2,IT,1.875813128326434,2.5822560787200928,2.5822560787200928
20180405_sample_3,IT,8.988593155893536,2.907654047012329,2.907654047012329
20180410_sample_1,Pvalb,1.0564516129032262,1.274538516998291,1.274538516998291
20180410_sample_3,IT,1.7917555081734176,2.72005558013916,2.72005558013916
20180410_sample_4,IT,1.2104738154613466,3.3627490997314453,3.3627490997314453
20180410_sample_5,IT,2.021081081081081,3.3745248317718506,3.3745248317718506
20180410_sample_6,IT,7.759615384615391,2.6853044033050537,2.6853044033050537
20180410_sample_9,Pvalb,1.137349397590359,1.0881831645965576,1.0881831645965576
20180411_sample_1,IT,4.01513802315227,3.1767287254333496,3.1767287254333496
20180411_sample_3,IT,1.839016653449644,2.9972262382507324,2.9972262382507324
20180411_sample_4,Pvalb,1.0747422680412375,1.566650629043579,1.566650629043579
20180411_sample_5,Pvalb,1.1577540106951871,1.162970781326294,1.162970781326294
20180412_sample_1,IT,1.5759162303664922,2.818664789199829,2.818664789199829
20180412_sample_2,Pvalb,1.0316091954022997,1.3804372549057007,1.3804372549057007
20180412_sample_3,IT,1.485004284490145,2.8526999950408936,2.8526999950408936
20180412_sample_4,IT,3.806451612903222,3.230860471725464,3.230860471725464
20180412_sample_7,IT,1.4827365728900253,2.845461368560791,2.845461368560791
20180413_sample_2,Pvalb,1.1469740634005745,0.800114631652832,0.800114631652832
20180413_sample_3,Pvalb,1.0808314087759798,0.9174697399139404,0.9174697399139404
20180413_sample_4,IT,1.3997648442092885,2.60711407661438,2.60711407661438
20180417_sample_1,Vip,3.752604166666672,1.4785345792770386,1.4785345792770386
20180417_sample_2,Pvalb,0.9178082191780824,1.429450511932373,1.429450511932373
20180417_sample_3,IT,3.1090487238979145,2.796173572540283,2.796173572540283
20180417_sample_4,Pvalb,1.0706713780918735,1.0631983280181885,1.0631983280181885
20180417_sample_5,IT,1.8178694158075603,2.5732598304748535,2.5732598304748535
20180417_sample_6,IT,2.3268085106382967,2.3553922176361084,2.3553922176361084
20180417_sample_7,Pvalb,0.9418604651162782,1.2598285675048828,1.2598285675048828
20180417_sample_8,Sst,1.152619589977222,1.3421595096588135,1.3421595096588135
20180417_sample_9,IT,1.8546132339235777,3.1900200843811035,3.1900200843811035
20180418_sample_1,Pvalb,1.0051813471502589,1.410744309425354,1.410744309425354
20180418_sample_2,Pvalb,1.128146453089246,1.1452462673187256,1.1452462673187256
20180418_sample_3,Pvalb,1.133676092544989,1.2115628719329834,1.2115628719329834
20180418_sample_5,IT,1.7450331125827856,2.493614435195923,2.493614435195923
20180418_sample_6,IT,3.286298568507158,2.8722925186157227,2.8722925186157227
20180420_sample_2,low quality,1.3561175666438827,2.2996535301208496,2.2996535301208496
20180420_sample_3,IT,1.5588723051409614,2.539362668991089,2.539362668991089
20180420_sample_4,IT,1.605552342394448,2.343944787979126,2.343944787979126
20180424_sample_1,IT,1.399868680236376,2.5927577018737793,2.5927577018737793
20180424_sample_2,IT,1.5898141775636614,2.773212194442749,2.773212194442749
20180424_sample_6,IT,1.5650195058517546,3.0131101608276367,3.0131101608276367
20180425_sample_2,IT,7.106060606060597,2.921645164489746,2.921645164489746
20180425_sample_3,Pvalb,1.0672268907563027,1.579948902130127,1.579948902130127
20180425_sample_4,IT,2.9986338797814214,2.6949732303619385,2.6949732303619385
20180425_sample_5,Sncg,6.676165803108817,1.4077486991882324,1.4077486991882324
20180425_sample_7,Pvalb,1.00763358778626,1.3447198867797852,1.3447198867797852
20180425_sample_8,Vip,1.4820512820512837,1.3622969388961792,1.3622969388961792
20180425_sample_9,IT,2.417693169092945,2.3080289363861084,2.3080289363861084
20180426_sample_1,ET,1.9318996415770615,2.1193313598632812,2.1193313598632812
20180426_sample_3,IT,3.13318284424379,3.2491517066955566,3.2491517066955566
20180426_sample_4,IT,1.3930481283422458,2.9744315147399902,2.9744315147399902
20180426_sample_5,Pvalb,1.1301115241635673,1.6334911584854126,1.6334911584854126
20180426_sample_7,IT,1.5281342546890415,2.866872787475586,2.866872787475586
20180426_sample_9,Pvalb,1.141975308641976,1.8156299591064453,1.8156299591064453
20180501_sample_2,IT,2.338940285954583,2.7363545894622803,2.7363545894622803
20180501_sample_3,IT,1.7684729064039402,2.8639347553253174,2.8639347553253174
20180501_sample_4,IT,1.5482189400521282,2.8931047916412354,2.8931047916412354
20180501_sample_5,IT,3.2945128779395287,2.4552533626556396,2.4552533626556396
20180501_sample_6,low quality,8.081632653061211,2.0041191577911377,2.0041191577911377
20180501_sample_7,low quality,1.159223300970874,2.123396873474121,2.123396873474121
20180501_sample_8,Lamp5,1.2446973616140713,1.579094648361206,1.579094648361206
20180502_sample_1,low quality,1.251908396946563,1.8872536420822144,1.8872536420822144
20180502_sample_2,low quality,1.6695557963163603,1.7454488277435303,1.7454488277435303
20180502_sample_3,IT,1.282878411910671,3.1178202629089355,3.1178202629089355
20180502_sample_4,IT,1.7940904893813483,2.5949056148529053,2.5949056148529053
20180508_sample_1,Pvalb,1.330330330330329,1.3708630800247192,1.3708630800247192
20180508_sample_2,IT,6.541528239202663,2.342015266418457,2.342015266418457
20180508_sample_3,IT,4.336032388663961,2.9026026725769043,2.9026026725769043
20180508_sample_4,IT,1.5081240768094537,2.856616973876953,2.856616973876953
20180509_sample_1,low quality,4.19175455417066,1.8448021411895752,1.8448021411895752
20180509_sample_2,IT,1.6119402985074625,3.040365695953369,3.040365695953369
20180509_sample_3,IT,1.7311446317657506,3.0372977256774902,3.0372977256774902
20180509_sample_5,IT,2.6728452270620946,3.060236692428589,3.060236692428589
20180509_sample_7,IT,3.4795081967213197,2.7135212421417236,2.7135212421417236
20180509_sample_9,IT,3.4443069306930667,2.8434553146362305,2.8434553146362305
20180510_sample_2,Pvalb,1.1176470588235297,1.35756254196167,1.35756254196167
20180510_sample_3,IT,1.9285714285714288,2.6918511390686035,2.6918511390686035
20180510_sample_4,IT,2.4642857142857126,3.2982373237609863,3.2982373237609863
20180510_sample_5,IT,1.5630630630630629,2.8528192043304443,2.8528192043304443
20180510_sample_9,IT,2.440573770491803,2.8610265254974365,2.8610265254974365
20180515_sample_1,Pvalb,1.0433070866141745,1.3973047733306885,1.3973047733306885
20180515_sample_6,Pvalb,1.1762452107279702,1.8483480215072632,1.8483480215072632
20180522_sample_1,IT,1.1810737033666976,2.859461784362793,2.859461784362793
20180522_sample_2,IT,1.7914262159934045,2.7142133712768555,2.7142133712768555
20180522_sample_3,IT,1.4898724681170288,2.843906879425049,2.843906879425049
20180522_sample_4,IT,1.4902649218001915,2.9454851150512695,2.9454851150512695
20180522_sample_5,Pvalb,1.116640746500777,1.046349048614502,1.046349048614502
20180522_sample_6,ET,6.8278931750741885,2.1707959175109863,2.1707959175109863
20180522_sample_7,IT,4.7124394184168015,2.722723960876465,2.722723960876465
20180524_sample_5,low quality,1.0379061371841172,2.1377615928649902,2.1377615928649902
20180524_sample_8,IT,1.167320261437908,2.8741588592529297,2.8741588592529297
20180524_sample_9,Pvalb,1.1409395973154377,1.734226942062378,1.734226942062378
20180529_sample_3,IT,4.807086614173227,3.2723135948181152,3.2723135948181152
20180608_sample_1,Lamp5,2.1088082901554395,0.9792250394821167,0.9792250394821167
20180608_sample_2,Pvalb,1.016666666666667,1.1931474208831787,1.1931474208831787
20180608_sample_3,IT,1.7537493952588297,2.005812644958496,2.005812644958496
20180608_sample_5,Pvalb,1.1058823529411776,0.8834540843963623,0.8834540843963623
20180619_sample_3,Pvalb,0.9159049360146247,1.385242223739624,1.385242223739624
20180619_sample_5,IT,1.8790446841294308,3.0197811126708984,3.0197811126708984
20180619_sample_7,Lamp5,1.1313868613138682,1.7472865581512451,1.7472865581512451
20180621_sample_1,IT,1.715441176470588,2.770031690597534,2.770031690597534
20180621_sample_2,IT,2.1196136701337296,2.5765457153320312,2.5765457153320312
20180621_sample_3,Sncg,1.3240223463687155,1.573578953742981,1.573578953742981
20180621_sample_4,IT,1.4937133277451795,3.106618881225586,3.106618881225586
20180621_sample_5,Vip,1.0995850622406642,1.255386471748352,1.255386471748352
20180621_sample_7,Pvalb,1.0217391304347834,1.0413687229156494,1.0413687229156494
20180621_sample_8,Pvalb,1.2675585284280932,1.050309181213379,1.050309181213379
20180628_sample_2,Pvalb,1.1741935483870962,1.836783766746521,1.836783766746521
20180628_sample_3,Pvalb,1.1488469601677147,1.5463764667510986,1.5463764667510986
20180628_sample_4,low quality,0.9288732394366188,1.8323384523391724,1.8323384523391724
20180628_sample_6,Pvalb,1.1040723981900458,1.4760198593139648,1.4760198593139648
20180628_sample_7,Lamp5,1.581453634085212,1.5959599018096924,1.5959599018096924
20180703_sample_1,Pvalb,1.087179487179488,1.327370285987854,1.327370285987854
20180703_sample_2,IT,1.84351798972016,2.6515862941741943,2.6515862941741943
20180703_sample_3,low quality,0.9603709949409776,1.6587209701538086,1.6587209701538086
20180704_sample_1,Pvalb,1.057324840764332,1.7985479831695557,1.7985479831695557
20180704_sample_2,Pvalb,1.1547169811320743,1.330660343170166,1.330660343170166
20180704_sample_3,Pvalb,1.231382978723404,1.4900548458099365,1.4900548458099365
20180704_sample_4,IT,1.2520087655222794,2.726820945739746,2.726820945739746
20180704_sample_5,Pvalb,1.2380952380952384,1.263615608215332,1.263615608215332
20180705_sample_1,Pvalb,1.0826210826210831,1.4563727378845215,1.4563727378845215
20180705_sample_4,Pvalb,1.1513513513513516,1.1230547428131104,1.1230547428131104
20180709_sample_2,IT,4.707017543859646,3.447462558746338,3.447462558746338
20180709_sample_3,Lamp5,1.3893805309734502,1.3695423603057861,1.3695423603057861
20180709_sample_4,IT,5.270903010033438,3.0692691802978516,3.0692691802978516
20180709_sample_6,IT,1.548365122615804,2.818234443664551,2.818234443664551
20180710_sample_1,Pvalb,1.0909090909090908,2.3323819637298584,2.3323819637298584
20180710_sample_2,Pvalb,1.214814814814815,0.9336877465248108,0.9336877465248108
20180710_sample_3,Pvalb,1.0231958762886595,1.4957512617111206,1.4957512617111206
20180710_sample_5,Pvalb,1.0945121951219527,1.1938385963439941,1.1938385963439941
20180711_sample_1,Pvalb,0.9231927710843364,1.314591884613037,1.314591884613037
20180711_sample_2,Sst,1.2613784135240569,1.3476574420928955,1.3476574420928955
20180711_sample_3,Sst,1.1348314606741587,1.4476362466812134,1.4476362466812134
20180711_sample_4,Sst,1.1075050709939154,1.5403791666030884,1.5403791666030884
20180712_sample_2,low quality,1.9013513513513511,2.048790693283081,2.048790693283081
20180712_sample_3,Sncg,1.1367187499999984,1.4082642793655396,1.4082642793655396
20180712_sample_5,Pvalb,1.1122112211221122,1.4200743436813354,1.4200743436813354
20180712_sample_11,Pvalb,1.2628571428571431,1.518511414527893,1.518511414527893
20180712_sample_12,Pvalb,1.0412087912087915,1.0368820428848267,1.0368820428848267
20180712_sample_13,IT,2.504942965779468,3.08473801612854,3.08473801612854
20180712_sample_14,Pvalb,1.0058997050147491,0.949936032295227,0.949936032295227
20180712_sample_15,Pvalb,1.2710622710622728,1.1009337902069092,1.1009337902069092
20180717_sample_1,Pvalb,1.4301075268817205,1.3844579458236694,1.3844579458236694
20180717_sample_2,Lamp5,1.5219512195121945,1.456290602684021,1.456290602684021
20180717_sample_3,Pvalb,0.7567975830815706,1.488251805305481,1.488251805305481
20180717_sample_4,Pvalb,1.20408163265306,1.299523115158081,1.299523115158081
20180717_sample_6,Pvalb,1.1412300683371304,1.5001840591430664,1.5001840591430664
20180717_sample_7,ET,1.9155446756425956,2.854187488555908,2.854187488555908
20180718_sample_2,Pvalb,1.3307692307692292,1.1451711654663086,1.1451711654663086
20180718_sample_3,Pvalb,1.1459074733096075,1.5910576581954956,1.5910576581954956
20180718_sample_4,Pvalb,1.2348178137651824,1.0285996198654175,1.0285996198654175
20180719_sample_1,Pvalb,1.2955974842767308,1.381263256072998,1.381263256072998
20180719_sample_4,Pvalb,1.0919881305637995,1.1601202487945557,1.1601202487945557
20180720_sample_2,Sncg,7.637681159420291,1.6785979270935059,1.6785979270935059
20180720_sample_3,Pvalb,1.114754098360656,1.399623990058899,1.399623990058899
20180720_sample_5,Lamp5,1.199066874027994,1.2743561267852783,1.2743561267852783
20180725_sample_3,IT,3.850197109067017,2.816333770751953,2.816333770751953
20180725_sample_4,low quality,2.0256232686980606,2.1889185905456543,2.1889185905456543
20180725_sample_6,Pvalb,1.0032715376226826,1.3952089548110962,1.3952089548110962
20180725_sample_7,IT,1.4286548001167203,2.9995269775390625,2.9995269775390625
20180725_sample_9,Lamp5,0.978579481397972,1.8779544830322266,1.8779544830322266
20180726_sample_3,Pvalb,1.2650918635170625,1.6832414865493774,1.6832414865493774
20180726_sample_4,Pvalb,1.0766423357664228,1.3198635578155518,1.3198635578155518
20180726_sample_5,Pvalb,1.32618025751073,1.7224870920181274,1.7224870920181274
20180726_sample_6,Pvalb,1.1003717472118957,1.743095874786377,1.743095874786377
20180726_sample_7,Pvalb,1.1766304347826102,1.6084448099136353,1.6084448099136353
20180817_sample_2,Pvalb,1.0190023752969104,1.2141793966293335,1.2141793966293335
20180817_sample_3,Pvalb,0.8781362007168441,0.9630560278892517,0.9630560278892517
20180817_sample_4,Pvalb,1.442528735632184,1.4441044330596924,1.4441044330596924
20180817_sample_5,Pvalb,1.2207207207207211,1.287304401397705,1.287304401397705
20180817_sample_6,IT,2.2517214996174446,2.875797748565674,2.875797748565674
20180817_sample_7,Pvalb,1.072368421052631,1.0599186420440674,1.0599186420440674
20180820_sample_1,Sst,1.1196319018404908,1.4788190126419067,1.4788190126419067
20180820_sample_2,IT,8.153614457831317,3.024763584136963,3.024763584136963
20180820_sample_3,Sst,1.2460796139927623,1.313551664352417,1.313551664352417
20180820_sample_4,Sst,1.297687861271675,1.6936155557632446,1.6936155557632446
20180820_sample_5,Sst,1.0213154689403168,1.6195770502090454,1.6195770502090454
20180820_sample_6,IT,23.742957746478915,2.750352382659912,2.750352382659912
20180820_sample_7,Sst,1.0930656934306555,1.2617385387420654,1.2617385387420654
20180822_sample_1,Pvalb,1.1010989010989007,1.6504771709442139,1.6504771709442139
20180822_sample_2,Pvalb,1.1759999999999993,1.1873054504394531,1.1873054504394531
20180822_sample_3,Pvalb,1.1502890173410405,1.575391411781311,1.575391411781311
20180822_sample_4,Pvalb,1.145454545454544,1.7243201732635498,1.7243201732635498
20180822_sample_6,Pvalb,1.0468085106382974,1.261535882949829,1.261535882949829
20180822_sample_7,Pvalb,1.1213768115942029,1.0802392959594727,1.0802392959594727
20180828_sample_2,Pvalb,1.2018779342722994,1.579207181930542,1.579207181930542
20180828_sample_3,Pvalb,1.0878378378378402,1.4691388607025146,1.4691388607025146
20180828_sample_4,IT,4.471502590673576,2.8333516120910645,2.8333516120910645
20180828_sample_5,Pvalb,1.1641025641025615,1.6102172136306763,1.6102172136306763
20180828_sample_6,Pvalb,1.1683168316831691,0.9719231724739075,0.9719231724739075
20180828_sample_7,low quality,11.653465346534649,2.1806106567382812,2.1806106567382812
20180828_sample_8,IT,3.515151515151515,2.8668484687805176,2.8668484687805176
20180829_sample_1,Sst,1.4034653465346538,1.6185297966003418,1.6185297966003418
20180829_sample_2,Sst,1.3875088715400994,1.3276360034942627,1.3276360034942627
20180829_sample_3,Sst,1.128279883381923,1.664625644683838,1.664625644683838
20180829_sample_4,Sst,1.2447325769854127,1.6010723114013672,1.6010723114013672
20180829_sample_5,Sst,1.211103938024532,1.6179628372192383,1.6179628372192383
20180829_sample_6,Sst,1.1982942430703625,1.3404618501663208,1.3404618501663208
20180829_sample_7,Sst,1.6215235792019338,1.3488309383392334,1.3488309383392334
20180829_sample_8,IT,3.3084702907711754,2.5872206687927246,2.5872206687927246
20180830_sample_1,Pvalb,1.1398104265402853,1.7751903533935547,1.7751903533935547
20180830_sample_2,Pvalb,1.1840490797546013,1.3885186910629272,1.3885186910629272
20180830_sample_5,Pvalb,1.0212765957446812,1.1224772930145264,1.1224772930145264
20180830_sample_6,Pvalb,1.0428893905191872,1.554731011390686,1.554731011390686
20180904_sample_1,Pvalb,1.1361702127659548,1.0865018367767334,1.0865018367767334
20180904_sample_2,Pvalb,1.0793871866295262,1.368017315864563,1.368017315864563
20180904_sample_3,Pvalb,1.0457746478873244,0.8665000200271606,0.8665000200271606
20180904_sample_4,Pvalb,1.1861313868613124,1.0206677913665771,1.0206677913665771
20180904_sample_5,Pvalb,1.1384615384615382,1.6828317642211914,1.6828317642211914
20180904_sample_6,Pvalb,1.0581395348837197,0.9888129234313965,0.9888129234313965
20180904_sample_7,Pvalb,0.9839527027027032,1.2203865051269531,1.2203865051269531
20180904_sample_9,Pvalb,1.1273885350318464,1.1709437370300293,1.1709437370300293
20180905_sample_1,Sst,1.3252647503782158,1.5145429372787476,1.5145429372787476
20180905_sample_2,Sst,1.170015455950541,1.4984102249145508,1.4984102249145508
20180910_sample_2,Sst,1.1301044634377964,1.2182092666625977,1.2182092666625977
20180910_sample_3,Sst,1.339705882352941,1.482916235923767,1.482916235923767
20180911_sample_1,Sst,1.0987124463519309,1.2953819036483765,1.2953819036483765
20180911_sample_2,Sst,1.1260794473229696,1.631837248802185,1.631837248802185
20180911_sample_3,Sst,1.1148648648648645,1.5594428777694702,1.5594428777694702
20180911_sample_5,Sst,1.0721393034825877,2.1560890674591064,2.1560890674591064
20180911_sample_6,Sst,1.2708719851577,1.1510233879089355,1.1510233879089355
20180912_sample_2,Pvalb,1.0560975609756091,1.3891088962554932,1.3891088962554932
20180912_sample_3,Pvalb,1.171270718232045,1.4789494276046753,1.4789494276046753
20180912_sample_6,Pvalb,1.0918635170603692,1.0181925296783447,1.0181925296783447
20180913_sample_2,low quality,1.1635514018691595,2.0170578956604004,2.0170578956604004
20180917_sample_1,Sst,1.1939890710382506,1.5100804567337036,1.5100804567337036
20180917_sample_2,Pvalb,1.2018348623853217,1.4129613637924194,1.4129613637924194
20180917_sample_3,IT,1.334530528476141,3.3017749786376953,3.3017749786376953
20180917_sample_4,Pvalb,0.397665369649805,1.2978355884552002,1.2978355884552002
20180917_sample_5,Sst,1.15228426395939,2.02968692779541,2.02968692779541
20180918_sample_1,Vip,0.8394471026049983,1.5004470348358154,1.5004470348358154
20180918_sample_2,Vip,1.3155555555555531,1.41310453414917,1.41310453414917
20180918_sample_3,Vip,1.2880952380952368,1.5747052431106567,1.5747052431106567
20180920_sample_1,low quality,1.11437908496732,1.7098636627197266,1.7098636627197266
20180920_sample_2,Pvalb,1.025586353944563,1.0784153938293457,1.0784153938293457
20180920_sample_3,Pvalb,1.0607966457023044,1.1471621990203857,1.1471621990203857
20180920_sample_4,Pvalb,1.4730064388311042,0.9648500084877014,0.9648500084877014
20180921_sample_1,low quality,1.153039832285114,1.9562195539474487,1.9562195539474487
20180921_sample_2,Pvalb,1.210526315789472,1.2248636484146118,1.2248636484146118
20180921_sample_3,Pvalb,1.0498866213151932,1.3625508546829224,1.3625508546829224
20180925_sample_9,Pvalb,0.979851537645811,1.754218578338623,1.754218578338623
20180926_sample_1,Pvalb,1.1162324649298592,1.2185616493225098,1.2185616493225098
20180926_sample_3,Pvalb,1.0969479353680442,1.8357858657836914,1.8357858657836914
20180926_sample_4,low quality,1.1470588235294117,1.511906385421753,1.511906385421753
20180926_sample_7,Pvalb,1.1923076923076916,0.9083190560340881,0.9083190560340881
20180926_sample_9,IT,2.8238519533927358,3.1385436058044434,3.1385436058044434
20180927_sample_1,Pvalb,1.0452674897119345,1.0553678274154663,1.0553678274154663
20180927_sample_2,Pvalb,1.2144638403990025,1.6246213912963867,1.6246213912963867
20180927_sample_3,low quality,0.9507829977628623,1.9519762992858887,1.9519762992858887
20180927_sample_4,Pvalb,1.135211267605632,1.044711947441101,1.044711947441101
20180927_sample_5,Pvalb,1.2806324110671945,1.1957588195800781,1.1957588195800781
20180927_sample_7,Pvalb,1.1491935483870976,1.321129560470581,1.321129560470581
20180927_sample_9,IT,1.90333618477331,2.653163433074951,2.653163433074951
20180927_sample_10,low quality,1.1263157894736835,1.9887334108352661,1.9887334108352661
20181002_sample_1,low quality,1.1436077057793348,1.8356335163116455,1.8356335163116455
20181002_sample_2,Pvalb,1.3322033898305086,1.2486213445663452,1.2486213445663452
20181002_sample_3,Pvalb,1.1390476190476206,1.3572916984558105,1.3572916984558105
20181002_sample_4,Pvalb,1.13389121338912,1.0965471267700195,1.0965471267700195
20181002_sample_5,Pvalb,1.2634730538922143,0.9604498744010925,0.9604498744010925
20181002_sample_6,Pvalb,1.112852664576801,1.221828579902649,1.221828579902649
20181002_sample_7,IT,1.5344574780058655,3.058739423751831,3.058739423751831
20181002_sample_8,Pvalb,1.1354166666666676,1.5340330600738525,1.5340330600738525
20181002_sample_9,Sst,1.0179717586649548,1.0374014377593994,1.0374014377593994
20181002_sample_10,Pvalb,1.0446871896722938,1.1457724571228027,1.1457724571228027
20181003_sample_1,low quality,1.1780986762936223,1.8927265405654907,1.8927265405654907
20181003_sample_2,Sst,1.13125,2.042668581008911,2.042668581008911
20181003_sample_3,Sst,1.1612244897959174,1.8451452255249023,1.8451452255249023
20181003_sample_4,Sst,0.9241306638566912,1.0035717487335205,1.0035717487335205
20181003_sample_5,Sst,1.121447028423774,1.5118272304534912,1.5118272304534912
20181003_sample_6,Sst,1.0414078674948246,1.2256395816802979,1.2256395816802979
20181003_sample_7,Sst,1.0312499999999998,1.3335399627685547,1.3335399627685547
20181003_sample_8,Sst,1.1706864564007409,1.7306649684906006,1.7306649684906006
20181003_sample_9,Sst,1.1970920840064618,0.9401869177818298,0.9401869177818298
20181003_sample_10,Sst,1.1379962192816653,1.5287644863128662,1.5287644863128662
20181004_sample_1,low quality,1.1453590192644492,2.47648286819458,2.47648286819458
20181004_sample_3,Sst,1.181274900398406,1.4666025638580322,1.4666025638580322
20181004_sample_5,Sst,0.96943231441048,1.2521731853485107,1.2521731853485107
20181004_sample_6,Sst,1.273730684326712,1.4624693393707275,1.4624693393707275
20181004_sample_8,Sst,1.0784442979564928,1.019812822341919,1.019812822341919
20181009_sample_2,Sst,1.1648648648648627,1.4591039419174194,1.4591039419174194
20181009_sample_3,Sst,1.195876288659793,1.629540205001831,1.629540205001831
20181009_sample_4,Sst,1.1509433962264166,1.5828121900558472,1.5828121900558472
20181009_sample_5,Sst,1.0540201005025125,1.593138575553894,1.593138575553894
20181009_sample_6,IT,1.707943925233644,2.924604892730713,2.924604892730713
20181009_sample_7,Sst,1.1450924608819346,1.2378082275390625,1.2378082275390625
20181010_sample_1,Sst,1.0907216494845364,1.353503942489624,1.353503942489624
20181010_sample_3,Sst,1.1295336787564778,1.7715259790420532,1.7715259790420532
20181010_sample_4,Sst,1.1988472622478394,1.2130571603775024,1.2130571603775024
20181010_sample_5,IT,1.583499005964215,3.172250270843506,3.172250270843506
20181010_sample_6,Sst,1.0635838150289032,1.8556406497955322,1.8556406497955322
20181010_sample_8,Sst,1.1525423728813544,1.5259544849395752,1.5259544849395752
20181010_sample_10,Sst,1.126666666666666,1.129094123840332,1.129094123840332
20181011_sample_3,Sst,0.9948453608247422,1.3314954042434692,1.3314954042434692
20181011_sample_4,Sst,1.0853242320819108,1.7528730630874634,1.7528730630874634
20181011_sample_8,Sst,1.1175869120654398,1.1999993324279785,1.1999993324279785
20181011_sample_9,Sst,1.0841584158415851,1.6961480379104614,1.6961480379104614
20181011_sample_10,Sst,1.2914979757085037,0.8737849593162537,0.8737849593162537
20181109_sample_1,Sst,1.217706821480406,1.4051551818847656,1.4051551818847656
20181109_sample_2,Sst,1.1474966170500671,1.9334677457809448,1.9334677457809448
20181109_sample_3,Sst,1.2073342736248245,1.5690590143203735,1.5690590143203735
20181109_sample_5,Sst,1.129449838187702,1.671286940574646,1.671286940574646
20181109_sample_7,Sst,1.1995967741935494,1.7581963539123535,1.7581963539123535
20181109_sample_8,Sst,1.2867469879518072,1.3963207006454468,1.3963207006454468
20181109_sample_9,Sst,1.0802752293577982,1.606356143951416,1.606356143951416
20181109_sample_10,Sst,2.1833740831295847,1.663996696472168,1.663996696472168
20181112_sample_1,low quality,1.237735849056606,1.848475694656372,1.848475694656372
20181112_sample_4,Sst,1.4853333333333316,1.0841140747070312,1.0841140747070312
20181112_sample_5,low quality,1.1409028727770183,2.2140963077545166,2.2140963077545166
20181112_sample_6,Sst,1.098228663446054,1.439803957939148,1.439803957939148
20181112_sample_8,Sst,1.1016042780748678,1.3218128681182861,1.3218128681182861
20181112_sample_11,Sst,1.258358662613985,0.8783777952194214,0.8783777952194214
20181114_sample_1,Pvalb,1.0874316939890694,1.701447606086731,1.701447606086731
20181114_sample_2,Pvalb,1.0891472868217058,1.021547555923462,1.021547555923462
20181114_sample_4,Pvalb,0.9281641961231476,1.807668924331665,1.807668924331665
20181116_sample_2,Pvalb,1.0945945945945954,1.4843405485153198,1.4843405485153198
20181116_sample_3,Pvalb,1.224719101123597,1.4752442836761475,1.4752442836761475
20181116_sample_4,Pvalb,1.0945945945945954,1.1588027477264404,1.1588027477264404
20181116_sample_5,Pvalb,1.1294498381877014,1.6950371265411377,1.6950371265411377
20181116_sample_7,low quality,1.0628140703517606,1.865490198135376,1.865490198135376
20181116_sample_10,low quality,0.8554216867469885,2.260357141494751,2.260357141494751
20181116_sample_12,Pvalb,1.044088176352705,1.3401141166687012,1.3401141166687012
20181121_sample_1,Sst,1.4114583333333326,1.860107421875,1.860107421875
20181121_sample_2,Sst,1.5784883720930252,1.38944411277771,1.38944411277771
20181121_sample_3,Pvalb,1.036672629695886,0.8430711030960083,0.8430711030960083
20181121_sample_4,low quality,1.1811320754716983,1.7186766862869263,1.7186766862869263
20181121_sample_5,Sst,1.2741433021806838,0.9675779342651367,0.9675779342651367
20181121_sample_6,Sst,3.0701402805611235,1.232208490371704,1.232208490371704
20181121_sample_7,Sst,1.3434343434343436,1.8795336484909058,1.8795336484909058
20181126_sample_2,Sst,1.2324649298597197,1.2676728963851929,1.2676728963851929
20181126_sample_6,Sst,1.072327044025155,1.3202598094940186,1.3202598094940186
20181127_sample_1,Sst,1.2032400589101608,1.4681521654129028,1.4681521654129028
20181127_sample_3,Sst,1.5021186440677958,1.1800339221954346,1.1800339221954346
20181127_sample_4,Sst,1.168077900084674,1.498371958732605,1.498371958732605
20181127_sample_5,Sst,1.2663185378590067,1.7202917337417603,1.7202917337417603
20181127_sample_7,Sst,1.3687436159346271,1.3688839673995972,1.3688839673995972
20181129_sample_1,Sst,1.1829268292682935,0.6712651252746582,0.6712651252746582
20181129_sample_2,low quality,1.393034825870642,2.0572826862335205,2.0572826862335205
20181129_sample_3,Sst,1.439932318104908,1.6328086853027344,1.6328086853027344
20181129_sample_4,Sst,1.4579439252336432,1.689695119857788,1.689695119857788
20181129_sample_5,Sst,1.1707317073170738,1.6269772052764893,1.6269772052764893
20181129_sample_6,Sst,1.1568627450980395,1.4554252624511719,1.4554252624511719
20181203_sample_2,Sst,1.1646706586826363,1.6745622158050537,1.6745622158050537
20181203_sample_3,Sst,1.3966942148760333,1.1494100093841553,1.1494100093841553
20181203_sample_4,Sst,1.1271929824561395,1.9755840301513672,1.9755840301513672
20181203_sample_5,Sst,1.35318275154004,1.4656065702438354,1.4656065702438354
20181203_sample_6,Pvalb,1.0491159135559915,1.2512855529785156,1.2512855529785156
20181203_sample_7,Sst,1.3083832335329328,1.8574862480163574,1.8574862480163574
20181203_sample_8,Sst,1.3159420289855073,1.0382832288742065,1.0382832288742065
20181203_sample_9,Sst,1.1327838827838834,1.434983730316162,1.434983730316162
20181203_sample_10,low quality,1.2218749999999985,1.4965784549713135,1.4965784549713135
20181205_sample_1,Sst,1.2010050251256288,1.5872514247894287,1.5872514247894287
20181205_sample_2,Sst,1.447837150127227,1.655303955078125,1.655303955078125
20181207_sample_1,Pvalb,1.0268595041322317,1.0558767318725586,1.0558767318725586
20181207_sample_2,Pvalb,1.11659192825112,1.378321647644043,1.378321647644043
20181207_sample_3,Pvalb,1.1043689320388366,1.5137022733688354,1.5137022733688354
20181207_sample_4,Pvalb,1.1596638655462166,1.1440062522888184,1.1440062522888184
20181207_sample_5,Pvalb,0.3594249201277952,1.3926461935043335,1.3926461935043335
20181207_sample_6,low quality,1.1275720164609044,2.240778923034668,2.240778923034668
20181207_sample_7,Pvalb,1.0698924731182786,1.4072458744049072,1.4072458744049072
20181208_sample_1,low quality,1.0421511627906963,2.355851173400879,2.355851173400879
20181208_sample_2,Sst,1.1774999999999998,1.8515876531600952,1.8515876531600952
20181208_sample_3,Sst,1.6298701298701317,2.2090160846710205,2.2090160846710205
20181208_sample_4,Sst,1.2431372549019586,1.1873359680175781,1.1873359680175781
20181208_sample_5,Sst,1.1267123287671217,1.689331293106079,1.689331293106079
20181208_sample_6,Sst,1.2650602409638558,1.537501573562622,1.537501573562622
20181208_sample_7,Sst,1.1315192743764175,1.179168939590454,1.179168939590454
20181208_sample_8,Sst,1.166666666666666,1.0622202157974243,1.0622202157974243
20181208_sample_9,Sst,1.1520912547528508,1.5023634433746338,1.5023634433746338
20181208_sample_10,Sst,1.1673819742489278,1.233341932296753,1.233341932296753
20181211_sample_1,CT,1.665893271461716,2.528642416000366,2.528642416000366
20181211_sample_2,Pvalb,0.8240396530359358,1.015357255935669,1.015357255935669
20181211_sample_4,Pvalb,1.015625,1.7470529079437256,1.7470529079437256
20181211_sample_5,low quality,1.033333333333332,1.9215128421783447,1.9215128421783447
20181211_sample_6,Pvalb,1.012024048096192,1.334857702255249,1.334857702255249
20181211_sample_7,Pvalb,1.0126582278480991,1.6256979703903198,1.6256979703903198
20181211_sample_8,Pvalb,1.0483271375464664,1.0110505819320679,1.0110505819320679
20181211_sample_9,Pvalb,1.0157342657342645,1.2654876708984375,1.2654876708984375
20181213_sample_1,Sst,1.2639405204460976,1.4510908126831055,1.4510908126831055
20181213_sample_2,Sst,1.2020547945205455,1.133849859237671,1.133849859237671
20181213_sample_3,Sst,1.3727272727272708,1.3884373903274536,1.3884373903274536
20181213_sample_4,Sst,1.6436363636363651,1.895289421081543,1.895289421081543
20181213_sample_5,IT,1.7002938295788446,2.666417121887207,2.666417121887207
20181213_sample_6,Sst,1.14754098360656,0.8823162317276001,0.8823162317276001
20181213_sample_7,Sst,1.2575757575757556,1.3437821865081787,1.3437821865081787
20181214_sample_1,low quality,5.565789473684217,2.0443952083587646,2.0443952083587646
20181214_sample_2,Sst,1.3625304136253047,1.8541321754455566,1.8541321754455566
20190108_sample_1,Pvalb,0.9599383667180278,1.148309588432312,1.148309588432312
20190108_sample_2,Vip,1.375000000000001,1.3844711780548096,1.3844711780548096
20190108_sample_3,IT,3.713709677419354,2.157917022705078,2.157917022705078
20190108_sample_5,Vip,3.004347826086964,1.1372541189193726,1.1372541189193726
20190108_sample_6,Lamp5,1.3261888814467513,1.1785895824432373,1.1785895824432373
20190109_sample_2,Sst,1.7078085642317378,1.40924072265625,1.40924072265625
20190110_sample_1,Sst,1.322580645161288,1.543992042541504,1.543992042541504
20190110_sample_3,Sst,1.2269129287598934,1.6411019563674927,1.6411019563674927
20190110_sample_4,Sst,1.2266763848396498,1.4715086221694946,1.4715086221694946
20190110_sample_6,IT,1.9314775160599564,2.969102382659912,2.969102382659912
20190110_sample_7,IT,1.931477516059957,2.6057231426239014,2.6057231426239014
20190117_sample_1,Vip,1.1658767772511849,1.2840192317962646,1.2840192317962646
20190117_sample_2,IT,1.762824783477683,3.090672731399536,3.090672731399536
20190117_sample_3,Sst,0.6651053864168619,1.3716307878494263,1.3716307878494263
20190117_sample_4,IT,1.4289496910856136,2.633284568786621,2.633284568786621
20190117_sample_5,Sst,1.1302738712065137,1.5665825605392456,1.5665825605392456
20190122_sample_1,Pvalb,1.1507246376811593,1.579668641090393,1.579668641090393
20190122_sample_3,Pvalb,1.0959595959595947,1.5430244207382202,1.5430244207382202
20190122_sample_5,Pvalb,1.0439276485788125,1.613957405090332,1.613957405090332
20190122_sample_9,Pvalb,1.1302521008403352,2.1860551834106445,2.1860551834106445
20190122_sample_10,Pvalb,1.1179999999999986,1.6975245475769043,1.6975245475769043
20190122_sample_11,low quality,1.226562499999999,1.924468755722046,1.924468755722046
20190122_sample_12,Pvalb,1.1453900709219849,1.4231230020523071,1.4231230020523071
20190122_sample_13,Pvalb,1.0937500000000016,0.9461507201194763,0.9461507201194763
20190122_sample_14,Pvalb,1.079482439926064,1.480746865272522,1.480746865272522
20190122_sample_16,Pvalb,1.0670391061452535,0.9509563446044922,0.9509563446044922
20190122_sample_17,Pvalb,1.08923076923077,1.6216940879821777,1.6216940879821777
20190123_sample_5,Pvalb,1.1366120218579228,1.548345685005188,1.548345685005188
20190123_sample_7,Pvalb,1.0917159763313602,1.4640707969665527,1.4640707969665527
20190123_sample_8,Pvalb,1.063636363636363,1.2850311994552612,1.2850311994552612
20190124_sample_4,Pvalb,0.9379844961240302,1.7981678247451782,1.7981678247451782
20190128_sample_2,Pvalb,0.9714693295292433,0.9927462339401245,0.9927462339401245
20190128_sample_3,low quality,0.982142857142858,1.8956760168075562,1.8956760168075562
20190128_sample_4,Pvalb,1.1528497409326406,1.5566482543945312,1.5566482543945312
20190128_sample_6,Lamp5,2.2969283276450514,1.2463650703430176,1.2463650703430176
20190128_sample_7,Pvalb,1.0569395017793597,1.3959286212921143,1.3959286212921143
20190128_sample_11,Pvalb,1.1683168316831682,1.7147047519683838,1.7147047519683838
20190128_sample_12,Pvalb,1.346938775510204,1.0809358358383179,1.0809358358383179
20190130_sample_2,low quality,1.0649350649350646,2.138131618499756,2.138131618499756
20190130_sample_3,Lamp5,1.3013824884792624,1.3241218328475952,1.3241218328475952
20190130_sample_6,Pvalb,1.1627906976744178,1.4404172897338867,1.4404172897338867
20190130_sample_8,CT,1.4020304568527926,2.9972996711730957,2.9972996711730957
20190130_sample_9,Sst,1.3373860182370818,1.6538466215133667,1.6538466215133667
20190130_sample_10,Sst,1.250463821892394,1.5132172107696533,1.5132172107696533
20190130_sample_15,Pvalb,1.1310861423220973,1.2860541343688965,1.2860541343688965
20190130_sample_17,Sst,1.2098976109215007,1.2981098890304565,1.2981098890304565
20190130_sample_18,Sst,1.2581120943952804,1.5982352495193481,1.5982352495193481
20190131_sample_1,Sst,1.115702479338845,1.8604776859283447,1.8604776859283447
20190131_sample_3,Pvalb,0.991011235955055,1.949473261833191,1.949473261833191
20190131_sample_4,Sst,1.284649776453056,1.1145750284194946,1.1145750284194946
20190131_sample_5,Sst,1.2058823529411764,1.0109270811080933,1.0109270811080933
20190131_sample_6,Sst,1.175531914893616,1.3187240362167358,1.3187240362167358
20190131_sample_10,Sst,1.205555555555556,1.5812389850616455,1.5812389850616455
20190201_sample_2,Pvalb,0.966963151207116,1.6459882259368896,1.6459882259368896
20190201_sample_3,Pvalb,0.740356083086054,1.3446085453033447,1.3446085453033447
20190201_sample_4,Pvalb,1.136929460580913,1.1043683290481567,1.1043683290481567
20190201_sample_7,Pvalb,0.8597077244258877,1.581443428993225,1.581443428993225
20190201_sample_8,Pvalb,0.3799654576856649,1.5070538520812988,1.5070538520812988
20190201_sample_10,Pvalb,1.1981351981351973,1.621475100517273,1.621475100517273
20190204_sample_1,Sst,1.1397984886649866,1.8889520168304443,1.8889520168304443
20190204_sample_2,CT,1.2610722610722611,2.336125373840332,2.336125373840332
20190204_sample_4,Sst,1.1059268600252208,1.4636027812957764,1.4636027812957764
20190204_sample_5,Sst,1.0400000000000018,1.5025687217712402,1.5025687217712402
20190204_sample_6,Sst,1.1827411167512696,1.3145983219146729,1.3145983219146729
20190204_sample_7,Pvalb,0.9455621301775152,1.1727895736694336,1.1727895736694336
20190204_sample_8,Pvalb,1.217339667458432,1.519418478012085,1.519418478012085
20190204_sample_9,Pvalb,0.896049896049896,1.4978957176208496,1.4978957176208496
20190204_sample_10,Pvalb,0.8422535211267592,0.9939038157463074,0.9939038157463074
20190204_sample_11,Sst,1.0452674897119336,1.5238286256790161,1.5238286256790161
20190204_sample_14,Sst,1.1012931034482762,1.2548540830612183,1.2548540830612183
20190204_sample_15,Sst,1.1035422343324257,1.5170955657958984,1.5170955657958984
20190204_sample_16,Sst,1.1336971350613907,1.392982006072998,1.392982006072998
20190204_sample_17,Sst,1.1570397111913349,1.5185127258300781,1.5185127258300781
20190204_sample_18,Sst,1.0788804071246831,1.6629523038864136,1.6629523038864136
20190204_sample_19,low quality,1.154427645788337,2.0059869289398193,2.0059869289398193
20190204_sample_20,low quality,1.161904761904762,1.8331409692764282,1.8331409692764282
20190204_sample_21,Pvalb,0.922206506364922,1.4822280406951904,1.4822280406951904
20190204_sample_22,IT,5.28449848024316,2.670915126800537,2.670915126800537
20190204_sample_24,CT,1.3173384516954576,2.578965187072754,2.578965187072754
20190205_sample_1,Pvalb,1.1176470588235288,1.4450976848602295,1.4450976848602295
20190205_sample_2,Sst,1.1999999999999984,1.407149314880371,1.407149314880371
20190205_sample_3,low quality,1.182044887780548,1.713437557220459,1.713437557220459
20190205_sample_4,Sst,1.076726342710998,1.4699345827102661,1.4699345827102661
20190205_sample_5,Sst,1.12396694214876,1.7565257549285889,1.7565257549285889
20190205_sample_6,Sst,1.0813356164383554,1.0499361753463745,1.0499361753463745
20190205_sample_7,Pvalb,1.057347670250895,1.029662847518921,1.029662847518921
20190211_sample_1,Pvalb,1.1990291262135926,1.1421639919281006,1.1421639919281006
20190211_sample_2,IT,11.856459330143572,2.9106812477111816,2.9106812477111816
20190211_sample_3,Pvalb,1.2738095238095266,1.40062415599823,1.40062415599823
20190211_sample_4,IT,6.789473684210516,2.8243188858032227,2.8243188858032227
20190211_sample_6,Pvalb,1.0509803921568637,1.1493809223175049,1.1493809223175049
20190211_sample_8,Pvalb,1.1852861035422344,1.7858319282531738,1.7858319282531738
20190211_sample_9,Pvalb,1.1311475409836058,0.9578420519828796,0.9578420519828796
20190211_sample_11,Pvalb,1.145593869731801,1.726007103919983,1.726007103919983
20190211_sample_12,low quality,1.2077562326869808,1.7650110721588135,1.7650110721588135
20190212_sample_1,Sst,1.339999999999998,1.2535377740859985,1.2535377740859985
20190212_sample_4,Sst,1.317567567567568,2.0788679122924805,2.0788679122924805
20190212_sample_5,Sst,1.0652173913043494,1.747657060623169,1.747657060623169
20190212_sample_6,Sst,1.2420494699646645,1.596515417098999,1.596515417098999
20190212_sample_7,Sst,1.1311475409836058,1.6014227867126465,1.6014227867126465
20190212_sample_8,Sst,1.217741935483872,1.3673820495605469,1.3673820495605469
20190213_sample_1,Pvalb,1.4624697336561747,1.5414836406707764,1.5414836406707764
20190213_sample_4,Pvalb,0.9129554655870444,1.3840968608856201,1.3840968608856201
20190213_sample_7,Pvalb,1.2097264437689967,0.990314781665802,0.990314781665802
20190213_sample_8,Pvalb,1.0650759219088926,1.1868317127227783,1.1868317127227783
20190214_sample_1,Pvalb,1.204545454545452,1.3260892629623413,1.3260892629623413
20190214_sample_2,Pvalb,0.9365482233502532,1.5366301536560059,1.5366301536560059
20190214_sample_3,Pvalb,1.1354166666666647,1.6171636581420898,1.6171636581420898
20190214_sample_6,Pvalb,1.138613861386138,1.8300244808197021,1.8300244808197021
20190214_sample_9,Pvalb,1.1456692913385822,1.6750043630599976,1.6750043630599976
20190218_sample_3,Sst,1.210989010989011,1.700892686843872,1.700892686843872
20190218_sample_4,Sst,1.305555555555554,1.435482382774353,1.435482382774353
20190218_sample_5,Sst,1.123222748815167,1.5322085618972778,1.5322085618972778
20190219_sample_1,Vip,1.8271954674220947,1.5188257694244385,1.5188257694244385
20190219_sample_3,Sncg,1.462686567164179,1.5248417854309082,1.5248417854309082
20190219_sample_4,Vip,1.5405405405405388,1.8096024990081787,1.8096024990081787
20190219_sample_7,Vip,1.367346938775512,1.842405080795288,1.842405080795288
20190219_sample_8,IT,6.014084507042255,2.563887119293213,2.563887119293213
20190221_sample_1,Sst,1.016438356164384,1.530949592590332,1.530949592590332
20190221_sample_2,Sst,1.2351973684210529,1.5378202199935913,1.5378202199935913
20190221_sample_4,Sst,1.0673813169984696,1.2602872848510742,1.2602872848510742
20190221_sample_10,Sst,1.0488599348534215,0.9597368240356445,0.9597368240356445
20190221_sample_11,Pvalb,1.1750000000000005,0.9846718907356262,0.9846718907356262
20190222_sample_2,CT,1.4138240574506291,2.6190781593322754,2.6190781593322754
20190222_sample_3,IT,9.0561797752809,2.8756299018859863,2.8756299018859863
20190222_sample_4,CT,1.3789764868603045,2.013124465942383,2.013124465942383
20190222_sample_5,CT,1.4204425711275022,2.7565524578094482,2.7565524578094482
20190222_sample_7,Vip,1.20164609053498,1.5375967025756836,1.5375967025756836
20190222_sample_8,IT,1.4632218844984803,2.9833807945251465,2.9833807945251465
20190226_sample_1,Pvalb,1.0208333333333337,1.426621913909912,1.426621913909912
20190226_sample_2,Lamp5,1.2602503236944325,1.078545331954956,1.078545331954956
20190226_sample_3,CT,1.237299246148803,1.7517329454421997,1.7517329454421997
20190226_sample_5,IT,6.6133720930232585,3.143477439880371,3.143477439880371
20190226_sample_6,IT,1.1797274275979557,2.7164266109466553,2.7164266109466553
20190226_sample_7,Lamp5,1.5557809330628802,1.4433913230895996,1.4433913230895996
20190226_sample_9,Pvalb,1.1349999999999978,1.2210493087768555,1.2210493087768555
20190227_sample_1,Sst,1.071428571428573,1.5231539011001587,1.5231539011001587
20190227_sample_2,Sst,1.1784702549575066,1.2358644008636475,1.2358644008636475
20190227_sample_3,Sst,1.5588235294117634,1.3061017990112305,1.3061017990112305
20190227_sample_4,Sst,1.2260111022997613,1.4314229488372803,1.4314229488372803
20190227_sample_5,Sst,1.1033210332103318,1.3920142650604248,1.3920142650604248
20190227_sample_6,Sst,1.067510548523207,1.5139379501342773,1.5139379501342773
20190227_sample_7,Pvalb,1.1784037558685454,1.2712804079055786,1.2712804079055786
20190318_sample_3,Sst,1.4270270270270276,1.0819664001464844,1.0819664001464844
20190318_sample_4,Sst,1.1438127090301002,0.9535062313079834,0.9535062313079834
20190318_sample_5,Sst,0.7521367521367532,1.4884777069091797,1.4884777069091797
20190318_sample_6,Sst,1.504155124653738,1.3844057321548462,1.3844057321548462
20190320_sample_4,IT,2.055555555555553,2.822793960571289,2.822793960571289
20190320_sample_5,CT,1.4291091593475542,2.6359174251556396,2.6359174251556396
20190320_sample_6,CT,1.6565507031828277,2.650043249130249,2.650043249130249
20190320_sample_9,IT,1.7961165048543677,2.2470598220825195,2.2470598220825195
20190321_sample_2,low quality,1.2870886075949368,2.629578113555908,2.629578113555908
20190321_sample_4,IT,2.218167701863354,3.0317912101745605,3.0317912101745605
20190321_sample_6,CT,1.6656686626746515,2.7190914154052734,2.7190914154052734
20190322_sample_1,IT,2.308843537414965,2.9522080421447754,2.9522080421447754
20190322_sample_2,IT,5.431095406360426,3.1219139099121094,3.1219139099121094
20190322_sample_4,CT,1.411337209302326,2.622673988342285,2.622673988342285
20190325_sample_1,Lamp5,1.3951849677040518,1.3530008792877197,1.3530008792877197
20190325_sample_2,low quality,1.1862745098039218,1.7798428535461426,1.7798428535461426
20190325_sample_3,IT,1.173960021609941,2.8948822021484375,2.8948822021484375
20190325_sample_4,CT,1.2230070635721502,2.9667725563049316,2.9667725563049316
20190325_sample_5,CT,1.6738305941845766,2.6704111099243164,2.6704111099243164
20190325_sample_6,CT,1.558904109589041,2.6088547706604004,2.6088547706604004
20190325_sample_7,IT,1.3843373493975906,2.802293539047241,2.802293539047241
20190325_sample_9,CT,1.5286343612334805,1.942320704460144,1.942320704460144
20190326_sample_1,CT,2.043801652892561,2.72925066947937,2.72925066947937
20190326_sample_2,Vip,3.313793103448276,1.2811386585235596,1.2811386585235596
20190326_sample_3,Vip,4.036036036036035,1.363499402999878,1.363499402999878
20190326_sample_4,CT,1.80701754385965,2.344649076461792,2.344649076461792
20190327_sample_1,CT,1.5096188747731396,2.202730417251587,2.202730417251587
20190327_sample_2,IT,4.48031496062992,3.014298439025879,3.014298439025879
20190327_sample_4,CT,1.6558823529411757,2.5407888889312744,2.5407888889312744
20190327_sample_7,Vip,1.5202020202020203,1.332632303237915,1.332632303237915
20190328_sample_1,CT,1.5066371681415924,2.017679214477539,2.017679214477539
20190328_sample_3,CT,1.4378818737270855,2.5653116703033447,2.5653116703033447
20190328_sample_4,CT,1.7708592777085934,2.7726447582244873,2.7726447582244873
20190328_sample_6,CT,1.4272363150867815,2.522597074508667,2.522597074508667
20190328_sample_8,IT,1.4927953890489918,2.876893997192383,2.876893997192383
20190328_sample_9,CT,1.220082530949106,2.211033344268799,2.211033344268799
20190329_sample_3,CT,1.3816884661117714,2.525789976119995,2.525789976119995
20190329_sample_4,CT,1.430025445292621,2.61433482170105,2.61433482170105
20190329_sample_5,CT,1.4618040569702206,2.889613628387451,2.889613628387451
20190402_sample_2,CT,1.4119760479041914,2.6377155780792236,2.6377155780792236
20190402_sample_3,IT,1.669683257918554,2.23119854927063,2.23119854927063
20190402_sample_5,low quality,1.4693069306930702,1.6345748901367188,1.6345748901367188
20190402_sample_6,Vip,1.524590163934428,1.6956340074539185,1.6956340074539185
20190403_sample_3,low quality,1.3467078189300403,1.767472743988037,1.767472743988037
20190403_sample_5,IT,1.3571428571428523,3.1542515754699707,3.1542515754699707
20190403_sample_6,Sst,1.2792607802874736,1.1278409957885742,1.1278409957885742
20190403_sample_7,Sst,1.250000000000002,1.6355496644973755,1.6355496644973755
20190408_sample_1,Pvalb,0.9685393258426964,1.3670397996902466,1.3670397996902466
20190408_sample_2,Sst,1.0353403141361257,1.5577983856201172,1.5577983856201172
20190408_sample_5,Sst,1.4682779456193376,1.6873536109924316,1.6873536109924316
20190408_sample_6,Sst,1.0328871892925433,1.8555158376693726,1.8555158376693726
20190409_sample_2,low quality,1.0813835198372324,2.333294153213501,2.333294153213501
20190409_sample_3,low quality,1.2849284928492843,1.955049991607666,1.955049991607666
20190409_sample_4,Sst,1.1144708423326133,1.4779918193817139,1.4779918193817139
20190409_sample_5,CT,1.24274593064402,2.6966569423675537,2.6966569423675537
20190409_sample_7,Sst,0.9183673469387758,1.7900220155715942,1.7900220155715942
20190409_sample_8,CT,1.534713763702801,2.492318868637085,2.492318868637085
20190409_sample_9,IT,2.05936073059361,2.9413652420043945,2.9413652420043945
20190409_sample_10,CT,1.560902255639098,2.3663017749786377,2.3663017749786377
20190409_sample_11,IT,6.125401929260447,2.840749740600586,2.840749740600586
20190410_sample_3,CT,5.830188679245282,2.5883092880249023,2.5883092880249023
20190410_sample_4,Sst,1.3409090909090908,1.751322865486145,1.751322865486145
20190410_sample_6,IT,1.9684893419833167,3.1668097972869873,3.1668097972869873
20190410_sample_7,CT,1.7111111111111112,2.9811387062072754,2.9811387062072754
20190410_sample_10,CT,2.236876929863256,2.2793970108032227,2.2793970108032227
20190411_sample_1,CT,2.018229166666666,2.3192877769470215,2.3192877769470215
20190411_sample_3,low quality,1.1122994652406408,1.6558738946914673,1.6558738946914673
20190411_sample_5,CT,1.3743243243243246,2.323070526123047,2.323070526123047
20190411_sample_6,Pvalb,1.150617283950618,1.048825740814209,1.048825740814209
20190411_sample_8,CT,1.4071100917431183,2.5476551055908203,2.5476551055908203
20190412_sample_1,Pvalb,1.020289855072464,1.2727526426315308,1.2727526426315308
20190412_sample_3,IT,4.515021459227471,2.5498571395874023,2.5498571395874023
20190412_sample_6,Pvalb,1.2773109243697467,1.2722963094711304,1.2722963094711304
20190415_sample_1,Pvalb,1.4203539823008844,0.7538371086120605,0.7538371086120605
20190415_sample_3,CT,1.364810330912026,2.463594913482666,2.463594913482666
20190415_sample_4,IT,3.0471841704718425,2.651806592941284,2.651806592941284
20190415_sample_6,CT,1.517126148705096,2.4557576179504395,2.4557576179504395
20190415_sample_8,Sst,1.416167664670659,1.4066131114959717,1.4066131114959717
20190415_sample_10,IT,2.9927360774818395,2.9711532592773438,2.9711532592773438
20190416_sample_3,CT,1.4797297297297305,2.662285327911377,2.662285327911377
20190416_sample_4,Pvalb,1.2271186440677957,1.2955870628356934,1.2955870628356934
20190416_sample_5,Sst,1.3606557377049164,1.4686304330825806,1.4686304330825806
20190416_sample_6,IT,2.774647887323942,2.8478925228118896,2.8478925228118896
20190416_sample_7,Sncg,1.2794561933534738,1.3562264442443848,1.3562264442443848
20190416_sample_8,Pvalb,1.1804733727810637,0.8450841307640076,0.8450841307640076
20190416_sample_9,IT,1.6785714285714266,2.9978795051574707,2.9978795051574707
20190416_sample_10,CT,1.5134865134865136,1.9643185138702393,1.9643185138702393
20190417_sample_2,CT,1.390264730999146,2.195406198501587,2.195406198501587
20190417_sample_3,CT,1.0172143974960874,1.8024386167526245,1.8024386167526245
20190417_sample_4,Sst,1.4322250639386178,1.1740455627441406,1.1740455627441406
20190417_sample_5,Sst,1.0794824399260614,1.4534683227539062,1.4534683227539062
20190417_sample_9,CT,1.4949874686716786,2.360572338104248,2.360572338104248
20190417_sample_10,Sst,1.212461695607763,1.587075114250183,1.587075114250183
20190418_sample_2,Sst,1.2443324937027709,1.9630749225616455,1.9630749225616455
20190418_sample_4,CT,1.750680457267283,2.6045784950256348,2.6045784950256348
20190418_sample_5,IT,3.6425781250000018,2.9858100414276123,2.9858100414276123
20190418_sample_7,CT,1.361483820047356,2.23006534576416,2.23006534576416
20190418_sample_8,Pvalb,1.2971576227390196,1.4456428289413452,1.4456428289413452
20190418_sample_9,CT,1.1860276198212836,1.8104724884033203,1.8104724884033203
20190418_sample_10,CT,1.493237150586113,2.0020651817321777,2.0020651817321777
20190422_sample_1,Pvalb,1.4645390070921993,1.4805843830108643,1.4805843830108643
20190422_sample_4,Pvalb,1.2244897959183676,1.6876760721206665,1.6876760721206665
20190422_sample_5,Pvalb,1.099358974358975,1.3294367790222168,1.3294367790222168
20190422_sample_6,CT,1.3432754880694144,2.861626625061035,2.861626625061035
20190422_sample_7,IT,1.497109826589595,2.671224594116211,2.671224594116211
20190422_sample_8,Pvalb,0.9736070381231692,1.1319105625152588,1.1319105625152588
20190422_sample_10,CT,1.368905243790248,2.3160400390625,2.3160400390625
20190423_sample_1,IT,4.425714285714281,2.881471633911133,2.881471633911133
20190423_sample_3,CT,1.5687573042462015,2.031078577041626,2.031078577041626
20190423_sample_5,CT,1.2564841498559072,2.1212451457977295,2.1212451457977295
20190423_sample_7,CT,1.4095238095238094,2.6383280754089355,2.6383280754089355
20190423_sample_8,Pvalb,1.022222222222222,1.6755359172821045,1.6755359172821045
20190423_sample_10,Pvalb,1.2380952380952392,1.1956318616867065,1.1956318616867065
20190424_sample_1,CT,1.4412153236459713,2.6309597492218018,2.6309597492218018
20190424_sample_2,Pvalb,1.1883333333333344,1.1120786666870117,1.1120786666870117
20190424_sample_3,CT,1.4075875486381326,2.701618194580078,2.701618194580078
20190424_sample_4,CT,1.708053691275167,2.6478562355041504,2.6478562355041504
20190424_sample_5,CT,1.4402515723270437,2.205604314804077,2.205604314804077
20190424_sample_6,IT,11.42814371257484,2.9003944396972656,2.9003944396972656
20190424_sample_7,Lamp5,2.1269776876267747,1.0178402662277222,1.0178402662277222
20190425_sample_1,IT,5.177419354838709,3.0067286491394043,3.0067286491394043
20190425_sample_4,Lamp5,1.5827250608272496,1.1175094842910767,1.1175094842910767
20190425_sample_6,Sst,1.0381282495667228,1.4364986419677734,1.4364986419677734
20190425_sample_7,IT,5.735408560311287,2.5413122177124023,2.5413122177124023
20190425_sample_8,CT,1.9264,2.655280113220215,2.655280113220215
20190425_sample_9,CT,1.374306839186692,2.313009262084961,2.313009262084961
20190425_sample_12,CT,1.7019464720194646,2.4225564002990723,2.4225564002990723
20190425_sample_13,CT,1.3501945525291832,2.946312189102173,2.946312189102173
20190425_sample_14,CT,1.3964143426294824,2.4241538047790527,2.4241538047790527
20190425_sample_16,IT,3.3507692307692363,2.935413360595703,2.935413360595703
20190429_sample_1,Pvalb,1.1871657754010712,1.3664135932922363,1.3664135932922363
20190429_sample_4,Pvalb,1.1277173913043472,1.3488335609436035,1.3488335609436035
20190429_sample_5,Pvalb,1.096551724137932,1.5582106113433838,1.5582106113433838
20190429_sample_6,Pvalb,1.0201149425287348,1.335569143295288,1.335569143295288
20190429_sample_7,CT,2.210735586481113,2.84414005279541,2.84414005279541
20190430_sample_1,Vip,1.0112044817927175,1.3519476652145386,1.3519476652145386
20190430_sample_3,Vip,1.2488262910798102,1.5334031581878662,1.5334031581878662
20190430_sample_4,Vip,2.7844311377245474,1.4959553480148315,1.4959553480148315
20190430_sample_5,Vip,1.7440273037542662,1.4652620553970337,1.4652620553970337
20190430_sample_6,Vip,1.363414634146343,1.585023283958435,1.585023283958435
20190430_sample_7,IT,1.8135593220338928,3.0525314807891846,3.0525314807891846
20190430_sample_8,Vip,1.2661955241460543,1.9632400274276733,1.9632400274276733
20190430_sample_9,IT,1.844121532364597,3.013843059539795,3.013843059539795
20190430_sample_10,IT,1.6866096866096874,3.0974888801574707,3.0974888801574707
20190501_sample_1,Vip,1.128279883381923,1.4601088762283325,1.4601088762283325
20190501_sample_3,Vip,1.3264014466546117,1.7318482398986816,1.7318482398986816
20190501_sample_4,Vip,1.2060810810810796,1.3443613052368164,1.3443613052368164
20190501_sample_5,CT,1.6835978835978835,2.647772789001465,2.647772789001465
20190501_sample_6,Vip,2.032258064516129,1.5093368291854858,1.5093368291854858
20190501_sample_7,Pvalb,1.1849056603773576,1.4453465938568115,1.4453465938568115
20190501_sample_8,Vip,1.5369406867845998,1.3980809450149536,1.3980809450149536
20190501_sample_9,Pvalb,1.2023809523809523,0.8434352874755859,0.8434352874755859
20190501_sample_11,Pvalb,1.0418848167539267,1.2202165126800537,1.2202165126800537
20190501_sample_12,IT,16.201877934272304,2.816457986831665,2.816457986831665
20190501_sample_14,Pvalb,1.0433070866141745,1.1938765048980713,1.1938765048980713
20190503_sample_1,Vip,1.6030534351145065,1.3586914539337158,1.3586914539337158
20190503_sample_3,Vip,1.304347826086957,1.5576494932174683,1.5576494932174683
20190506_sample_1,Vip,1.1576354679802945,1.2665257453918457,1.2665257453918457
20190506_sample_2,Vip,1.3317972350230396,1.4753422737121582,1.4753422737121582
20190506_sample_3,Vip,1.348360655737708,1.6331650018692017,1.6331650018692017
20190506_sample_4,CT,1.6011004126547457,2.3124241828918457,2.3124241828918457
20190506_sample_5,Vip,2.3604060913705536,1.3729684352874756,1.3729684352874756
20190506_sample_6,CT,1.6784140969163004,2.2620060443878174,2.2620060443878174
20190506_sample_7,Vip,1.0441558441558432,1.3490568399429321,1.3490568399429321
20190507_sample_2,Vip,0.924403183023873,1.4462006092071533,1.4462006092071533
20190507_sample_3,CT,1.687752355316285,2.246695041656494,2.246695041656494
20190507_sample_4,Vip,1.5242718446601933,1.4134960174560547,1.4134960174560547
20190507_sample_5,Vip,1.4444444444444446,1.2153713703155518,1.2153713703155518
20190507_sample_6,Vip,1.4599156118143448,1.2258415222167969,1.2258415222167969
20190508_sample_1,Lamp5,1.643818849449204,1.573606252670288,1.573606252670288
20190508_sample_2,Sst,0.98407960199005,1.4658854007720947,1.4658854007720947
20190508_sample_3,Lamp5,1.2058562555456962,1.3543812036514282,1.3543812036514282
20190508_sample_4,Sst,1.5678756476683926,1.7484586238861084,1.7484586238861084
20190508_sample_5,low quality,1.299058084772371,1.7523136138916016,1.7523136138916016
20190508_sample_6,Pvalb,1.3211267605633807,1.3949049711227417,1.3949049711227417
20190508_sample_7,Sst,1.4485714285714302,1.7198593616485596,1.7198593616485596
20190509_sample_2,Vip,2.2195121951219523,1.5863722562789917,1.5863722562789917
20190509_sample_3,Lamp5,1.3374485596707812,1.860543966293335,1.860543966293335
20190509_sample_4,Vip,1.241982507288631,1.5311309099197388,1.5311309099197388
20190509_sample_5,Lamp5,1.6036866359446975,1.3345768451690674,1.3345768451690674
20190509_sample_9,Vip,5.024999999999997,1.709730625152588,1.709730625152588
20190513_sample_1,Lamp5,1.4585987261146514,1.7019073963165283,1.7019073963165283
20190513_sample_2,Vip,2.450495049504949,1.5198907852172852,1.5198907852172852
20190513_sample_3,Vip,1.6388888888888853,1.5237739086151123,1.5237739086151123
20190513_sample_4,Vip,1.3282051282051273,1.3874287605285645,1.3874287605285645
20190513_sample_5,Lamp5,7.674285714285708,1.2103643417358398,1.2103643417358398
20190514_sample_2,Pvalb,1.201754385964914,0.967686653137207,0.967686653137207
20190514_sample_4,Lamp5,0.7731290512669415,1.4414454698562622,1.4414454698562622
20190514_sample_7,Lamp5,1.4189044038668108,1.3845959901809692,1.3845959901809692
20190514_sample_8,Pvalb,1.1595330739299614,1.0794446468353271,1.0794446468353271
20190515_sample_1,Lamp5,1.0587102983638117,1.3477716445922852,1.3477716445922852
20190515_sample_2,low quality,1.0638297872340408,1.5570555925369263,1.5570555925369263
20190515_sample_3,low quality,1.9102209944751385,2.220806121826172,2.220806121826172
20190515_sample_4,Vip,1.213080168776374,1.497316837310791,1.497316837310791
20190515_sample_5,Lamp5,1.5628517823639765,1.3418383598327637,1.3418383598327637
20190515_sample_6,Vip,1.1735849056603782,1.4713239669799805,1.4713239669799805
20190515_sample_7,Lamp5,1.945035460992908,1.3302040100097656,1.3302040100097656
20190515_sample_8,Vip,1.5215311004784713,2.1014299392700195,2.1014299392700195
20190515_sample_9,Lamp5,2.5450928381962865,1.5556752681732178,1.5556752681732178
20190515_sample_10,Vip,1.1145728643216082,2.2783079147338867,2.2783079147338867
20190515_sample_11,Lamp5,1.833922261484099,1.3230364322662354,1.3230364322662354
20190515_sample_12,Vip,1.2710526315789472,1.537039041519165,1.537039041519165
20190515_sample_13,Vip,1.328467153284672,1.378767490386963,1.378767490386963
20190515_sample_14,Vip,1.405109489051095,1.502061367034912,1.502061367034912
20190515_sample_15,Lamp5,1.318614718614718,1.3239288330078125,1.3239288330078125
20190516_sample_2,Sst,1.3176638176638182,1.562614917755127,1.562614917755127
20190516_sample_3,Lamp5,1.5973597359735998,1.4165692329406738,1.4165692329406738
20190516_sample_4,Sst,1.6924603174603157,1.534733772277832,1.534733772277832
20190516_sample_5,Lamp5,1.4208242950108452,1.3037623167037964,1.3037623167037964
20190516_sample_6,Sst,1.046448087431694,1.654592514038086,1.654592514038086
20190522_sample_1,Lamp5,3.3782383419689106,1.3179422616958618,1.3179422616958618
20190528_sample_2,Vip,1.864864864864864,1.4575097560882568,1.4575097560882568
20190528_sample_4,Vip,1.1928934010152277,1.1780543327331543,1.1780543327331543
20190528_sample_6,Vip,1.617541337167506,1.4331047534942627,1.4331047534942627
20190528_sample_7,Lamp5,2.6728971962616823,1.7156038284301758,1.7156038284301758
20190528_sample_8,Vip,1.225108225108225,1.3719679117202759,1.3719679117202759
20190528_sample_9,Vip,1.5620472120472115,1.4097607135772705,1.4097607135772705
20190529_sample_2,Vip,1.5511111111111098,1.9344367980957031,1.9344367980957031
20190529_sample_3,Sncg,1.7396298659859604,1.6543960571289062,1.6543960571289062
20190529_sample_6,Vip,1.1799485861182517,1.3077778816223145,1.3077778816223145
20190603_sample_1,Lamp5,1.2104712041884813,1.4734443426132202,1.4734443426132202
20190603_sample_2,Vip,1.7185929648241232,1.5742270946502686,1.5742270946502686
20190603_sample_3,Vip,1.2499999999999991,1.7263903617858887,1.7263903617858887
20190603_sample_4,Vip,1.2534246575342485,1.4682660102844238,1.4682660102844238
20190603_sample_5,Lamp5,1.4537142857142855,1.3311227560043335,1.3311227560043335
20190603_sample_6,Lamp5,2.389873417721517,1.3562426567077637,1.3562426567077637
20190603_sample_7,Lamp5,1.115508285926292,1.3149874210357666,1.3149874210357666
20190603_sample_9,Sncg,1.5055762081784372,1.207716941833496,1.207716941833496
20190603_sample_10,Vip,1.3333333333333326,1.775575041770935,1.775575041770935
20190604_sample_2,Pvalb,1.0934065934065924,1.2807714939117432,1.2807714939117432
20190604_sample_4,Lamp5,1.5252525252525249,1.342334508895874,1.342334508895874
20190604_sample_6,Lamp5,1.0811541929666364,1.3351658582687378,1.3351658582687378
20190604_sample_8,Pvalb,1.111111111111111,1.3114134073257446,1.3114134073257446
20190604_sample_12,IT,2.659836065573768,2.924376964569092,2.924376964569092
20190605_sample_1,low quality,1.8934426229508188,1.8658658266067505,1.8658658266067505
20190605_sample_2,Vip,1.2425307557117768,1.5236185789108276,1.5236185789108276
20190605_sample_4,Vip,1.494163424124512,1.4898473024368286,1.4898473024368286
20190605_sample_5,Lamp5,1.4444444444444449,1.1343119144439697,1.1343119144439697
20190605_sample_6,Vip,1.2282229965156792,1.4855226278305054,1.4855226278305054
20190606_sample_1,Pvalb,1.2979452054794518,1.3569698333740234,1.3569698333740234
20190606_sample_2,Pvalb,1.116477272727271,1.0881445407867432,1.0881445407867432
20190606_sample_3,Pvalb,1.2357414448669226,1.785193920135498,1.785193920135498
20190606_sample_5,Pvalb,1.43347847121432,1.4317699670791626,1.4317699670791626
20190606_sample_6,IT,2.315529622980252,3.375735282897949,3.375735282897949
20190606_sample_7,low quality,1.3797468354430351,1.1546156406402588,1.1546156406402588
20190606_sample_9,Sst,1.2481617647058838,1.1744163036346436,1.1744163036346436
20190607_sample_2,Sst,1.2384937238493738,1.3336896896362305,1.3336896896362305
20190607_sample_3,Lamp5,1.3657927590511854,1.40277099609375,1.40277099609375
20190607_sample_5,low quality,1.1906693711967544,1.9109941720962524,1.9109941720962524
20190610_sample_1,Sst,1.0513888888888887,1.3199424743652344,1.3199424743652344
20190610_sample_2,Pvalb,1.3257575757575786,1.1789987087249756,1.1789987087249756
20190610_sample_3,Lamp5,1.1571709233791767,1.2715274095535278,1.2715274095535278
20190610_sample_4,Pvalb,1.548812664907651,1.1742106676101685,1.1742106676101685
20190610_sample_5,low quality,1.3398268398268367,1.9869160652160645,1.9869160652160645
20190610_sample_7,low quality,1.3144963144963144,1.7095961570739746,1.7095961570739746
20190610_sample_8,Pvalb,1.17325800376648,1.4666202068328857,1.4666202068328857
20190610_sample_9,Lamp5,1.0998168498168497,1.5721864700317383,1.5721864700317383
20190610_sample_10,Pvalb,1.22553191489362,1.67711341381073,1.67711341381073
20190610_sample_12,Pvalb,1.3503937007873976,1.1664329767227173,1.1664329767227173
20190610_sample_16,Lamp5,1.5637982195845692,1.3186047077178955,1.3186047077178955
20190610_sample_18,Vip,1.3076923076923053,1.4800679683685303,1.4800679683685303
20190611_sample_1,IT,2.9354838709677384,2.3242499828338623,2.3242499828338623
20190611_sample_3,Lamp5,1.4847222222222216,1.3277443647384644,1.3277443647384644
20190611_sample_4,Sst,1.1517128874388245,1.341766357421875,1.341766357421875
20190611_sample_5,low quality,1.50763358778626,2.194028854370117,2.194028854370117
20190611_sample_7,Lamp5,1.384615384615385,1.3966765403747559,1.3966765403747559
20190611_sample_8,Sst,1.506596306068601,1.6884639263153076,1.6884639263153076
20190611_sample_10,Sst,1.3606965174129362,1.041455864906311,1.041455864906311
20190611_sample_11,IT,1.0839694656488554,1.4952294826507568,1.4952294826507568
20190611_sample_14,Sncg,1.178947368421054,1.5293723344802856,1.5293723344802856
20190611_sample_15,Lamp5,1.657308809293321,1.33145010471344,1.33145010471344
20190612_sample_1,Lamp5,1.3081395348837213,1.361431360244751,1.361431360244751
20190612_sample_2,Pvalb,1.4809523809523792,1.2462470531463623,1.2462470531463623
20190612_sample_4,Vip,1.8350515463917496,1.4469811916351318,1.4469811916351318
20190612_sample_6,Pvalb,1.3852140077821031,1.3141958713531494,1.3141958713531494
20190612_sample_7,Lamp5,1.2672974571259603,1.2048590183258057,1.2048590183258057
20190612_sample_8,Lamp5,1.483419307295505,1.0576213598251343,1.0576213598251343
20190613_sample_2,Sst,1.1569148936170213,1.558842658996582,1.558842658996582
20190613_sample_3,Sst,1.2678571428571406,1.3577159643173218,1.3577159643173218
20190613_sample_4,Sst,1.1551246537396127,1.4195282459259033,1.4195282459259033
20190613_sample_6,Pvalb,1.0686695278969964,1.4211926460266113,1.4211926460266113
20190613_sample_7,Sst,1.0431472081218274,1.282467007637024,1.282467007637024
20190613_sample_8,Pvalb,1.057291666666666,1.0670909881591797,1.0670909881591797
20190613_sample_9,Sst,1.5381231671554243,1.7580715417861938,1.7580715417861938
20190613_sample_10,Sst,1.5288753799392107,1.2403538227081299,1.2403538227081299
20190614_sample_2,Vip,1.342372881355933,1.4939734935760498,1.4939734935760498
20190614_sample_3,Lamp5,1.395505617977528,1.4189367294311523,1.4189367294311523
20190614_sample_4,Vip,1.818750000000005,1.646316647529602,1.646316647529602
20190614_sample_6,Vip,1.4559386973180108,1.5621516704559326,1.5621516704559326
20190614_sample_8,Vip,1.2547169811320746,1.8647897243499756,1.8647897243499756
20190617_sample_1,Lamp5,1.2731607629427797,1.8512611389160156,1.8512611389160156
20190617_sample_2,CT,1.5043554006968636,2.8546929359436035,2.8546929359436035
20190617_sample_3,Sst,1.2560240963855411,1.495851755142212,1.495851755142212
20190617_sample_4,Sst,1.0974808324205914,1.3315863609313965,1.3315863609313965
20190617_sample_5,Sncg,1.5684210526315816,1.4471153020858765,1.4471153020858765
20190617_sample_6,Sst,1.378172588832487,1.6653738021850586,1.6653738021850586
20190618_sample_1,low quality,1.5663366336633668,1.7388445138931274,1.7388445138931274
20190618_sample_2,Vip,1.5779467680608388,1.571075201034546,1.571075201034546
20190618_sample_4,Vip,1.429640718562875,1.5603718757629395,1.5603718757629395
20190618_sample_5,Vip,1.7773109243697482,1.5658011436462402,1.5658011436462402
20190618_sample_7,Lamp5,1.5113636363636356,1.0660951137542725,1.0660951137542725
20190618_sample_8,Lamp5,2.3431372549019605,1.387584924697876,1.387584924697876
20190619_sample_1,Lamp5,1.6762661370407146,1.5843578577041626,1.5843578577041626
20190619_sample_3,Pvalb,1.2823834196891173,1.1151809692382812,1.1151809692382812
20190619_sample_4,Pvalb,1.4214876033057833,2.0540006160736084,2.0540006160736084
20190619_sample_5,Pvalb,0.9504748982360922,1.0508774518966675,1.0508774518966675
20190619_sample_6,Lamp5,1.6480075901328282,1.3186652660369873,1.3186652660369873
20190620_sample_1,Lamp5,1.163870967741936,1.3119244575500488,1.3119244575500488
20190620_sample_2,Sst,1.2923832923832923,1.301305890083313,1.301305890083313
20190620_sample_5,Sst,1.2264984227129334,1.4387339353561401,1.4387339353561401
20190620_sample_6,Sst,1.1432664756446993,1.5284929275512695,1.5284929275512695
20190620_sample_8,Pvalb,1.1683168316831682,1.5047821998596191,1.5047821998596191
20190624_sample_1,Sst,1.2604166666666656,1.3898365497589111,1.3898365497589111
20190624_sample_2,Sst,1.460835509138381,1.7821605205535889,1.7821605205535889
20190624_sample_3,Sst,1.052486187845305,1.706771969795227,1.706771969795227
20190624_sample_4,Pvalb,1.1676082862523551,1.225373387336731,1.225373387336731
20190624_sample_5,Sst,1.1576576576576565,1.4372143745422363,1.4372143745422363
20190624_sample_6,Sst,1.3316062176165795,1.3674014806747437,1.3674014806747437
20190625_sample_1,Vip,1.7734939759036137,1.688159465789795,1.688159465789795
20190625_sample_2,low quality,1.7044943820224725,1.8177433013916016,1.8177433013916016
20190625_sample_3,Vip,1.081433224755698,1.756943702697754,1.756943702697754
20190625_sample_4,Vip,1.5264423076923048,1.4297325611114502,1.4297325611114502
20190625_sample_5,Vip,1.4238410596026476,1.6231213808059692,1.6231213808059692
20190625_sample_6,Lamp5,1.4140625000000002,1.3519504070281982,1.3519504070281982
20190625_sample_7,Vip,1.304347826086954,1.5926339626312256,1.5926339626312256
20190625_sample_8,Vip,1.3717277486910984,1.5897507667541504,1.5897507667541504
20190625_sample_10,Vip,0.9971537001897536,1.4027750492095947,1.4027750492095947
20190625_sample_11,Vip,1.4448979591836737,1.4536933898925781,1.4536933898925781
20190625_sample_12,Vip,1.6752577319587638,1.7027744054794312,1.7027744054794312
20190625_sample_13,Vip,4.146666666666663,1.386865258216858,1.386865258216858
20190626_sample_1,Vip,2.038793103448274,1.7011562585830688,1.7011562585830688
20190626_sample_4,low quality,1.234251968503938,1.831413984298706,1.831413984298706
20190626_sample_5,Vip,1.6623376623376624,1.5095405578613281,1.5095405578613281
20190627_sample_1,CT,1.2534113060428855,2.2303123474121094,2.2303123474121094
20190627_sample_2,Lamp5,1.6918918918918913,1.176246166229248,1.176246166229248
20190627_sample_4,NP,1.1608391608391615,1.9069678783416748,1.9069678783416748
20190627_sample_6,Pvalb,1.2132701421800942,1.2044305801391602,1.2044305801391602
20190627_sample_8,IT,2.5807770961145198,2.6854186058044434,2.6854186058044434
20190628_sample_1,Sst,1.3991323210412132,1.7050913572311401,1.7050913572311401
20190628_sample_2,Pvalb,1.509146341463411,1.3661012649536133,1.3661012649536133
20190628_sample_3,Sst,1.2008928571428583,1.6546568870544434,1.6546568870544434
20190628_sample_4,Sst,1.3115107913669064,1.5335755348205566,1.5335755348205566
20190628_sample_5,Sst,1.2544802867383509,1.8452396392822266,1.8452396392822266
20190628_sample_6,Pvalb,1.2018348623853212,1.348358154296875,1.348358154296875
20190628_sample_7,Sst,1.4423717521652235,1.4769190549850464,1.4769190549850464
20190703_sample_1,Pvalb,1.1241379310344826,1.3070659637451172,1.3070659637451172
20190703_sample_2,Pvalb,1.1964735516372784,1.2874641418457031,1.2874641418457031
20190703_sample_3,Pvalb,1.0416253716551052,1.6799697875976562,1.6799697875976562
20190703_sample_5,Pvalb,1.1292134831460692,1.4796106815338135,1.4796106815338135
20190703_sample_6,Pvalb,1.3185840707964611,1.4571272134780884,1.4571272134780884
20190703_sample_8,Pvalb,1.0906801007556672,1.4167782068252563,1.4167782068252563
20190703_sample_10,Pvalb,1.0791666666666664,0.8447039127349854,0.8447039127349854
20190703_sample_12,Pvalb,1.0302375809935216,1.1320247650146484,1.1320247650146484
20190703_sample_13,Sst,0.6248062015503874,1.5807304382324219,1.5807304382324219
20190703_sample_14,low quality,1.4907063197026058,1.9702202081680298,1.9702202081680298
20190703_sample_15,Sst,1.5921568627450997,1.4051687717437744,1.4051687717437744
20190704_sample_2,Sst,1.2279293739967905,1.7400102615356445,1.7400102615356445
20190704_sample_12,Vip,1.8190127970749532,1.5999891757965088,1.5999891757965088
20190704_sample_14,Vip,1.0858725761772847,1.478518009185791,1.478518009185791
20190705_sample_1,Vip,1.353413654618475,1.5903706550598145,1.5903706550598145
20190705_sample_3,Vip,1.4881355932203395,1.6363499164581299,1.6363499164581299
20190705_sample_4,Vip,1.5357142857142825,1.6031570434570312,1.6031570434570312
20190705_sample_5,Vip,3.1710526315789527,1.619122862815857,1.619122862815857
20190705_sample_9,Vip,1.5758564437194131,1.7529734373092651,1.7529734373092651
20190708_sample_3,low quality,1.1543624161073858,2.0857768058776855,2.0857768058776855
20190708_sample_4,Pvalb,1.1178247734138966,1.3238961696624756,1.3238961696624756
20190708_sample_6,Vip,1.7740112994350312,1.6552515029907227,1.6552515029907227
20190708_sample_7,Vip,1.0918367346938789,1.7755982875823975,1.7755982875823975
20190708_sample_8,IT,1.772329246935201,3.123905897140503,3.123905897140503
20190708_sample_12,Vip,1.3737373737373726,1.7210803031921387,1.7210803031921387
20190709_sample_1,Vip,1.554092191909689,1.6891759634017944,1.6891759634017944
20190709_sample_2,Vip,1.5573248407643343,1.8656874895095825,1.8656874895095825
20190709_sample_3,Vip,1.5431309904153354,1.6049935817718506,1.6049935817718506
20190709_sample_8,Sncg,1.671875000000001,1.54845130443573,1.54845130443573
20190709_sample_10,Vip,1.6857142857142862,1.639865517616272,1.639865517616272
20190709_sample_11,Vip,1.0661938534278956,1.7004326581954956,1.7004326581954956
20190709_sample_12,Vip,1.2020997375328093,1.5581305027008057,1.5581305027008057
20190709_sample_13,Vip,1.2440476190476173,1.6503381729125977,1.6503381729125977
20190709_sample_14,Vip,1.292592592592592,1.5302605628967285,1.5302605628967285
20190710_sample_3,Sst,1.171189979123172,1.7051516771316528,1.7051516771316528
20190710_sample_4,Sst,1.1943319838056663,1.6297518014907837,1.6297518014907837
20190710_sample_5,Sst,1.1158088235294137,1.3209292888641357,1.3209292888641357
20190710_sample_6,Sst,1.4285714285714304,1.3684141635894775,1.3684141635894775
20190710_sample_8,Vip,1.1611721611721622,1.6339571475982666,1.6339571475982666
20190710_sample_10,Vip,1.0462427745664742,1.6166671514511108,1.6166671514511108
20190712_sample_1,CT,1.3762962962962966,2.9591665267944336,2.9591665267944336
20190712_sample_3,Sst,1.2356164383561632,1.2787139415740967,1.2787139415740967
20190712_sample_4,low quality,1.2005813953488382,2.033247947692871,2.033247947692871
20190712_sample_5,Lamp5,2.0331384015594547,1.023355484008789,1.023355484008789
20190712_sample_6,Lamp5,1.2277353689567434,1.7222741842269897,1.7222741842269897
20190712_sample_7,Lamp5,1.8377777777777773,1.1502480506896973,1.1502480506896973
20190715_sample_1,Lamp5,1.489254108723135,1.2922139167785645,1.2922139167785645
20190715_sample_4,Lamp5,1.2674581005586592,1.2934024333953857,1.2934024333953857
20190715_sample_5,Vip,1.2123893805309722,1.4477834701538086,1.4477834701538086
20190715_sample_6,Lamp5,1.71047227926078,1.1905910968780518,1.1905910968780518
20190715_sample_7,Vip,0.910739191073918,1.3319191932678223,1.3319191932678223
20190715_sample_8,Lamp5,1.4089609151572924,1.1056957244873047,1.1056957244873047
20190715_sample_9,Vip,1.5298804780876516,1.4499835968017578,1.4499835968017578
20190715_sample_10,Sncg,1.6490963855421696,1.638329029083252,1.638329029083252
20190715_sample_11,Lamp5,1.3088635127786834,1.148436188697815,1.148436188697815
20190716_sample_1,low quality,1.1538461538461524,1.7399266958236694,1.7399266958236694
20190716_sample_3,Sst,1.5922844175491675,1.5773589611053467,1.5773589611053467
20190716_sample_5,Sst,1.1952662721893492,1.1836113929748535,1.1836113929748535
20190716_sample_7,Vip,1.5150501672240826,1.716827392578125,1.716827392578125
20190716_sample_8,Lamp5,1.6248962655601658,1.3474419116973877,1.3474419116973877
20190716_sample_9,Vip,1.5298507462686557,1.3453974723815918,1.3453974723815918
20190717_sample_1,Sst,1.251879699248119,1.6415581703186035,1.6415581703186035
20190717_sample_2,Sst,1.2620041753653437,1.6110754013061523,1.6110754013061523
20190717_sample_3,Sst,1.2440758293838878,1.6665699481964111,1.6665699481964111
20190718_sample_1,Vip,1.7163947163947155,1.1789929866790771,1.1789929866790771
20190718_sample_2,CT,1.0977653631284925,2.093350410461426,2.093350410461426
20190718_sample_3,CT,1.3506637168141586,2.1105449199676514,2.1105449199676514
20190718_sample_4,Vip,1.4759825327510934,1.661346673965454,1.661346673965454
20190718_sample_5,Vip,1.446194225721786,1.6082252264022827,1.6082252264022827
20190718_sample_6,Vip,1.3823529411764692,1.274734377861023,1.274734377861023
20190718_sample_7,Vip,2.7526427061310748,1.640342116355896,1.640342116355896
20190718_sample_8,Vip,1.7766497461928887,1.4798648357391357,1.4798648357391357
20190718_sample_9,Vip,1.1773255813953487,1.8485358953475952,1.8485358953475952
20190719_sample_1,CT,1.308333333333334,2.624443531036377,2.624443531036377
20190719_sample_2,IT,1.370165745856356,2.919581413269043,2.919581413269043
20190719_sample_4,IT,2.8829113924050667,2.7485830783843994,2.7485830783843994
20190719_sample_5,IT,2.1877394636015315,2.914368152618408,2.914368152618408
20190719_sample_6,IT,1.04565868263473,3.1615495681762695,3.1615495681762695
20190719_sample_9,IT,2.0580204778157034,2.8330488204956055,2.8330488204956055
20190719_sample_10,IT,1.3972257250945774,3.2149176597595215,3.2149176597595215
20190722_sample_1,CT,1.20617816091954,2.297197103500366,2.297197103500366
20190722_sample_6,CT,1.2068965517241377,2.6328229904174805,2.6328229904174805
20190722_sample_7,low quality,1.3389544688026982,1.9579461812973022,1.9579461812973022
20190722_sample_8,low quality,1.2212230215827338,1.900815725326538,1.900815725326538
20190724_sample_1,Vip,1.3662420382165592,1.8982832431793213,1.8982832431793213
20190724_sample_2,CT,1.4972477064220175,2.2829577922821045,2.2829577922821045
20190724_sample_4,Vip,1.283400809716597,1.5535304546356201,1.5535304546356201
20190724_sample_5,Vip,1.3285714285714263,1.3198492527008057,1.3198492527008057
20190724_sample_6,IT,1.5092592592592595,2.1049935817718506,2.1049935817718506
20190724_sample_9,Vip,1.2749003984063758,1.5357117652893066,1.5357117652893066
20190724_sample_10,Vip,1.3883299798792756,1.636370301246643,1.636370301246643
20190724_sample_12,Vip,1.4106666666666676,1.690571665763855,1.690571665763855
20190724_sample_16,low quality,1.336054421768708,2.1437788009643555,2.1437788009643555
20190725_sample_1,Vip,1.2952029520295183,1.4266325235366821,1.4266325235366821
20190725_sample_3,Vip,5.357512953367873,1.718623161315918,1.718623161315918
20190725_sample_4,Sst,1.1390820584144643,1.3891701698303223,1.3891701698303223
20190725_sample_5,CT,1.3955119214586251,2.392625570297241,2.392625570297241
20190725_sample_6,Vip,1.4561855670103074,1.6427825689315796,1.6427825689315796
20190725_sample_7,Vip,3.9144385026737982,1.6532526016235352,1.6532526016235352
20190725_sample_8,Vip,4.784810126582272,1.6950932741165161,1.6950932741165161
20190725_sample_9,Vip,1.3030303030303036,1.389505386352539,1.389505386352539
20190725_sample_10,low quality,1.0924369747899152,1.969510555267334,1.969510555267334
20190726_sample_1,Lamp5,1.5019498607242343,1.26754629611969,1.26754629611969
20190726_sample_2,Pvalb,1.269503546099291,1.2408936023712158,1.2408936023712158
20190726_sample_3,Lamp5,1.5275590551181109,1.2381038665771484,1.2381038665771484
20190726_sample_4,IT,1.8820754716981127,2.860765218734741,2.860765218734741
20190726_sample_5,Lamp5,1.9148580968280464,1.34499192237854,1.34499192237854
20190726_sample_6,Sst,1.1650165016501663,1.7871308326721191,1.7871308326721191
20190726_sample_7,Lamp5,1.4234234234234229,1.0374119281768799,1.0374119281768799
20190729_sample_2,Sst,1.5589887640449434,1.6653789281845093,1.6653789281845093
20190729_sample_3,Sst,1.3631961259079906,1.6626317501068115,1.6626317501068115
20190729_sample_5,Pvalb,1.2419753086419776,1.5838379859924316,1.5838379859924316
20190730_sample_1,Vip,1.0103448275862066,1.8510931730270386,1.8510931730270386
20190730_sample_2,Vip,1.3252032520325197,1.5150145292282104,1.5150145292282104
20190730_sample_5,Vip,1.0534759358288794,1.725062370300293,1.725062370300293
20190730_sample_6,Vip,1.2549019607843128,1.5773439407348633,1.5773439407348633
20190730_sample_7,Vip,2.049469964664309,1.6984246969223022,1.6984246969223022
20190730_sample_9,Lamp5,1.2563429571303582,1.461381196975708,1.461381196975708
20190731_sample_1,Pvalb,0.9757869249394676,1.1728997230529785,1.1728997230529785
20190731_sample_2,Lamp5,1.1293375394321767,1.5203825235366821,1.5203825235366821
20190731_sample_3,low quality,1.1793611793611802,2.20235276222229,2.20235276222229
20190731_sample_4,Vip,2.0163934426229484,1.4232280254364014,1.4232280254364014
20190731_sample_5,Pvalb,1.122840690978887,1.5919313430786133,1.5919313430786133
20190731_sample_6,low quality,1.251783893985729,2.1671483516693115,2.1671483516693115
20190731_sample_8,Pvalb,1.122840690978887,1.0997344255447388,1.0997344255447388
20190801_sample_1,IT,1.9158878504672867,3.0347371101379395,3.0347371101379395
20190801_sample_2,Sst,1.1963696369636958,1.326332926750183,1.326332926750183
20190801_sample_3,Sst,1.0588235294117632,1.3994888067245483,1.3994888067245483
20190801_sample_4,Sst,1.32666666666667,2.005739212036133,2.005739212036133
20190801_sample_7,Sst,0.9699499165275466,1.1464800834655762,1.1464800834655762
20190801_sample_8,low quality,1.412892696858425,2.1235406398773193,2.1235406398773193
20190820_sample_1,Sst,1.647164179104477,1.072709083557129,1.072709083557129
20190820_sample_2,CT,1.6227951153324296,2.512007474899292,2.512007474899292
20190820_sample_3,Pvalb,1.0517038777908354,1.779914140701294,1.779914140701294
20190820_sample_5,Sst,1.256410256410258,1.6670646667480469,1.6670646667480469
20190820_sample_6,CT,1.3459999999999996,3.134629726409912,3.134629726409912
20190821_sample_1,IT,3.527777777777779,2.6149964332580566,2.6149964332580566
20190821_sample_2,IT,1.3190476190476212,3.0508031845092773,3.0508031845092773
20190821_sample_3,CT,1.350194552529182,2.437488079071045,2.437488079071045
20190821_sample_4,IT,1.6358974358974363,3.1658105850219727,3.1658105850219727
20190821_sample_5,IT,3.77937649880096,2.8876795768737793,2.8876795768737793
20190821_sample_6,IT,10.022346368715104,3.0506277084350586,3.0506277084350586
20190821_sample_7,IT,1.3659793814433,3.0988893508911133,3.0988893508911133
20190823_sample_1,IT,9.252427184466022,3.362114429473877,3.362114429473877
20190823_sample_3,Pvalb,1.2467811158798296,1.5562909841537476,1.5562909841537476
20190823_sample_5,low quality,1.4450923226433432,2.2018063068389893,2.2018063068389893
20190823_sample_6,IT,1.711171662125336,2.828007698059082,2.828007698059082
20190823_sample_7,IT,1.3925619834710743,3.3497982025146484,3.3497982025146484
20190827_sample_1,Sst,1.116809116809115,1.6005635261535645,1.6005635261535645
20190827_sample_2,low quality,8.241525423728813,2.3486573696136475,2.3486573696136475
20190827_sample_3,Sst,1.5158371040723977,1.4045754671096802,1.4045754671096802
20190827_sample_4,Sst,1.51851851851852,1.6222801208496094,1.6222801208496094
20190827_sample_5,CT,6.624113475177297,2.3165969848632812,2.3165969848632812
20190827_sample_6,Sst,1.3693693693693678,1.7065362930297852,1.7065362930297852
20190827_sample_7,Pvalb,1.2581775700934583,1.3636764287948608,1.3636764287948608
20190827_sample_8,Sst,1.129129129129129,1.8194955587387085,1.8194955587387085
20190827_sample_9,Sst,1.272727272727273,1.4673212766647339,1.4673212766647339
20190828_sample_1,Vip,1.9023255813953512,1.555606484413147,1.555606484413147
20190828_sample_3,Vip,1.1450980392156858,1.6445643901824951,1.6445643901824951
20190828_sample_4,Vip,1.2377358490566015,1.6772072315216064,1.6772072315216064
20190828_sample_5,Vip,1.0516304347826104,1.9186902046203613,1.9186902046203613
20190828_sample_6,Vip,1.559259259259258,1.5659046173095703,1.5659046173095703
20190828_sample_7,Vip,1.348993288590601,1.2210047245025635,1.2210047245025635
20190829_sample_1,low quality,1.4102564102564097,2.1511292457580566,2.1511292457580566
20190829_sample_2,Lamp5,1.981790591805766,1.4548547267913818,1.4548547267913818
20190829_sample_3,IT,5.313479623824448,2.630211353302002,2.630211353302002
20190829_sample_4,Lamp5,1.5271966527196656,1.4605095386505127,1.4605095386505127
20190829_sample_6,Lamp5,1.981790591805766,1.9336107969284058,1.9336107969284058
20190829_sample_9,Pvalb,1.051470588235292,1.40395188331604,1.40395188331604
20190830_sample_1,IT,3.2959427207637173,3.0408246517181396,3.0408246517181396
20190830_sample_2,IT,1.3536121673003798,2.8229033946990967,2.8229033946990967
20190830_sample_3,low quality,5.897872340425536,2.83475661277771,2.83475661277771
20190830_sample_4,low quality,1.4022988505747125,1.772952675819397,1.772952675819397
20190830_sample_6,IT,2.9375000000000027,3.038076877593994,3.038076877593994
20190830_sample_8,IT,2.450413223140498,2.91011905670166,2.91011905670166
20190830_sample_9,NP,1.8730569948186533,2.292879343032837,2.292879343032837
20190904_sample_1,low quality,1.6568265682656813,1.792375922203064,1.792375922203064
20190904_sample_2,Vip,1.100000000000003,1.7643452882766724,1.7643452882766724
20190904_sample_3,Vip,1.4932735426008972,1.628422737121582,1.628422737121582
20190904_sample_4,Vip,1.2095238095238074,1.4800857305526733,1.4800857305526733
20190904_sample_5,Vip,1.095983086680761,1.6149203777313232,1.6149203777313232
20190904_sample_7,Vip,1.1790540540540535,1.7238349914550781,1.7238349914550781
20190905_sample_1,low quality,1.577422577422578,2.177877426147461,2.177877426147461
20190905_sample_3,Sst,1.223463687150837,1.3165953159332275,1.3165953159332275
20190906_sample_1,Lamp5,1.4933464760965995,1.3057880401611328,1.3057880401611328
20190906_sample_5,CT,1.3222506393861897,2.641005516052246,2.641005516052246
20190906_sample_6,Lamp5,1.497737556561085,1.5440583229064941,1.5440583229064941
20190910_sample_1,Lamp5,1.558069381598795,1.1054201126098633,1.1054201126098633
20190910_sample_2,Vip,2.3597589244320822,1.5067267417907715,1.5067267417907715
20190910_sample_3,Vip,1.8565737051792848,1.733765721321106,1.733765721321106
20190910_sample_4,Vip,1.4466666666666723,1.56038236618042,1.56038236618042
20190910_sample_6,Vip,2.627272727272727,1.5087710618972778,1.5087710618972778
20190911_sample_3,NP,1.2793650793650762,2.143507480621338,2.143507480621338
20190911_sample_4,IT,9.621908127208483,2.517284870147705,2.517284870147705
20190911_sample_6,low quality,11.10267857142854,1.7718169689178467,1.7718169689178467
20190911_sample_7,low quality,1.2731614135625595,2.2860283851623535,2.2860283851623535
20190911_sample_9,CT,1.1485765124555167,2.6756486892700195,2.6756486892700195
20190912_sample_1,CT,1.2359063313096263,2.4269351959228516,2.4269351959228516
20190912_sample_2,CT,1.254819782062028,2.5137248039245605,2.5137248039245605
20190912_sample_3,CT,1.331797235023041,2.5137312412261963,2.5137312412261963
20190912_sample_4,Lamp5,1.629446640316206,1.177580714225769,1.177580714225769
20190912_sample_6,NP,2.545611015490532,2.600045680999756,2.600045680999756
20190912_sample_8,CT,1.3491847826086956,2.1961019039154053,2.1961019039154053
20190912_sample_10,Pvalb,1.7924528301886795,1.3361485004425049,1.3361485004425049
20190917_sample_1,CT,1.2803445575567731,2.115504264831543,2.115504264831543
20190917_sample_2,Lamp5,1.3172881355932209,1.2215757369995117,1.2215757369995117
20190917_sample_3,IT,1.7854938271604954,2.3300399780273438,2.3300399780273438
20190919_sample_1,low quality,3.0697115384615348,2.025275468826294,2.025275468826294
20190919_sample_4,Lamp5,3.9283667621776464,1.1466221809387207,1.1466221809387207
20190919_sample_5,CT,1.1597374179431077,2.9684340953826904,2.9684340953826904
20190924_sample_1,Sst,1.3554603854389724,1.4180519580841064,1.4180519580841064
20190924_sample_2,Sst,1.30976430976431,1.7150157690048218,1.7150157690048218
20190924_sample_3,IT,1.403225806451613,3.0356645584106445,3.0356645584106445
20190924_sample_4,Sst,1.258358662613984,1.936956524848938,1.936956524848938
20190924_sample_5,Sst,1.117263843648207,1.5695267915725708,1.5695267915725708
20190924_sample_6,Sst,1.176308539944902,1.5778393745422363,1.5778393745422363
20190924_sample_7,Pvalb,0.947704081632653,1.3623733520507812,1.3623733520507812
20190924_sample_8,CT,1.117505995203837,2.4860892295837402,2.4860892295837402
20190925_sample_2,Pvalb,1.1230158730158737,1.3907947540283203,1.3907947540283203
20190925_sample_3,Sst,1.4705882352941169,1.6748182773590088,1.6748182773590088
20190925_sample_4,CT,1.2339449541284404,2.01444673538208,2.01444673538208
20190925_sample_5,Sst,1.1620437956204386,1.6176546812057495,1.6176546812057495
20190925_sample_6,Pvalb,1.128404669260702,1.371334195137024,1.371334195137024
20190925_sample_7,Sst,1.5095320623916813,1.429468035697937,1.429468035697937
20190926_sample_2,ET,11.457894736842114,2.5160529613494873,2.5160529613494873
20190926_sample_3,Sst,1.6470198675496692,1.8776147365570068,1.8776147365570068
20190926_sample_4,ET,2.0421052631578966,2.037778377532959,2.037778377532959
20190926_sample_5,Pvalb,1.1735537190082648,1.419002890586853,1.419002890586853
20190926_sample_6,Sst,1.0407766990291265,1.7104284763336182,1.7104284763336182
20190927_sample_1,IT,1.6519076778144133,2.603987455368042,2.603987455368042
20190927_sample_2,CT,1.4382889200561009,2.7562003135681152,2.7562003135681152
20190927_sample_3,Pvalb,1.2324324324324314,1.205561637878418,1.205561637878418
20190927_sample_4,IT,1.4959972154542287,2.946084499359131,2.946084499359131
20190927_sample_5,Pvalb,1.2833333333333334,1.361353874206543,1.361353874206543
20190927_sample_6,Vip,2.230283911671926,1.59878408908844,1.59878408908844
20190927_sample_7,CT,1.297849462365592,2.8177506923675537,2.8177506923675537
20191001_sample_1,Sst,1.327325864588407,1.3417326211929321,1.3417326211929321
20191001_sample_2,low quality,13.157068062827214,1.7484532594680786,1.7484532594680786
20191001_sample_3,Sst,1.1575875486381333,1.5082658529281616,1.5082658529281616
20191001_sample_4,Pvalb,1.1104100946372235,1.4251681566238403,1.4251681566238403
20191001_sample_5,Sst,1.2000000000000004,1.6245272159576416,1.6245272159576416
20191001_sample_6,Sst,1.250922509225093,1.4685286283493042,1.4685286283493042
20191003_sample_2,low quality,1.3287128712871292,1.9700042009353638,1.9700042009353638
20191003_sample_3,Sst,1.251908396946568,1.617183804512024,1.617183804512024
20191003_sample_4,Sst,1.1523341523341522,1.352337121963501,1.352337121963501
20191003_sample_5,Sst,1.1666666666666656,1.315962553024292,1.315962553024292
20191003_sample_6,CT,1.2442705422023477,2.009460210800171,2.009460210800171
20191010_sample_1,IT,6.2368421052631495,2.672879934310913,2.672879934310913
20191010_sample_2,Sst,1.2887931034482762,1.123948574066162,1.123948574066162
20191010_sample_3,IT,1.9198473282442767,2.888317108154297,2.888317108154297
20191010_sample_4,Pvalb,1.0050761421319796,1.3171433210372925,1.3171433210372925
20191010_sample_6,Pvalb,1.1040000000000014,1.1113653182983398,1.1113653182983398
20191010_sample_7,ET,1.5905511811023625,2.18161940574646,2.18161940574646
20191028_sample_1,Sst,1.5361842105263157,1.9228079319000244,1.9228079319000244
20191028_sample_2,Sst,1.0511508951406665,1.7835421562194824,1.7835421562194824
20191028_sample_3,Pvalb,1.092682926829268,1.702044129371643,1.702044129371643
20191028_sample_4,low quality,1.2659574468085106,1.9897674322128296,1.9897674322128296
20191028_sample_5,low quality,1.130434782608697,1.7219158411026,1.7219158411026
20191030_sample_2,Sst,1.2038980509745127,1.8017487525939941,1.8017487525939941
20191030_sample_3,ET,5.4110169491525415,2.509345054626465,2.509345054626465
20191030_sample_4,NP,1.3001912045889106,2.0414133071899414,2.0414133071899414
20191030_sample_5,Sst,1.11961057023644,1.3030767440795898,1.3030767440795898
20191101_sample_1,Lamp5,1.3524027459954229,1.2919394969940186,1.2919394969940186
20191101_sample_2,CT,1.4290260980267346,2.661672830581665,2.661672830581665
20191101_sample_3,Lamp5,2.0968749999999994,1.49466872215271,1.49466872215271
20191101_sample_4,CT,1.4100358422939063,2.6596803665161133,2.6596803665161133
20191101_sample_5,CT,1.3540955631399307,2.346574306488037,2.346574306488037
20191101_sample_6,CT,1.4701912260967387,2.387033700942993,2.387033700942993
20191104_sample_1,Sst,1.383795309168444,1.4248923063278198,1.4248923063278198
20191104_sample_2,Lamp5,1.407517309594462,1.5971342325210571,1.5971342325210571
20191104_sample_3,low quality,3.4688279301745606,1.4898006916046143,1.4898006916046143
20191104_sample_4,Pvalb,1.0338461538461543,1.3248367309570312,1.3248367309570312
20191105_sample_1,Pvalb,1.189376443418014,1.266798973083496,1.266798973083496
20191105_sample_2,IT,3.6139240506329178,2.3071770668029785,2.3071770668029785
20191105_sample_3,Sst,1.2732067510548524,1.7059977054595947,1.7059977054595947
20191105_sample_4,Pvalb,1.1397849462365597,1.5042245388031006,1.5042245388031006
20191105_sample_5,Sst,1.4357894736842092,0.9879289269447327,0.9879289269447327
20191106_sample_2,Lamp5,1.4222972972972974,1.3963818550109863,1.3963818550109863
20191106_sample_3,IT,5.985865724381626,2.66333270072937,2.66333270072937
20191106_sample_5,Lamp5,1.256681514476615,1.1844679117202759,1.1844679117202759
20191107_sample_1,low quality,1.9483352468427089,2.116631269454956,2.116631269454956
20191107_sample_2,Sst,1.3730569948186515,1.42179274559021,1.42179274559021
20191107_sample_3,Sst,1.096385542168674,1.4902323484420776,1.4902323484420776
20191107_sample_4,Sst,1.22093023255814,1.5345150232315063,1.5345150232315063
20191108_sample_1,CT,1.1764705882352935,1.9157520532608032,1.9157520532608032
20191108_sample_4,CT,1.5359999999999991,2.3174948692321777,2.3174948692321777
20191108_sample_5,IT,1.2159426402361877,3.2000794410705566,3.2000794410705566
20191114_sample_1,Lamp5,1.5781250000000009,1.5402990579605103,1.5402990579605103
20191114_sample_2,CT,1.2977346278317166,2.1043152809143066,2.1043152809143066
20191114_sample_3,IT,9.525423728813555,2.7171945571899414,2.7171945571899414
20191114_sample_4,Sst,1.4011235955056185,1.5505201816558838,1.5505201816558838
20191114_sample_5,low quality,10.96456692913386,2.0353877544403076,2.0353877544403076
20191114_sample_7,IT,1.7141148325358844,2.592029094696045,2.592029094696045
20191114_sample_8,IT,8.114678899082566,2.4961514472961426,2.4961514472961426
20191114_sample_9,ET,1.2698884758364315,2.035578966140747,2.035578966140747
20200106_sample_1,Lamp5,1.7573812580231063,0.9610112309455872,0.9610112309455872
20200106_sample_4,IT,4.959752321981418,2.745560646057129,2.745560646057129
20200106_sample_5,IT,1.4341085271317826,2.518665075302124,2.518665075302124
20200106_sample_6,IT,1.4709246901811244,2.8625245094299316,2.8625245094299316
20200225_sample_2,IT,1.4246376811594206,2.6423580646514893,2.6423580646514893
20200225_sample_5,Sncg,1.5378991919969218,1.0179635286331177,1.0179635286331177
20200316_sample_1,ET,1.4074784276126566,2.7518997192382812,2.7518997192382812
20200316_sample_2,low quality,1.3455162019593068,1.806697964668274,1.806697964668274
20200316_sample_3,Pvalb,1.4789915966386564,1.0185704231262207,1.0185704231262207
