cell_id,RNA_family,y_true,y_pred,y_pred_train_space
20171204_sample_2,ET,2.1483308042488622,2.2895801067352295,2.2895801067352295
20171204_sample_4,IT,1.1536373507057545,3.570631504058838,3.570631504058838
20171204_sample_5,IT,1.1927927927927928,3.147242784500122,3.147242784500122
20171204_sample_6,ET,2.312641937925813,4.059921741485596,4.059921741485596
20171207_sample_1,ET,19.17808219178083,2.8497707843780518,2.8497707843780518
20171207_sample_2,ET,35.18181818181806,2.8293910026550293,2.8293910026550293
20171207_sample_6,IT,1.2526205450733745,3.0538926124572754,3.0538926124572754
20171207_sample_7,IT,1.2757697456492647,3.3148889541625977,3.3148889541625977
20171219_sample_1,IT,1.898936170212767,3.1145381927490234,3.1145381927490234
20171219_sample_2,IT,1.93333333333333,5.2344512939453125,5.2344512939453125
20171219_sample_3,IT,2.0225733634311536,3.075464963912964,3.075464963912964
20171219_sample_4,ET,1.5906432748537984,1.6618553400039673,1.6618553400039673
20171219_sample_6,ET,0.8193916349809888,2.6004879474639893,2.6004879474639893
20171219_sample_7,IT,1.9456066945606676,3.0050716400146484,3.0050716400146484
20171219_sample_8,ET,1.601190476190474,2.1389341354370117,2.1389341354370117
20180102_sample_1,ET,0.7916666666666666,2.5902562141418457,2.5902562141418457
20180102_sample_2,IT,10.05263157894737,4.940047264099121,4.940047264099121
20180102_sample_3,ET,1.3754646840148692,3.8437142372131348,3.8437142372131348
20180102_sample_4,ET,3.642857142857141,3.735790729522705,3.735790729522705
20180102_sample_5,IT,1.3493862134088763,4.412074565887451,4.412074565887451
20180103_sample_1,ET,6.084033613445378,1.9970651865005493,1.9970651865005493
20180103_sample_2,ET,12.681372549019608,2.7792389392852783,2.7792389392852783
20180103_sample_3,ET,2.11809523809524,1.5471580028533936,1.5471580028533936
20180103_sample_4,low quality,1.4895374449339205,1.8384149074554443,1.8384149074554443
20180103_sample_5,IT,1.6840236686390535,2.703314781188965,2.703314781188965
20180103_sample_6,IT,1.5811455847255378,3.127767324447632,3.127767324447632
20180103_sample_7,IT,3.886363636363636,2.551985025405884,2.551985025405884
20180103_sample_8,IT,1.5418113812449907,2.903531789779663,2.903531789779663
20180104_sample_1,low quality,1.0616061606160614,2.271955966949463,2.271955966949463
20180104_sample_2,IT,1.4415584415584417,2.4326696395874023,2.4326696395874023
20180104_sample_3,IT,1.424242424242425,3.1156539916992188,3.1156539916992188
20180104_sample_4,low quality,1.6692307692307682,2.313678026199341,2.313678026199341
20180104_sample_6,ET,1.5750873108265424,2.0752527713775635,2.0752527713775635
20180105_sample_4,IT,2.25,3.298503875732422,3.298503875732422
20180105_sample_5,IT,2.196153846153848,2.6531741619110107,2.6531741619110107
20180105_sample_6,IT,2.973021582733816,3.0363969802856445,3.0363969802856445
20180108_sample_1,IT,3.998822143698466,2.9876770973205566,2.9876770973205566
20180108_sample_2,low quality,2.66027178257394,2.0375137329101562,2.0375137329101562
20180108_sample_3,IT,4.432065217391311,2.1470322608947754,2.1470322608947754
20180108_sample_4,ET,1.3310344827586216,1.9387476444244385,1.9387476444244385
20180108_sample_5,ET,5.743589743589744,3.8420963287353516,3.8420963287353516
20180108_sample_7,IT,9.007117437722423,2.6791417598724365,2.6791417598724365
20180108_sample_8,ET,7.652849740932637,2.3244528770446777,2.3244528770446777
20180108_sample_9,IT,2.232131147540984,2.9154367446899414,2.9154367446899414
20180108_sample_10,ET,1.4557315936626272,1.696102261543274,1.696102261543274
20180109_sample_1,IT,3.5120274914089418,2.7705979347229004,2.7705979347229004
20180109_sample_2,IT,1.2431818181818175,2.407947063446045,2.407947063446045
20180109_sample_5,IT,1.538606403013182,2.7481348514556885,2.7481348514556885
20180110_sample_1,IT,1.2223858615611196,3.056227684020996,3.056227684020996
20180110_sample_2,IT,1.2668965517241375,2.82045316696167,2.82045316696167
20180110_sample_3,IT,2.2331838565022384,2.7011914253234863,2.7011914253234863
20180110_sample_4,IT,1.18864774624374,2.212661027908325,2.212661027908325
20180110_sample_5,IT,1.523773584905661,2.9054367542266846,2.9054367542266846
20180110_sample_7,IT,1.3995381062355658,3.2992613315582275,3.2992613315582275
20180110_sample_8,ET,1.108695652173911,2.158386707305908,2.158386707305908
20180111_sample_5,IT,1.2836477987421382,2.1688599586486816,2.1688599586486816
20180115_sample_2,IT,1.867309117865085,2.4694597721099854,2.4694597721099854
20180115_sample_5,IT,1.3701015965166896,2.930004119873047,2.930004119873047
20180115_sample_6,low quality,23.163636363636343,2.1616830825805664,2.1616830825805664
20180115_sample_7,IT,19.839357429718884,3.2413759231567383,3.2413759231567383
20180115_sample_8,IT,2.3188010899182574,2.7430343627929688,2.7430343627929688
20180115_sample_9,IT,5.733333333333347,2.6808953285217285,2.6808953285217285
20180118_sample_1,IT,16.991935483870996,2.6021437644958496,2.6021437644958496
20180118_sample_2,IT,1.5508830950378472,2.769474506378174,2.769474506378174
20180118_sample_4,IT,1.3935837245696403,2.9118871688842773,2.9118871688842773
20180118_sample_6,IT,1.3242009132420065,2.9593582153320312,2.9593582153320312
20180118_sample_7,ET,9.984924623115583,2.6511921882629395,2.6511921882629395
20180118_sample_10,ET,17.852760736196327,2.556934118270874,2.556934118270874
20180123_sample_1,ET,1.128768303186908,3.155959129333496,3.155959129333496
20180123_sample_3,ET,2.512042818911687,2.2185590267181396,2.2185590267181396
20180123_sample_5,ET,1.388888888888889,1.789132833480835,1.789132833480835
20180123_sample_6,ET,1.6340167046317384,2.765084743499756,2.765084743499756
20180123_sample_7,ET,1.2111875560873466,2.6706042289733887,2.6706042289733887
20180208_sample_1,low quality,0.8637770897832819,2.4713385105133057,2.4713385105133057
20180208_sample_2,ET,2.2329749103942644,2.596259593963623,2.596259593963623
20180208_sample_3,ET,1.48580697485807,2.230259418487549,2.230259418487549
20180208_sample_4,IT,2.622093023255815,2.9573171138763428,2.9573171138763428
20180208_sample_5,IT,1.7951167728237791,2.799363136291504,2.799363136291504
20180213_sample_3,ET,2.4929577464788744,3.5244083404541016,3.5244083404541016
20180213_sample_5,Pvalb,1.3257575757575752,1.1290887594223022,1.1290887594223022
20180215_sample_1,Pvalb,1.1549295774647883,1.1882609128952026,1.1882609128952026
20180220_sample_1,Sst,1.1630769230769262,1.4871113300323486,1.4871113300323486
20180220_sample_2,IT,1.298333333333333,2.1065075397491455,2.1065075397491455
20180225_sample_1,IT,2.1993399339933988,2.762998580932617,2.762998580932617
20180225_sample_2,IT,1.3041905336147124,2.8621296882629395,2.8621296882629395
20180225_sample_3,IT,10.919191919191928,2.2794857025146484,2.2794857025146484
20180225_sample_4,IT,1.287994891443167,3.0207371711730957,3.0207371711730957
20180225_sample_5,ET,1.111258278145694,1.8750464916229248,1.8750464916229248
20180225_sample_7,Pvalb,1.2000000000000015,1.2204511165618896,1.2204511165618896
20180228_sample_3,IT,1.9809160305343505,2.56766676902771,2.56766676902771
20180306_sample_1,Pvalb,1.0968586387434542,1.527477741241455,1.527477741241455
20180306_sample_2,IT,2.2807547169811326,2.351111650466919,2.351111650466919
20180306_sample_3,IT,1.3992805755395676,2.1384220123291016,2.1384220123291016
20180306_sample_5,IT,2.0590851334180424,3.012392520904541,3.012392520904541
20180309_sample_4,IT,1.6470959595959591,2.7371020317077637,2.7371020317077637
20180309_sample_6,IT,1.5297157622739022,2.494208335876465,2.494208335876465
20180309_sample_7,IT,2.1987041036717057,2.594944715499878,2.594944715499878
20180309_sample_8,IT,1.3903080390683695,3.0566189289093018,3.0566189289093018
20180313_sample_2,ET,1.7781484570475394,2.434662103652954,2.434662103652954
20180313_sample_3,ET,1.8935810810810807,2.315260171890259,2.315260171890259
20180313_sample_7,IT,1.636047320807237,3.597764253616333,3.597764253616333
20180313_sample_8,low quality,2.3969010727056,2.4560461044311523,2.4560461044311523
20180313_sample_9,Pvalb,1.1005917159763314,1.382500410079956,1.382500410079956
20180315_sample_1,ET,1.371715610510047,2.3915741443634033,2.3915741443634033
20180315_sample_2,low quality,1.272012941992142,1.5693525075912476,1.5693525075912476
20180315_sample_5,IT,2.708601521357519,3.13795804977417,3.13795804977417
20180315_sample_6,IT,1.3333333333333337,2.370737075805664,2.370737075805664
20180321_sample_2,IT,1.4846656611362488,2.427677631378174,2.427677631378174
20180321_sample_3,IT,1.104951560818084,2.3840460777282715,2.3840460777282715
20180321_sample_4,IT,1.0400000000000016,2.734067440032959,2.734067440032959
20180321_sample_8,ET,1.4595959595959602,1.1893095970153809,1.1893095970153809
20180321_sample_9,ET,1.4447022428460936,1.7190736532211304,1.7190736532211304
20180322_sample_1,IT,1.8514957264957252,3.668574810028076,3.668574810028076
20180322_sample_2,IT,2.2170949134766644,2.8201775550842285,2.8201775550842285
20180322_sample_3,IT,1.3333333333333344,2.5608930587768555,2.5608930587768555
20180322_sample_4,IT,1.859584859584859,3.3487985134124756,3.3487985134124756
20180322_sample_5,IT,1.7544790975447908,3.141111373901367,3.141111373901367
20180322_sample_6,ET,1.7795275590551165,2.259767770767212,2.259767770767212
20180322_sample_7,ET,1.5172612197928654,2.6493453979492188,2.6493453979492188
20180327_sample_1,Pvalb,1.1283582089552249,1.6006659269332886,1.6006659269332886
20180327_sample_2,Pvalb,1.2087912087912092,1.2473087310791016,1.2473087310791016
20180327_sample_3,IT,1.3194706994328926,2.4992752075195312,2.4992752075195312
20180327_sample_4,Pvalb,1.0580110497237565,1.2190239429473877,1.2190239429473877
20180327_sample_5,Pvalb,1.031976744186046,1.2462213039398193,1.2462213039398193
20180327_sample_6,IT,1.3986842105263153,2.8796660900115967,2.8796660900115967
20180329_sample_1,IT,1.5124760076775436,2.5842323303222656,2.5842323303222656
20180329_sample_2,IT,1.0890269151138712,2.430872678756714,2.430872678756714
20180329_sample_3,IT,1.3823691460055096,2.5106096267700195,2.5106096267700195
20180329_sample_4,ET,1.1476578411405292,2.587315797805786,2.587315797805786
20180329_sample_5,IT,2.099725839616174,2.979219436645508,2.979219436645508
20180329_sample_6,IT,6.83397683397685,3.0364317893981934,3.0364317893981934
20180329_sample_7,low quality,2.1567301782421637,2.6109745502471924,2.6109745502471924
20180329_sample_8,IT,1.9509500662836945,2.8178658485412598,2.8178658485412598
20180403_sample_5,IT,13.984555984555993,2.767516851425171,2.767516851425171
20180403_sample_6,ET,1.6563729942476535,1.936545729637146,1.936545729637146
20180403_sample_7,IT,2.183401639344261,2.9340200424194336,2.9340200424194336
20180404_sample_1,Pvalb,1.061797752808988,0.9004647135734558,0.9004647135734558
20180404_sample_2,Pvalb,1.1005154639175243,1.9346190690994263,1.9346190690994263
20180404_sample_3,IT,1.7283236994219682,2.3520798683166504,2.3520798683166504
20180404_sample_4,Pvalb,1.0513392857142851,1.2576930522918701,1.2576930522918701
20180404_sample_5,Pvalb,0.3443728917509962,1.4148356914520264,1.4148356914520264
20180404_sample_7,IT,1.486051502145923,2.493806838989258,2.493806838989258
20180405_sample_1,ET,3.0622884224779967,2.2880337238311768,2.2880337238311768
20180405_sample_2,IT,1.875813128326434,2.5869030952453613,2.5869030952453613
20180405_sample_3,IT,8.988593155893536,2.936541795730591,2.936541795730591
20180410_sample_1,Pvalb,1.0564516129032262,1.6962286233901978,1.6962286233901978
20180410_sample_3,IT,1.7917555081734176,2.757155656814575,2.757155656814575
20180410_sample_4,IT,1.2104738154613466,3.379382610321045,3.379382610321045
20180410_sample_5,IT,2.021081081081081,3.3876752853393555,3.3876752853393555
20180410_sample_6,IT,7.759615384615391,3.540099620819092,3.540099620819092
20180410_sample_9,Pvalb,1.137349397590359,1.3106420040130615,1.3106420040130615
20180411_sample_1,IT,4.01513802315227,3.108607292175293,3.108607292175293
20180411_sample_3,IT,1.839016653449644,3.14341402053833,3.14341402053833
20180411_sample_4,Pvalb,1.0747422680412375,1.730712652206421,1.730712652206421
20180411_sample_5,Pvalb,1.1577540106951871,1.1268768310546875,1.1268768310546875
20180412_sample_1,IT,1.5759162303664922,2.7028353214263916,2.7028353214263916
20180412_sample_2,Pvalb,1.0316091954022997,1.358515977859497,1.358515977859497
20180412_sample_3,IT,1.485004284490145,2.7170698642730713,2.7170698642730713
20180412_sample_4,IT,3.806451612903222,3.1364078521728516,3.1364078521728516
20180412_sample_7,IT,1.4827365728900253,2.6973676681518555,2.6973676681518555
20180413_sample_2,Pvalb,1.1469740634005745,1.0765533447265625,1.0765533447265625
20180413_sample_3,Pvalb,1.0808314087759798,1.1587485074996948,1.1587485074996948
20180413_sample_4,IT,1.3997648442092885,2.632587432861328,2.632587432861328
20180417_sample_1,Vip,3.752604166666672,1.6072413921356201,1.6072413921356201
20180417_sample_2,Pvalb,0.9178082191780824,1.4473366737365723,1.4473366737365723
20180417_sample_3,IT,3.1090487238979145,2.761536121368408,2.761536121368408
20180417_sample_4,Pvalb,1.0706713780918735,1.191401720046997,1.191401720046997
20180417_sample_5,IT,1.8178694158075603,2.579730749130249,2.579730749130249
20180417_sample_6,IT,2.3268085106382967,2.0493407249450684,2.0493407249450684
20180417_sample_7,Pvalb,0.9418604651162782,1.181807279586792,1.181807279586792
20180417_sample_8,Sst,1.152619589977222,1.2107264995574951,1.2107264995574951
20180417_sample_9,IT,1.8546132339235777,2.993685483932495,2.993685483932495
20180418_sample_1,Pvalb,1.0051813471502589,1.4618077278137207,1.4618077278137207
20180418_sample_2,Pvalb,1.128146453089246,0.7836105823516846,0.7836105823516846
20180418_sample_3,Pvalb,1.133676092544989,0.8532350659370422,0.8532350659370422
20180418_sample_5,IT,1.7450331125827856,2.3929996490478516,2.3929996490478516
20180418_sample_6,IT,3.286298568507158,3.0117359161376953,3.0117359161376953
20180420_sample_2,low quality,1.3561175666438827,2.765644073486328,2.765644073486328
20180420_sample_3,IT,1.5588723051409614,2.6981043815612793,2.6981043815612793
20180420_sample_4,IT,1.605552342394448,2.4849705696105957,2.4849705696105957
20180424_sample_1,IT,1.399868680236376,3.367753028869629,3.367753028869629
20180424_sample_2,IT,1.5898141775636614,3.1981265544891357,3.1981265544891357
20180424_sample_6,IT,1.5650195058517546,3.1476035118103027,3.1476035118103027
20180425_sample_2,IT,7.106060606060597,2.8821372985839844,2.8821372985839844
20180425_sample_3,Pvalb,1.0672268907563027,1.1934704780578613,1.1934704780578613
20180425_sample_4,IT,2.9986338797814214,3.1142687797546387,3.1142687797546387
20180425_sample_5,Sncg,6.676165803108817,1.5822392702102661,1.5822392702102661
20180425_sample_7,Pvalb,1.00763358778626,1.5339441299438477,1.5339441299438477
20180425_sample_8,Vip,1.4820512820512837,1.506120204925537,1.506120204925537
20180425_sample_9,IT,2.417693169092945,2.193671226501465,2.193671226501465
20180426_sample_1,ET,1.9318996415770615,2.0339128971099854,2.0339128971099854
20180426_sample_3,IT,3.13318284424379,3.1782138347625732,3.1782138347625732
20180426_sample_4,IT,1.3930481283422458,3.0003974437713623,3.0003974437713623
20180426_sample_5,Pvalb,1.1301115241635673,1.7643924951553345,1.7643924951553345
20180426_sample_7,IT,1.5281342546890415,2.679603338241577,2.679603338241577
20180426_sample_9,Pvalb,1.141975308641976,2.029064178466797,2.029064178466797
20180501_sample_2,IT,2.338940285954583,2.7466835975646973,2.7466835975646973
20180501_sample_3,IT,1.7684729064039402,2.76401424407959,2.76401424407959
20180501_sample_4,IT,1.5482189400521282,2.9451937675476074,2.9451937675476074
20180501_sample_5,IT,3.2945128779395287,2.990863084793091,2.990863084793091
20180501_sample_6,low quality,8.081632653061211,2.0574047565460205,2.0574047565460205
20180501_sample_7,low quality,1.159223300970874,2.0309431552886963,2.0309431552886963
20180501_sample_8,Lamp5,1.2446973616140713,1.381371021270752,1.381371021270752
20180502_sample_1,low quality,1.251908396946563,1.9347761869430542,1.9347761869430542
20180502_sample_2,low quality,1.6695557963163603,1.7372725009918213,1.7372725009918213
20180502_sample_3,IT,1.282878411910671,3.176342487335205,3.176342487335205
20180502_sample_4,IT,1.7940904893813483,2.551645517349243,2.551645517349243
20180508_sample_1,Pvalb,1.330330330330329,1.5547194480895996,1.5547194480895996
20180508_sample_2,IT,6.541528239202663,2.2814276218414307,2.2814276218414307
20180508_sample_3,IT,4.336032388663961,3.012673854827881,3.012673854827881
20180508_sample_4,IT,1.5081240768094537,3.1777024269104004,3.1777024269104004
20180509_sample_1,low quality,4.19175455417066,1.8162130117416382,1.8162130117416382
20180509_sample_2,IT,1.6119402985074625,3.2140913009643555,3.2140913009643555
20180509_sample_3,IT,1.7311446317657506,3.2044596672058105,3.2044596672058105
20180509_sample_5,IT,2.6728452270620946,2.912449359893799,2.912449359893799
20180509_sample_7,IT,3.4795081967213197,2.8190689086914062,2.8190689086914062
20180509_sample_9,IT,3.4443069306930667,2.6818013191223145,2.6818013191223145
20180510_sample_2,Pvalb,1.1176470588235297,1.344395399093628,1.344395399093628
20180510_sample_3,IT,1.9285714285714288,2.4923720359802246,2.4923720359802246
20180510_sample_4,IT,2.4642857142857126,3.3969473838806152,3.3969473838806152
20180510_sample_5,IT,1.5630630630630629,3.112362861633301,3.112362861633301
20180510_sample_9,IT,2.440573770491803,2.7453718185424805,2.7453718185424805
20180515_sample_1,Pvalb,1.0433070866141745,1.4329060316085815,1.4329060316085815
20180515_sample_6,Pvalb,1.1762452107279702,1.4963209629058838,1.4963209629058838
20180522_sample_1,IT,1.1810737033666976,3.2162528038024902,3.2162528038024902
20180522_sample_2,IT,1.7914262159934045,2.621375560760498,2.621375560760498
20180522_sample_3,IT,1.4898724681170288,2.6018896102905273,2.6018896102905273
20180522_sample_4,IT,1.4902649218001915,2.5146336555480957,2.5146336555480957
20180522_sample_5,Pvalb,1.116640746500777,0.9603827595710754,0.9603827595710754
20180522_sample_6,ET,6.8278931750741885,1.950753092765808,1.950753092765808
20180522_sample_7,IT,4.7124394184168015,2.641493320465088,2.641493320465088
20180524_sample_5,low quality,1.0379061371841172,2.1563782691955566,2.1563782691955566
20180524_sample_8,IT,1.167320261437908,2.8362603187561035,2.8362603187561035
20180524_sample_9,Pvalb,1.1409395973154377,1.4653849601745605,1.4653849601745605
20180529_sample_3,IT,4.807086614173227,3.839571952819824,3.839571952819824
20180608_sample_1,Lamp5,2.1088082901554395,1.4991685152053833,1.4991685152053833
20180608_sample_2,Pvalb,1.016666666666667,1.2651087045669556,1.2651087045669556
20180608_sample_3,IT,1.7537493952588297,1.305040717124939,1.305040717124939
20180608_sample_5,Pvalb,1.1058823529411776,1.0433735847473145,1.0433735847473145
20180619_sample_3,Pvalb,0.9159049360146247,1.203687310218811,1.203687310218811
20180619_sample_5,IT,1.8790446841294308,2.8667774200439453,2.8667774200439453
20180619_sample_7,Lamp5,1.1313868613138682,1.709895133972168,1.709895133972168
20180621_sample_1,IT,1.715441176470588,2.5577497482299805,2.5577497482299805
20180621_sample_2,IT,2.1196136701337296,2.4259166717529297,2.4259166717529297
20180621_sample_3,Sncg,1.3240223463687155,1.5579242706298828,1.5579242706298828
20180621_sample_4,IT,1.4937133277451795,3.7140848636627197,3.7140848636627197
20180621_sample_5,Vip,1.0995850622406642,1.373152494430542,1.373152494430542
20180621_sample_7,Pvalb,1.0217391304347834,0.7362234592437744,0.7362234592437744
20180621_sample_8,Pvalb,1.2675585284280932,1.1102677583694458,1.1102677583694458
20180628_sample_2,Pvalb,1.1741935483870962,1.6443804502487183,1.6443804502487183
20180628_sample_3,Pvalb,1.1488469601677147,1.7246595621109009,1.7246595621109009
20180628_sample_4,low quality,0.9288732394366188,1.8742936849594116,1.8742936849594116
20180628_sample_6,Pvalb,1.1040723981900458,1.3427886962890625,1.3427886962890625
20180628_sample_7,Lamp5,1.581453634085212,1.794540524482727,1.794540524482727
20180703_sample_1,Pvalb,1.087179487179488,1.4084081649780273,1.4084081649780273
20180703_sample_2,IT,1.84351798972016,2.8984150886535645,2.8984150886535645
20180703_sample_3,low quality,0.9603709949409776,1.9173040390014648,1.9173040390014648
20180704_sample_1,Pvalb,1.057324840764332,1.3378865718841553,1.3378865718841553
20180704_sample_2,Pvalb,1.1547169811320743,1.1057196855545044,1.1057196855545044
20180704_sample_3,Pvalb,1.231382978723404,1.5072627067565918,1.5072627067565918
20180704_sample_4,IT,1.2520087655222794,2.7264697551727295,2.7264697551727295
20180704_sample_5,Pvalb,1.2380952380952384,1.264542818069458,1.264542818069458
20180705_sample_1,Pvalb,1.0826210826210831,0.7538471221923828,0.7538471221923828
20180705_sample_4,Pvalb,1.1513513513513516,1.362969994544983,1.362969994544983
20180709_sample_2,IT,4.707017543859646,3.0402207374572754,3.0402207374572754
20180709_sample_3,Lamp5,1.3893805309734502,1.4044277667999268,1.4044277667999268
20180709_sample_4,IT,5.270903010033438,2.9645180702209473,2.9645180702209473
20180709_sample_6,IT,1.548365122615804,2.6636133193969727,2.6636133193969727
20180710_sample_1,Pvalb,1.0909090909090908,1.9077646732330322,1.9077646732330322
20180710_sample_2,Pvalb,1.214814814814815,0.9911471009254456,0.9911471009254456
20180710_sample_3,Pvalb,1.0231958762886595,1.3690927028656006,1.3690927028656006
20180710_sample_5,Pvalb,1.0945121951219527,1.0064475536346436,1.0064475536346436
20180711_sample_1,Pvalb,0.9231927710843364,1.2646231651306152,1.2646231651306152
20180711_sample_2,Sst,1.2613784135240569,1.3099844455718994,1.3099844455718994
20180711_sample_3,Sst,1.1348314606741587,1.397635817527771,1.397635817527771
20180711_sample_4,Sst,1.1075050709939154,1.5102466344833374,1.5102466344833374
20180712_sample_2,low quality,1.9013513513513511,1.7776391506195068,1.7776391506195068
20180712_sample_3,Sncg,1.1367187499999984,1.7115134000778198,1.7115134000778198
20180712_sample_5,Pvalb,1.1122112211221122,1.455735445022583,1.455735445022583
20180712_sample_11,Pvalb,1.2628571428571431,1.504936695098877,1.504936695098877
20180712_sample_12,Pvalb,1.0412087912087915,1.0545296669006348,1.0545296669006348
20180712_sample_13,IT,2.504942965779468,2.8507754802703857,2.8507754802703857
20180712_sample_14,Pvalb,1.0058997050147491,1.1435000896453857,1.1435000896453857
20180712_sample_15,Pvalb,1.2710622710622728,1.2129791975021362,1.2129791975021362
20180717_sample_1,Pvalb,1.4301075268817205,1.3014822006225586,1.3014822006225586
20180717_sample_2,Lamp5,1.5219512195121945,1.4089386463165283,1.4089386463165283
20180717_sample_3,Pvalb,0.7567975830815706,1.2285661697387695,1.2285661697387695
20180717_sample_4,Pvalb,1.20408163265306,1.2183318138122559,1.2183318138122559
20180717_sample_6,Pvalb,1.1412300683371304,1.2684354782104492,1.2684354782104492
20180717_sample_7,ET,1.9155446756425956,3.417120933532715,3.417120933532715
20180718_sample_2,Pvalb,1.3307692307692292,1.2157142162322998,1.2157142162322998
20180718_sample_3,Pvalb,1.1459074733096075,1.5097551345825195,1.5097551345825195
20180718_sample_4,Pvalb,1.2348178137651824,1.14854097366333,1.14854097366333
20180719_sample_1,Pvalb,1.2955974842767308,1.5001680850982666,1.5001680850982666
20180719_sample_4,Pvalb,1.0919881305637995,0.9914270043373108,0.9914270043373108
20180720_sample_2,Sncg,7.637681159420291,2.0353100299835205,2.0353100299835205
20180720_sample_3,Pvalb,1.114754098360656,1.3806291818618774,1.3806291818618774
20180720_sample_5,Lamp5,1.199066874027994,1.4843915700912476,1.4843915700912476
20180725_sample_3,IT,3.850197109067017,2.5712714195251465,2.5712714195251465
20180725_sample_4,low quality,2.0256232686980606,2.1831393241882324,2.1831393241882324
20180725_sample_6,Pvalb,1.0032715376226826,1.416367769241333,1.416367769241333
20180725_sample_7,IT,1.4286548001167203,3.051591634750366,3.051591634750366
20180725_sample_9,Lamp5,0.978579481397972,1.801405429840088,1.801405429840088
20180726_sample_3,Pvalb,1.2650918635170625,1.6883962154388428,1.6883962154388428
20180726_sample_4,Pvalb,1.0766423357664228,1.4320284128189087,1.4320284128189087
20180726_sample_5,Pvalb,1.32618025751073,1.422627329826355,1.422627329826355
20180726_sample_6,Pvalb,1.1003717472118957,1.5615639686584473,1.5615639686584473
20180726_sample_7,Pvalb,1.1766304347826102,2.088240623474121,2.088240623474121
20180817_sample_2,Pvalb,1.0190023752969104,1.2568010091781616,1.2568010091781616
20180817_sample_3,Pvalb,0.8781362007168441,1.4230303764343262,1.4230303764343262
20180817_sample_4,Pvalb,1.442528735632184,0.9903970956802368,0.9903970956802368
20180817_sample_5,Pvalb,1.2207207207207211,0.9637771844863892,0.9637771844863892
20180817_sample_6,IT,2.2517214996174446,2.716519594192505,2.716519594192505
20180817_sample_7,Pvalb,1.072368421052631,1.0803792476654053,1.0803792476654053
20180820_sample_1,Sst,1.1196319018404908,1.378826379776001,1.378826379776001
20180820_sample_2,IT,8.153614457831317,3.013814926147461,3.013814926147461
20180820_sample_3,Sst,1.2460796139927623,0.7795422077178955,0.7795422077178955
20180820_sample_4,Sst,1.297687861271675,1.0389460325241089,1.0389460325241089
20180820_sample_5,Sst,1.0213154689403168,1.3349242210388184,1.3349242210388184
20180820_sample_6,IT,23.742957746478915,2.2197492122650146,2.2197492122650146
20180820_sample_7,Sst,1.0930656934306555,0.9255186319351196,0.9255186319351196
20180822_sample_1,Pvalb,1.1010989010989007,1.4958765506744385,1.4958765506744385
20180822_sample_2,Pvalb,1.1759999999999993,1.0565693378448486,1.0565693378448486
20180822_sample_3,Pvalb,1.1502890173410405,1.6817328929901123,1.6817328929901123
20180822_sample_4,Pvalb,1.145454545454544,1.5403680801391602,1.5403680801391602
20180822_sample_6,Pvalb,1.0468085106382974,1.2256083488464355,1.2256083488464355
20180822_sample_7,Pvalb,1.1213768115942029,0.7950807809829712,0.7950807809829712
20180828_sample_2,Pvalb,1.2018779342722994,1.50783109664917,1.50783109664917
20180828_sample_3,Pvalb,1.0878378378378402,1.392397165298462,1.392397165298462
20180828_sample_4,IT,4.471502590673576,2.8048558235168457,2.8048558235168457
20180828_sample_5,Pvalb,1.1641025641025615,1.223423957824707,1.223423957824707
20180828_sample_6,Pvalb,1.1683168316831691,1.0413990020751953,1.0413990020751953
20180828_sample_7,low quality,11.653465346534649,2.5373783111572266,2.5373783111572266
20180828_sample_8,IT,3.515151515151515,2.9089455604553223,2.9089455604553223
20180829_sample_1,Sst,1.4034653465346538,1.556114673614502,1.556114673614502
20180829_sample_2,Sst,1.3875088715400994,1.3372299671173096,1.3372299671173096
20180829_sample_3,Sst,1.128279883381923,1.6326744556427002,1.6326744556427002
20180829_sample_4,Sst,1.2447325769854127,1.3214672803878784,1.3214672803878784
20180829_sample_5,Sst,1.211103938024532,1.8060643672943115,1.8060643672943115
20180829_sample_6,Sst,1.1982942430703625,1.2116504907608032,1.2116504907608032
20180829_sample_7,Sst,1.6215235792019338,1.1912569999694824,1.1912569999694824
20180829_sample_8,IT,3.3084702907711754,3.315192222595215,3.315192222595215
20180830_sample_1,Pvalb,1.1398104265402853,1.4263756275177002,1.4263756275177002
20180830_sample_2,Pvalb,1.1840490797546013,1.4131286144256592,1.4131286144256592
20180830_sample_5,Pvalb,1.0212765957446812,1.0900616645812988,1.0900616645812988
20180830_sample_6,Pvalb,1.0428893905191872,1.347936749458313,1.347936749458313
20180904_sample_1,Pvalb,1.1361702127659548,1.096123218536377,1.096123218536377
20180904_sample_2,Pvalb,1.0793871866295262,1.3132623434066772,1.3132623434066772
20180904_sample_3,Pvalb,1.0457746478873244,1.1713876724243164,1.1713876724243164
20180904_sample_4,Pvalb,1.1861313868613124,1.045850157737732,1.045850157737732
20180904_sample_5,Pvalb,1.1384615384615382,1.392496943473816,1.392496943473816
20180904_sample_6,Pvalb,1.0581395348837197,0.6936599016189575,0.6936599016189575
20180904_sample_7,Pvalb,0.9839527027027032,1.035130262374878,1.035130262374878
20180904_sample_9,Pvalb,1.1273885350318464,1.133681297302246,1.133681297302246
20180905_sample_1,Sst,1.3252647503782158,1.4239108562469482,1.4239108562469482
20180905_sample_2,Sst,1.170015455950541,1.2795906066894531,1.2795906066894531
20180910_sample_2,Sst,1.1301044634377964,1.1089003086090088,1.1089003086090088
20180910_sample_3,Sst,1.339705882352941,1.5946271419525146,1.5946271419525146
20180911_sample_1,Sst,1.0987124463519309,1.3477234840393066,1.3477234840393066
20180911_sample_2,Sst,1.1260794473229696,1.4662681818008423,1.4662681818008423
20180911_sample_3,Sst,1.1148648648648645,1.506652593612671,1.506652593612671
20180911_sample_5,Sst,1.0721393034825877,2.284027099609375,2.284027099609375
20180911_sample_6,Sst,1.2708719851577,1.030300259590149,1.030300259590149
20180912_sample_2,Pvalb,1.0560975609756091,1.399232029914856,1.399232029914856
20180912_sample_3,Pvalb,1.171270718232045,1.0660114288330078,1.0660114288330078
20180912_sample_6,Pvalb,1.0918635170603692,1.3838249444961548,1.3838249444961548
20180913_sample_2,low quality,1.1635514018691595,1.995004653930664,1.995004653930664
20180917_sample_1,Sst,1.1939890710382506,1.4339169263839722,1.4339169263839722
20180917_sample_2,Pvalb,1.2018348623853217,1.3145322799682617,1.3145322799682617
20180917_sample_3,IT,1.334530528476141,3.1318538188934326,3.1318538188934326
20180917_sample_4,Pvalb,0.397665369649805,1.2833929061889648,1.2833929061889648
20180917_sample_5,Sst,1.15228426395939,1.6518534421920776,1.6518534421920776
20180918_sample_1,Vip,0.8394471026049983,1.4632322788238525,1.4632322788238525
20180918_sample_2,Vip,1.3155555555555531,1.2774600982666016,1.2774600982666016
20180918_sample_3,Vip,1.2880952380952368,1.5436511039733887,1.5436511039733887
20180920_sample_1,low quality,1.11437908496732,1.7725154161453247,1.7725154161453247
20180920_sample_2,Pvalb,1.025586353944563,0.9866595268249512,0.9866595268249512
20180920_sample_3,Pvalb,1.0607966457023044,1.2080020904541016,1.2080020904541016
20180920_sample_4,Pvalb,1.4730064388311042,0.8252246379852295,0.8252246379852295
20180921_sample_1,low quality,1.153039832285114,2.1462512016296387,2.1462512016296387
20180921_sample_2,Pvalb,1.210526315789472,1.3533846139907837,1.3533846139907837
20180921_sample_3,Pvalb,1.0498866213151932,1.3667880296707153,1.3667880296707153
20180925_sample_9,Pvalb,0.979851537645811,2.059838056564331,2.059838056564331
20180926_sample_1,Pvalb,1.1162324649298592,1.1020805835723877,1.1020805835723877
20180926_sample_3,Pvalb,1.0969479353680442,1.55221688747406,1.55221688747406
20180926_sample_4,low quality,1.1470588235294117,1.3639428615570068,1.3639428615570068
20180926_sample_7,Pvalb,1.1923076923076916,1.0046181678771973,1.0046181678771973
20180926_sample_9,IT,2.8238519533927358,2.924724817276001,2.924724817276001
20180927_sample_1,Pvalb,1.0452674897119345,1.3523342609405518,1.3523342609405518
20180927_sample_2,Pvalb,1.2144638403990025,1.4301068782806396,1.4301068782806396
20180927_sample_3,low quality,0.9507829977628623,2.010434150695801,2.010434150695801
20180927_sample_4,Pvalb,1.135211267605632,1.2244853973388672,1.2244853973388672
20180927_sample_5,Pvalb,1.2806324110671945,1.2799516916275024,1.2799516916275024
20180927_sample_7,Pvalb,1.1491935483870976,1.3110612630844116,1.3110612630844116
20180927_sample_9,IT,1.90333618477331,2.644822597503662,2.644822597503662
20180927_sample_10,low quality,1.1263157894736835,2.168205976486206,2.168205976486206
20181002_sample_1,low quality,1.1436077057793348,1.9425486326217651,1.9425486326217651
20181002_sample_2,Pvalb,1.3322033898305086,1.3631497621536255,1.3631497621536255
20181002_sample_3,Pvalb,1.1390476190476206,1.473864197731018,1.473864197731018
20181002_sample_4,Pvalb,1.13389121338912,1.128420352935791,1.128420352935791
20181002_sample_5,Pvalb,1.2634730538922143,1.0731689929962158,1.0731689929962158
20181002_sample_6,Pvalb,1.112852664576801,1.38450288772583,1.38450288772583
20181002_sample_7,IT,1.5344574780058655,2.927086114883423,2.927086114883423
20181002_sample_8,Pvalb,1.1354166666666676,1.5574415922164917,1.5574415922164917
20181002_sample_9,Sst,1.0179717586649548,1.1313053369522095,1.1313053369522095
20181002_sample_10,Pvalb,1.0446871896722938,1.2913806438446045,1.2913806438446045
20181003_sample_1,low quality,1.1780986762936223,1.7820148468017578,1.7820148468017578
20181003_sample_2,Sst,1.13125,2.2454423904418945,2.2454423904418945
20181003_sample_3,Sst,1.1612244897959174,1.874557375907898,1.874557375907898
20181003_sample_4,Sst,0.9241306638566912,1.1224420070648193,1.1224420070648193
20181003_sample_5,Sst,1.121447028423774,1.349158525466919,1.349158525466919
20181003_sample_6,Sst,1.0414078674948246,1.3850815296173096,1.3850815296173096
20181003_sample_7,Sst,1.0312499999999998,1.531734585762024,1.531734585762024
20181003_sample_8,Sst,1.1706864564007409,1.2951438426971436,1.2951438426971436
20181003_sample_9,Sst,1.1970920840064618,1.230818510055542,1.230818510055542
20181003_sample_10,Sst,1.1379962192816653,1.4773638248443604,1.4773638248443604
20181004_sample_1,low quality,1.1453590192644492,3.804124593734741,3.804124593734741
20181004_sample_3,Sst,1.181274900398406,1.1305750608444214,1.1305750608444214
20181004_sample_5,Sst,0.96943231441048,1.146153450012207,1.146153450012207
20181004_sample_6,Sst,1.273730684326712,1.5178323984146118,1.5178323984146118
20181004_sample_8,Sst,1.0784442979564928,1.1140586137771606,1.1140586137771606
20181009_sample_2,Sst,1.1648648648648627,1.320734977722168,1.320734977722168
20181009_sample_3,Sst,1.195876288659793,0.5736873149871826,0.5736873149871826
20181009_sample_4,Sst,1.1509433962264166,1.2599732875823975,1.2599732875823975
20181009_sample_5,Sst,1.0540201005025125,1.5105682611465454,1.5105682611465454
20181009_sample_6,IT,1.707943925233644,3.080611228942871,3.080611228942871
20181009_sample_7,Sst,1.1450924608819346,0.9417692422866821,0.9417692422866821
20181010_sample_1,Sst,1.0907216494845364,1.200228214263916,1.200228214263916
20181010_sample_3,Sst,1.1295336787564778,1.5383154153823853,1.5383154153823853
20181010_sample_4,Sst,1.1988472622478394,1.2886059284210205,1.2886059284210205
20181010_sample_5,IT,1.583499005964215,3.2043797969818115,3.2043797969818115
20181010_sample_6,Sst,1.0635838150289032,1.7117525339126587,1.7117525339126587
20181010_sample_8,Sst,1.1525423728813544,1.2976027727127075,1.2976027727127075
20181010_sample_10,Sst,1.126666666666666,1.219243049621582,1.219243049621582
20181011_sample_3,Sst,0.9948453608247422,1.1325178146362305,1.1325178146362305
20181011_sample_4,Sst,1.0853242320819108,1.7447450160980225,1.7447450160980225
20181011_sample_8,Sst,1.1175869120654398,1.1605393886566162,1.1605393886566162
20181011_sample_9,Sst,1.0841584158415851,1.5138325691223145,1.5138325691223145
20181011_sample_10,Sst,1.2914979757085037,0.9653656482696533,0.9653656482696533
20181109_sample_1,Sst,1.217706821480406,1.4069042205810547,1.4069042205810547
20181109_sample_2,Sst,1.1474966170500671,1.669867753982544,1.669867753982544
20181109_sample_3,Sst,1.2073342736248245,1.3388992547988892,1.3388992547988892
20181109_sample_5,Sst,1.129449838187702,1.782824993133545,1.782824993133545
20181109_sample_7,Sst,1.1995967741935494,1.2894914150238037,1.2894914150238037
20181109_sample_8,Sst,1.2867469879518072,1.2993640899658203,1.2993640899658203
20181109_sample_9,Sst,1.0802752293577982,1.3896714448928833,1.3896714448928833
20181109_sample_10,Sst,2.1833740831295847,1.5479751825332642,1.5479751825332642
20181112_sample_1,low quality,1.237735849056606,1.8777129650115967,1.8777129650115967
20181112_sample_4,Sst,1.4853333333333316,1.1546984910964966,1.1546984910964966
20181112_sample_5,low quality,1.1409028727770183,2.641613006591797,2.641613006591797
20181112_sample_6,Sst,1.098228663446054,1.2957438230514526,1.2957438230514526
20181112_sample_8,Sst,1.1016042780748678,1.4640445709228516,1.4640445709228516
20181112_sample_11,Sst,1.258358662613985,0.9225555658340454,0.9225555658340454
20181114_sample_1,Pvalb,1.0874316939890694,1.657558798789978,1.657558798789978
20181114_sample_2,Pvalb,1.0891472868217058,1.2101454734802246,1.2101454734802246
20181114_sample_4,Pvalb,0.9281641961231476,1.6370787620544434,1.6370787620544434
20181116_sample_2,Pvalb,1.0945945945945954,1.9205756187438965,1.9205756187438965
20181116_sample_3,Pvalb,1.224719101123597,1.714573860168457,1.714573860168457
20181116_sample_4,Pvalb,1.0945945945945954,1.3404059410095215,1.3404059410095215
20181116_sample_5,Pvalb,1.1294498381877014,1.5949432849884033,1.5949432849884033
20181116_sample_7,low quality,1.0628140703517606,1.6108734607696533,1.6108734607696533
20181116_sample_10,low quality,0.8554216867469885,2.2565770149230957,2.2565770149230957
20181116_sample_12,Pvalb,1.044088176352705,1.3752020597457886,1.3752020597457886
20181121_sample_1,Sst,1.4114583333333326,1.8531631231307983,1.8531631231307983
20181121_sample_2,Sst,1.5784883720930252,1.6588656902313232,1.6588656902313232
20181121_sample_3,Pvalb,1.036672629695886,0.9496830105781555,0.9496830105781555
20181121_sample_4,low quality,1.1811320754716983,1.8259221315383911,1.8259221315383911
20181121_sample_5,Sst,1.2741433021806838,1.1215572357177734,1.1215572357177734
20181121_sample_6,Sst,3.0701402805611235,1.2156155109405518,1.2156155109405518
20181121_sample_7,Sst,1.3434343434343436,1.7883018255233765,1.7883018255233765
20181126_sample_2,Sst,1.2324649298597197,1.3429162502288818,1.3429162502288818
20181126_sample_6,Sst,1.072327044025155,1.2450778484344482,1.2450778484344482
20181127_sample_1,Sst,1.2032400589101608,1.3301365375518799,1.3301365375518799
20181127_sample_3,Sst,1.5021186440677958,1.0548105239868164,1.0548105239868164
20181127_sample_4,Sst,1.168077900084674,1.4317296743392944,1.4317296743392944
20181127_sample_5,Sst,1.2663185378590067,1.608777642250061,1.608777642250061
20181127_sample_7,Sst,1.3687436159346271,1.2879078388214111,1.2879078388214111
20181129_sample_1,Sst,1.1829268292682935,0.18337512016296387,0.18337512016296387
20181129_sample_2,low quality,1.393034825870642,1.9625252485275269,1.9625252485275269
20181129_sample_3,Sst,1.439932318104908,1.2227861881256104,1.2227861881256104
20181129_sample_4,Sst,1.4579439252336432,1.5361254215240479,1.5361254215240479
20181129_sample_5,Sst,1.1707317073170738,1.0384163856506348,1.0384163856506348
20181129_sample_6,Sst,1.1568627450980395,1.5646430253982544,1.5646430253982544
20181203_sample_2,Sst,1.1646706586826363,1.6867945194244385,1.6867945194244385
20181203_sample_3,Sst,1.3966942148760333,1.1067817211151123,1.1067817211151123
20181203_sample_4,Sst,1.1271929824561395,2.165881872177124,2.165881872177124
20181203_sample_5,Sst,1.35318275154004,1.704724907875061,1.704724907875061
20181203_sample_6,Pvalb,1.0491159135559915,1.0101649761199951,1.0101649761199951
20181203_sample_7,Sst,1.3083832335329328,1.8057314157485962,1.8057314157485962
20181203_sample_8,Sst,1.3159420289855073,0.9590874314308167,0.9590874314308167
20181203_sample_9,Sst,1.1327838827838834,1.260581612586975,1.260581612586975
20181203_sample_10,low quality,1.2218749999999985,1.5869364738464355,1.5869364738464355
20181205_sample_1,Sst,1.2010050251256288,1.4269070625305176,1.4269070625305176
20181205_sample_2,Sst,1.447837150127227,1.6155779361724854,1.6155779361724854
20181207_sample_1,Pvalb,1.0268595041322317,1.031028151512146,1.031028151512146
20181207_sample_2,Pvalb,1.11659192825112,1.44827139377594,1.44827139377594
20181207_sample_3,Pvalb,1.1043689320388366,1.28865647315979,1.28865647315979
20181207_sample_4,Pvalb,1.1596638655462166,1.2651704549789429,1.2651704549789429
20181207_sample_5,Pvalb,0.3594249201277952,1.067002534866333,1.067002534866333
20181207_sample_6,low quality,1.1275720164609044,2.483644962310791,2.483644962310791
20181207_sample_7,Pvalb,1.0698924731182786,1.1623215675354004,1.1623215675354004
20181208_sample_1,low quality,1.0421511627906963,3.0463979244232178,3.0463979244232178
20181208_sample_2,Sst,1.1774999999999998,1.806262731552124,1.806262731552124
20181208_sample_3,Sst,1.6298701298701317,2.446621894836426,2.446621894836426
20181208_sample_4,Sst,1.2431372549019586,0.65045166015625,0.65045166015625
20181208_sample_5,Sst,1.1267123287671217,1.8482812643051147,1.8482812643051147
20181208_sample_6,Sst,1.2650602409638558,1.2118723392486572,1.2118723392486572
20181208_sample_7,Sst,1.1315192743764175,1.2443004846572876,1.2443004846572876
20181208_sample_8,Sst,1.166666666666666,1.133413314819336,1.133413314819336
20181208_sample_9,Sst,1.1520912547528508,1.2742338180541992,1.2742338180541992
20181208_sample_10,Sst,1.1673819742489278,0.9449440836906433,0.9449440836906433
20181211_sample_1,CT,1.665893271461716,2.3155157566070557,2.3155157566070557
20181211_sample_2,Pvalb,0.8240396530359358,1.0424476861953735,1.0424476861953735
20181211_sample_4,Pvalb,1.015625,1.660083293914795,1.660083293914795
20181211_sample_5,low quality,1.033333333333332,2.152665853500366,2.152665853500366
20181211_sample_6,Pvalb,1.012024048096192,1.4369823932647705,1.4369823932647705
20181211_sample_7,Pvalb,1.0126582278480991,1.439476490020752,1.439476490020752
20181211_sample_8,Pvalb,1.0483271375464664,1.075068473815918,1.075068473815918
20181211_sample_9,Pvalb,1.0157342657342645,1.4787728786468506,1.4787728786468506
20181213_sample_1,Sst,1.2639405204460976,1.2464227676391602,1.2464227676391602
20181213_sample_2,Sst,1.2020547945205455,1.0166481733322144,1.0166481733322144
20181213_sample_3,Sst,1.3727272727272708,1.0608259439468384,1.0608259439468384
20181213_sample_4,Sst,1.6436363636363651,1.7412277460098267,1.7412277460098267
20181213_sample_5,IT,1.7002938295788446,2.861396312713623,2.861396312713623
20181213_sample_6,Sst,1.14754098360656,0.9228226542472839,0.9228226542472839
20181213_sample_7,Sst,1.2575757575757556,1.5784990787506104,1.5784990787506104
20181214_sample_1,low quality,5.565789473684217,2.3945844173431396,2.3945844173431396
20181214_sample_2,Sst,1.3625304136253047,2.3232898712158203,2.3232898712158203
20190108_sample_1,Pvalb,0.9599383667180278,1.490748405456543,1.490748405456543
20190108_sample_2,Vip,1.375000000000001,1.9892019033432007,1.9892019033432007
20190108_sample_3,IT,3.713709677419354,2.1865200996398926,2.1865200996398926
20190108_sample_5,Vip,3.004347826086964,1.0452189445495605,1.0452189445495605
20190108_sample_6,Lamp5,1.3261888814467513,1.3947203159332275,1.3947203159332275
20190109_sample_2,Sst,1.7078085642317378,1.6736297607421875,1.6736297607421875
20190110_sample_1,Sst,1.322580645161288,1.393239140510559,1.393239140510559
20190110_sample_3,Sst,1.2269129287598934,1.4323614835739136,1.4323614835739136
20190110_sample_4,Sst,1.2266763848396498,1.2946627140045166,1.2946627140045166
20190110_sample_6,IT,1.9314775160599564,2.9243485927581787,2.9243485927581787
20190110_sample_7,IT,1.931477516059957,2.707963466644287,2.707963466644287
20190117_sample_1,Vip,1.1658767772511849,1.3945070505142212,1.3945070505142212
20190117_sample_2,IT,1.762824783477683,2.9676594734191895,2.9676594734191895
20190117_sample_3,Sst,0.6651053864168619,1.3691582679748535,1.3691582679748535
20190117_sample_4,IT,1.4289496910856136,2.7542243003845215,2.7542243003845215
20190117_sample_5,Sst,1.1302738712065137,1.3586353063583374,1.3586353063583374
20190122_sample_1,Pvalb,1.1507246376811593,1.4530621767044067,1.4530621767044067
20190122_sample_3,Pvalb,1.0959595959595947,1.5916521549224854,1.5916521549224854
20190122_sample_5,Pvalb,1.0439276485788125,1.4344983100891113,1.4344983100891113
20190122_sample_9,Pvalb,1.1302521008403352,2.058293581008911,2.058293581008911
20190122_sample_10,Pvalb,1.1179999999999986,1.6145896911621094,1.6145896911621094
20190122_sample_11,low quality,1.226562499999999,1.814052939414978,1.814052939414978
20190122_sample_12,Pvalb,1.1453900709219849,1.4703123569488525,1.4703123569488525
20190122_sample_13,Pvalb,1.0937500000000016,-0.07132542133331299,-0.07132542133331299
20190122_sample_14,Pvalb,1.079482439926064,1.5703954696655273,1.5703954696655273
20190122_sample_16,Pvalb,1.0670391061452535,1.2783424854278564,1.2783424854278564
20190122_sample_17,Pvalb,1.08923076923077,1.471604585647583,1.471604585647583
20190123_sample_5,Pvalb,1.1366120218579228,1.3352153301239014,1.3352153301239014
20190123_sample_7,Pvalb,1.0917159763313602,1.0875072479248047,1.0875072479248047
20190123_sample_8,Pvalb,1.063636363636363,1.3396832942962646,1.3396832942962646
20190124_sample_4,Pvalb,0.9379844961240302,1.8199644088745117,1.8199644088745117
20190128_sample_2,Pvalb,0.9714693295292433,1.1120576858520508,1.1120576858520508
20190128_sample_3,low quality,0.982142857142858,1.8527244329452515,1.8527244329452515
20190128_sample_4,Pvalb,1.1528497409326406,1.3968274593353271,1.3968274593353271
20190128_sample_6,Lamp5,2.2969283276450514,1.3237318992614746,1.3237318992614746
20190128_sample_7,Pvalb,1.0569395017793597,1.3713936805725098,1.3713936805725098
20190128_sample_11,Pvalb,1.1683168316831682,1.725649356842041,1.725649356842041
20190128_sample_12,Pvalb,1.346938775510204,1.1977769136428833,1.1977769136428833
20190130_sample_2,low quality,1.0649350649350646,1.9601821899414062,1.9601821899414062
20190130_sample_3,Lamp5,1.3013824884792624,1.4057496786117554,1.4057496786117554
20190130_sample_6,Pvalb,1.1627906976744178,1.53851318359375,1.53851318359375
20190130_sample_8,CT,1.4020304568527926,2.778956174850464,2.778956174850464
20190130_sample_9,Sst,1.3373860182370818,1.5756580829620361,1.5756580829620361
20190130_sample_10,Sst,1.250463821892394,1.6220805644989014,1.6220805644989014
20190130_sample_15,Pvalb,1.1310861423220973,1.4190609455108643,1.4190609455108643
20190130_sample_17,Sst,1.2098976109215007,1.5626440048217773,1.5626440048217773
20190130_sample_18,Sst,1.2581120943952804,1.731269359588623,1.731269359588623
20190131_sample_1,Sst,1.115702479338845,1.768802285194397,1.768802285194397
20190131_sample_3,Pvalb,0.991011235955055,2.318099021911621,2.318099021911621
20190131_sample_4,Sst,1.284649776453056,1.1161813735961914,1.1161813735961914
20190131_sample_5,Sst,1.2058823529411764,1.1263670921325684,1.1263670921325684
20190131_sample_6,Sst,1.175531914893616,1.193784236907959,1.193784236907959
20190131_sample_10,Sst,1.205555555555556,1.5096460580825806,1.5096460580825806
20190201_sample_2,Pvalb,0.966963151207116,1.4673775434494019,1.4673775434494019
20190201_sample_3,Pvalb,0.740356083086054,1.404887318611145,1.404887318611145
20190201_sample_4,Pvalb,1.136929460580913,1.1580103635787964,1.1580103635787964
20190201_sample_7,Pvalb,0.8597077244258877,1.7330764532089233,1.7330764532089233
20190201_sample_8,Pvalb,0.3799654576856649,1.4561580419540405,1.4561580419540405
20190201_sample_10,Pvalb,1.1981351981351973,1.3718321323394775,1.3718321323394775
20190204_sample_1,Sst,1.1397984886649866,1.6713114976882935,1.6713114976882935
20190204_sample_2,CT,1.2610722610722611,2.3208930492401123,2.3208930492401123
20190204_sample_4,Sst,1.1059268600252208,1.3593394756317139,1.3593394756317139
20190204_sample_5,Sst,1.0400000000000018,1.5108633041381836,1.5108633041381836
20190204_sample_6,Sst,1.1827411167512696,1.4855443239212036,1.4855443239212036
20190204_sample_7,Pvalb,0.9455621301775152,1.2376270294189453,1.2376270294189453
20190204_sample_8,Pvalb,1.217339667458432,1.5071735382080078,1.5071735382080078
20190204_sample_9,Pvalb,0.896049896049896,1.5530762672424316,1.5530762672424316
20190204_sample_10,Pvalb,0.8422535211267592,1.3049156665802002,1.3049156665802002
20190204_sample_11,Sst,1.0452674897119336,1.5969882011413574,1.5969882011413574
20190204_sample_14,Sst,1.1012931034482762,1.3581050634384155,1.3581050634384155
20190204_sample_15,Sst,1.1035422343324257,1.3865199089050293,1.3865199089050293
20190204_sample_16,Sst,1.1336971350613907,1.4590632915496826,1.4590632915496826
20190204_sample_17,Sst,1.1570397111913349,1.7885117530822754,1.7885117530822754
20190204_sample_18,Sst,1.0788804071246831,1.3743247985839844,1.3743247985839844
20190204_sample_19,low quality,1.154427645788337,2.9072046279907227,2.9072046279907227
20190204_sample_20,low quality,1.161904761904762,1.9008835554122925,1.9008835554122925
20190204_sample_21,Pvalb,0.922206506364922,1.5849000215530396,1.5849000215530396
20190204_sample_22,IT,5.28449848024316,1.8603416681289673,1.8603416681289673
20190204_sample_24,CT,1.3173384516954576,2.5407872200012207,2.5407872200012207
20190205_sample_1,Pvalb,1.1176470588235288,1.558056116104126,1.558056116104126
20190205_sample_2,Sst,1.1999999999999984,1.3839114904403687,1.3839114904403687
20190205_sample_3,low quality,1.182044887780548,1.9424874782562256,1.9424874782562256
20190205_sample_4,Sst,1.076726342710998,1.449558138847351,1.449558138847351
20190205_sample_5,Sst,1.12396694214876,1.7239943742752075,1.7239943742752075
20190205_sample_6,Sst,1.0813356164383554,1.2482157945632935,1.2482157945632935
20190205_sample_7,Pvalb,1.057347670250895,0.8075734376907349,0.8075734376907349
20190211_sample_1,Pvalb,1.1990291262135926,1.4707872867584229,1.4707872867584229
20190211_sample_2,IT,11.856459330143572,2.6721582412719727,2.6721582412719727
20190211_sample_3,Pvalb,1.2738095238095266,0.9652524590492249,0.9652524590492249
20190211_sample_4,IT,6.789473684210516,2.913872003555298,2.913872003555298
20190211_sample_6,Pvalb,1.0509803921568637,1.3016384840011597,1.3016384840011597
20190211_sample_8,Pvalb,1.1852861035422344,1.8274364471435547,1.8274364471435547
20190211_sample_9,Pvalb,1.1311475409836058,1.1025395393371582,1.1025395393371582
20190211_sample_11,Pvalb,1.145593869731801,1.876670002937317,1.876670002937317
20190211_sample_12,low quality,1.2077562326869808,2.0171217918395996,2.0171217918395996
20190212_sample_1,Sst,1.339999999999998,1.2447538375854492,1.2447538375854492
20190212_sample_4,Sst,1.317567567567568,1.8446221351623535,1.8446221351623535
20190212_sample_5,Sst,1.0652173913043494,1.407462239265442,1.407462239265442
20190212_sample_6,Sst,1.2420494699646645,1.3611154556274414,1.3611154556274414
20190212_sample_7,Sst,1.1311475409836058,1.620545744895935,1.620545744895935
20190212_sample_8,Sst,1.217741935483872,1.2810320854187012,1.2810320854187012
20190213_sample_1,Pvalb,1.4624697336561747,1.6508328914642334,1.6508328914642334
20190213_sample_4,Pvalb,0.9129554655870444,1.3211913108825684,1.3211913108825684
20190213_sample_7,Pvalb,1.2097264437689967,1.2281465530395508,1.2281465530395508
20190213_sample_8,Pvalb,1.0650759219088926,1.308224081993103,1.308224081993103
20190214_sample_1,Pvalb,1.204545454545452,1.329826831817627,1.329826831817627
20190214_sample_2,Pvalb,0.9365482233502532,1.2989845275878906,1.2989845275878906
20190214_sample_3,Pvalb,1.1354166666666647,1.4521578550338745,1.4521578550338745
20190214_sample_6,Pvalb,1.138613861386138,2.1915016174316406,2.1915016174316406
20190214_sample_9,Pvalb,1.1456692913385822,1.359066128730774,1.359066128730774
20190218_sample_3,Sst,1.210989010989011,1.5346379280090332,1.5346379280090332
20190218_sample_4,Sst,1.305555555555554,1.3495116233825684,1.3495116233825684
20190218_sample_5,Sst,1.123222748815167,1.4305849075317383,1.4305849075317383
20190219_sample_1,Vip,1.8271954674220947,1.5112080574035645,1.5112080574035645
20190219_sample_3,Sncg,1.462686567164179,1.7922393083572388,1.7922393083572388
20190219_sample_4,Vip,1.5405405405405388,1.7465202808380127,1.7465202808380127
20190219_sample_7,Vip,1.367346938775512,1.8804843425750732,1.8804843425750732
20190219_sample_8,IT,6.014084507042255,2.4781129360198975,2.4781129360198975
20190221_sample_1,Sst,1.016438356164384,1.3000409603118896,1.3000409603118896
20190221_sample_2,Sst,1.2351973684210529,1.704926609992981,1.704926609992981
20190221_sample_4,Sst,1.0673813169984696,1.3941457271575928,1.3941457271575928
20190221_sample_10,Sst,1.0488599348534215,0.9829484224319458,0.9829484224319458
20190221_sample_11,Pvalb,1.1750000000000005,0.6831642389297485,0.6831642389297485
20190222_sample_2,CT,1.4138240574506291,2.54231595993042,2.54231595993042
20190222_sample_3,IT,9.0561797752809,2.9004433155059814,2.9004433155059814
20190222_sample_4,CT,1.3789764868603045,2.0843560695648193,2.0843560695648193
20190222_sample_5,CT,1.4204425711275022,2.643066644668579,2.643066644668579
20190222_sample_7,Vip,1.20164609053498,1.5495562553405762,1.5495562553405762
20190222_sample_8,IT,1.4632218844984803,2.969252586364746,2.969252586364746
20190226_sample_1,Pvalb,1.0208333333333337,1.428057312965393,1.428057312965393
20190226_sample_2,Lamp5,1.2602503236944325,1.5076658725738525,1.5076658725738525
20190226_sample_3,CT,1.237299246148803,0.7977442741394043,0.7977442741394043
20190226_sample_5,IT,6.6133720930232585,3.04838228225708,3.04838228225708
20190226_sample_6,IT,1.1797274275979557,2.3864731788635254,2.3864731788635254
20190226_sample_7,Lamp5,1.5557809330628802,1.6161378622055054,1.6161378622055054
20190226_sample_9,Pvalb,1.1349999999999978,1.1690542697906494,1.1690542697906494
20190227_sample_1,Sst,1.071428571428573,1.5421775579452515,1.5421775579452515
20190227_sample_2,Sst,1.1784702549575066,1.0268852710723877,1.0268852710723877
20190227_sample_3,Sst,1.5588235294117634,1.4086881875991821,1.4086881875991821
20190227_sample_4,Sst,1.2260111022997613,1.3514080047607422,1.3514080047607422
20190227_sample_5,Sst,1.1033210332103318,1.2877459526062012,1.2877459526062012
20190227_sample_6,Sst,1.067510548523207,1.5793826580047607,1.5793826580047607
20190227_sample_7,Pvalb,1.1784037558685454,1.1646264791488647,1.1646264791488647
20190318_sample_3,Sst,1.4270270270270276,1.1842113733291626,1.1842113733291626
20190318_sample_4,Sst,1.1438127090301002,0.7040010690689087,0.7040010690689087
20190318_sample_5,Sst,0.7521367521367532,1.0177732706069946,1.0177732706069946
20190318_sample_6,Sst,1.504155124653738,1.1333463191986084,1.1333463191986084
20190320_sample_4,IT,2.055555555555553,2.7853076457977295,2.7853076457977295
20190320_sample_5,CT,1.4291091593475542,1.7785799503326416,1.7785799503326416
20190320_sample_6,CT,1.6565507031828277,2.1976704597473145,2.1976704597473145
20190320_sample_9,IT,1.7961165048543677,2.524414300918579,2.524414300918579
20190321_sample_2,low quality,1.2870886075949368,2.7389168739318848,2.7389168739318848
20190321_sample_4,IT,2.218167701863354,3.114854335784912,3.114854335784912
20190321_sample_6,CT,1.6656686626746515,2.611330032348633,2.611330032348633
20190322_sample_1,IT,2.308843537414965,2.7518749237060547,2.7518749237060547
20190322_sample_2,IT,5.431095406360426,3.1190919876098633,3.1190919876098633
20190322_sample_4,CT,1.411337209302326,1.6770730018615723,1.6770730018615723
20190325_sample_1,Lamp5,1.3951849677040518,1.4045079946517944,1.4045079946517944
20190325_sample_2,low quality,1.1862745098039218,1.8548684120178223,1.8548684120178223
20190325_sample_3,IT,1.173960021609941,2.926203727722168,2.926203727722168
20190325_sample_4,CT,1.2230070635721502,3.1737494468688965,3.1737494468688965
20190325_sample_5,CT,1.6738305941845766,2.9777841567993164,2.9777841567993164
20190325_sample_6,CT,1.558904109589041,2.4736804962158203,2.4736804962158203
20190325_sample_7,IT,1.3843373493975906,2.716947078704834,2.716947078704834
20190325_sample_9,CT,1.5286343612334805,1.861328363418579,1.861328363418579
20190326_sample_1,CT,2.043801652892561,2.6406118869781494,2.6406118869781494
20190326_sample_2,Vip,3.313793103448276,1.4363696575164795,1.4363696575164795
20190326_sample_3,Vip,4.036036036036035,1.3177168369293213,1.3177168369293213
20190326_sample_4,CT,1.80701754385965,2.3063735961914062,2.3063735961914062
20190327_sample_1,CT,1.5096188747731396,2.1921093463897705,2.1921093463897705
20190327_sample_2,IT,4.48031496062992,2.985750198364258,2.985750198364258
20190327_sample_4,CT,1.6558823529411757,2.584467887878418,2.584467887878418
20190327_sample_7,Vip,1.5202020202020203,1.419978141784668,1.419978141784668
20190328_sample_1,CT,1.5066371681415924,1.7773514986038208,1.7773514986038208
20190328_sample_3,CT,1.4378818737270855,2.483180522918701,2.483180522918701
20190328_sample_4,CT,1.7708592777085934,3.149200439453125,3.149200439453125
20190328_sample_6,CT,1.4272363150867815,2.145888566970825,2.145888566970825
20190328_sample_8,IT,1.4927953890489918,3.359633684158325,3.359633684158325
20190328_sample_9,CT,1.220082530949106,1.1589651107788086,1.1589651107788086
20190329_sample_3,CT,1.3816884661117714,2.8339247703552246,2.8339247703552246
20190329_sample_4,CT,1.430025445292621,2.6646170616149902,2.6646170616149902
20190329_sample_5,CT,1.4618040569702206,2.5629196166992188,2.5629196166992188
20190402_sample_2,CT,1.4119760479041914,2.4324474334716797,2.4324474334716797
20190402_sample_3,IT,1.669683257918554,2.3003783226013184,2.3003783226013184
20190402_sample_5,low quality,1.4693069306930702,1.7125084400177002,1.7125084400177002
20190402_sample_6,Vip,1.524590163934428,1.792393684387207,1.792393684387207
20190403_sample_3,low quality,1.3467078189300403,1.8419946432113647,1.8419946432113647
20190403_sample_5,IT,1.3571428571428523,3.0441412925720215,3.0441412925720215
20190403_sample_6,Sst,1.2792607802874736,1.070863962173462,1.070863962173462
20190403_sample_7,Sst,1.250000000000002,1.2595624923706055,1.2595624923706055
20190408_sample_1,Pvalb,0.9685393258426964,1.2774723768234253,1.2774723768234253
20190408_sample_2,Sst,1.0353403141361257,1.7854046821594238,1.7854046821594238
20190408_sample_5,Sst,1.4682779456193376,0.8238599300384521,0.8238599300384521
20190408_sample_6,Sst,1.0328871892925433,1.7098486423492432,1.7098486423492432
20190409_sample_2,low quality,1.0813835198372324,2.003657102584839,2.003657102584839
20190409_sample_3,low quality,1.2849284928492843,2.5009961128234863,2.5009961128234863
20190409_sample_4,Sst,1.1144708423326133,1.3771026134490967,1.3771026134490967
20190409_sample_5,CT,1.24274593064402,2.434499740600586,2.434499740600586
20190409_sample_7,Sst,0.9183673469387758,1.6888947486877441,1.6888947486877441
20190409_sample_8,CT,1.534713763702801,2.5219430923461914,2.5219430923461914
20190409_sample_9,IT,2.05936073059361,2.864872455596924,2.864872455596924
20190409_sample_10,CT,1.560902255639098,2.3500308990478516,2.3500308990478516
20190409_sample_11,IT,6.125401929260447,2.7129712104797363,2.7129712104797363
20190410_sample_3,CT,5.830188679245282,2.5292341709136963,2.5292341709136963
20190410_sample_4,Sst,1.3409090909090908,1.6642837524414062,1.6642837524414062
20190410_sample_6,IT,1.9684893419833167,2.8840737342834473,2.8840737342834473
20190410_sample_7,CT,1.7111111111111112,2.9052090644836426,2.9052090644836426
20190410_sample_10,CT,2.236876929863256,1.8383464813232422,1.8383464813232422
20190411_sample_1,CT,2.018229166666666,2.358914852142334,2.358914852142334
20190411_sample_3,low quality,1.1122994652406408,1.7423999309539795,1.7423999309539795
20190411_sample_5,CT,1.3743243243243246,2.1360528469085693,2.1360528469085693
20190411_sample_6,Pvalb,1.150617283950618,1.0441279411315918,1.0441279411315918
20190411_sample_8,CT,1.4071100917431183,2.424736499786377,2.424736499786377
20190412_sample_1,Pvalb,1.020289855072464,1.4443387985229492,1.4443387985229492
20190412_sample_3,IT,4.515021459227471,2.175405502319336,2.175405502319336
20190412_sample_6,Pvalb,1.2773109243697467,1.4848315715789795,1.4848315715789795
20190415_sample_1,Pvalb,1.4203539823008844,0.5433409214019775,0.5433409214019775
20190415_sample_3,CT,1.364810330912026,2.3242743015289307,2.3242743015289307
20190415_sample_4,IT,3.0471841704718425,2.2867579460144043,2.2867579460144043
20190415_sample_6,CT,1.517126148705096,2.576525926589966,2.576525926589966
20190415_sample_8,Sst,1.416167664670659,1.344634771347046,1.344634771347046
20190415_sample_10,IT,2.9927360774818395,2.8431732654571533,2.8431732654571533
20190416_sample_3,CT,1.4797297297297305,2.805204391479492,2.805204391479492
20190416_sample_4,Pvalb,1.2271186440677957,1.4540865421295166,1.4540865421295166
20190416_sample_5,Sst,1.3606557377049164,1.0225887298583984,1.0225887298583984
20190416_sample_6,IT,2.774647887323942,2.872668504714966,2.872668504714966
20190416_sample_7,Sncg,1.2794561933534738,1.5670945644378662,1.5670945644378662
20190416_sample_8,Pvalb,1.1804733727810637,1.0382933616638184,1.0382933616638184
20190416_sample_9,IT,1.6785714285714266,2.9616360664367676,2.9616360664367676
20190416_sample_10,CT,1.5134865134865136,2.016021966934204,2.016021966934204
20190417_sample_2,CT,1.390264730999146,1.962281584739685,1.962281584739685
20190417_sample_3,CT,1.0172143974960874,1.8338948488235474,1.8338948488235474
20190417_sample_4,Sst,1.4322250639386178,1.0389513969421387,1.0389513969421387
20190417_sample_5,Sst,1.0794824399260614,1.5513710975646973,1.5513710975646973
20190417_sample_9,CT,1.4949874686716786,2.395409107208252,2.395409107208252
20190417_sample_10,Sst,1.212461695607763,1.4611928462982178,1.4611928462982178
20190418_sample_2,Sst,1.2443324937027709,2.7063937187194824,2.7063937187194824
20190418_sample_4,CT,1.750680457267283,2.2253684997558594,2.2253684997558594
20190418_sample_5,IT,3.6425781250000018,2.9588027000427246,2.9588027000427246
20190418_sample_7,CT,1.361483820047356,1.5203306674957275,1.5203306674957275
20190418_sample_8,Pvalb,1.2971576227390196,1.826654314994812,1.826654314994812
20190418_sample_9,CT,1.1860276198212836,0.9832057952880859,0.9832057952880859
20190418_sample_10,CT,1.493237150586113,1.987364649772644,1.987364649772644
20190422_sample_1,Pvalb,1.4645390070921993,1.3313645124435425,1.3313645124435425
20190422_sample_4,Pvalb,1.2244897959183676,1.7752866744995117,1.7752866744995117
20190422_sample_5,Pvalb,1.099358974358975,1.3234413862228394,1.3234413862228394
20190422_sample_6,CT,1.3432754880694144,2.768125534057617,2.768125534057617
20190422_sample_7,IT,1.497109826589595,2.721750497817993,2.721750497817993
20190422_sample_8,Pvalb,0.9736070381231692,1.2971078157424927,1.2971078157424927
20190422_sample_10,CT,1.368905243790248,2.1899476051330566,2.1899476051330566
20190423_sample_1,IT,4.425714285714281,2.9616217613220215,2.9616217613220215
20190423_sample_3,CT,1.5687573042462015,2.3756730556488037,2.3756730556488037
20190423_sample_5,CT,1.2564841498559072,1.5499961376190186,1.5499961376190186
20190423_sample_7,CT,1.4095238095238094,2.5623044967651367,2.5623044967651367
20190423_sample_8,Pvalb,1.022222222222222,1.6768509149551392,1.6768509149551392
20190423_sample_10,Pvalb,1.2380952380952392,1.259253740310669,1.259253740310669
20190424_sample_1,CT,1.4412153236459713,3.152841329574585,3.152841329574585
20190424_sample_2,Pvalb,1.1883333333333344,1.0582563877105713,1.0582563877105713
20190424_sample_3,CT,1.4075875486381326,2.4481894969940186,2.4481894969940186
20190424_sample_4,CT,1.708053691275167,2.4962847232818604,2.4962847232818604
20190424_sample_5,CT,1.4402515723270437,2.080711603164673,2.080711603164673
20190424_sample_6,IT,11.42814371257484,3.0127549171447754,3.0127549171447754
20190424_sample_7,Lamp5,2.1269776876267747,0.9119245409965515,0.9119245409965515
20190425_sample_1,IT,5.177419354838709,3.141914129257202,3.141914129257202
20190425_sample_4,Lamp5,1.5827250608272496,1.36838960647583,1.36838960647583
20190425_sample_6,Sst,1.0381282495667228,1.3295999765396118,1.3295999765396118
20190425_sample_7,IT,5.735408560311287,2.537621259689331,2.537621259689331
20190425_sample_8,CT,1.9264,1.1545078754425049,1.1545078754425049
20190425_sample_9,CT,1.374306839186692,1.8535699844360352,1.8535699844360352
20190425_sample_12,CT,1.7019464720194646,2.591960906982422,2.591960906982422
20190425_sample_13,CT,1.3501945525291832,3.0852818489074707,3.0852818489074707
20190425_sample_14,CT,1.3964143426294824,2.2753422260284424,2.2753422260284424
20190425_sample_16,IT,3.3507692307692363,2.828702449798584,2.828702449798584
20190429_sample_1,Pvalb,1.1871657754010712,1.1975553035736084,1.1975553035736084
20190429_sample_4,Pvalb,1.1277173913043472,1.4936219453811646,1.4936219453811646
20190429_sample_5,Pvalb,1.096551724137932,1.2526295185089111,1.2526295185089111
20190429_sample_6,Pvalb,1.0201149425287348,0.804100513458252,0.804100513458252
20190429_sample_7,CT,2.210735586481113,2.8200767040252686,2.8200767040252686
20190430_sample_1,Vip,1.0112044817927175,1.7035051584243774,1.7035051584243774
20190430_sample_3,Vip,1.2488262910798102,1.6984500885009766,1.6984500885009766
20190430_sample_4,Vip,2.7844311377245474,1.5202157497406006,1.5202157497406006
20190430_sample_5,Vip,1.7440273037542662,1.5979706048965454,1.5979706048965454
20190430_sample_6,Vip,1.363414634146343,1.7399325370788574,1.7399325370788574
20190430_sample_7,IT,1.8135593220338928,3.070070266723633,3.070070266723633
20190430_sample_8,Vip,1.2661955241460543,1.9066014289855957,1.9066014289855957
20190430_sample_9,IT,1.844121532364597,2.992554187774658,2.992554187774658
20190430_sample_10,IT,1.6866096866096874,1.959839940071106,1.959839940071106
20190501_sample_1,Vip,1.128279883381923,1.5150442123413086,1.5150442123413086
20190501_sample_3,Vip,1.3264014466546117,0.7774022817611694,0.7774022817611694
20190501_sample_4,Vip,1.2060810810810796,1.1012167930603027,1.1012167930603027
20190501_sample_5,CT,1.6835978835978835,2.608060359954834,2.608060359954834
20190501_sample_6,Vip,2.032258064516129,1.5232083797454834,1.5232083797454834
20190501_sample_7,Pvalb,1.1849056603773576,1.805785059928894,1.805785059928894
20190501_sample_8,Vip,1.5369406867845998,1.686398983001709,1.686398983001709
20190501_sample_9,Pvalb,1.2023809523809523,1.0395106077194214,1.0395106077194214
20190501_sample_11,Pvalb,1.0418848167539267,1.5013070106506348,1.5013070106506348
20190501_sample_12,IT,16.201877934272304,2.842076063156128,2.842076063156128
20190501_sample_14,Pvalb,1.0433070866141745,1.2468719482421875,1.2468719482421875
20190503_sample_1,Vip,1.6030534351145065,1.4319990873336792,1.4319990873336792
20190503_sample_3,Vip,1.304347826086957,1.4003758430480957,1.4003758430480957
20190506_sample_1,Vip,1.1576354679802945,1.3104664087295532,1.3104664087295532
20190506_sample_2,Vip,1.3317972350230396,1.720557451248169,1.720557451248169
20190506_sample_3,Vip,1.348360655737708,1.8721061944961548,1.8721061944961548
20190506_sample_4,CT,1.6011004126547457,2.248317003250122,2.248317003250122
20190506_sample_5,Vip,2.3604060913705536,1.5958287715911865,1.5958287715911865
20190506_sample_6,CT,1.6784140969163004,2.024747610092163,2.024747610092163
20190506_sample_7,Vip,1.0441558441558432,0.6297743320465088,0.6297743320465088
20190507_sample_2,Vip,0.924403183023873,1.9655112028121948,1.9655112028121948
20190507_sample_3,CT,1.687752355316285,2.813054084777832,2.813054084777832
20190507_sample_4,Vip,1.5242718446601933,1.4399386644363403,1.4399386644363403
20190507_sample_5,Vip,1.4444444444444446,0.6555843353271484,0.6555843353271484
20190507_sample_6,Vip,1.4599156118143448,1.3426775932312012,1.3426775932312012
20190508_sample_1,Lamp5,1.643818849449204,1.766365647315979,1.766365647315979
20190508_sample_2,Sst,0.98407960199005,1.3246984481811523,1.3246984481811523
20190508_sample_3,Lamp5,1.2058562555456962,1.5149484872817993,1.5149484872817993
20190508_sample_4,Sst,1.5678756476683926,1.6387771368026733,1.6387771368026733
20190508_sample_5,low quality,1.299058084772371,2.277392864227295,2.277392864227295
20190508_sample_6,Pvalb,1.3211267605633807,1.5011465549468994,1.5011465549468994
20190508_sample_7,Sst,1.4485714285714302,1.2924550771713257,1.2924550771713257
20190509_sample_2,Vip,2.2195121951219523,1.8761909008026123,1.8761909008026123
20190509_sample_3,Lamp5,1.3374485596707812,1.880441665649414,1.880441665649414
20190509_sample_4,Vip,1.241982507288631,1.4629966020584106,1.4629966020584106
20190509_sample_5,Lamp5,1.6036866359446975,1.16225004196167,1.16225004196167
20190509_sample_9,Vip,5.024999999999997,1.3182004690170288,1.3182004690170288
20190513_sample_1,Lamp5,1.4585987261146514,1.8198249340057373,1.8198249340057373
20190513_sample_2,Vip,2.450495049504949,1.597518801689148,1.597518801689148
20190513_sample_3,Vip,1.6388888888888853,1.2937769889831543,1.2937769889831543
20190513_sample_4,Vip,1.3282051282051273,1.5367281436920166,1.5367281436920166
20190513_sample_5,Lamp5,7.674285714285708,1.2485339641571045,1.2485339641571045
20190514_sample_2,Pvalb,1.201754385964914,1.1404680013656616,1.1404680013656616
20190514_sample_4,Lamp5,0.7731290512669415,1.759350061416626,1.759350061416626
20190514_sample_7,Lamp5,1.4189044038668108,1.458286166191101,1.458286166191101
20190514_sample_8,Pvalb,1.1595330739299614,0.7641175985336304,0.7641175985336304
20190515_sample_1,Lamp5,1.0587102983638117,1.3774189949035645,1.3774189949035645
20190515_sample_2,low quality,1.0638297872340408,1.5382354259490967,1.5382354259490967
20190515_sample_3,low quality,1.9102209944751385,2.102919816970825,2.102919816970825
20190515_sample_4,Vip,1.213080168776374,1.850205898284912,1.850205898284912
20190515_sample_5,Lamp5,1.5628517823639765,1.7060356140136719,1.7060356140136719
20190515_sample_6,Vip,1.1735849056603782,1.504711389541626,1.504711389541626
20190515_sample_7,Lamp5,1.945035460992908,1.5936322212219238,1.5936322212219238
20190515_sample_8,Vip,1.5215311004784713,1.747896432876587,1.747896432876587
20190515_sample_9,Lamp5,2.5450928381962865,1.603576421737671,1.603576421737671
20190515_sample_10,Vip,1.1145728643216082,2.032639265060425,2.032639265060425
20190515_sample_11,Lamp5,1.833922261484099,1.4221622943878174,1.4221622943878174
20190515_sample_12,Vip,1.2710526315789472,1.420448899269104,1.420448899269104
20190515_sample_13,Vip,1.328467153284672,1.5466009378433228,1.5466009378433228
20190515_sample_14,Vip,1.405109489051095,1.596534252166748,1.596534252166748
20190515_sample_15,Lamp5,1.318614718614718,1.3752493858337402,1.3752493858337402
20190516_sample_2,Sst,1.3176638176638182,1.7577720880508423,1.7577720880508423
20190516_sample_3,Lamp5,1.5973597359735998,1.465829849243164,1.465829849243164
20190516_sample_4,Sst,1.6924603174603157,1.414894938468933,1.414894938468933
20190516_sample_5,Lamp5,1.4208242950108452,1.3365153074264526,1.3365153074264526
20190516_sample_6,Sst,1.046448087431694,1.426898717880249,1.426898717880249
20190522_sample_1,Lamp5,3.3782383419689106,1.4774419069290161,1.4774419069290161
20190528_sample_2,Vip,1.864864864864864,1.1963361501693726,1.1963361501693726
20190528_sample_4,Vip,1.1928934010152277,1.3948626518249512,1.3948626518249512
20190528_sample_6,Vip,1.617541337167506,1.3426182270050049,1.3426182270050049
20190528_sample_7,Lamp5,2.6728971962616823,1.5812714099884033,1.5812714099884033
20190528_sample_8,Vip,1.225108225108225,1.5752061605453491,1.5752061605453491
20190528_sample_9,Vip,1.5620472120472115,1.299349308013916,1.299349308013916
20190529_sample_2,Vip,1.5511111111111098,1.8192346096038818,1.8192346096038818
20190529_sample_3,Sncg,1.7396298659859604,1.7366162538528442,1.7366162538528442
20190529_sample_6,Vip,1.1799485861182517,1.5093939304351807,1.5093939304351807
20190603_sample_1,Lamp5,1.2104712041884813,1.5056300163269043,1.5056300163269043
20190603_sample_2,Vip,1.7185929648241232,1.5690937042236328,1.5690937042236328
20190603_sample_3,Vip,1.2499999999999991,1.7155791521072388,1.7155791521072388
20190603_sample_4,Vip,1.2534246575342485,1.4815890789031982,1.4815890789031982
20190603_sample_5,Lamp5,1.4537142857142855,1.4939088821411133,1.4939088821411133
20190603_sample_6,Lamp5,2.389873417721517,1.405237078666687,1.405237078666687
20190603_sample_7,Lamp5,1.115508285926292,1.4256343841552734,1.4256343841552734
20190603_sample_9,Sncg,1.5055762081784372,1.5561856031417847,1.5561856031417847
20190603_sample_10,Vip,1.3333333333333326,1.5787582397460938,1.5787582397460938
20190604_sample_2,Pvalb,1.0934065934065924,1.330063819885254,1.330063819885254
20190604_sample_4,Lamp5,1.5252525252525249,1.471871256828308,1.471871256828308
20190604_sample_6,Lamp5,1.0811541929666364,1.5511400699615479,1.5511400699615479
20190604_sample_8,Pvalb,1.111111111111111,1.3832311630249023,1.3832311630249023
20190604_sample_12,IT,2.659836065573768,2.7097105979919434,2.7097105979919434
20190605_sample_1,low quality,1.8934426229508188,2.1260645389556885,2.1260645389556885
20190605_sample_2,Vip,1.2425307557117768,1.574761152267456,1.574761152267456
20190605_sample_4,Vip,1.494163424124512,1.6505184173583984,1.6505184173583984
20190605_sample_5,Lamp5,1.4444444444444449,1.5136845111846924,1.5136845111846924
20190605_sample_6,Vip,1.2282229965156792,1.3839235305786133,1.3839235305786133
20190606_sample_1,Pvalb,1.2979452054794518,1.1801087856292725,1.1801087856292725
20190606_sample_2,Pvalb,1.116477272727271,1.2919085025787354,1.2919085025787354
20190606_sample_3,Pvalb,1.2357414448669226,1.7155916690826416,1.7155916690826416
20190606_sample_5,Pvalb,1.43347847121432,1.5568653345108032,1.5568653345108032
20190606_sample_6,IT,2.315529622980252,3.184908866882324,3.184908866882324
20190606_sample_7,low quality,1.3797468354430351,1.4752976894378662,1.4752976894378662
20190606_sample_9,Sst,1.2481617647058838,1.5932071208953857,1.5932071208953857
20190607_sample_2,Sst,1.2384937238493738,1.2038599252700806,1.2038599252700806
20190607_sample_3,Lamp5,1.3657927590511854,1.3302958011627197,1.3302958011627197
20190607_sample_5,low quality,1.1906693711967544,2.07297682762146,2.07297682762146
20190610_sample_1,Sst,1.0513888888888887,1.1813536882400513,1.1813536882400513
20190610_sample_2,Pvalb,1.3257575757575786,1.3111042976379395,1.3111042976379395
20190610_sample_3,Lamp5,1.1571709233791767,1.0928750038146973,1.0928750038146973
20190610_sample_4,Pvalb,1.548812664907651,1.1968038082122803,1.1968038082122803
20190610_sample_5,low quality,1.3398268398268367,2.0548739433288574,2.0548739433288574
20190610_sample_7,low quality,1.3144963144963144,1.9689500331878662,1.9689500331878662
20190610_sample_8,Pvalb,1.17325800376648,1.5790764093399048,1.5790764093399048
20190610_sample_9,Lamp5,1.0998168498168497,1.691297173500061,1.691297173500061
20190610_sample_10,Pvalb,1.22553191489362,1.3446030616760254,1.3446030616760254
20190610_sample_12,Pvalb,1.3503937007873976,1.176916241645813,1.176916241645813
20190610_sample_16,Lamp5,1.5637982195845692,1.196878433227539,1.196878433227539
20190610_sample_18,Vip,1.3076923076923053,1.5531880855560303,1.5531880855560303
20190611_sample_1,IT,2.9354838709677384,2.1075613498687744,2.1075613498687744
20190611_sample_3,Lamp5,1.4847222222222216,1.5689053535461426,1.5689053535461426
20190611_sample_4,Sst,1.1517128874388245,1.198709487915039,1.198709487915039
20190611_sample_5,low quality,1.50763358778626,1.8272274732589722,1.8272274732589722
20190611_sample_7,Lamp5,1.384615384615385,1.545348048210144,1.545348048210144
20190611_sample_8,Sst,1.506596306068601,1.4444773197174072,1.4444773197174072
20190611_sample_10,Sst,1.3606965174129362,1.1396738290786743,1.1396738290786743
20190611_sample_11,IT,1.0839694656488554,1.6469768285751343,1.6469768285751343
20190611_sample_14,Sncg,1.178947368421054,1.3775190114974976,1.3775190114974976
20190611_sample_15,Lamp5,1.657308809293321,1.4388021230697632,1.4388021230697632
20190612_sample_1,Lamp5,1.3081395348837213,1.0324163436889648,1.0324163436889648
20190612_sample_2,Pvalb,1.4809523809523792,1.139503002166748,1.139503002166748
20190612_sample_4,Vip,1.8350515463917496,1.7285540103912354,1.7285540103912354
20190612_sample_6,Pvalb,1.3852140077821031,1.3236801624298096,1.3236801624298096
20190612_sample_7,Lamp5,1.2672974571259603,1.3897457122802734,1.3897457122802734
20190612_sample_8,Lamp5,1.483419307295505,0.6908050775527954,0.6908050775527954
20190613_sample_2,Sst,1.1569148936170213,1.440101146697998,1.440101146697998
20190613_sample_3,Sst,1.2678571428571406,1.3464348316192627,1.3464348316192627
20190613_sample_4,Sst,1.1551246537396127,1.4053221940994263,1.4053221940994263
20190613_sample_6,Pvalb,1.0686695278969964,1.1657204627990723,1.1657204627990723
20190613_sample_7,Sst,1.0431472081218274,1.0439479351043701,1.0439479351043701
20190613_sample_8,Pvalb,1.057291666666666,0.8990224599838257,0.8990224599838257
20190613_sample_9,Sst,1.5381231671554243,1.7332735061645508,1.7332735061645508
20190613_sample_10,Sst,1.5288753799392107,0.2832512855529785,0.2832512855529785
20190614_sample_2,Vip,1.342372881355933,1.4243459701538086,1.4243459701538086
20190614_sample_3,Lamp5,1.395505617977528,0.7148318290710449,0.7148318290710449
20190614_sample_4,Vip,1.818750000000005,1.6534628868103027,1.6534628868103027
20190614_sample_6,Vip,1.4559386973180108,1.5859512090682983,1.5859512090682983
20190614_sample_8,Vip,1.2547169811320746,1.4900954961776733,1.4900954961776733
20190617_sample_1,Lamp5,1.2731607629427797,1.8016433715820312,1.8016433715820312
20190617_sample_2,CT,1.5043554006968636,2.930366039276123,2.930366039276123
20190617_sample_3,Sst,1.2560240963855411,1.622058391571045,1.622058391571045
20190617_sample_4,Sst,1.0974808324205914,1.1279041767120361,1.1279041767120361
20190617_sample_5,Sncg,1.5684210526315816,1.3844164609909058,1.3844164609909058
20190617_sample_6,Sst,1.378172588832487,1.7750078439712524,1.7750078439712524
20190618_sample_1,low quality,1.5663366336633668,1.9439661502838135,1.9439661502838135
20190618_sample_2,Vip,1.5779467680608388,1.7087562084197998,1.7087562084197998
20190618_sample_4,Vip,1.429640718562875,1.2900583744049072,1.2900583744049072
20190618_sample_5,Vip,1.7773109243697482,1.465425729751587,1.465425729751587
20190618_sample_7,Lamp5,1.5113636363636356,1.4195787906646729,1.4195787906646729
20190618_sample_8,Lamp5,2.3431372549019605,1.5320305824279785,1.5320305824279785
20190619_sample_1,Lamp5,1.6762661370407146,1.723191499710083,1.723191499710083
20190619_sample_3,Pvalb,1.2823834196891173,1.1478540897369385,1.1478540897369385
20190619_sample_4,Pvalb,1.4214876033057833,1.8868707418441772,1.8868707418441772
20190619_sample_5,Pvalb,0.9504748982360922,0.289534330368042,0.289534330368042
20190619_sample_6,Lamp5,1.6480075901328282,1.3047466278076172,1.3047466278076172
20190620_sample_1,Lamp5,1.163870967741936,1.4334821701049805,1.4334821701049805
20190620_sample_2,Sst,1.2923832923832923,1.2085107564926147,1.2085107564926147
20190620_sample_5,Sst,1.2264984227129334,1.3277337551116943,1.3277337551116943
20190620_sample_6,Sst,1.1432664756446993,1.3415533304214478,1.3415533304214478
20190620_sample_8,Pvalb,1.1683168316831682,1.3642326593399048,1.3642326593399048
20190624_sample_1,Sst,1.2604166666666656,1.4985229969024658,1.4985229969024658
20190624_sample_2,Sst,1.460835509138381,1.7737762928009033,1.7737762928009033
20190624_sample_3,Sst,1.052486187845305,1.5557594299316406,1.5557594299316406
20190624_sample_4,Pvalb,1.1676082862523551,1.2623225450515747,1.2623225450515747
20190624_sample_5,Sst,1.1576576576576565,1.410754680633545,1.410754680633545
20190624_sample_6,Sst,1.3316062176165795,1.316763997077942,1.316763997077942
20190625_sample_1,Vip,1.7734939759036137,1.886565089225769,1.886565089225769
20190625_sample_2,low quality,1.7044943820224725,1.826775312423706,1.826775312423706
20190625_sample_3,Vip,1.081433224755698,1.4928810596466064,1.4928810596466064
20190625_sample_4,Vip,1.5264423076923048,1.651949167251587,1.651949167251587
20190625_sample_5,Vip,1.4238410596026476,1.6675450801849365,1.6675450801849365
20190625_sample_6,Lamp5,1.4140625000000002,1.493186116218567,1.493186116218567
20190625_sample_7,Vip,1.304347826086954,1.7565239667892456,1.7565239667892456
20190625_sample_8,Vip,1.3717277486910984,1.8177834749221802,1.8177834749221802
20190625_sample_10,Vip,0.9971537001897536,1.4854332208633423,1.4854332208633423
20190625_sample_11,Vip,1.4448979591836737,1.4613285064697266,1.4613285064697266
20190625_sample_12,Vip,1.6752577319587638,1.78253173828125,1.78253173828125
20190625_sample_13,Vip,4.146666666666663,1.4657530784606934,1.4657530784606934
20190626_sample_1,Vip,2.038793103448274,1.5696601867675781,1.5696601867675781
20190626_sample_4,low quality,1.234251968503938,1.9639980792999268,1.9639980792999268
20190626_sample_5,Vip,1.6623376623376624,1.6104588508605957,1.6104588508605957
20190627_sample_1,CT,1.2534113060428855,2.063703775405884,2.063703775405884
20190627_sample_2,Lamp5,1.6918918918918913,1.371619462966919,1.371619462966919
20190627_sample_4,NP,1.1608391608391615,1.906127691268921,1.906127691268921
20190627_sample_6,Pvalb,1.2132701421800942,1.3032861948013306,1.3032861948013306
20190627_sample_8,IT,2.5807770961145198,2.437171459197998,2.437171459197998
20190628_sample_1,Sst,1.3991323210412132,1.4915411472320557,1.4915411472320557
20190628_sample_2,Pvalb,1.509146341463411,1.4818799495697021,1.4818799495697021
20190628_sample_3,Sst,1.2008928571428583,1.5773255825042725,1.5773255825042725
20190628_sample_4,Sst,1.3115107913669064,1.6226911544799805,1.6226911544799805
20190628_sample_5,Sst,1.2544802867383509,1.6447162628173828,1.6447162628173828
20190628_sample_6,Pvalb,1.2018348623853212,1.2286577224731445,1.2286577224731445
20190628_sample_7,Sst,1.4423717521652235,1.3892536163330078,1.3892536163330078
20190703_sample_1,Pvalb,1.1241379310344826,1.206119179725647,1.206119179725647
20190703_sample_2,Pvalb,1.1964735516372784,1.3164379596710205,1.3164379596710205
20190703_sample_3,Pvalb,1.0416253716551052,1.797563076019287,1.797563076019287
20190703_sample_5,Pvalb,1.1292134831460692,1.193640947341919,1.193640947341919
20190703_sample_6,Pvalb,1.3185840707964611,0.2578263282775879,0.2578263282775879
20190703_sample_8,Pvalb,1.0906801007556672,1.4681708812713623,1.4681708812713623
20190703_sample_10,Pvalb,1.0791666666666664,0.47798585891723633,0.47798585891723633
20190703_sample_12,Pvalb,1.0302375809935216,1.2509111166000366,1.2509111166000366
20190703_sample_13,Sst,0.6248062015503874,1.4987189769744873,1.4987189769744873
20190703_sample_14,low quality,1.4907063197026058,2.1034388542175293,2.1034388542175293
20190703_sample_15,Sst,1.5921568627450997,1.362499713897705,1.362499713897705
20190704_sample_2,Sst,1.2279293739967905,1.5724081993103027,1.5724081993103027
20190704_sample_12,Vip,1.8190127970749532,1.7602694034576416,1.7602694034576416
20190704_sample_14,Vip,1.0858725761772847,1.396040916442871,1.396040916442871
20190705_sample_1,Vip,1.353413654618475,1.613058090209961,1.613058090209961
20190705_sample_3,Vip,1.4881355932203395,1.587066650390625,1.587066650390625
20190705_sample_4,Vip,1.5357142857142825,1.648566484451294,1.648566484451294
20190705_sample_5,Vip,3.1710526315789527,1.7324481010437012,1.7324481010437012
20190705_sample_9,Vip,1.5758564437194131,1.914431095123291,1.914431095123291
20190708_sample_3,low quality,1.1543624161073858,1.8144030570983887,1.8144030570983887
20190708_sample_4,Pvalb,1.1178247734138966,1.298633337020874,1.298633337020874
20190708_sample_6,Vip,1.7740112994350312,1.6578059196472168,1.6578059196472168
20190708_sample_7,Vip,1.0918367346938789,1.6475526094436646,1.6475526094436646
20190708_sample_8,IT,1.772329246935201,2.9944400787353516,2.9944400787353516
20190708_sample_12,Vip,1.3737373737373726,1.780250072479248,1.780250072479248
20190709_sample_1,Vip,1.554092191909689,1.432767391204834,1.432767391204834
20190709_sample_2,Vip,1.5573248407643343,1.9131615161895752,1.9131615161895752
20190709_sample_3,Vip,1.5431309904153354,1.5795869827270508,1.5795869827270508
20190709_sample_8,Sncg,1.671875000000001,1.6771011352539062,1.6771011352539062
20190709_sample_10,Vip,1.6857142857142862,1.6953470706939697,1.6953470706939697
20190709_sample_11,Vip,1.0661938534278956,1.7059106826782227,1.7059106826782227
20190709_sample_12,Vip,1.2020997375328093,1.7202012538909912,1.7202012538909912
20190709_sample_13,Vip,1.2440476190476173,1.6685688495635986,1.6685688495635986
20190709_sample_14,Vip,1.292592592592592,1.7187355756759644,1.7187355756759644
20190710_sample_3,Sst,1.171189979123172,1.6026915311813354,1.6026915311813354
20190710_sample_4,Sst,1.1943319838056663,1.626280426979065,1.626280426979065
20190710_sample_5,Sst,1.1158088235294137,1.2873444557189941,1.2873444557189941
20190710_sample_6,Sst,1.4285714285714304,1.362127661705017,1.362127661705017
20190710_sample_8,Vip,1.1611721611721622,1.395230770111084,1.395230770111084
20190710_sample_10,Vip,1.0462427745664742,1.684468150138855,1.684468150138855
20190712_sample_1,CT,1.3762962962962966,2.925264835357666,2.925264835357666
20190712_sample_3,Sst,1.2356164383561632,1.3453439474105835,1.3453439474105835
20190712_sample_4,low quality,1.2005813953488382,2.0903213024139404,2.0903213024139404
20190712_sample_5,Lamp5,2.0331384015594547,1.097362756729126,1.097362756729126
20190712_sample_6,Lamp5,1.2277353689567434,2.223590850830078,2.223590850830078
20190712_sample_7,Lamp5,1.8377777777777773,1.2543799877166748,1.2543799877166748
20190715_sample_1,Lamp5,1.489254108723135,1.3460426330566406,1.3460426330566406
20190715_sample_4,Lamp5,1.2674581005586592,1.1025400161743164,1.1025400161743164
20190715_sample_5,Vip,1.2123893805309722,1.6175838708877563,1.6175838708877563
20190715_sample_6,Lamp5,1.71047227926078,1.3052979707717896,1.3052979707717896
20190715_sample_7,Vip,0.910739191073918,1.1998531818389893,1.1998531818389893
20190715_sample_8,Lamp5,1.4089609151572924,1.1098132133483887,1.1098132133483887
20190715_sample_9,Vip,1.5298804780876516,1.5712158679962158,1.5712158679962158
20190715_sample_10,Sncg,1.6490963855421696,1.6706993579864502,1.6706993579864502
20190715_sample_11,Lamp5,1.3088635127786834,0.9939360618591309,0.9939360618591309
20190716_sample_1,low quality,1.1538461538461524,0.8486858606338501,0.8486858606338501
20190716_sample_3,Sst,1.5922844175491675,1.5701905488967896,1.5701905488967896
20190716_sample_5,Sst,1.1952662721893492,1.122488021850586,1.122488021850586
20190716_sample_7,Vip,1.5150501672240826,1.5969569683074951,1.5969569683074951
20190716_sample_8,Lamp5,1.6248962655601658,1.2278647422790527,1.2278647422790527
20190716_sample_9,Vip,1.5298507462686557,1.3063149452209473,1.3063149452209473
20190717_sample_1,Sst,1.251879699248119,1.578855276107788,1.578855276107788
20190717_sample_2,Sst,1.2620041753653437,1.7102762460708618,1.7102762460708618
20190717_sample_3,Sst,1.2440758293838878,1.6772325038909912,1.6772325038909912
20190718_sample_1,Vip,1.7163947163947155,1.2908796072006226,1.2908796072006226
20190718_sample_2,CT,1.0977653631284925,1.811158537864685,1.811158537864685
20190718_sample_3,CT,1.3506637168141586,2.174222707748413,2.174222707748413
20190718_sample_4,Vip,1.4759825327510934,1.2839161157608032,1.2839161157608032
20190718_sample_5,Vip,1.446194225721786,1.2267652750015259,1.2267652750015259
20190718_sample_6,Vip,1.3823529411764692,1.21840500831604,1.21840500831604
20190718_sample_7,Vip,2.7526427061310748,1.5621227025985718,1.5621227025985718
20190718_sample_8,Vip,1.7766497461928887,1.4342491626739502,1.4342491626739502
20190718_sample_9,Vip,1.1773255813953487,2.0397770404815674,2.0397770404815674
20190719_sample_1,CT,1.308333333333334,2.500105381011963,2.500105381011963
20190719_sample_2,IT,1.370165745856356,2.7933688163757324,2.7933688163757324
20190719_sample_4,IT,2.8829113924050667,2.865581512451172,2.865581512451172
20190719_sample_5,IT,2.1877394636015315,2.977667808532715,2.977667808532715
20190719_sample_6,IT,1.04565868263473,2.8480682373046875,2.8480682373046875
20190719_sample_9,IT,2.0580204778157034,2.800001382827759,2.800001382827759
20190719_sample_10,IT,1.3972257250945774,2.963061809539795,2.963061809539795
20190722_sample_1,CT,1.20617816091954,2.4977424144744873,2.4977424144744873
20190722_sample_6,CT,1.2068965517241377,2.6821250915527344,2.6821250915527344
20190722_sample_7,low quality,1.3389544688026982,2.2500271797180176,2.2500271797180176
20190722_sample_8,low quality,1.2212230215827338,2.6361308097839355,2.6361308097839355
20190724_sample_1,Vip,1.3662420382165592,1.8269723653793335,1.8269723653793335
20190724_sample_2,CT,1.4972477064220175,2.1096832752227783,2.1096832752227783
20190724_sample_4,Vip,1.283400809716597,1.6908788681030273,1.6908788681030273
20190724_sample_5,Vip,1.3285714285714263,1.4252632856369019,1.4252632856369019
20190724_sample_6,IT,1.5092592592592595,1.9968217611312866,1.9968217611312866
20190724_sample_9,Vip,1.2749003984063758,1.5426751375198364,1.5426751375198364
20190724_sample_10,Vip,1.3883299798792756,1.7239271402359009,1.7239271402359009
20190724_sample_12,Vip,1.4106666666666676,1.7513083219528198,1.7513083219528198
20190724_sample_16,low quality,1.336054421768708,2.0921106338500977,2.0921106338500977
20190725_sample_1,Vip,1.2952029520295183,1.5055384635925293,1.5055384635925293
20190725_sample_3,Vip,5.357512953367873,1.8139680624008179,1.8139680624008179
20190725_sample_4,Sst,1.1390820584144643,0.6046850681304932,0.6046850681304932
20190725_sample_5,CT,1.3955119214586251,2.3643627166748047,2.3643627166748047
20190725_sample_6,Vip,1.4561855670103074,1.3853204250335693,1.3853204250335693
20190725_sample_7,Vip,3.9144385026737982,1.4581080675125122,1.4581080675125122
20190725_sample_8,Vip,4.784810126582272,1.7262405157089233,1.7262405157089233
20190725_sample_9,Vip,1.3030303030303036,1.4022032022476196,1.4022032022476196
20190725_sample_10,low quality,1.0924369747899152,2.002467632293701,2.002467632293701
20190726_sample_1,Lamp5,1.5019498607242343,1.3534321784973145,1.3534321784973145
20190726_sample_2,Pvalb,1.269503546099291,2.080946207046509,2.080946207046509
20190726_sample_3,Lamp5,1.5275590551181109,1.3011183738708496,1.3011183738708496
20190726_sample_4,IT,1.8820754716981127,2.9113028049468994,2.9113028049468994
20190726_sample_5,Lamp5,1.9148580968280464,1.2936819791793823,1.2936819791793823
20190726_sample_6,Sst,1.1650165016501663,1.0032914876937866,1.0032914876937866
20190726_sample_7,Lamp5,1.4234234234234229,1.106392741203308,1.106392741203308
20190729_sample_2,Sst,1.5589887640449434,1.5122058391571045,1.5122058391571045
20190729_sample_3,Sst,1.3631961259079906,1.5278522968292236,1.5278522968292236
20190729_sample_5,Pvalb,1.2419753086419776,1.246948003768921,1.246948003768921
20190730_sample_1,Vip,1.0103448275862066,1.8762389421463013,1.8762389421463013
20190730_sample_2,Vip,1.3252032520325197,1.6251739263534546,1.6251739263534546
20190730_sample_5,Vip,1.0534759358288794,1.7632521390914917,1.7632521390914917
20190730_sample_6,Vip,1.2549019607843128,1.7544126510620117,1.7544126510620117
20190730_sample_7,Vip,2.049469964664309,1.5370087623596191,1.5370087623596191
20190730_sample_9,Lamp5,1.2563429571303582,1.572540283203125,1.572540283203125
20190731_sample_1,Pvalb,0.9757869249394676,1.3226318359375,1.3226318359375
20190731_sample_2,Lamp5,1.1293375394321767,1.5790798664093018,1.5790798664093018
20190731_sample_3,low quality,1.1793611793611802,2.09462833404541,2.09462833404541
20190731_sample_4,Vip,2.0163934426229484,1.5177645683288574,1.5177645683288574
20190731_sample_5,Pvalb,1.122840690978887,1.6443384885787964,1.6443384885787964
20190731_sample_6,low quality,1.251783893985729,2.375905990600586,2.375905990600586
20190731_sample_8,Pvalb,1.122840690978887,1.1343319416046143,1.1343319416046143
20190801_sample_1,IT,1.9158878504672867,3.217801332473755,3.217801332473755
20190801_sample_2,Sst,1.1963696369636958,1.2995449304580688,1.2995449304580688
20190801_sample_3,Sst,1.0588235294117632,1.2368268966674805,1.2368268966674805
20190801_sample_4,Sst,1.32666666666667,1.793205738067627,1.793205738067627
20190801_sample_7,Sst,0.9699499165275466,1.248321294784546,1.248321294784546
20190801_sample_8,low quality,1.412892696858425,2.4457459449768066,2.4457459449768066
20190820_sample_1,Sst,1.647164179104477,1.2524068355560303,1.2524068355560303
20190820_sample_2,CT,1.6227951153324296,2.1255674362182617,2.1255674362182617
20190820_sample_3,Pvalb,1.0517038777908354,1.7735384702682495,1.7735384702682495
20190820_sample_5,Sst,1.256410256410258,1.5221047401428223,1.5221047401428223
20190820_sample_6,CT,1.3459999999999996,3.2540054321289062,3.2540054321289062
20190821_sample_1,IT,3.527777777777779,2.5564050674438477,2.5564050674438477
20190821_sample_2,IT,1.3190476190476212,3.0772509574890137,3.0772509574890137
20190821_sample_3,CT,1.350194552529182,2.520179271697998,2.520179271697998
20190821_sample_4,IT,1.6358974358974363,3.1801388263702393,3.1801388263702393
20190821_sample_5,IT,3.77937649880096,2.848318099975586,2.848318099975586
20190821_sample_6,IT,10.022346368715104,2.988219976425171,2.988219976425171
20190821_sample_7,IT,1.3659793814433,2.682342290878296,2.682342290878296
20190823_sample_1,IT,9.252427184466022,2.82507586479187,2.82507586479187
20190823_sample_3,Pvalb,1.2467811158798296,1.4525092840194702,1.4525092840194702
20190823_sample_5,low quality,1.4450923226433432,2.203770637512207,2.203770637512207
20190823_sample_6,IT,1.711171662125336,2.7584033012390137,2.7584033012390137
20190823_sample_7,IT,1.3925619834710743,3.0630884170532227,3.0630884170532227
20190827_sample_1,Sst,1.116809116809115,1.630656361579895,1.630656361579895
20190827_sample_2,low quality,8.241525423728813,2.551093339920044,2.551093339920044
20190827_sample_3,Sst,1.5158371040723977,1.4107571840286255,1.4107571840286255
20190827_sample_4,Sst,1.51851851851852,1.6836403608322144,1.6836403608322144
20190827_sample_5,CT,6.624113475177297,2.1222922801971436,2.1222922801971436
20190827_sample_6,Sst,1.3693693693693678,0.9306445717811584,0.9306445717811584
20190827_sample_7,Pvalb,1.2581775700934583,1.2559559345245361,1.2559559345245361
20190827_sample_8,Sst,1.129129129129129,1.791738510131836,1.791738510131836
20190827_sample_9,Sst,1.272727272727273,1.4990898370742798,1.4990898370742798
20190828_sample_1,Vip,1.9023255813953512,1.6795144081115723,1.6795144081115723
20190828_sample_3,Vip,1.1450980392156858,1.5254333019256592,1.5254333019256592
20190828_sample_4,Vip,1.2377358490566015,1.68744957447052,1.68744957447052
20190828_sample_5,Vip,1.0516304347826104,1.7064040899276733,1.7064040899276733
20190828_sample_6,Vip,1.559259259259258,1.8299897909164429,1.8299897909164429
20190828_sample_7,Vip,1.348993288590601,1.3392137289047241,1.3392137289047241
20190829_sample_1,low quality,1.4102564102564097,2.346311330795288,2.346311330795288
20190829_sample_2,Lamp5,1.981790591805766,1.6658813953399658,1.6658813953399658
20190829_sample_3,IT,5.313479623824448,2.634192943572998,2.634192943572998
20190829_sample_4,Lamp5,1.5271966527196656,1.5893841981887817,1.5893841981887817
20190829_sample_6,Lamp5,1.981790591805766,1.8325417041778564,1.8325417041778564
20190829_sample_9,Pvalb,1.051470588235292,1.388864278793335,1.388864278793335
20190830_sample_1,IT,3.2959427207637173,3.1258227825164795,3.1258227825164795
20190830_sample_2,IT,1.3536121673003798,2.608729124069214,2.608729124069214
20190830_sample_3,low quality,5.897872340425536,2.7750298976898193,2.7750298976898193
20190830_sample_4,low quality,1.4022988505747125,2.137791633605957,2.137791633605957
20190830_sample_6,IT,2.9375000000000027,2.9520950317382812,2.9520950317382812
20190830_sample_8,IT,2.450413223140498,2.727273941040039,2.727273941040039
20190830_sample_9,NP,1.8730569948186533,1.754592776298523,1.754592776298523
20190904_sample_1,low quality,1.6568265682656813,1.8365520238876343,1.8365520238876343
20190904_sample_2,Vip,1.100000000000003,1.4028977155685425,1.4028977155685425
20190904_sample_3,Vip,1.4932735426008972,1.6004536151885986,1.6004536151885986
20190904_sample_4,Vip,1.2095238095238074,1.5868921279907227,1.5868921279907227
20190904_sample_5,Vip,1.095983086680761,1.8092011213302612,1.8092011213302612
20190904_sample_7,Vip,1.1790540540540535,1.7174443006515503,1.7174443006515503
20190905_sample_1,low quality,1.577422577422578,2.238466262817383,2.238466262817383
20190905_sample_3,Sst,1.223463687150837,1.129688024520874,1.129688024520874
20190906_sample_1,Lamp5,1.4933464760965995,1.7620961666107178,1.7620961666107178
20190906_sample_5,CT,1.3222506393861897,2.46783185005188,2.46783185005188
20190906_sample_6,Lamp5,1.497737556561085,1.5551413297653198,1.5551413297653198
20190910_sample_1,Lamp5,1.558069381598795,1.3060321807861328,1.3060321807861328
20190910_sample_2,Vip,2.3597589244320822,1.498767375946045,1.498767375946045
20190910_sample_3,Vip,1.8565737051792848,1.782320499420166,1.782320499420166
20190910_sample_4,Vip,1.4466666666666723,1.7397397756576538,1.7397397756576538
20190910_sample_6,Vip,2.627272727272727,1.5189905166625977,1.5189905166625977
20190911_sample_3,NP,1.2793650793650762,1.9535956382751465,1.9535956382751465
20190911_sample_4,IT,9.621908127208483,2.761953353881836,2.761953353881836
20190911_sample_6,low quality,11.10267857142854,2.703533887863159,2.703533887863159
20190911_sample_7,low quality,1.2731614135625595,2.725740432739258,2.725740432739258
20190911_sample_9,CT,1.1485765124555167,3.188385009765625,3.188385009765625
20190912_sample_1,CT,1.2359063313096263,2.5995781421661377,2.5995781421661377
20190912_sample_2,CT,1.254819782062028,2.7428956031799316,2.7428956031799316
20190912_sample_3,CT,1.331797235023041,2.5388879776000977,2.5388879776000977
20190912_sample_4,Lamp5,1.629446640316206,1.5445237159729004,1.5445237159729004
20190912_sample_6,NP,2.545611015490532,2.5516397953033447,2.5516397953033447
20190912_sample_8,CT,1.3491847826086956,2.008556604385376,2.008556604385376
20190912_sample_10,Pvalb,1.7924528301886795,1.6476666927337646,1.6476666927337646
20190917_sample_1,CT,1.2803445575567731,2.2209572792053223,2.2209572792053223
20190917_sample_2,Lamp5,1.3172881355932209,1.5556681156158447,1.5556681156158447
20190917_sample_3,IT,1.7854938271604954,2.1048543453216553,2.1048543453216553
20190919_sample_1,low quality,3.0697115384615348,2.26309871673584,2.26309871673584
20190919_sample_4,Lamp5,3.9283667621776464,1.3695507049560547,1.3695507049560547
20190919_sample_5,CT,1.1597374179431077,3.305769443511963,3.305769443511963
20190924_sample_1,Sst,1.3554603854389724,1.4967900514602661,1.4967900514602661
20190924_sample_2,Sst,1.30976430976431,1.662764072418213,1.662764072418213
20190924_sample_3,IT,1.403225806451613,3.3271780014038086,3.3271780014038086
20190924_sample_4,Sst,1.258358662613984,1.5912258625030518,1.5912258625030518
20190924_sample_5,Sst,1.117263843648207,0.8057458400726318,0.8057458400726318
20190924_sample_6,Sst,1.176308539944902,1.8343333005905151,1.8343333005905151
20190924_sample_7,Pvalb,0.947704081632653,1.2839686870574951,1.2839686870574951
20190924_sample_8,CT,1.117505995203837,2.310896873474121,2.310896873474121
20190925_sample_2,Pvalb,1.1230158730158737,1.7650750875473022,1.7650750875473022
20190925_sample_3,Sst,1.4705882352941169,1.552323341369629,1.552323341369629
20190925_sample_4,CT,1.2339449541284404,2.161264419555664,2.161264419555664
20190925_sample_5,Sst,1.1620437956204386,1.5111180543899536,1.5111180543899536
20190925_sample_6,Pvalb,1.128404669260702,1.7093842029571533,1.7093842029571533
20190925_sample_7,Sst,1.5095320623916813,1.3261559009552002,1.3261559009552002
20190926_sample_2,ET,11.457894736842114,2.5402750968933105,2.5402750968933105
20190926_sample_3,Sst,1.6470198675496692,1.7073636054992676,1.7073636054992676
20190926_sample_4,ET,2.0421052631578966,1.8683592081069946,1.8683592081069946
20190926_sample_5,Pvalb,1.1735537190082648,1.3641728162765503,1.3641728162765503
20190926_sample_6,Sst,1.0407766990291265,1.5409126281738281,1.5409126281738281
20190927_sample_1,IT,1.6519076778144133,2.501267433166504,2.501267433166504
20190927_sample_2,CT,1.4382889200561009,2.626392364501953,2.626392364501953
20190927_sample_3,Pvalb,1.2324324324324314,1.34845769405365,1.34845769405365
20190927_sample_4,IT,1.4959972154542287,2.871100902557373,2.871100902557373
20190927_sample_5,Pvalb,1.2833333333333334,1.2679256200790405,1.2679256200790405
20190927_sample_6,Vip,2.230283911671926,1.496734857559204,1.496734857559204
20190927_sample_7,CT,1.297849462365592,2.646930456161499,2.646930456161499
20191001_sample_1,Sst,1.327325864588407,1.463230848312378,1.463230848312378
20191001_sample_2,low quality,13.157068062827214,1.9364680051803589,1.9364680051803589
20191001_sample_3,Sst,1.1575875486381333,1.5228605270385742,1.5228605270385742
20191001_sample_4,Pvalb,1.1104100946372235,1.5684099197387695,1.5684099197387695
20191001_sample_5,Sst,1.2000000000000004,1.5656204223632812,1.5656204223632812
20191001_sample_6,Sst,1.250922509225093,1.4215513467788696,1.4215513467788696
20191003_sample_2,low quality,1.3287128712871292,1.9407069683074951,1.9407069683074951
20191003_sample_3,Sst,1.251908396946568,1.635430097579956,1.635430097579956
20191003_sample_4,Sst,1.1523341523341522,1.26590096950531,1.26590096950531
20191003_sample_5,Sst,1.1666666666666656,1.496894121170044,1.496894121170044
20191003_sample_6,CT,1.2442705422023477,1.8565194606781006,1.8565194606781006
20191010_sample_1,IT,6.2368421052631495,2.691653251647949,2.691653251647949
20191010_sample_2,Sst,1.2887931034482762,1.1887822151184082,1.1887822151184082
20191010_sample_3,IT,1.9198473282442767,2.644862651824951,2.644862651824951
20191010_sample_4,Pvalb,1.0050761421319796,1.2724053859710693,1.2724053859710693
20191010_sample_6,Pvalb,1.1040000000000014,1.2101349830627441,1.2101349830627441
20191010_sample_7,ET,1.5905511811023625,3.2193827629089355,3.2193827629089355
20191028_sample_1,Sst,1.5361842105263157,1.4696629047393799,1.4696629047393799
20191028_sample_2,Sst,1.0511508951406665,1.7420209646224976,1.7420209646224976
20191028_sample_3,Pvalb,1.092682926829268,1.6574896574020386,1.6574896574020386
20191028_sample_4,low quality,1.2659574468085106,2.100792646408081,2.100792646408081
20191028_sample_5,low quality,1.130434782608697,1.8817570209503174,1.8817570209503174
20191030_sample_2,Sst,1.2038980509745127,1.943405032157898,1.943405032157898
20191030_sample_3,ET,5.4110169491525415,3.6514835357666016,3.6514835357666016
20191030_sample_4,NP,1.3001912045889106,1.853535532951355,1.853535532951355
20191030_sample_5,Sst,1.11961057023644,1.1561659574508667,1.1561659574508667
20191101_sample_1,Lamp5,1.3524027459954229,1.615979552268982,1.615979552268982
20191101_sample_2,CT,1.4290260980267346,2.7567362785339355,2.7567362785339355
20191101_sample_3,Lamp5,2.0968749999999994,1.4086527824401855,1.4086527824401855
20191101_sample_4,CT,1.4100358422939063,2.479661703109741,2.479661703109741
20191101_sample_5,CT,1.3540955631399307,2.1543502807617188,2.1543502807617188
20191101_sample_6,CT,1.4701912260967387,2.3010201454162598,2.3010201454162598
20191104_sample_1,Sst,1.383795309168444,1.472954511642456,1.472954511642456
20191104_sample_2,Lamp5,1.407517309594462,1.8021169900894165,1.8021169900894165
20191104_sample_3,low quality,3.4688279301745606,1.444920539855957,1.444920539855957
20191104_sample_4,Pvalb,1.0338461538461543,1.312784194946289,1.312784194946289
20191105_sample_1,Pvalb,1.189376443418014,1.453345537185669,1.453345537185669
20191105_sample_2,IT,3.6139240506329178,2.145644187927246,2.145644187927246
20191105_sample_3,Sst,1.2732067510548524,1.4730077981948853,1.4730077981948853
20191105_sample_4,Pvalb,1.1397849462365597,1.376244306564331,1.376244306564331
20191105_sample_5,Sst,1.4357894736842092,0.8947691917419434,0.8947691917419434
20191106_sample_2,Lamp5,1.4222972972972974,1.5545333623886108,1.5545333623886108
20191106_sample_3,IT,5.985865724381626,2.7731451988220215,2.7731451988220215
20191106_sample_5,Lamp5,1.256681514476615,1.4710941314697266,1.4710941314697266
20191107_sample_1,low quality,1.9483352468427089,2.178847551345825,2.178847551345825
20191107_sample_2,Sst,1.3730569948186515,1.6517550945281982,1.6517550945281982
20191107_sample_3,Sst,1.096385542168674,1.4870328903198242,1.4870328903198242
20191107_sample_4,Sst,1.22093023255814,1.4895087480545044,1.4895087480545044
20191108_sample_1,CT,1.1764705882352935,1.8915802240371704,1.8915802240371704
20191108_sample_4,CT,1.5359999999999991,2.0755178928375244,2.0755178928375244
20191108_sample_5,IT,1.2159426402361877,3.3210887908935547,3.3210887908935547
20191114_sample_1,Lamp5,1.5781250000000009,1.8840006589889526,1.8840006589889526
20191114_sample_2,CT,1.2977346278317166,2.0161213874816895,2.0161213874816895
20191114_sample_3,IT,9.525423728813555,2.5384554862976074,2.5384554862976074
20191114_sample_4,Sst,1.4011235955056185,1.631140947341919,1.631140947341919
20191114_sample_5,low quality,10.96456692913386,2.0948984622955322,2.0948984622955322
20191114_sample_7,IT,1.7141148325358844,2.618983268737793,2.618983268737793
20191114_sample_8,IT,8.114678899082566,2.8011057376861572,2.8011057376861572
20191114_sample_9,ET,1.2698884758364315,2.002638101577759,2.002638101577759
20200106_sample_1,Lamp5,1.7573812580231063,1.183370590209961,1.183370590209961
20200106_sample_4,IT,4.959752321981418,2.5825796127319336,2.5825796127319336
20200106_sample_5,IT,1.4341085271317826,2.547290325164795,2.547290325164795
20200106_sample_6,IT,1.4709246901811244,2.9089136123657227,2.9089136123657227
20200225_sample_2,IT,1.4246376811594206,2.6670689582824707,2.6670689582824707
20200225_sample_5,Sncg,1.5378991919969218,1.3217631578445435,1.3217631578445435
20200316_sample_1,ET,1.4074784276126566,2.791489601135254,2.791489601135254
20200316_sample_2,low quality,1.3455162019593068,1.507020115852356,1.507020115852356
20200316_sample_3,Pvalb,1.4789915966386564,1.108689308166504,1.108689308166504
