cell_id,RNA_family,y_true,y_pred,y_pred_train_space
20171204_sample_2,ET,9.70370709498408,12.375772694133087,2.593445062637329
20171204_sample_4,IT,7.277961769886833,15.706829610395351,2.8158175945281982
20171204_sample_5,IT,6.871188907344878,12.859238172849283,2.6289520263671875
20171204_sample_6,ET,4.279462303476643,17.70087864194346,2.928570508956909
20171207_sample_1,ET,10.143395565826417,17.02475415848383,2.8917460441589355
20171207_sample_2,ET,9.520988081717997,19.42015021776351,3.016522169113159
20171207_sample_6,IT,12.171492689768508,12.752640481343015,2.6212308406829834
20171207_sample_7,IT,11.976763975341868,14.820529492963106,2.761308431625366
20171219_sample_1,IT,22.32466381118294,14.393052675334363,2.7339162826538086
20171219_sample_2,IT,22.107418781008967,12.253164888749637,2.5842363834381104
20171219_sample_3,IT,14.11186610146775,13.954971595138524,2.7050437927246094
20171219_sample_4,ET,12.031438863398613,17.0777936471633,2.894684314727783
20171219_sample_6,ET,16.47132136239517,14.243625055233696,2.724161386489868
20171219_sample_7,IT,14.255145081239148,13.543838245204306,2.6771674156188965
20171219_sample_8,ET,15.485937804505385,16.363592009439646,2.8543756008148193
20180102_sample_1,ET,25.298339307722767,15.779773743110729,2.820174217224121
20180102_sample_2,IT,21.80618990013587,13.857827923869294,2.6985268592834473
20180102_sample_3,ET,20.89199349474128,17.639206144636418,2.925267219543457
20180102_sample_4,ET,23.01876510127037,17.754543852537786,2.931436061859131
20180102_sample_5,IT,22.62061285964521,15.102327137467864,2.778963804244995
20180103_sample_1,ET,22.38400198174206,12.404204394164637,2.5955684185028076
20180103_sample_2,ET,18.68131079220914,20.546416244770214,3.070209503173828
20180103_sample_3,ET,12.83817585743268,18.309515238246576,2.9605979919433594
20180103_sample_4,low quality,12.481922154340577,12.900136240817918,2.6318986415863037
20180103_sample_5,IT,18.81053595963777,16.43660146540786,2.8585715293884277
20180103_sample_6,IT,16.935158512429847,15.364881122796104,2.795137643814087
20180103_sample_7,IT,23.16675320533594,10.569337707524268,2.4483582973480225
20180103_sample_8,IT,10.602841051571597,13.600876095163313,2.681081533432007
20180104_sample_1,low quality,16.659124670331277,10.555193292412305,2.4471349716186523
20180104_sample_2,IT,17.348047046827624,14.585440471831474,2.7463371753692627
20180104_sample_3,IT,25.047871334297017,13.838838730641509,2.6972479820251465
20180104_sample_4,low quality,16.574789907093066,13.008712141841109,2.639679431915283
20180104_sample_6,ET,24.063114617141945,13.785742305234871,2.6936633586883545
20180105_sample_4,IT,22.709804118487423,12.77881117967835,2.6231319904327393
20180105_sample_5,IT,19.812866542995906,12.135209883740716,2.575296401977539
20180105_sample_6,IT,20.44635573188008,18.001530333776092,2.944519519805908
20180108_sample_1,IT,27.358660777059985,13.412945870883556,2.6681268215179443
20180108_sample_2,low quality,23.437821522614502,13.100438583309332,2.6462059020996094
20180108_sample_3,IT,31.89046102668295,12.128685087732306,2.5747995376586914
20180108_sample_4,ET,16.560109605696095,11.889732382117527,2.5564310550689697
20180108_sample_5,ET,22.82418770269636,13.14222712688866,2.649165153503418
20180108_sample_7,IT,28.7839133435534,11.807399360177694,2.550023078918457
20180108_sample_8,ET,15.570336662548096,16.83269658319797,2.8810336589813232
20180108_sample_9,IT,15.761339952934438,15.22099871166639,2.786306619644165
20180108_sample_10,ET,12.774462704939651,15.931526874878855,2.8291773796081543
20180109_sample_1,IT,30.6689076918518,16.052544317055304,2.836299419403076
20180109_sample_2,IT,20.34176637697321,14.627091348091785,2.7490060329437256
20180109_sample_5,IT,20.763628491128067,12.510191652500108,2.6034443378448486
20180110_sample_1,IT,12.579233952438516,11.586447859463886,2.532620668411255
20180110_sample_2,IT,15.235190723268763,12.45751078129387,2.5995373725891113
20180110_sample_3,IT,23.28958438946839,16.825100509756314,2.8806076049804688
20180110_sample_4,IT,15.803701247682657,11.437041474812213,2.520679235458374
20180110_sample_5,IT,13.482981533930316,11.701703596766318,2.541736125946045
20180110_sample_7,IT,19.59632351006511,13.633896991741258,2.683340549468994
20180110_sample_8,ET,18.43137203846864,12.917539264299881,2.6331498622894287
20180111_sample_5,IT,12.690514376610883,12.111674511542303,2.573503017425537
20180115_sample_2,IT,20.393229373518235,15.196420766389206,2.784790277481079
20180115_sample_5,IT,15.986110591894118,15.76983917040911,2.819581985473633
20180115_sample_6,low quality,13.130895984804765,17.45052720913005,2.915092945098877
20180115_sample_7,IT,15.248051844016247,12.407656314841553,2.5958259105682373
20180115_sample_8,IT,21.064892923718634,16.371119802499646,2.854809045791626
20180115_sample_9,IT,21.866430736333545,14.080827058138357,2.7134242057800293
20180118_sample_1,IT,29.67003113844825,12.339836011097582,2.590754747390747
20180118_sample_2,IT,27.13149056596688,17.06655644761719,2.8940625190734863
20180118_sample_4,IT,26.97800312803457,15.561073909972352,2.8070549964904785
20180118_sample_6,IT,30.09292359429083,16.62594370871381,2.8693718910217285
20180118_sample_7,ET,16.26644087640256,15.142607299827167,2.7814621925354004
20180118_sample_10,ET,15.462060820095028,14.101029587539584,2.7147629261016846
20180123_sample_1,ET,11.785416113062515,16.432049914895,2.8583104610443115
20180123_sample_3,ET,21.011869398345077,13.23555070750063,2.6557424068450928
20180123_sample_5,ET,18.373563919050664,12.008314275603988,2.5655887126922607
20180123_sample_6,ET,17.573492809186902,15.448233827144012,2.800218105316162
20180123_sample_7,ET,15.010547632952823,14.867994579804625,2.7643041610717773
20180208_sample_1,low quality,17.969454713163245,19.994760353762373,3.0442728996276855
20180208_sample_2,ET,22.29672876637285,15.623731923670439,2.810831308364868
20180208_sample_3,ET,24.08213736621788,17.11965414230926,2.8969972133636475
20180208_sample_4,IT,17.25470344328076,11.542206346389785,2.529099464416504
20180208_sample_5,IT,13.992227062934171,11.059461847945652,2.48984956741333
20180213_sample_3,ET,24.322603223920485,14.399950130943841,2.7343642711639404
20180213_sample_5,Pvalb,11.182678562796244,7.274261254889459,2.113149642944336
20180215_sample_1,Pvalb,11.575067344181576,8.400668750196553,2.240780830383301
20180220_sample_1,Sst,17.475876527889046,16.442630461612055,2.858917236328125
20180220_sample_2,IT,14.797596990904283,22.09539892908365,3.1396334171295166
20180225_sample_1,IT,17.94053468191844,13.135650333941449,2.648699998855591
20180225_sample_2,IT,8.335933466026754,16.00690360706521,2.8336193561553955
20180225_sample_3,IT,19.778522331699094,14.653787047075939,2.7507128715515137
20180225_sample_4,IT,19.301901199171645,33.698498824813456,3.546696424484253
20180225_sample_5,ET,17.544812794675263,13.286484023983165,2.659313917160034
20180225_sample_7,Pvalb,8.558267506247477,7.130392400017956,2.095609188079834
20180228_sample_3,IT,7.481546820774935,14.567377011569922,2.7451775074005127
20180306_sample_1,Pvalb,10.483178109135336,8.47603241479297,2.248765707015991
20180306_sample_2,IT,11.081528984331888,12.207448925571736,2.5807809829711914
20180306_sample_3,IT,9.388908697558747,11.524982123777074,2.5277252197265625
20180306_sample_5,IT,8.68469640436231,10.359251155204044,2.43003249168396
20180309_sample_4,IT,11.895873974657926,15.480748240718468,2.8021929264068604
20180309_sample_6,IT,17.077509558797054,11.885799348131595,2.5561258792877197
20180309_sample_7,IT,27.703409746958915,12.487810815756072,2.6017863750457764
20180309_sample_8,IT,20.636846614715253,12.055242626295305,2.5691897869110107
20180313_sample_1,low quality,8.99763174947011,14.61052410140387,2.7479453086853027
20180313_sample_2,ET,12.96497457960306,16.764291581690017,2.877190351486206
20180313_sample_3,ET,17.85336424396762,21.089277208653332,3.095092296600342
20180313_sample_7,IT,9.8112044562735,12.092126172382901,2.5720109939575195
20180313_sample_8,low quality,12.910907575606208,15.560738293617742,2.807034730911255
20180313_sample_9,Pvalb,4.504571328434175,9.72931932278669,2.3729801177978516
20180315_sample_1,ET,23.239383316135275,12.896421686358957,2.631631374359131
20180315_sample_2,low quality,6.831458425806984,12.849642505111358,2.6282594203948975
20180315_sample_5,IT,11.941588297430467,12.306965127356865,2.588287591934204
20180315_sample_6,IT,8.981552034512639,11.630667757509952,2.536127805709839
20180321_sample_2,IT,19.959405282300278,16.55328392638943,2.865241050720215
20180321_sample_3,IT,9.255855576260684,18.727991152049544,2.9820384979248047
20180321_sample_4,IT,19.41135570715131,12.500123086859915,2.602698802947998
20180321_sample_8,ET,13.99226196765936,15.263359278596445,2.788914680480957
20180321_sample_9,ET,14.85633630280651,13.480444882462924,2.6727991104125977
20180322_sample_1,IT,13.076845126688882,13.869816637145417,2.699333429336548
20180322_sample_2,IT,7.325466950439971,12.180037884627195,2.5787034034729004
20180322_sample_3,IT,13.96058059740764,13.650486081788126,2.6844735145568848
20180322_sample_4,IT,23.76436142759896,17.38722959122378,2.911656379699707
20180322_sample_5,IT,22.53326539843159,18.849791671962592,2.9881935119628906
20180322_sample_6,ET,19.014840043130437,19.459755225840677,3.0184597969055176
20180322_sample_7,ET,9.887649579008572,15.354927034127229,2.7945291996002197
20180327_sample_1,Pvalb,9.4720760259401,9.874835851792959,2.386451482772827
20180327_sample_2,Pvalb,11.947743590997248,8.071137550881039,2.2050976753234863
20180327_sample_3,IT,30.522225906800504,15.349796335970638,2.794215440750122
20180327_sample_4,Pvalb,12.479321563363294,10.395143391308885,2.433187246322632
20180327_sample_5,Pvalb,9.21825388488574,8.145592733029904,2.2132720947265625
20180327_sample_6,IT,19.151490635349155,15.408059482065159,2.7977726459503174
20180329_sample_1,IT,29.74439324247305,15.419271151344242,2.7984557151794434
20180329_sample_2,IT,15.110671793752148,12.444346247406024,2.5985586643218994
20180329_sample_3,IT,33.71426715278138,13.450856951795036,2.6707537174224854
20180329_sample_4,ET,16.676239699304382,15.837742465691525,2.823622941970825
20180329_sample_5,IT,31.82279449836082,14.053654831323577,2.711620807647705
20180329_sample_6,IT,26.42766568026832,13.403087022886574,2.667442560195923
20180329_sample_7,low quality,32.75925347392654,24.490882201125764,3.238320827484131
20180329_sample_8,IT,16.644003315127666,14.385952883008978,2.733454942703247
20180403_sample_5,IT,21.39778978907964,15.007856511835914,2.7730796337127686
20180403_sample_6,ET,18.683011801133624,15.2972139082319,2.790994167327881
20180403_sample_7,IT,20.29761373931163,19.346170718141344,3.012892723083496
20180404_sample_1,Pvalb,12.483310094221018,9.403391441200128,2.3421318531036377
20180404_sample_2,Pvalb,8.962958202274072,9.482906611304193,2.349745988845825
20180404_sample_3,IT,13.200087782537096,15.513118263755555,2.804155111312866
20180404_sample_4,Pvalb,7.931143044426915,10.014925564804685,2.3992512226104736
20180404_sample_5,Pvalb,7.030845487110804,9.589170310072507,2.3598318099975586
20180404_sample_7,IT,6.850444256639732,12.527254819907881,2.6047065258026123
20180405_sample_1,ET,17.654583958761773,14.512661195779721,2.741656541824341
20180405_sample_2,IT,31.26260658436168,16.02937776906484,2.834939956665039
20180405_sample_3,IT,17.461595806178348,13.430705365642469,2.669358253479004
20180410_sample_1,Pvalb,11.17162880239338,10.462132397871596,2.4390487670898438
20180410_sample_3,IT,10.82700081858547,14.384258223118247,2.733344793319702
20180410_sample_4,IT,7.036588691873239,14.739220673727692,2.7561557292938232
20180410_sample_5,IT,8.655947469502923,13.50252949248994,2.674323081970215
20180410_sample_6,IT,11.992593363761197,11.71260114359988,2.5425937175750732
20180410_sample_9,Pvalb,7.151628877253353,8.104135768046916,2.208728790283203
20180411_sample_1,IT,16.84100179636568,11.366875437932404,2.515021562576294
20180411_sample_3,IT,22.97197454451909,11.356786864075735,2.5142054557800293
20180411_sample_4,Pvalb,7.837487785670834,10.983283536700448,2.4835126399993896
20180411_sample_5,Pvalb,12.605108267572472,7.563274341906504,2.1474826335906982
20180412_sample_1,IT,9.779951345881138,10.830446521470968,2.4706764221191406
20180412_sample_2,Pvalb,14.939960647148904,11.555657921066029,2.5301713943481445
20180412_sample_3,IT,6.520530677311563,12.495421414053526,2.6023504734039307
20180412_sample_4,IT,11.35336571186588,12.00114265995961,2.565037250518799
20180412_sample_7,IT,9.024182773700572,15.19056388820567,2.784428596496582
20180413_sample_2,Pvalb,9.046776571704818,10.59848040769713,2.450874090194702
20180413_sample_3,Pvalb,9.302679915927826,8.490269673443853,2.2502670288085938
20180413_sample_4,IT,6.163934527187472,12.587835810581456,2.609174966812134
20180417_sample_1,Vip,19.501334945459558,14.99564433059865,2.7723164558410645
20180417_sample_2,Pvalb,6.314036363754782,12.257693656803434,2.584578037261963
20180417_sample_3,IT,9.728993790249184,14.679956365669492,2.752383232116699
20180417_sample_4,Pvalb,4.729859815165693,9.521000308077248,2.3533732891082764
20180417_sample_5,IT,9.078316067772889,10.31487121281671,2.4261178970336914
20180417_sample_6,IT,7.821324328041647,11.464075087473544,2.522850513458252
20180417_sample_7,Pvalb,7.580601388946731,8.850193337314671,2.2874910831451416
20180417_sample_8,Sst,15.642973421096483,14.982923212355683,2.7715208530426025
20180417_sample_9,IT,8.8946409428039,13.666775762196652,2.685584783554077
20180418_sample_1,Pvalb,9.775830514686678,12.489962320533733,2.6019458770751953
20180418_sample_2,Pvalb,11.16033801893447,8.666518124252415,2.2686681747436523
20180418_sample_3,Pvalb,10.630808629181098,10.717795679904054,2.461108684539795
20180418_sample_5,IT,15.259498050249508,14.8761154573869,2.7648158073425293
20180418_sample_6,IT,9.499397596114232,12.555633604817704,2.606802225112915
20180420_sample_2,low quality,8.019528870454922,10.829645498687311,2.470608711242676
20180420_sample_3,IT,10.249826687199894,13.152821822050852,2.649914026260376
20180420_sample_4,IT,20.875780577023026,10.947618035351192,2.480531930923462
20180424_sample_1,IT,10.518648257269025,11.87469807931137,2.5552639961242676
20180424_sample_2,IT,10.567158101298675,13.619864016869938,2.6823811531066895
20180424_sample_3,IT,10.561917550883622,13.561397962212599,2.6783740520477295
20180424_sample_6,IT,10.831837097188709,12.493159659487063,2.6021828651428223
20180425_sample_2,IT,9.884918387120656,11.771324045184121,2.5472023487091064
20180425_sample_3,Pvalb,8.542697109735593,11.90373203879197,2.557516574859619
20180425_sample_4,IT,10.13536350572224,16.097512601507027,2.838932991027832
20180425_sample_5,Sncg,25.6405527864494,14.856834210182237,2.7636005878448486
20180425_sample_7,Pvalb,5.373255809323123,10.623599840383148,2.4530375003814697
20180425_sample_8,Vip,25.189101686950675,17.34223621427442,2.9092063903808594
20180425_sample_9,IT,8.595638119023105,11.19035906905773,2.500645399093628
20180426_sample_1,ET,11.902579054703695,14.97588272692349,2.771080255508423
20180426_sample_3,IT,15.781389355945343,14.879348313895035,2.765019416809082
20180426_sample_4,IT,8.274209980752572,13.015243241134556,2.6401455402374268
20180426_sample_5,Pvalb,10.167786473350327,8.76335157231752,2.2786357402801514
20180426_sample_7,IT,30.462333286558835,15.318069377422956,2.7922730445861816
20180426_sample_9,Pvalb,8.50142005113207,10.284256320788252,2.4234085083007812
20180501_sample_2,IT,19.49815907981697,12.878591740465877,2.630347490310669
20180501_sample_3,IT,13.452055790754471,10.739551149465466,2.462963581085205
20180501_sample_4,IT,9.819253006713922,13.384432088482143,2.6661465167999268
20180501_sample_5,IT,12.277546540267384,12.468449863061355,2.6003499031066895
20180501_sample_6,low quality,8.629901167427404,12.337441336106393,2.5905752182006836
20180501_sample_7,low quality,12.062682743783723,11.161828329720446,2.4983022212982178
20180501_sample_8,Lamp5,8.853167532721393,10.104840093514087,2.407381057739258
20180502_sample_1,low quality,9.006100321193252,10.622192114298135,2.452916383743286
20180502_sample_2,low quality,11.11245237875368,13.42293182103719,2.6688194274902344
20180502_sample_3,IT,23.383187311635226,12.587819612628577,2.6091737747192383
20180502_sample_4,IT,6.524524197643874,13.860637298541608,2.698715925216675
20180508_sample_1,Pvalb,11.681077945523883,10.771230088272432,2.46565842628479
20180508_sample_2,IT,17.731175406386182,9.035358169251559,2.306114673614502
20180508_sample_3,IT,6.078269373269427,14.265010098535761,2.7255632877349854
20180508_sample_4,IT,10.788050505669112,10.428513881021965,2.4361114501953125
20180509_sample_1,low quality,11.695583476287398,10.31076339884627,2.4257547855377197
20180509_sample_2,IT,21.014284465111714,12.968946616887395,2.6368367671966553
20180509_sample_3,IT,9.72315156161271,14.19120972918464,2.720716953277588
20180509_sample_4,IT,12.452276935103972,13.764630893609608,2.692234516143799
20180509_sample_5,IT,9.629161476055843,14.043594439443051,2.7109522819519043
20180509_sample_7,IT,27.557803339396838,13.400017386631712,2.667229413986206
20180509_sample_9,IT,14.960483331945706,11.815010997857502,2.550617218017578
20180510_sample_2,Pvalb,12.663415774406428,10.0795314435563,2.405099391937256
20180510_sample_3,IT,13.78907699495505,10.470574346193281,2.4397850036621094
20180510_sample_4,IT,10.010155122856617,12.516161633672759,2.603886127471924
20180510_sample_5,IT,19.69521812579793,14.816788202512102,2.7610719203948975
20180510_sample_9,IT,22.67398270100248,11.651315620613541,2.5377612113952637
20180515_sample_1,Pvalb,14.403297106723771,9.801133362982116,2.3796510696411133
20180515_sample_6,Pvalb,4.208630590262477,11.090052453886466,2.4923830032348633
20180522_sample_1,IT,7.044698769505473,12.258246822427957,2.5846197605133057
20180522_sample_2,IT,11.557628352411768,12.747375600055545,2.6208479404449463
20180522_sample_3,IT,28.30762722757928,12.779688335860659,2.6231956481933594
20180522_sample_4,IT,31.858506314618403,10.802136257033629,2.468280553817749
20180522_sample_5,Pvalb,8.161257754637193,8.538975732408625,2.2553861141204834
20180522_sample_6,ET,21.78534604088591,13.4582870418741,2.6712677478790283
20180522_sample_7,IT,9.25770401578921,12.980704743364585,2.6376781463623047
20180524_sample_5,low quality,11.850933667460785,11.043940016567502,2.4885616302490234
20180524_sample_8,IT,7.9233334622724785,15.886850208998323,2.826535224914551
20180524_sample_9,Pvalb,8.14161950594177,11.492016256254189,2.525089740753174
20180529_sample_3,IT,23.75362609932356,10.427595670406486,2.4360311031341553
20180608_sample_1,Lamp5,20.707644090677416,11.324160846773756,2.511561632156372
20180608_sample_2,Pvalb,9.734581142074006,10.946404621439964,2.4804303646087646
20180608_sample_3,IT,37.50364613429319,11.488576760124248,2.5248143672943115
20180608_sample_5,Pvalb,11.111100908870556,7.378035426273513,2.1256134510040283
20180619_sample_3,Pvalb,7.595897807923916,11.966354699817874,2.5623579025268555
20180619_sample_5,IT,9.208631142536454,11.094795085046675,2.4927752017974854
20180619_sample_7,Lamp5,9.793101724366728,10.316071742106612,2.4262239933013916
20180621_sample_1,IT,9.43685253250693,13.803428205359449,2.6948587894439697
20180621_sample_2,IT,10.305713482800371,12.064614952185018,2.5699074268341064
20180621_sample_3,Sncg,21.656734088318817,12.932608726288372,2.6342320442199707
20180621_sample_4,IT,9.136744508063495,14.532297890084848,2.7429215908050537
20180621_sample_5,Vip,12.6534396505882,10.251733582287676,2.4205222129821777
20180621_sample_7,Pvalb,7.780785609548479,10.107450934174711,2.407616138458252
20180621_sample_8,Pvalb,4.189952563460045,8.894228984795287,2.2919516563415527
20180628_sample_2,Pvalb,8.680042805468414,9.386610460100217,2.340517520904541
20180628_sample_3,Pvalb,6.791573012980476,8.756052105411607,2.2778878211975098
20180628_sample_4,low quality,10.235438181674056,12.775191447927748,2.6228692531585693
20180628_sample_6,Pvalb,8.656902084323736,8.237132980697066,2.223231554031372
20180628_sample_7,Lamp5,12.039447034030028,14.98301466763755,2.771526575088501
20180703_sample_1,Pvalb,10.973134755923668,10.78697654405105,2.4669952392578125
20180703_sample_2,IT,19.89824108383449,13.467090228993172,2.6718764305114746
20180703_sample_3,low quality,25.60040176645744,11.650790793787031,2.5377197265625
20180704_sample_1,Pvalb,13.634243933756707,10.647990507752814,2.4551336765289307
20180704_sample_2,Pvalb,7.6584039838430575,8.540206191312704,2.2555150985717773
20180704_sample_3,Pvalb,7.974656344441809,34.80939731707703,3.5782103538513184
20180704_sample_4,IT,9.927838680048293,11.774427196551702,2.547445297241211
20180704_sample_5,Pvalb,6.550652685250633,10.033182004988713,2.400907278060913
20180705_sample_1,Pvalb,9.497759299101045,10.419571960981164,2.435328722000122
20180705_sample_4,Pvalb,9.079377923955407,9.114177383025073,2.3139381408691406
20180709_sample_2,IT,15.817766986091549,15.618267284424569,2.810502529144287
20180709_sample_3,Lamp5,11.409265377052328,9.31042616224613,2.333155632019043
20180709_sample_4,IT,21.586755875244247,12.589808865655522,2.6093201637268066
20180709_sample_6,IT,27.16435655012936,11.475467719169705,2.523764133453369
20180710_sample_1,Pvalb,11.26275898034002,22.25326962527666,3.1464457511901855
20180710_sample_2,Pvalb,6.754620475288902,7.974953400654906,2.1944377422332764
20180710_sample_3,Pvalb,7.299140451258204,7.556470206426718,2.1466877460479736
20180710_sample_5,Pvalb,6.216208035854772,8.873687213922208,2.2898733615875244
20180711_sample_1,Pvalb,11.640018962169773,9.38763324750956,2.34061598777771
20180711_sample_2,Sst,18.52454625647545,14.707918278440344,2.754164934158325
20180711_sample_3,Sst,32.089238214075365,16.850966756348384,2.8820576667785645
20180711_sample_4,Sst,36.20830410098092,22.81388972767531,3.170269012451172
20180712_sample_2,low quality,11.892579518486434,12.054894018361304,2.5691630840301514
20180712_sample_3,Sncg,18.25230568624892,14.601821146915611,2.747387647628784
20180712_sample_5,Pvalb,7.717022302887404,8.851755193077304,2.287649631500244
20180712_sample_11,Pvalb,4.749299558354464,13.674103454786604,2.686084270477295
20180712_sample_12,Pvalb,10.27893571355514,7.824548510732259,2.177537441253662
20180712_sample_13,IT,13.861718203265252,14.020510411522032,2.709416627883911
20180712_sample_14,Pvalb,8.182703729355906,8.883887958845568,2.2909059524536133
20180712_sample_15,Pvalb,9.855090864916807,7.971190289267664,2.1940183639526367
20180717_sample_1,Pvalb,7.059470524413491,12.092844115474854,2.572065830230713
20180717_sample_2,Lamp5,20.57496301986535,12.319245687175215,2.589210033416748
20180717_sample_3,Pvalb,9.375094587076058,9.843911943039428,2.383603811264038
20180717_sample_4,Pvalb,6.422565299522836,9.040577821357,2.3066346645355225
20180717_sample_6,Pvalb,10.36853151991578,11.01297344760711,2.4859871864318848
20180717_sample_7,ET,26.063915044542863,12.754155409646827,2.6213409900665283
20180718_sample_2,Pvalb,11.249557718304686,9.154043976044829,2.3178720474243164
20180718_sample_3,Pvalb,8.548611037837249,10.498385350072196,2.442206621170044
20180718_sample_4,Pvalb,11.087345567473797,10.747099482624437,2.463606357574463
20180719_sample_1,Pvalb,10.39576947319831,9.62276099161004,2.3629989624023438
20180719_sample_4,Pvalb,10.22858513077244,11.562490951565653,2.5307154655456543
20180720_sample_2,Sncg,10.389513325998276,12.776363979208451,2.6229543685913086
20180720_sample_3,Pvalb,9.706530289882757,12.266667271191146,2.585254669189453
20180720_sample_5,Lamp5,9.082414670654533,8.056367344841703,2.203468084335327
20180725_sample_3,IT,11.428992467063424,11.320752879714084,2.5112850666046143
20180725_sample_4,low quality,11.224378372911652,11.482694588580127,2.524343252182007
20180725_sample_6,Pvalb,8.481664044808875,8.119368710585483,2.2104005813598633
20180725_sample_7,IT,22.621352526402497,12.394665097427664,2.5948565006256104
20180725_sample_9,Lamp5,8.382458588100087,12.328203765157262,2.5898823738098145
20180726_sample_3,Pvalb,8.14264964542851,10.168072035848647,2.4130589962005615
20180726_sample_4,Pvalb,10.392769590809891,8.303454477052382,2.2303857803344727
20180726_sample_5,Pvalb,11.78308153652876,10.219136061830882,2.417620897293091
20180726_sample_6,Pvalb,6.818396910965944,10.335327271445577,2.427924156188965
20180726_sample_7,Pvalb,8.910772618395937,10.624974477611195,2.453155755996704
20180817_sample_2,Pvalb,6.608653601934791,9.991543427468292,2.3971261978149414
20180817_sample_3,Pvalb,7.330475215711765,8.666356798172504,2.2686514854431152
20180817_sample_4,Pvalb,7.832715163633196,9.324006804941874,2.3344719409942627
20180817_sample_5,Pvalb,4.812036432016175,11.06557894874174,2.490356683731079
20180817_sample_6,IT,16.502579326136686,12.110055308924927,2.5733795166015625
20180817_sample_7,Pvalb,8.31678100489574,7.892197677216304,2.1851742267608643
20180820_sample_1,Sst,20.1558339301477,13.743314113086099,2.6907896995544434
20180820_sample_2,IT,14.019868926399376,14.067256373306213,2.712523937225342
20180820_sample_3,Sst,31.370021634404694,14.389302402734412,2.733672618865967
20180820_sample_4,Sst,24.679983942866023,15.207878107876132,2.7854974269866943
20180820_sample_5,Sst,12.15851331130924,12.766966828964408,2.62227201461792
20180820_sample_6,IT,10.070317839773788,10.524197415695788,2.444448947906494
20180820_sample_7,Sst,9.600644669530697,11.743463003581635,2.545018434524536
20180822_sample_1,Pvalb,12.328007093529685,9.386303395886708,2.3404879570007324
20180822_sample_2,Pvalb,13.001487740999872,10.634177091445274,2.453947067260742
20180822_sample_3,Pvalb,8.489912063804859,9.666452935779073,2.3671035766601562
20180822_sample_4,Pvalb,12.763237641759243,10.479641048304117,2.440575122833252
20180822_sample_6,Pvalb,11.536529968811264,11.342650789624757,2.5130608081817627
20180822_sample_7,Pvalb,8.949176132982897,9.280604735440564,2.330259084701538
20180828_sample_2,Pvalb,12.351110895428246,9.696850376719551,2.3699493408203125
20180828_sample_3,Pvalb,7.287391133647537,9.5857852889562,2.3595120906829834
20180828_sample_4,IT,15.152440297068132,11.993157150503894,2.564422845840454
20180828_sample_5,Pvalb,7.523405505159796,8.98820079825586,2.3014044761657715
20180828_sample_6,Pvalb,9.470027607908069,8.60433139604356,2.262214183807373
20180828_sample_7,low quality,14.675616094100445,11.981338188184365,2.5635128021240234
20180828_sample_8,IT,13.0559814508525,12.034202775597567,2.5675768852233887
20180829_sample_1,Sst,19.88690936089779,14.667504986878921,2.751588821411133
20180829_sample_2,Sst,38.76623749491726,14.61401185408806,2.748168706893921
20180829_sample_3,Sst,25.60860779668485,14.718138124074313,2.7548153400421143
20180829_sample_4,Sst,35.55616586185928,16.208893618539527,2.845426321029663
20180829_sample_5,Sst,11.773850019630604,10.436854719551352,2.4368410110473633
20180829_sample_6,Sst,16.660008396598695,16.614815191655435,2.8687403202056885
20180829_sample_7,Sst,25.65556813177685,15.177263481908806,2.783606767654419
20180829_sample_8,IT,11.727729786280529,12.679209856373442,2.615877151489258
20180830_sample_1,Pvalb,10.301407028710896,12.520090437002485,2.6041767597198486
20180830_sample_2,Pvalb,12.025546768737502,10.474893405225673,2.4401614665985107
20180830_sample_5,Pvalb,7.653055348673684,8.319065354182294,2.232062339782715
20180830_sample_6,Pvalb,9.068886450347708,8.980476232543314,2.300630807876587
20180904_sample_1,Pvalb,7.623188268311383,9.202794345983873,2.3226616382598877
20180904_sample_2,Pvalb,9.408150060349913,10.510399079482744,2.443250894546509
20180904_sample_3,Pvalb,7.87224165037695,7.624778177876201,2.15463924407959
20180904_sample_4,Pvalb,8.703163521826157,7.38658100304179,2.1266329288482666
20180904_sample_5,Pvalb,7.557603309018912,9.436651579123781,2.3453238010406494
20180904_sample_6,Pvalb,8.222324211807607,9.754320275875669,2.375307559967041
20180904_sample_7,Pvalb,8.587111051658345,9.989737990515827,2.3969619274139404
20180904_sample_9,Pvalb,5.1140456073163305,8.685712071858,2.2706518173217773
20180905_sample_1,Sst,21.190905709790112,16.588691454719815,2.8672561645507812
20180905_sample_2,Sst,21.95646743416499,16.951152239763907,2.8876543045043945
20180910_sample_2,Sst,29.759075015015444,17.734428733388558,2.9303629398345947
20180910_sample_3,Sst,15.008126114326684,19.063128433998155,2.9988837242126465
20180911_sample_1,Sst,31.22818412483153,15.8884969800704,2.8266327381134033
20180911_sample_2,Sst,23.685733775572984,16.216949535430356,2.8458943367004395
20180911_sample_3,Sst,26.471260789652277,15.804888344485004,2.821669816970825
20180911_sample_5,Sst,18.58984515817975,11.251669370329747,2.505662202835083
20180911_sample_6,Sst,25.96805650122857,13.781103875443591,2.693349599838257
20180912_sample_2,Pvalb,12.247748957954247,10.646463204352381,2.455002546310425
20180912_sample_3,Pvalb,8.794211908762186,7.7201862145727596,2.1656405925750732
20180912_sample_6,Pvalb,6.642652843302749,8.056814311561583,2.203517436981201
20180913_sample_2,low quality,16.30233530444753,11.448219450569402,2.5215775966644287
20180917_sample_1,Sst,33.03406915082654,16.803193333204256,2.879377841949463
20180917_sample_2,Pvalb,10.644422667876157,12.982804854731533,2.6378283500671387
20180917_sample_3,IT,9.297833231175694,12.567745766021254,2.6076953411102295
20180917_sample_4,Pvalb,6.173796437513746,11.574039492338407,2.5316343307495117
20180917_sample_5,Sst,13.70485831861675,13.540842615396036,2.6769614219665527
20180918_sample_1,Vip,17.502203622797712,13.811890624547857,2.695430278778076
20180918_sample_2,Vip,25.19545889194057,14.025807894049942,2.7097692489624023
20180918_sample_3,Vip,5.759087479840974,16.96869550850688,2.8886311054229736
20180920_sample_1,low quality,9.745624285651482,12.608101601198246,2.6106653213500977
20180920_sample_2,Pvalb,7.398066339749938,8.920372521626811,2.294590473175049
20180920_sample_3,Pvalb,10.631782842272209,8.44124279586327,2.2450876235961914
20180920_sample_4,Pvalb,10.185581084755494,9.805913974879191,2.380093574523926
20180921_sample_1,low quality,22.313291533518225,11.410889066957882,2.5185742378234863
20180921_sample_2,Pvalb,12.280263159828362,9.871522805558223,2.3861467838287354
20180921_sample_3,Pvalb,11.513187493482292,10.182347769442536,2.4143364429473877
20180925_sample_9,Pvalb,9.548152072621145,9.363892442698816,2.3383278846740723
20180926_sample_1,Pvalb,9.01351805913892,10.261411277963237,2.421381950378418
20180926_sample_3,Pvalb,15.909731931377218,11.504519576901476,2.526090145111084
20180926_sample_4,low quality,9.738341465533232,11.156598565563772,2.4978721141815186
20180926_sample_7,Pvalb,5.836070876619409,9.815053506267661,2.38093900680542
20180926_sample_9,IT,11.086928163605132,12.882430611673499,2.6306240558624268
20180927_sample_1,Pvalb,10.58215566847683,8.51944159577887,2.253336191177368
20180927_sample_2,Pvalb,11.50590966322699,10.135143435190978,2.4101061820983887
20180927_sample_3,low quality,8.071623253613518,11.052411044937529,2.489264726638794
20180927_sample_4,Pvalb,9.69482760366655,8.893033060293314,2.2918307781219482
20180927_sample_5,Pvalb,6.821939392725291,8.615422964576853,2.2633683681488037
20180927_sample_7,Pvalb,8.089751033637661,8.647348412188489,2.2666831016540527
20180927_sample_9,IT,18.32565134528152,13.181647376507586,2.6519486904144287
20180927_sample_10,low quality,10.712338889019115,13.83889887429577,2.697252035140991
20181002_sample_1,low quality,11.753419427080471,14.232402639632166,2.7234249114990234
20181002_sample_2,Pvalb,8.150391991626025,8.649570571533147,2.266913414001465
20181002_sample_3,Pvalb,8.307055444522309,9.130564102331173,2.3155570030212402
20181002_sample_4,Pvalb,11.255896293751386,9.940388408647088,2.3924612998962402
20181002_sample_5,Pvalb,11.99138503793323,8.459531591551594,2.247022867202759
20181002_sample_6,Pvalb,10.197648914574046,8.289783189842161,2.228915214538574
20181002_sample_7,IT,10.156708767033733,9.229141044103116,2.3252406120300293
20181002_sample_8,Pvalb,8.307749444539937,9.317638575963846,2.333854913711548
20181002_sample_9,Sst,8.00236428273053,10.329032072538505,2.427368640899658
20181002_sample_10,Pvalb,7.616534821132726,9.383683813907023,2.340235710144043
20181003_sample_1,low quality,25.849915088663717,15.622780733313768,2.810774087905884
20181003_sample_2,Sst,36.68396186502515,19.676778304950243,3.0290112495422363
20181003_sample_3,Sst,20.471825396609383,13.126745696814815,2.6480698585510254
20181003_sample_4,Sst,14.653990458990426,15.059467048598684,2.7762985229492188
20181003_sample_5,Sst,24.559754897778863,19.07426733272201,2.999438762664795
20181003_sample_6,Sst,21.120855508073596,18.922959043312925,2.991872787475586
20181003_sample_7,Sst,15.050954700468058,13.340919176764023,2.663116931915283
20181003_sample_8,Sst,12.545254511213644,11.83092083798267,2.5518579483032227
20181003_sample_9,Sst,14.56535876407249,9.622961073917274,2.3630177974700928
20181003_sample_10,Sst,14.293119337524576,11.918701683472486,2.55867600440979
20181004_sample_1,low quality,22.967186050169484,9.690838393707308,2.369387149810791
20181004_sample_3,Sst,14.534745061202267,16.602044338375087,2.8680150508880615
20181004_sample_5,Sst,16.393832198819187,14.706293006680646,2.754061460494995
20181004_sample_6,Sst,22.120718517365376,13.15928507361337,2.6503705978393555
20181004_sample_8,Sst,15.860106091019864,12.977288569548486,2.6374337673187256
20181009_sample_2,Sst,27.052129412765684,12.2728429230948,2.5857200622558594
20181009_sample_3,Sst,21.85231323194392,14.497541676582044,2.7406814098358154
20181009_sample_4,Sst,15.51950556792828,15.710056329003109,2.8160107135772705
20181009_sample_5,Sst,21.125772712217,12.9193577566583,2.6332805156707764
20181009_sample_6,IT,11.885160225670392,13.2349262215604,2.655698537826538
20181009_sample_7,Sst,22.99214339230018,17.35023641304064,2.909642457962036
20181010_sample_1,Sst,19.56349769855184,13.144021022132675,2.6492919921875
20181010_sample_3,Sst,17.70611277398743,14.38401981192151,2.7333292961120605
20181010_sample_4,Sst,20.3081008044884,19.96278930379736,3.0427489280700684
20181010_sample_5,IT,11.140679977003996,12.619127374696701,2.6114752292633057
20181010_sample_6,Sst,26.51922964830442,15.592679927218365,2.8089616298675537
20181010_sample_8,Sst,19.35679176071041,16.49653062298683,2.8620026111602783
20181010_sample_10,Sst,13.424615250896936,17.105343110651702,2.896207094192505
20181011_sample_3,Sst,11.408812641083912,15.126989148240007,2.780494213104248
20181011_sample_4,Sst,45.52592090435008,12.228077726242587,2.5823416709899902
20181011_sample_8,Sst,20.37082553885717,14.804767002488108,2.7603116035461426
20181011_sample_9,Sst,15.58374473011096,16.975229904398404,2.8889946937561035
20181011_sample_10,Sst,9.46906598437896,11.911958116044403,2.5581538677215576
20181109_sample_1,Sst,18.921655547985356,18.046633259261217,2.946890354156494
20181109_sample_2,Sst,15.549933701926092,14.445313765331278,2.7373056411743164
20181109_sample_3,Sst,19.800150355993125,13.668573243896866,2.6857073307037354
20181109_sample_5,Sst,20.346522258845965,13.107987859166716,2.6467411518096924
20181109_sample_7,Sst,19.767724715925635,16.606203714240287,2.868251323699951
20181109_sample_8,Sst,12.359767328373936,16.590947686723045,2.867384433746338
20181109_sample_9,Sst,14.817775346954557,14.17897275122255,2.7199110984802246
20181109_sample_10,Sst,11.192763140529305,13.614632996473144,2.682023286819458
20181112_sample_1,low quality,29.692930296055064,18.007506762704118,2.944833993911743
20181112_sample_4,Sst,21.251836996210734,10.577105055090273,2.4490294456481934
20181112_sample_5,low quality,20.271400861503704,13.666107882522793,2.6855392456054688
20181112_sample_6,Sst,16.496076769324958,15.939485258878573,2.8296473026275635
20181112_sample_8,Sst,17.794465239113592,16.16876059351818,2.8430914878845215
20181112_sample_11,Sst,21.9532930304586,15.324536721066362,2.7926692962646484
20181114_sample_1,Pvalb,9.319109144637675,12.319680745401913,2.589242696762085
20181114_sample_2,Pvalb,11.8117528763087,12.087469862674256,2.5716552734375
20181114_sample_4,Pvalb,11.93699733067874,10.241107370875028,2.4195773601531982
20181116_sample_2,Pvalb,14.101505303599405,9.028888229944743,2.3054697513580322
20181116_sample_3,Pvalb,7.587305967706539,10.356234558059938,2.429766893386841
20181116_sample_4,Pvalb,14.101505303599405,7.2068683623877385,2.104971408843994
20181116_sample_5,Pvalb,9.319662727682587,10.265976583534826,2.4217872619628906
20181116_sample_7,low quality,5.971617176400976,11.321607720819054,2.511354446411133
20181116_sample_10,low quality,7.935348751646025,10.747584018347776,2.4636476039886475
20181116_sample_12,Pvalb,7.604860360020435,9.376336170917716,2.3395278453826904
20181121_sample_1,Sst,23.15189828246158,16.97391854983015,2.8889217376708984
20181121_sample_2,Sst,15.384904819434958,14.452183061242131,2.737750291824341
20181121_sample_3,Pvalb,8.454508432583214,11.592568065874852,2.533106803894043
20181121_sample_4,low quality,24.428925243307543,9.67340035032811,2.3677546977996826
20181121_sample_5,Sst,14.006304822669364,15.877222430520087,2.82596492767334
20181121_sample_6,Sst,7.719958750761922,11.713301305469912,2.5426487922668457
20181121_sample_7,Sst,15.783292678266356,21.957328034266443,3.1336371898651123
20181126_sample_2,Sst,21.64961334045205,12.432651692565706,2.5976884365081787
20181126_sample_6,Sst,15.813836288139823,17.29964335420192,2.90688157081604
20181127_sample_1,Sst,18.840261449743775,16.828317925289628,2.8807880878448486
20181127_sample_3,Sst,26.614098368272803,17.35195588325094,2.909736156463623
20181127_sample_4,Sst,15.64167136487387,20.31722595661719,3.0595154762268066
20181127_sample_5,Sst,16.03164752200447,12.354888095023826,2.5918824672698975
20181127_sample_7,Sst,20.45739474008215,14.077293047259804,2.7131898403167725
20181129_sample_1,Sst,21.51330662040584,20.008114376638588,3.0449087619781494
20181129_sample_2,low quality,31.28630819670636,13.702977608325318,2.6880500316619873
20181129_sample_3,Sst,28.42466832189153,14.618919104810121,2.7484829425811768
20181129_sample_4,Sst,19.054153014318626,19.310320194986836,3.011129140853882
20181129_sample_5,Sst,16.82128555662917,11.744991349228982,2.545138359069824
20181129_sample_6,Sst,51.640744866412,16.064802570044694,2.8370180130004883
20181203_sample_2,Sst,40.37810543717959,16.166804082986562,2.842977523803711
20181203_sample_3,Sst,16.006055934780655,18.847832489176916,2.9880948066711426
20181203_sample_4,Sst,17.270903121710266,21.358244599716823,3.1071951389312744
20181203_sample_5,Sst,21.53256735850601,14.810378774020027,2.760666608810425
20181203_sample_6,Pvalb,9.15070498666433,12.186160635123253,2.5791678428649902
20181203_sample_7,Sst,15.474737250092554,17.0096335285517,2.890906810760498
20181203_sample_8,Sst,14.18467418715049,15.825117802167183,2.8228728771209717
20181203_sample_9,Sst,27.506060899245817,23.565067577040413,3.2013254165649414
20181203_sample_10,low quality,15.108190778697304,12.184428500948778,2.5790364742279053
20181205_sample_1,Sst,22.29127600472341,13.347150205987635,2.6635513305664062
20181205_sample_2,Sst,18.557162154327955,12.7285846922409,2.6194801330566406
20181207_sample_1,Pvalb,9.87438485598287,9.703462869539456,2.3705673217773438
20181207_sample_2,Pvalb,11.009386369520463,15.499096567382322,2.8033056259155273
20181207_sample_3,Pvalb,9.152608197750403,10.440503704616807,2.437160015106201
20181207_sample_4,Pvalb,10.028474824008102,9.037566796674462,2.3063347339630127
20181207_sample_5,Pvalb,11.424516602667744,9.2999251787684,2.332136631011963
20181207_sample_6,low quality,10.128735831465953,11.69983828731659,2.5415892601013184
20181207_sample_7,Pvalb,7.454864518440066,10.990839925118406,2.484143018722534
20181208_sample_1,low quality,11.51580232973955,11.568518601236569,2.5311951637268066
20181208_sample_2,Sst,17.4384053119643,12.470180772634512,2.600478410720825
20181208_sample_3,Sst,22.66131451939702,14.922927287811447,2.7677600383758545
20181208_sample_4,Sst,15.465580440674067,11.714365261606595,2.5427324771881104
20181208_sample_5,Sst,32.53671290961205,14.252899136322537,2.7247695922851562
20181208_sample_6,Sst,21.761300380209992,14.34289607855239,2.7306525707244873
20181208_sample_7,Sst,27.360481375313437,16.769302692204104,2.877472400665283
20181208_sample_8,Sst,15.132061058166697,14.717493567951262,2.754774332046509
20181208_sample_9,Sst,18.36031089554013,17.771265514359296,2.9323272705078125
20181208_sample_10,Sst,17.17570004060128,17.334300700603766,2.90877366065979
20181211_sample_1,CT,7.074147611107899,13.98909348928938,2.707322835922241
20181211_sample_2,Pvalb,8.704978038903425,10.39830620153387,2.433464765548706
20181211_sample_4,Pvalb,8.038759055399057,10.464931111665011,2.4392929077148438
20181211_sample_5,low quality,11.14745519671164,12.767052169046332,2.6222782135009766
20181211_sample_6,Pvalb,8.300960648996675,11.33841106239243,2.5127172470092773
20181211_sample_7,Pvalb,6.294605391878019,10.435306025503026,2.4367055892944336
20181211_sample_8,Pvalb,9.226446793936349,12.661648834762946,2.6145925521850586
20181211_sample_9,Pvalb,6.876214806029081,9.577896157789425,2.358766555786133
20181213_sample_1,Sst,27.30244900479516,15.127242918509921,2.7805099487304688
20181213_sample_2,Sst,21.33026027422712,12.599337989973003,2.6100211143493652
20181213_sample_3,Sst,24.0686756658156,16.278747724574483,2.8494772911071777
20181213_sample_4,Sst,23.05290187264013,17.102938896144583,2.8960742950439453
20181213_sample_5,IT,37.738911216615,14.609336879918704,2.7478692531585693
20181213_sample_6,Sst,14.218738905685653,13.58948683331954,2.6803011894226074
20181213_sample_7,Sst,28.946948235661505,13.955010816163815,2.7050464153289795
20181214_sample_1,low quality,19.25743414601752,12.551852791734257,2.606523275375366
20181214_sample_2,Sst,16.7063407930594,14.679750755407142,2.7523701190948486
20190108_sample_1,Pvalb,10.159522624301196,9.235408284816046,2.325853109359741
20190108_sample_2,Vip,24.37338935700149,13.668894995381487,2.6857292652130127
20190108_sample_3,IT,9.515448409667789,13.157128078320577,2.6502182483673096
20190108_sample_5,Vip,9.633806095626284,11.239990837561669,2.5047085285186768
20190108_sample_6,Lamp5,8.53905460875178,9.988855032837403,2.396881580352783
20190109_sample_2,Sst,20.55182400744754,14.038631303717699,2.7106223106384277
20190110_sample_1,Sst,17.80301116272554,15.194748811231133,2.784687042236328
20190110_sample_3,Sst,15.2562641465546,11.705580440614003,2.542041301727295
20190110_sample_4,Sst,15.253002918078115,15.20165011881545,2.7851130962371826
20190110_sample_6,IT,6.31040971704745,10.962305552129774,2.4817605018615723
20190110_sample_7,IT,6.236839814020043,11.679758156447512,2.5400068759918213
20190117_sample_1,Vip,13.554185400027018,15.243022952034249,2.787663459777832
20190117_sample_2,IT,13.530008103566406,14.848296215809274,2.763062000274658
20190117_sample_3,Sst,41.93512303467835,14.547429076916416,2.7438952922821045
20190117_sample_4,IT,9.305558777793587,12.894510121576351,2.6314938068389893
20190117_sample_5,Sst,20.250978762697034,14.985129717012558,2.7716588973999023
20190122_sample_1,Pvalb,8.084137576791727,10.046397732392144,2.402104377746582
20190122_sample_2,IT,22.929703382286363,13.756723207247566,2.6916987895965576
20190122_sample_3,Pvalb,10.617930518421954,9.82915166418923,2.382241725921631
20190122_sample_5,Pvalb,8.61421514265044,9.968514272122547,2.395028829574585
20190122_sample_6,IT,11.515604152486492,13.50205234153799,2.674290180206299
20190122_sample_9,Pvalb,9.195785856594489,13.751559280377979,2.6913487911224365
20190122_sample_10,Pvalb,7.800103264420574,11.043747627666729,2.4885456562042236
20190122_sample_11,low quality,9.801514403897457,13.088660373373491,2.6453702449798584
20190122_sample_12,Pvalb,7.68400463926445,8.540199367627931,2.25551438331604
20190122_sample_13,Pvalb,14.7958783908423,9.5623294332656,2.3572938442230225
20190122_sample_14,Pvalb,11.943976010574184,12.365832985105317,2.5927016735076904
20190122_sample_16,Pvalb,12.263729067235378,6.91340735500062,2.06855845451355
20190122_sample_17,Pvalb,12.368699356336435,10.618812051136057,2.4526255130767822
20190123_sample_5,Pvalb,9.767848994822764,10.751774825744912,2.4640042781829834
20190123_sample_7,Pvalb,12.496037822444809,11.028598761512404,2.4872870445251465
20190123_sample_8,Pvalb,10.982063873848768,7.778814245319016,2.1723413467407227
20190124_sample_4,Pvalb,7.700363298125176,11.188403213332817,2.5004849433898926
20190128_sample_2,Pvalb,8.647264419323541,7.921419804448577,2.188455104827881
20190128_sample_3,low quality,8.946823734010463,10.393035338739963,2.433002233505249
20190128_sample_4,Pvalb,8.141535425409765,8.842420624435324,2.2867016792297363
20190128_sample_6,Lamp5,15.933814073445602,13.09711750962333,2.645970344543457
20190128_sample_7,Pvalb,10.504173755320458,9.97347885054082,2.3954813480377197
20190128_sample_11,Pvalb,8.702622888240748,10.693805281089288,2.459059238433838
20190128_sample_12,Pvalb,9.364257230152054,9.104425531341452,2.3129734992980957
20190130_sample_2,low quality,7.309628087477611,13.40853775416114,2.667820930480957
20190130_sample_3,Lamp5,8.21368356204965,10.744741507374293,2.4634056091308594
20190130_sample_6,Pvalb,8.190686765803964,9.998744541036862,2.3977811336517334
20190130_sample_8,CT,7.003106158809462,10.835248153849628,2.4710822105407715
20190130_sample_9,Sst,17.30492657096393,13.501315900231617,2.67423939704895
20190130_sample_10,Sst,17.028508958971038,13.969358345998048,2.706005334854126
20190130_sample_15,Pvalb,5.697802836528871,11.894453607526735,2.5567972660064697
20190130_sample_17,Sst,20.22936769286339,13.053816973803796,2.6428940296173096
20190130_sample_18,Sst,13.50654367762034,11.501103462592049,2.5258169174194336
20190131_sample_1,Sst,21.13527703427427,15.184257662221055,2.78403902053833
20190131_sample_3,Pvalb,6.35593922781278,9.388425791265233,2.3406922817230225
20190131_sample_4,Sst,18.355956065290552,16.224171464378607,2.846313714981079
20190131_sample_5,Sst,11.103171492522586,10.85459853873316,2.4727158546447754
20190131_sample_6,Sst,12.934393706701265,9.820539387250335,2.381446123123169
20190131_sample_10,Sst,11.884960172385794,10.272817261674502,2.422394275665283
20190201_sample_2,Pvalb,10.154027221510662,11.52286509510725,2.5275561809539795
20190201_sample_3,Pvalb,8.012677987301814,9.672135690994866,2.367636203765869
20190201_sample_4,Pvalb,8.145111560447019,8.720507909491312,2.274237871170044
20190201_sample_7,Pvalb,13.242764216231222,12.739681879085921,2.620288133621216
20190201_sample_8,Pvalb,10.715530923102882,11.438263206179364,2.520777463912964
20190201_sample_10,Pvalb,9.6062329396134,9.245042285115986,2.326793909072876
20190204_sample_1,Sst,17.782568189997402,12.46286686775105,2.599935293197632
20190204_sample_2,CT,15.971875568568684,12.048819774767551,2.568697690963745
20190204_sample_4,Sst,18.73242652398772,12.769908084513439,2.622485637664795
20190204_sample_5,Sst,27.956136610240225,18.420530247319892,2.9663307666778564
20190204_sample_6,Sst,19.734519784366363,18.13518957432758,2.951529026031494
20190204_sample_7,Pvalb,10.810344906203328,8.205401751733186,2.219790458679199
20190204_sample_8,Pvalb,10.856073326938166,11.215394382996934,2.502696990966797
20190204_sample_9,Pvalb,9.474948980124676,9.85871305167926,2.384967803955078
20190204_sample_10,Pvalb,8.338168893535277,8.74638993708796,2.2768969535827637
20190204_sample_11,Sst,20.650478833119084,14.460120623788162,2.7382638454437256
20190204_sample_14,Sst,25.788273610183648,11.338537556417492,2.5127274990081787
20190204_sample_15,Sst,14.235445201984456,11.546973782494094,2.529479503631592
20190204_sample_16,Sst,11.89707043748789,11.612170326478603,2.5346622467041016
20190204_sample_17,Sst,16.409454913001483,14.40632908037446,2.73477840423584
20190204_sample_18,Sst,35.50836895244129,13.55570200402322,2.677982807159424
20190204_sample_19,low quality,15.418866830064829,10.787920820563944,2.4670753479003906
20190204_sample_20,low quality,10.02659588891659,11.650519340178523,2.537698268890381
20190204_sample_21,Pvalb,8.353777515106652,11.972959654330351,2.5628671646118164
20190204_sample_22,IT,35.90501645573158,18.942662294747425,2.992861270904541
20190204_sample_24,CT,14.210441398645102,10.01665371554635,2.3994081020355225
20190205_sample_1,Pvalb,13.470705217351265,10.424351190687242,2.4357471466064453
20190205_sample_2,Sst,19.7769414182863,16.384800742616605,2.8555963039398193
20190205_sample_3,low quality,13.69961862360224,13.3406559052795,2.6630985736846924
20190205_sample_4,Sst,24.686521968824795,16.388693201374604,2.8558201789855957
20190205_sample_5,Sst,19.663018689827123,14.209779514482845,2.7219386100769043
20190205_sample_6,Sst,16.57097929475703,12.481191222364494,2.6012954711914062
20190205_sample_7,Pvalb,9.549265787034152,11.139443700962849,2.4964599609375
20190211_sample_1,Pvalb,9.205009244977012,7.686073458003826,2.1617209911346436
20190211_sample_2,IT,9.703819906100534,12.654803934808166,2.614091396331787
20190211_sample_3,Pvalb,11.945541781948998,9.032824708925949,2.3058621883392334
20190211_sample_4,IT,7.902798639265033,13.759735159680483,2.6919028759002686
20190211_sample_6,Pvalb,7.417423880137313,9.78042809777647,2.377732276916504
20190211_sample_8,Pvalb,13.238746718439478,9.186045504721115,2.321018695831299
20190211_sample_9,Pvalb,9.727819666702038,10.504237047414273,2.4427154064178467
20190211_sample_11,Pvalb,10.517240798185934,10.938773763508136,2.4797914028167725
20190211_sample_12,low quality,8.478216985154122,11.75020672695178,2.5455474853515625
20190212_sample_1,Sst,17.401970808429216,14.178259834989204,2.7198641300201416
20190212_sample_4,Sst,16.679385570271904,11.37084769563887,2.5153427124023438
20190212_sample_5,Sst,38.94307958750767,13.918305784856926,2.7025890350341797
20190212_sample_6,Sst,19.617055290421035,12.433955211457203,2.597785472869873
20190212_sample_7,Sst,13.592327230794863,18.53985016353455,2.9724559783935547
20190212_sample_8,Sst,12.870455448866371,20.563940762461026,3.0710225105285645
20190213_sample_1,Pvalb,10.872232937323565,11.128950725120095,2.4955952167510986
20190213_sample_4,Pvalb,7.876574811452257,11.393008967490326,2.517132520675659
20190213_sample_7,Pvalb,8.11036132663617,8.455601371391115,2.2466073036193848
20190213_sample_8,Pvalb,10.003794237555846,8.93010773266765,2.2955713272094727
20190214_sample_1,Pvalb,5.852239178749212,10.199746795509602,2.415891170501709
20190214_sample_2,Pvalb,5.702837937314314,9.972325131169619,2.395376205444336
20190214_sample_3,Pvalb,8.142132691711216,10.06944789378911,2.404188871383667
20190214_sample_6,Pvalb,12.155243252228573,10.626859325127162,2.453317880630493
20190214_sample_9,Pvalb,7.576375865376604,9.60118690668482,2.3609659671783447
20190218_sample_3,Sst,23.395227537420705,16.15951211100056,2.842552661895752
20190218_sample_4,Sst,20.201399484845837,14.199350243871491,2.721252679824829
20190218_sample_5,Sst,15.172601397505897,13.889480896367001,2.700654983520508
20190219_sample_1,Vip,18.2395418962622,11.664929508730648,2.538836717605591
20190219_sample_3,Sncg,32.88007705409225,14.697143694050352,2.753478765487671
20190219_sample_4,Vip,12.323759994704837,12.294210934775265,2.5873286724090576
20190219_sample_7,Vip,15.554648334916523,12.865745866684934,2.6294214725494385
20190219_sample_8,IT,10.027840064452912,9.580057704305453,2.358970880508423
20190221_sample_1,Sst,16.542652639671914,14.608220453069826,2.747797727584839
20190221_sample_2,Sst,15.676556577174212,13.168787865287502,2.6510415077209473
20190221_sample_4,Sst,10.503938424696209,11.51006902546616,2.526533842086792
20190221_sample_10,Sst,14.296811891236649,12.509850222260601,2.603419065475464
20190221_sample_11,Pvalb,7.531139350612328,7.9159209944142255,2.187838554382324
20190222_sample_2,CT,11.313595786926134,11.809277413865244,2.5501697063446045
20190222_sample_3,IT,16.373385234437176,10.827595240292334,2.470435380935669
20190222_sample_4,CT,16.56460433039432,12.173242699461778,2.5781877040863037
20190222_sample_5,CT,16.0817015670746,9.89613548872729,2.3884081840515137
20190222_sample_7,Vip,20.92575050763497,11.63173383309219,2.536212205886841
20190222_sample_8,IT,7.525948112643554,11.33581675010004,2.5125069618225098
20190226_sample_1,Pvalb,9.74798814678709,11.444863223131742,2.521307945251465
20190226_sample_2,Lamp5,7.747147200869737,10.54072497602129,2.4458820819854736
20190226_sample_3,CT,28.67929058301847,12.355824239545438,2.5919525623321533
20190226_sample_5,IT,8.784223185033728,10.930462249181192,2.479094982147217
20190226_sample_6,IT,14.440389398235569,13.393893803697678,2.666804075241089
20190226_sample_7,Lamp5,7.136352676572533,9.248723957378559,2.327153205871582
20190226_sample_9,Pvalb,11.239432875967768,9.248430743228617,2.32712459564209
20190227_sample_1,Sst,39.1119871239873,15.11719897272812,2.7798869609832764
20190227_sample_2,Sst,14.101347215190104,11.12044323931204,2.4948935508728027
20190227_sample_3,Sst,19.375525935052853,15.528330092051085,2.8050758838653564
20190227_sample_4,Sst,23.75271572079718,15.424682101883986,2.7987852096557617
20190227_sample_5,Sst,19.305077151842163,14.332799577124865,2.729994297027588
20190227_sample_6,Sst,21.86186782123483,11.491054293103277,2.525012731552124
20190227_sample_7,Pvalb,8.58722155896566,12.016135315214292,2.566189765930176
20190318_sample_3,Sst,11.891772536867844,12.228727429013402,2.582390785217285
20190318_sample_4,Sst,14.214236509524634,10.909704510351602,2.477353572845459
20190318_sample_5,Sst,33.627542305897606,17.123356813870668,2.8972015380859375
20190318_sample_6,Sst,25.054181845991472,16.613332760217506,2.8686561584472656
20190320_sample_4,IT,9.992852631145183,10.394866279661002,2.4331629276275635
20190320_sample_5,CT,10.730346443406171,10.450332842916838,2.438018798828125
20190320_sample_6,CT,9.679754688289767,13.386706037215665,2.666304588317871
20190320_sample_9,IT,8.031804389757076,16.986907748866077,2.889644145965576
20190321_sample_2,low quality,15.56778210018294,12.870722065810048,2.6297802925109863
20190321_sample_4,IT,12.767479005997265,14.884691162109894,2.7653558254241943
20190321_sample_6,CT,7.291452626987257,9.228065582225067,2.3251354694366455
20190322_sample_1,IT,14.16586463337301,11.788704089407183,2.5485622882843018
20190322_sample_2,IT,11.06988717310281,12.547552995057677,2.606205940246582
20190322_sample_3,CT,12.715883463368217,11.223475988901095,2.5033583641052246
20190322_sample_4,CT,7.94145853434819,13.766355873904267,2.6923513412475586
20190325_sample_1,Lamp5,9.65938837070929,9.192356812571905,2.3216381072998047
20190325_sample_2,low quality,3.8895639754244336,10.756160525779805,2.4643774032592773
20190325_sample_3,IT,9.511006517219826,14.685748205725538,2.7527525424957275
20190325_sample_4,CT,7.029775651186889,9.884508563878368,2.387340545654297
20190325_sample_5,CT,4.892697257884182,13.208769961724427,2.6538593769073486
20190325_sample_6,CT,8.542185767353546,13.375528392543192,2.66552734375
20190325_sample_7,IT,10.144997088047,11.071963942107207,2.4908857345581055
20190325_sample_9,CT,8.616818153792222,13.59698124131322,2.680814743041992
20190326_sample_1,CT,11.436811606429035,11.97013296525864,2.5626492500305176
20190326_sample_2,Vip,21.35069306362884,15.561172621959287,2.807060956954956
20190326_sample_3,Vip,12.99005203826772,12.334017030130644,2.590318441390991
20190326_sample_4,CT,9.814741823881842,12.81849997336383,2.6260082721710205
20190327_sample_1,CT,7.299733902334741,18.59267614595652,2.975155830383301
20190327_sample_2,IT,6.948486356372814,11.633754805205816,2.536372184753418
20190327_sample_4,CT,9.13218231295675,8.68061688955461,2.2701256275177
20190327_sample_7,Vip,12.911717016887373,13.644207107070631,2.68404483795166
20190328_sample_1,CT,12.76515910981752,11.504531502146323,2.5260910987854004
20190328_sample_2,CT,13.40286972419406,11.317721756350572,2.5110390186309814
20190328_sample_3,CT,10.04112481183408,11.193768762508657,2.500925064086914
20190328_sample_4,CT,12.659428336475226,12.107189372970172,2.5731608867645264
20190328_sample_5,CT,10.826736859563356,9.731992837998272,2.3732292652130127
20190328_sample_6,CT,8.766940626133353,12.854282609217028,2.628594398498535
20190328_sample_8,IT,11.362701153041764,12.140409498218435,2.5756921768188477
20190328_sample_9,CT,9.366267875418,11.583048363498976,2.532350540161133
20190329_sample_3,CT,8.028292541922783,15.293041352551764,2.790738105773926
20190329_sample_4,CT,7.744365845109265,13.483131104307251,2.6729846000671387
20190329_sample_5,CT,7.008731949260107,9.562183375452088,2.3572800159454346
20190402_sample_2,CT,9.436533519968346,12.34825735833472,2.591385841369629
20190402_sample_3,IT,12.576804557164609,10.793832698507419,2.467576742172241
20190402_sample_5,low quality,10.24541842416792,11.177597902343367,2.4995980262756348
20190402_sample_6,Vip,21.768368778291467,10.664957031829447,2.4565892219543457
20190403_sample_3,low quality,8.856036673671754,13.498975440742365,2.6740779876708984
20190403_sample_5,IT,10.6184465302465,10.914862149423337,2.4777865409851074
20190403_sample_6,Sst,10.648303615311768,13.92289476414941,2.7028965950012207
20190403_sample_7,Sst,21.40414204239316,12.809620620489492,2.6253654956817627
20190408_sample_1,Pvalb,7.125000655446532,10.175705872713394,2.4137423038482666
20190408_sample_2,Sst,31.640376506729364,15.142168554275207,2.781435012817383
20190408_sample_5,Sst,13.608270640851233,11.29216899820028,2.508962392807007
20190408_sample_6,Sst,22.85638947214284,13.009396845708698,2.639728307723999
20190409_sample_2,low quality,20.489569895159207,11.514797391936446,2.526911735534668
20190409_sample_3,low quality,9.78302945404991,11.078882191436712,2.4914586544036865
20190409_sample_4,Sst,11.30073988379849,21.93389173012882,3.132615804672241
20190409_sample_5,CT,12.34241604253579,10.636218790297457,2.454122543334961
20190409_sample_7,Sst,33.98180362682064,11.139183219554877,2.496438503265381
20190409_sample_8,CT,11.232011826595702,16.30261240653592,2.8508574962615967
20190409_sample_9,IT,15.38603093282084,10.163839183578798,2.41267991065979
20190409_sample_10,CT,8.488567749609661,11.435413674602986,2.5205483436584473
20190409_sample_11,IT,7.962223959015278,13.214936794825368,2.6542932987213135
20190410_sample_3,CT,7.329466933274793,15.22743919003859,2.786703586578369
20190410_sample_4,Sst,27.066572178079603,12.900905121852114,2.6319539546966553
20190410_sample_6,IT,11.417788877678236,11.671888473455551,2.539386034011841
20190410_sample_7,CT,16.452488012254456,10.028148346775035,2.4004509449005127
20190410_sample_10,CT,8.924143293136199,9.618301907192778,2.362579107284546
20190411_sample_1,CT,12.300817403070722,12.163280881560974,2.5774312019348145
20190411_sample_3,low quality,7.448897606212622,10.525873563069974,2.444594383239746
20190411_sample_5,CT,14.314045934222408,11.377122745325284,2.5158498287200928
20190411_sample_6,Pvalb,9.074941221247364,9.215872735536234,2.3239426612854004
20190411_sample_8,CT,11.05393500110815,12.743868983517391,2.6205928325653076
20190412_sample_1,Pvalb,10.243104094730768,9.33042576074064,2.3350934982299805
20190412_sample_3,IT,6.562131238703023,11.078343675244716,2.4914140701293945
20190412_sample_6,Pvalb,7.903862979904415,9.9115645895231,2.3898231983184814
20190415_sample_1,Pvalb,11.119303648668248,10.624084824878292,2.4530792236328125
20190415_sample_3,CT,11.265980384391192,10.590626869749427,2.4501967430114746
20190415_sample_4,IT,11.99582501328106,11.051692686667465,2.4892051219940186
20190415_sample_6,CT,17.731231751728775,15.253288686584927,2.788295269012451
20190415_sample_8,Sst,13.963042168767444,11.856063956458044,2.5538156032562256
20190415_sample_10,IT,11.187280101808089,11.643496749307813,2.5371429920196533
20190416_sample_3,CT,11.93447252497558,16.10068430736321,2.839118480682373
20190416_sample_4,Pvalb,8.799329475069825,8.328397300756796,2.233063220977783
20190416_sample_5,Sst,14.599304697885788,14.57017577326394,2.7453572750091553
20190416_sample_6,IT,13.189252392232442,10.998655678240286,2.4847946166992188
20190416_sample_7,Sncg,22.919389014869815,15.043286720296114,2.7752904891967773
20190416_sample_8,Pvalb,6.303852646261148,8.174833816028478,2.2164642810821533
20190416_sample_9,IT,7.249426451783829,12.794305962665812,2.624255895614624
20190416_sample_10,CT,8.685963704112401,14.478376995457943,2.7394440174102783
20190417_sample_2,CT,9.991236235896366,13.678442333956179,2.686379909515381
20190417_sample_3,CT,28.745364820414625,10.303883523524235,2.4251463413238525
20190417_sample_4,Sst,19.011646439475047,12.760357862272565,2.6217918395996094
20190417_sample_5,Sst,18.716965795634,14.425312612471789,2.7360098361968994
20190417_sample_9,CT,9.929264177494789,12.843277688780248,2.6277997493743896
20190417_sample_10,Sst,14.73034564475856,19.697306016438954,3.030003547668457
20190418_sample_2,Sst,20.89051830657533,11.371959684466578,2.515432596206665
20190418_sample_4,CT,10.413351880312518,10.297514206610197,2.4245827198028564
20190418_sample_5,IT,9.923081509831004,13.677840412799327,2.6863389015197754
20190418_sample_7,CT,17.060122577280413,10.36833828037486,2.4308321475982666
20190418_sample_8,Pvalb,9.302434585189433,10.865702838362285,2.4736521244049072
20190418_sample_9,CT,8.611677369839462,11.66312394385755,2.538694143295288
20190418_sample_10,CT,15.093694651596357,9.793922661316705,2.37898325920105
20190422_sample_1,Pvalb,7.489990370986028,11.879512060490239,2.555637836456299
20190422_sample_4,Pvalb,10.24557864204131,9.888126691375378,2.3876729011535645
20190422_sample_5,Pvalb,10.950504777370238,10.44800987233771,2.4378159046173096
20190422_sample_6,CT,6.054591963787988,14.265566946380762,2.725599765777588
20190422_sample_7,IT,6.4039992354440844,8.320971886457578,2.232266902923584
20190422_sample_8,Pvalb,8.696635691766067,9.61264275717108,2.362046003341675
20190422_sample_10,CT,7.483260649121282,13.217966977649068,2.6545064449310303
20190423_sample_1,IT,11.536027721447535,14.090808009001384,2.714085817337036
20190423_sample_3,CT,9.810958040036,14.968304719722969,2.7706058025360107
20190423_sample_5,CT,17.52307765210237,12.45549277315664,2.5993874073028564
20190423_sample_7,CT,8.957049115070296,9.35189554323884,2.337169647216797
20190423_sample_8,Pvalb,4.951873459761865,13.121007656480595,2.6476635932922363
20190423_sample_10,Pvalb,9.928859372271916,8.787758377002397,2.281132459640503
20190424_sample_1,CT,9.55874036892261,12.472518977658392,2.600651979446411
20190424_sample_2,Pvalb,6.803294029230446,8.736732695115256,2.2759056091308594
20190424_sample_3,CT,9.793532251539023,11.73899751698579,2.544667959213257
20190424_sample_4,CT,7.426991304023493,10.834435519751656,2.4710135459899902
20190424_sample_5,CT,5.117227824975559,10.071910505857966,2.4044113159179688
20190424_sample_6,IT,12.389309265511937,13.463210373362472,2.6716082096099854
20190424_sample_7,Lamp5,9.624439463524466,7.384793625581641,2.12641978263855
20190425_sample_1,IT,12.51946086653245,11.263119295634278,2.506596326828003
20190425_sample_4,Lamp5,6.99780070140898,9.390308325040227,2.3408734798431396
20190425_sample_6,Sst,29.65196484678484,14.22977352458851,2.723252296447754
20190425_sample_7,IT,10.312702187497464,12.170400631132718,2.577971935272217
20190425_sample_8,CT,11.81228157547911,14.155110082788191,2.7183377742767334
20190425_sample_9,CT,9.995624017728634,12.047338984205407,2.5685842037200928
20190425_sample_12,CT,10.090685519512716,11.286077621219073,2.5084667205810547
20190425_sample_13,CT,12.573090876841269,12.750611001286629,2.6210832595825195
20190425_sample_14,CT,6.28455514827731,11.077186090701668,2.4913182258605957
20190425_sample_16,IT,11.636893599580068,14.332302420281765,2.72996187210083
20190429_sample_1,Pvalb,7.7646923898513265,9.825873184452465,2.381938934326172
20190429_sample_4,Pvalb,9.189581861061589,9.888028046417832,2.3876638412475586
20190429_sample_5,Pvalb,5.3122804348622354,9.29256564011234,2.3314218521118164
20190429_sample_6,Pvalb,7.224748985714452,10.26670451796404,2.421851873397827
20190429_sample_7,CT,10.706774307828397,13.004865062476272,2.639404773712158
20190430_sample_1,Vip,17.955904612089604,9.636928019558109,2.3643317222595215
20190430_sample_3,Vip,22.06941052874589,11.452369247851395,2.5219109058380127
20190430_sample_4,Vip,15.707361721008246,15.544147587675406,2.806032419204712
20190430_sample_5,Vip,13.874046374779104,11.529020101319357,2.528047561645508
20190430_sample_6,Vip,10.775688503274438,12.622059779203498,2.6116905212402344
20190430_sample_7,IT,12.157715866754115,12.626483935894793,2.6120152473449707
20190430_sample_8,Vip,8.453675754594757,10.00576406835788,2.398419141769409
20190430_sample_9,IT,10.081403660787627,14.386484795271762,2.733489513397217
20190430_sample_10,IT,9.959969019582193,13.649654783731986,2.6844167709350586
20190501_sample_1,Vip,13.773662073340374,14.882509881524083,2.765218496322632
20190501_sample_3,Vip,29.73135326854983,9.48687378214915,2.3501243591308594
20190501_sample_4,Vip,23.902461821449787,12.666825491627261,2.614971399307251
20190501_sample_5,CT,7.129234871390657,11.356353796792488,2.5141704082489014
20190501_sample_6,Vip,19.08755817720115,11.458453961279464,2.522399425506592
20190501_sample_7,Pvalb,7.60540909048203,10.873190744620079,2.47428297996521
20190501_sample_8,Vip,18.565841286589787,12.354630189185222,2.5918631553649902
20190501_sample_9,Pvalb,5.505119398748051,11.415038259504206,2.5189085006713867
20190501_sample_11,Pvalb,4.722087243514255,8.455515704919527,2.246598243713379
20190501_sample_12,IT,18.724033979532823,11.6275001768425,2.535876989364624
20190501_sample_14,Pvalb,12.900749941046824,10.11502213377908,2.408297538757324
20190503_sample_1,Vip,17.13225365784363,15.564134255175627,2.8072397708892822
20190503_sample_3,Vip,13.254450948981743,8.487794649905737,2.2500061988830566
20190506_sample_1,Vip,22.91730540019348,11.307890426668777,2.5102405548095703
20190506_sample_2,Vip,20.204097993378507,12.724313896374753,2.619168996810913
20190506_sample_3,Vip,20.13397094802992,11.495516282783186,2.525369882583618
20190506_sample_4,CT,11.012577239899649,11.988638231622444,2.564074993133545
20190506_sample_5,Vip,14.4336681273212,12.490647400808006,2.601996660232544
20190506_sample_6,CT,10.67628252531472,12.915674560865611,2.6330158710479736
20190506_sample_7,Vip,10.06700507271793,13.227817837479996,2.6551990509033203
20190507_sample_2,Vip,15.534007349093963,14.209721493889186,2.7219347953796387
20190507_sample_3,CT,11.554129860247915,12.828591682368476,2.6267383098602295
20190507_sample_4,Vip,18.76008742349288,15.70596527432334,2.815765857696533
20190507_sample_5,Vip,12.081842679812183,13.480299882090979,2.6727890968322754
20190507_sample_6,Vip,14.439679051630993,14.124424867970697,2.716310977935791
20190508_sample_1,Lamp5,17.940820891531033,10.792154132276382,2.4674344062805176
20190508_sample_2,Sst,14.145146290730198,11.377193567992348,2.515855550765991
20190508_sample_3,Lamp5,7.918053653355109,8.93322861721652,2.2958855628967285
20190508_sample_4,Sst,12.621578968126745,18.211804761244863,2.9555249214172363
20190508_sample_5,low quality,9.98873765670652,13.026498569742943,2.6409482955932617
20190508_sample_6,Pvalb,8.603510748960442,10.472540834527763,2.4399564266204834
20190508_sample_7,Sst,15.902069195902468,18.0150264109834,2.9452295303344727
20190509_sample_2,Vip,24.109493241320884,12.455094982142754,2.599357843399048
20190509_sample_3,Lamp5,8.33611885749528,11.004309758014283,2.4852657318115234
20190509_sample_4,Vip,7.693745786913499,11.932988729016952,2.559781312942505
20190509_sample_5,Lamp5,9.061248577588616,8.415340492100608,2.242340326309204
20190509_sample_9,Vip,10.848224751646946,11.500870986118366,2.5257983207702637
20190513_sample_1,Lamp5,13.803803240783491,13.126900629281678,2.648080825805664
20190513_sample_2,Vip,8.746094700198114,10.67634858780868,2.4575653076171875
20190513_sample_3,Vip,5.430735306770978,14.907555812947267,2.766794204711914
20190513_sample_4,Vip,7.369102203398178,10.987058277548378,2.483827590942383
20190513_sample_5,Lamp5,12.92070035471949,12.375405960397874,2.5934176445007324
20190514_sample_2,Pvalb,10.323029272819388,8.508988967736498,2.252237558364868
20190514_sample_4,Lamp5,3.501706426617224,9.845957179439202,2.3837924003601074
20190514_sample_7,Lamp5,11.757881413099009,9.84179730016844,2.383408784866333
20190514_sample_8,Pvalb,7.946628458600833,9.437681782705207,2.3454225063323975
20190515_sample_1,Lamp5,8.715757014435024,11.703411685283207,2.541870594024658
20190515_sample_2,low quality,8.096797304289703,10.754717127545407,2.46425461769104
20190515_sample_3,low quality,9.133931957030846,12.634510852301053,2.6126041412353516
20190515_sample_4,Vip,14.05763137596991,12.700209663570037,2.6174111366271973
20190515_sample_5,Lamp5,8.17187760232536,12.80020078518463,2.624683141708374
20190515_sample_6,Vip,22.57367152492482,11.681859378026363,2.540172576904297
20190515_sample_7,Lamp5,12.44370893636631,16.58976082228686,2.867316961288452
20190515_sample_8,Vip,12.919070047888365,10.995040295153983,2.4844932556152344
20190515_sample_9,Lamp5,10.636479077664449,10.718966315517008,2.4612085819244385
20190515_sample_10,Vip,10.777329887857649,9.497595397353615,2.3511462211608887
20190515_sample_11,Lamp5,9.350396191100256,9.683283592118196,2.368680238723755
20190515_sample_12,Vip,14.699302149547508,11.874780957893133,2.5552704334259033
20190515_sample_13,Vip,18.03959122302672,12.462699959311058,2.5999228954315186
20190515_sample_14,Vip,13.60134882748,9.38399822788597,2.340265989303589
20190515_sample_15,Lamp5,8.234895533148649,10.577853092625922,2.44909405708313
20190516_sample_2,Sst,16.517706453531886,18.692337804766613,2.980229616165161
20190516_sample_3,Lamp5,3.992889833474125,8.583715127317372,2.2600653171539307
20190516_sample_4,Sst,12.170401522817588,20.045377236144038,3.0466809272766113
20190516_sample_5,Lamp5,8.574742521775866,11.115635667570448,2.4944968223571777
20190516_sample_6,Sst,34.30076922810589,12.92562474709097,2.63373064994812
20190522_sample_1,Lamp5,13.55253441058032,13.396340864910847,2.6669740676879883
20190528_sample_2,Vip,7.145395824421116,6.991389189393982,2.078364610671997
20190528_sample_4,Vip,16.09460759779435,11.209116911789307,2.502182960510254
20190528_sample_6,Vip,5.033348129637878,9.862926039860229,2.3853557109832764
20190528_sample_7,Lamp5,12.06363080739749,10.80880696258354,2.4688456058502197
20190528_sample_8,Vip,8.795945568929406,10.909295630115466,2.4773192405700684
20190528_sample_9,Vip,18.81164604767337,8.65584875046985,2.267563819885254
20190529_sample_2,Vip,19.77119884247336,11.781007518073894,2.5479602813720703
20190529_sample_3,Sncg,18.465327235488022,11.512932680739251,2.5267627239227295
20190529_sample_6,Vip,28.344262148900743,13.994669464429546,2.7076947689056396
20190603_sample_1,Lamp5,15.66433566252798,11.920974966634434,2.558851957321167
20190603_sample_2,Vip,27.19530906703504,12.561390867507717,2.607226848602295
20190603_sample_3,Vip,10.804494186353969,9.506020771935276,2.3519484996795654
20190603_sample_4,Vip,7.839030072962532,12.504951970526232,2.6030564308166504
20190603_sample_5,Lamp5,6.9187189051704046,8.755286873501763,2.2778093814849854
20190603_sample_6,Lamp5,9.349128787319009,10.490448912777678,2.441516160964966
20190603_sample_7,Lamp5,12.004559672513349,10.438218180144135,2.436960220336914
20190603_sample_9,Sncg,22.26232239338053,9.71221692765428,2.371384859085083
20190603_sample_10,Vip,6.399901924373051,11.757090887040787,2.5460872650146484
20190604_sample_2,Pvalb,9.887402134986893,12.025358451489808,2.5668981075286865
20190604_sample_4,Lamp5,10.336592770672205,10.883544622045424,2.4751546382904053
20190604_sample_6,Lamp5,7.615750808698004,7.423306323246262,2.131002426147461
20190604_sample_8,Pvalb,11.04414209095476,10.314361363631217,2.426072835922241
20190604_sample_12,IT,8.449975623966319,10.458318064367168,2.438715934753418
20190605_sample_1,low quality,13.85743086909466,11.86010135925986,2.5541296005249023
20190605_sample_2,Vip,14.967541018367204,11.367217467834967,2.5150492191314697
20190605_sample_4,Vip,6.310218207953879,13.067195946107125,2.643845558166504
20190605_sample_5,Lamp5,8.890541097342775,7.87232099413994,2.182936429977417
20190605_sample_6,Vip,18.909088098264327,15.579839755639128,2.808187484741211
20190606_sample_1,Pvalb,5.510067173399987,8.369459102300544,2.237455368041992
20190606_sample_2,Pvalb,10.386813313569869,8.78899992213136,2.281259298324585
20190606_sample_3,Pvalb,6.131524764959613,11.993674495084097,2.564462661743164
20190606_sample_5,Pvalb,7.186298425282299,9.555212723387536,2.3566198348999023
20190606_sample_6,IT,11.312485902566626,15.040402916222687,2.7751107215881348
20190606_sample_7,low quality,5.411703778225531,9.19372259061368,2.3217720985412598
20190606_sample_9,Sst,15.158728071162704,12.027153546922955,2.5670359134674072
20190607_sample_2,Sst,22.85597640892692,16.732309727239556,2.8753883838653564
20190607_sample_3,Lamp5,10.946675235050296,8.515670248319203,2.2529399394989014
20190607_sample_5,low quality,7.384771589320233,10.49632398048975,2.4420273303985596
20190610_sample_1,Sst,13.198049554995425,12.129079489084287,2.574829578399658
20190610_sample_2,Pvalb,5.007094115042391,11.369314081944218,2.515218734741211
20190610_sample_3,Lamp5,8.733979100955061,7.21133469797757,2.105515480041504
20190610_sample_4,Pvalb,4.523275374219484,10.788440767007144,2.4671194553375244
20190610_sample_5,low quality,5.774783771485162,11.297163893977025,2.509368658065796
20190610_sample_7,low quality,12.00782955484284,11.708255546793003,2.5422518253326416
20190610_sample_8,Pvalb,6.752817843299972,10.563756163949067,2.447875738143921
20190610_sample_9,Lamp5,6.9365239685759805,9.107442153187785,2.313271999359131
20190610_sample_10,Pvalb,5.564695217378791,10.129025744548176,2.4095566272735596
20190610_sample_12,Pvalb,10.326126450868328,10.472893689382031,2.4399871826171875
20190610_sample_16,Lamp5,7.314523073590211,11.429849926839232,2.5201008319854736
20190610_sample_18,Vip,6.975925657494782,15.448312258621762,2.800222873687744
20190611_sample_1,IT,8.688338967923942,13.17538683524652,2.6515071392059326
20190611_sample_3,Lamp5,8.07821188094344,11.507874000258202,2.5263583660125732
20190611_sample_4,Sst,10.376822246641837,15.842632752223825,2.823913335800171
20190611_sample_5,low quality,14.153222738547296,11.908941586771174,2.557920217514038
20190611_sample_7,Lamp5,6.213429966091388,9.301993080274329,2.3323373794555664
20190611_sample_8,Sst,11.259496684481666,15.232620504931647,2.787022829055786
20190611_sample_10,Sst,15.389806393901525,11.72681500734125,2.5437111854553223
20190611_sample_11,IT,5.589744195518635,12.124131549430837,2.5744526386260986
20190611_sample_14,Sncg,20.73736313383785,22.916660994956203,3.1745753288269043
20190611_sample_15,Lamp5,15.923694971110944,7.957906879372386,2.1925365924835205
20190612_sample_1,Lamp5,11.554234746877553,10.86110659726357,2.473264694213867
20190612_sample_2,Pvalb,5.646422392097261,9.702235473898616,2.370452642440796
20190612_sample_4,Vip,8.798036204231769,11.23524961407901,2.5043210983276367
20190612_sample_6,Pvalb,10.14559099368541,8.466557290937343,2.247765302658081
20190612_sample_7,Lamp5,10.127880598009728,8.66094702003291,2.2680916786193848
20190612_sample_8,Lamp5,7.68170267005267,9.519121682764293,2.3531947135925293
20190613_sample_2,Sst,19.410869435190143,12.396226828067208,2.594973087310791
20190613_sample_3,Sst,16.09492986008852,14.406608242690364,2.7347965240478516
20190613_sample_4,Sst,32.88633408357952,14.889687271691937,2.7656702995300293
20190613_sample_6,Pvalb,10.317445789731703,14.408709468746418,2.7349328994750977
20190613_sample_7,Sst,22.082425203111807,15.363730164219223,2.795067310333252
20190613_sample_8,Pvalb,10.686605606687625,9.077705649099967,2.3103256225585938
20190613_sample_9,Sst,10.60526346450431,11.603528233473256,2.5339767932891846
20190613_sample_10,Sst,17.357566521026705,16.668758764106833,2.871798038482666
20190614_sample_2,Vip,21.881116031736227,12.587081006492774,2.609119415283203
20190614_sample_3,Lamp5,10.934764092245183,12.062054798883462,2.569711446762085
20190614_sample_4,Vip,14.717779850827654,11.59052066224427,2.5329442024230957
20190614_sample_6,Vip,9.51749581751613,14.791723284192177,2.759485960006714
20190614_sample_8,Vip,14.484217858176422,15.140702306980105,2.781344175338745
20190617_sample_1,Lamp5,7.856545356922273,10.515781896282734,2.443718433380127
20190617_sample_2,CT,12.91297614141729,16.173640561911238,2.8433756828308105
20190617_sample_3,Sst,10.744334247435951,16.791507508500544,2.878721237182617
20190617_sample_4,Sst,14.963992131105387,16.48483348292974,2.8613338470458984
20190617_sample_5,Sncg,22.995014313014224,14.534334777246883,2.7430527210235596
20190617_sample_6,Sst,18.2495245177624,17.964219073391906,2.942553997039795
20190618_sample_1,low quality,6.12243645823731,9.104892904209011,2.3130197525024414
20190618_sample_2,Vip,6.07876406869957,16.144152642992786,2.8416571617126465
20190618_sample_4,Vip,4.586216058107306,12.573886810846787,2.6081478595733643
20190618_sample_5,Vip,8.10599068975139,16.182904852702304,2.8439149856567383
20190618_sample_7,Lamp5,9.127219388655115,11.086227990533056,2.4920666217803955
20190618_sample_8,Lamp5,14.527794837769662,14.149730893804723,2.717982769012451
20190619_sample_1,Lamp5,10.937229844880036,9.850894743526823,2.3842475414276123
20190619_sample_3,Pvalb,7.43480641320593,10.486559429381359,2.4411776065826416
20190619_sample_4,Pvalb,8.757251081245862,10.403938393411222,2.4339587688446045
20190619_sample_5,Pvalb,7.41296187449737,10.62445619811409,2.453111171722412
20190619_sample_6,Lamp5,8.534540396529376,7.22765687154782,2.107501268386841
20190620_sample_1,Lamp5,8.394861404568521,10.948934130594825,2.480642080307007
20190620_sample_2,Sst,18.80267809259104,10.97768505151932,2.4830453395843506
20190620_sample_5,Sst,23.72824074731392,14.858448593134131,2.763702392578125
20190620_sample_6,Sst,21.665444460552443,12.284258989216507,2.5865797996520996
20190620_sample_8,Pvalb,7.983173640637437,11.032557033814319,2.4876160621643066
20190624_sample_1,Sst,6.334895911722599,18.095425885333892,2.949448823928833
20190624_sample_2,Sst,35.24743347671611,14.662347215112726,2.7512595653533936
20190624_sample_3,Sst,14.26905801568092,15.204018172564922,2.785259246826172
20190624_sample_4,Pvalb,12.372386003572176,10.876724095266754,2.4745805263519287
20190624_sample_5,Sst,18.510492845309656,14.991724369758977,2.772071361541748
20190624_sample_6,Sst,23.22782430378891,11.47980809924849,2.5241119861602783
20190625_sample_1,Vip,8.079903281605118,11.224461063268517,2.503438949584961
20190625_sample_2,low quality,19.331932188002423,11.702812011023672,2.541823387145996
20190625_sample_3,Vip,3.856802454253842,14.714548432722601,2.754586935043335
20190625_sample_4,Vip,25.55168726883814,18.29727315306642,2.959963798522949
20190625_sample_5,Vip,5.309114702163713,15.56033951126218,2.8070106506347656
20190625_sample_6,Lamp5,7.552120650065528,10.517429359929881,2.443861484527588
20190625_sample_7,Vip,18.672199530117364,16.985106705587114,2.8895440101623535
20190625_sample_8,Vip,9.26826209610808,11.966790597345398,2.562391519546509
20190625_sample_10,Vip,18.259377930076475,12.55733046633737,2.6069273948669434
20190625_sample_11,Vip,3.50023010450336,12.610327458252618,2.6108288764953613
20190625_sample_12,Vip,11.01845834497889,11.890559086429215,2.556495189666748
20190625_sample_13,Vip,10.89035182039664,10.342302002137608,2.428539276123047
20190626_sample_1,Vip,6.919732725778116,10.827516282839245,2.470428705215454
20190626_sample_4,low quality,6.802625911950901,10.721646086367604,2.461437225341797
20190626_sample_5,Vip,7.067490375273603,14.171552101070386,2.7194221019744873
20190627_sample_1,CT,5.551506796890813,10.655768976377443,2.455801248550415
20190627_sample_2,Lamp5,4.935162750900875,7.5836476017596155,2.1498589515686035
20190627_sample_4,NP,10.37493095547175,16.213674184186694,2.8457040786743164
20190627_sample_6,Pvalb,7.952647906134615,8.065864191343584,2.2045161724090576
20190627_sample_8,IT,8.53864929835499,10.28195897326712,2.4232048988342285
20190628_sample_1,Sst,12.618686417368089,21.92797079582844,3.132357597351074
20190628_sample_2,Pvalb,9.036137296334914,10.863858471103423,2.473496675491333
20190628_sample_3,Sst,23.678193088087053,11.67588616956612,2.539701461791992
20190628_sample_4,Sst,11.320340517195993,19.23101235053459,3.007216691970825
20190628_sample_5,Sst,21.91271781360606,13.183956902436048,2.652111530303955
20190628_sample_6,Pvalb,10.279537693887931,11.766182209079659,2.546799659729004
20190628_sample_7,Sst,17.000286599422626,11.191013028417926,2.500699043273926
20190703_sample_1,Pvalb,9.366839374865377,10.599088788160483,2.4509265422821045
20190703_sample_2,Pvalb,9.06566164294189,11.456063077576863,2.522207498550415
20190703_sample_3,Pvalb,6.577961864044078,11.309595448440037,2.5103790760040283
20190703_sample_5,Pvalb,7.384943532566918,8.65360903413787,2.267331838607788
20190703_sample_6,Pvalb,7.68920506068703,9.395898487488932,2.3414113521575928
20190703_sample_8,Pvalb,7.362260764261679,10.355568523414329,2.429708242416382
20190703_sample_10,Pvalb,7.621520197992475,10.972251882011022,2.4825916290283203
20190703_sample_12,Pvalb,8.085046845375459,11.911034613859576,2.558082342147827
20190703_sample_13,Sst,9.073445400411956,15.54334294308277,2.805983781814575
20190703_sample_14,low quality,9.30920677143652,14.442213453833686,2.737104892730713
20190703_sample_15,Sst,5.454696611075038,19.23071812227183,3.0072021484375
20190704_sample_2,Sst,20.727243350684184,14.25891157872766,2.725163698196411
20190704_sample_12,Vip,3.4661322531379635,11.604057109661026,2.5340187549591064
20190704_sample_14,Vip,3.754048328712989,13.720725954889225,2.689256429672241
20190705_sample_1,Vip,6.517494600716965,12.777618731056199,2.6230454444885254
20190705_sample_3,Vip,3.437064961438342,14.252957321626145,2.724773406982422
20190705_sample_4,Vip,5.343665897371345,13.422811467217452,2.668811082839966
20190705_sample_5,Vip,6.892411153156312,12.494266359734041,2.602264881134033
20190705_sample_9,Vip,11.783871201284168,12.861947963622615,2.629147529602051
20190708_sample_3,low quality,7.151618319180614,11.678836147544567,2.5399341583251953
20190708_sample_4,Pvalb,6.842943196280171,11.522244088295503,2.5275065898895264
20190708_sample_6,Vip,18.499902661576325,8.701920414762128,2.2723238468170166
20190708_sample_7,Vip,15.546612738062136,12.237384766353976,2.58304500579834
20190708_sample_8,IT,15.787181766475582,13.292991277258329,2.659769296646118
20190708_sample_12,Vip,4.753141752513454,10.806940474065076,2.4686875343322754
20190709_sample_1,Vip,11.71498950553036,11.849619615344597,2.553314208984375
20190709_sample_2,Vip,4.954160911783844,13.605551988062427,2.6814017295837402
20190709_sample_3,Vip,9.12530138063696,11.567574717651626,2.5311200618743896
20190709_sample_8,Sncg,41.95584253622638,11.830807650675064,2.551849126815796
20190709_sample_10,Vip,6.751457484085342,10.392073805118159,2.432917833328247
20190709_sample_11,Vip,6.9891076697276056,18.095612547122798,2.949458599090576
20190709_sample_12,Vip,8.61638126194493,11.983610111249925,2.563687801361084
20190709_sample_13,Vip,4.7775006778720055,12.016067043046624,2.5661845207214355
20190709_sample_14,Vip,7.726721065630163,11.194472330292827,2.5009827613830566
20190710_sample_3,Sst,11.517771537497923,14.016593123805006,2.709155797958374
20190710_sample_4,Sst,15.215305076178067,16.1277696628871,2.840701103210449
20190710_sample_5,Sst,10.190851110842893,14.205772987378447,2.721675157546997
20190710_sample_6,Sst,12.524816483320883,17.137219383464984,2.897966146469116
20190710_sample_8,Vip,6.878198386887047,12.763442089339346,2.622015953063965
20190710_sample_10,Vip,16.228253410761543,15.41581095717657,2.7982449531555176
20190712_sample_1,CT,19.87752779077297,16.25082312045127,2.8478598594665527
20190712_sample_3,Sst,16.01541981413535,12.780023443974114,2.6232199668884277
20190712_sample_4,low quality,14.664032837054494,10.676805149518612,2.45760440826416
20190712_sample_5,Lamp5,6.316672948530167,8.571731283317524,2.2588140964508057
20190712_sample_6,Lamp5,7.3034577981920705,8.783437534469389,2.280690908432007
20190712_sample_7,Lamp5,6.910449433024041,6.974816987276939,2.0762887001037598
20190715_sample_1,Lamp5,6.692375689114479,9.606308898994733,2.3614490032196045
20190715_sample_4,Lamp5,5.737163618662085,8.126322363866324,2.211162805557251
20190715_sample_5,Vip,4.837423697006038,14.480702079641237,2.7395942211151123
20190715_sample_6,Lamp5,8.232642812705105,8.63493123162203,2.265395164489746
20190715_sample_7,Vip,6.290845612475303,14.043608786139536,2.7109532356262207
20190715_sample_8,Lamp5,6.935581847194606,9.563205822562228,2.35737681388855
20190715_sample_9,Vip,7.805658872103339,10.273491881777542,2.4224541187286377
20190715_sample_10,Sncg,12.221180053802255,12.858937484822766,2.6289303302764893
20190715_sample_11,Lamp5,7.218821848891929,8.69786636601749,2.2719058990478516
20190716_sample_1,low quality,8.834498089956941,10.727737228675633,2.461956739425659
20190716_sample_3,Sst,21.653530176525624,14.636285573002619,2.749594211578369
20190716_sample_5,Sst,6.709183507752026,11.366642509189308,2.515002727508545
20190716_sample_7,Vip,5.8023570023154445,12.182294296472856,2.5788745880126953
20190716_sample_8,Lamp5,8.48490492744807,7.544116602820869,2.145242929458618
20190716_sample_9,Vip,4.859991172991305,13.706497514474503,2.6882894039154053
20190717_sample_1,Sst,17.489854760218222,16.15535191939929,2.8423101902008057
20190717_sample_2,Sst,10.742081622451115,19.285561795677378,3.0099093914031982
20190717_sample_3,Sst,12.768677484694363,14.13155549942694,2.716782331466675
20190718_sample_1,Vip,5.60841102601925,7.609295758594441,2.1528425216674805
20190718_sample_2,CT,17.122597521765226,13.09059192984257,2.645507335662842
20190718_sample_3,CT,35.03905024414162,15.260307982593645,2.788727045059204
20190718_sample_4,Vip,5.593459381259518,13.724267662693055,2.6894969940185547
20190718_sample_5,Vip,9.853364458442435,17.244060740139098,2.903839588165283
20190718_sample_6,Vip,12.183172079448097,18.29996482541311,2.9601032733917236
20190718_sample_7,Vip,11.203948289975097,8.258875450380616,2.2255825996398926
20190718_sample_8,Vip,11.620108907148351,10.538936624484263,2.4457271099090576
20190718_sample_9,Vip,10.945395162539944,10.095765182485772,2.4065635204315186
20190719_sample_1,CT,12.553095331256763,14.192564367702104,2.720806121826172
20190719_sample_2,IT,7.762710869408318,13.895172519917077,2.7010371685028076
20190719_sample_4,IT,8.86229072999048,12.824873174104638,2.626469373703003
20190719_sample_5,IT,17.714127565126336,14.216895967678349,2.7224063873291016
20190719_sample_6,IT,8.622645687547704,10.69141340420554,2.4588546752929688
20190719_sample_9,IT,11.657784929661478,13.13682995374189,2.6487834453582764
20190719_sample_10,IT,11.215731926456105,17.83437631040418,2.9356837272644043
20190722_sample_1,CT,14.3161693952244,14.11200749149746,2.715489625930786
20190722_sample_6,CT,3.894185235490117,11.50909076013233,2.5264556407928467
20190722_sample_7,low quality,9.396132969083888,14.218369003200873,2.722503185272217
20190722_sample_8,low quality,14.195434527131551,11.55220090212349,2.5298960208892822
20190724_sample_1,Vip,17.349819173676476,12.286146782973658,2.586721897125244
20190724_sample_2,CT,7.854550615271787,10.64286233815528,2.45469331741333
20190724_sample_4,Vip,6.364620798724514,17.255229896707178,2.904451608657837
20190724_sample_5,Vip,9.984854642784969,15.610812277981639,2.810053825378418
20190724_sample_6,IT,4.381728014318874,13.12536485206491,2.6479721069335938
20190724_sample_9,Vip,9.743809738226524,14.054652626126972,2.7116870880126953
20190724_sample_10,Vip,4.6427494949208645,12.354197173299752,2.5918307304382324
20190724_sample_12,Vip,4.483124251273017,12.31506413694064,2.5888960361480713
20190724_sample_16,low quality,9.98330920236124,9.677780741227652,2.3681650161743164
20190725_sample_1,Vip,19.012862615937596,11.76360445968012,2.546597719192505
20190725_sample_3,Vip,11.087540250457025,13.81833335350649,2.6958651542663574
20190725_sample_4,Sst,12.677937221588945,15.505407414633973,2.8036880493164062
20190725_sample_5,CT,15.537804578815498,12.930140852848206,2.6340548992156982
20190725_sample_6,Vip,3.087129756476869,13.288473361795392,2.6594531536102295
20190725_sample_7,Vip,13.94218692358704,12.148002751009416,2.5762698650360107
20190725_sample_8,Vip,9.15212154205665,10.516344753190841,2.4437673091888428
20190725_sample_9,Vip,20.76726953958901,12.209168337541552,2.580911159515381
20190725_sample_10,low quality,4.745448084656344,10.525857075187378,2.4445929527282715
20190726_sample_1,Lamp5,7.042650015845943,9.837287612431592,2.382992744445801
20190726_sample_2,Pvalb,8.712380304816085,10.786999025946086,2.4669971466064453
20190726_sample_3,Lamp5,7.844485577957123,8.366991019721757,2.237191915512085
20190726_sample_4,IT,5.8806827160459605,12.255133590818252,2.5843849182128906
20190726_sample_5,Lamp5,6.883597180147611,8.608577718307997,2.2626562118530273
20190726_sample_6,Sst,13.04683747238291,12.856198550341817,2.628732681274414
20190726_sample_7,Lamp5,7.509608879820662,7.33376084681556,2.120314836502075
20190729_sample_2,Sst,24.43996427053252,16.92867123606095,2.8864011764526367
20190729_sample_3,Sst,20.923686015749265,11.35552894871684,2.514103651046753
20190729_sample_5,Pvalb,6.731380909839458,13.54069007668658,2.6769509315490723
20190730_sample_1,Vip,17.50248497757537,11.115072405099092,2.494450330734253
20190730_sample_2,Vip,4.729598230370164,12.644409637692725,2.6133298873901367
20190730_sample_5,Vip,9.221351306993103,10.313349826116232,2.425983428955078
20190730_sample_6,Vip,21.6823483033492,11.573508877955081,2.5315921306610107
20190730_sample_7,Vip,5.112987233332079,10.613372768462224,2.4521572589874268
20190730_sample_9,Lamp5,5.772824186496879,10.42467260096261,2.4357752799987793
20190731_sample_1,Pvalb,10.177645942843284,9.582234830521521,2.3591766357421875
20190731_sample_2,Lamp5,18.615366072495803,10.026875831515001,2.4003355503082275
20190731_sample_3,low quality,10.71128664303813,12.432401892577486,2.597669839859009
20190731_sample_4,Vip,5.817807677119252,14.179609699630506,2.7199530601501465
20190731_sample_5,Pvalb,8.216879696977555,9.817129405772173,2.3811309337615967
20190731_sample_6,low quality,6.172612172765434,11.017829105395982,2.486391305923462
20190731_sample_8,Pvalb,8.216879696977555,8.987519748900082,2.3013362884521484
20190801_sample_1,IT,16.604003220142573,13.650430194725526,2.684469699859619
20190801_sample_2,Sst,11.836501029739036,11.618655032674978,2.5351762771606445
20190801_sample_3,Sst,24.94882859218193,15.254424126439828,2.788365125656128
20190801_sample_4,Sst,18.62825919361976,10.302894481299054,2.4250588417053223
20190801_sample_7,Sst,8.999368238297043,13.286347778103984,2.65930438041687
20190801_sample_8,low quality,21.21524423611069,13.24367491417044,2.656312942504883
20190820_sample_1,Sst,14.679691934137017,13.049568939676217,2.642591714859009
20190820_sample_2,CT,9.620178572233035,9.788957003484311,2.378523111343384
20190820_sample_3,Pvalb,11.397443833325427,10.215637902886272,2.417309045791626
20190820_sample_5,Sst,31.92296199826817,10.772939358650545,2.465803623199463
20190820_sample_6,CT,11.660615500792616,13.394851299849712,2.666870594024658
20190821_sample_1,IT,12.47152149969916,10.518467383039669,2.4439516067504883
20190821_sample_2,IT,8.547590936944886,10.154388945639777,2.4118330478668213
20190821_sample_3,CT,8.753883646389896,10.252637662333537,2.420602560043335
20190821_sample_4,IT,10.905186128163916,11.77297449896521,2.5473315715789795
20190821_sample_5,IT,11.19655464255484,12.00935949741633,2.565669059753418
20190821_sample_6,IT,9.223056496975548,13.01844475835729,2.640373945236206
20190821_sample_7,IT,12.047913526975936,10.321585020573284,2.426711082458496
20190823_sample_1,IT,6.536799563695838,13.89370236012533,2.7009384632110596
20190823_sample_3,Pvalb,5.523584532124178,10.826405294568646,2.470334768295288
20190823_sample_5,low quality,9.620630421797353,10.925920537034276,2.4787142276763916
20190823_sample_6,IT,11.574892643292946,11.763945289239889,2.5466244220733643
20190823_sample_7,IT,8.19687173553633,11.603486164729363,2.533973455429077
20190827_sample_1,Sst,12.078171676382668,12.524510496629764,2.604503631591797
20190827_sample_2,low quality,8.558726106922004,11.293930463958542,2.509105682373047
20190827_sample_3,Sst,13.545257718351762,12.585639544377273,2.609013319015503
20190827_sample_4,Sst,13.532770319697908,12.174543032399512,2.5782864093780518
20190827_sample_5,CT,8.859241855433478,10.40878452183008,2.4343836307525635
20190827_sample_6,Sst,11.689161703039558,15.673018461743856,2.8137917518615723
20190827_sample_7,Pvalb,16.96478237544722,16.37817023218088,2.855214834213257
20190827_sample_8,Sst,7.946012356779275,11.921030417562276,2.558856248855591
20190827_sample_9,Sst,11.797494168417442,11.269801897031169,2.50714111328125
20190828_sample_1,Vip,9.612067164976756,10.393755183973703,2.433065414428711
20190828_sample_3,Vip,5.162958211995241,12.94507434421068,2.6351263523101807
20190828_sample_4,Vip,4.370777378199081,17.4075819438562,2.9127626419067383
20190828_sample_5,Vip,6.794326510931053,11.593862124603373,2.5332095623016357
20190828_sample_6,Vip,7.099177539828725,11.932128470950758,2.5597147941589355
20190828_sample_7,Vip,15.486753658454374,8.557405996222691,2.2573163509368896
20190829_sample_1,low quality,10.245753395813573,11.601899674610191,2.5338475704193115
20190829_sample_2,Lamp5,12.729792836551365,7.070035588337166,2.088157892227173
20190829_sample_3,IT,13.138900069835303,13.585129043156815,2.680002450942993
20190829_sample_4,Lamp5,7.07639238676935,11.102949837576123,2.4934492111206055
20190829_sample_6,Lamp5,12.729792836551365,9.10174698637808,2.3127083778381348
20190829_sample_9,Pvalb,6.505883045175538,10.94309257192497,2.4801530838012695
20190830_sample_1,IT,17.47763294106105,13.542222470062665,2.677056312561035
20190830_sample_2,IT,15.216039296086242,13.642468467665967,2.6839261054992676
20190830_sample_3,low quality,12.370166722343916,10.097897609242999,2.4067556858062744
20190830_sample_4,low quality,14.041260456119216,13.442187600341816,2.6701536178588867
20190830_sample_6,IT,13.154656270547692,14.1435484504819,2.7175745964050293
20190830_sample_8,IT,19.910339405522723,13.683626176497418,2.6867330074310303
20190830_sample_9,NP,22.673524787740615,11.806248234134308,2.5499331951141357
20190904_sample_1,low quality,4.270024595327897,9.7831709080276,2.3779866695404053
20190904_sample_2,Vip,4.441668768142374,12.238432612595595,2.5831241607666016
20190904_sample_3,Vip,23.837982866811217,12.071724966888775,2.570451498031616
20190904_sample_4,Vip,5.54520090075843,12.426379276366067,2.5972213745117188
20190904_sample_5,Vip,11.698785533468294,11.720984401165913,2.543252944946289
20190904_sample_7,Vip,6.027179096616489,14.362881936073027,2.731954336166382
20190905_sample_1,low quality,14.865170344303634,13.82645786871969,2.696413278579712
20190905_sample_3,Sst,24.151361513033304,20.652773708058277,3.0751335620880127
20190906_sample_1,Lamp5,8.592052701002393,10.803320946731187,2.468380928039551
20190906_sample_5,CT,15.997312969462753,12.495225144369684,2.6023359298706055
20190906_sample_6,Lamp5,9.72686474483796,8.14219617727302,2.2129006385803223
20190910_sample_1,Lamp5,17.007134250446477,9.58099610934399,2.3590595722198486
20190910_sample_2,Vip,9.966394921287806,11.994473786486738,2.5645241737365723
20190910_sample_3,Vip,10.15595595908244,10.112825477836873,2.408099889755249
20190910_sample_4,Vip,18.15348708539642,14.974404923740934,2.7709877490997314
20190910_sample_6,Vip,11.83465113579094,14.76615678900531,2.7578656673431396
20190911_sample_3,NP,16.96576751319273,15.814683322487223,2.8222525119781494
20190911_sample_4,IT,24.65569478462125,9.454338396216224,2.3470170497894287
20190911_sample_6,low quality,19.935316001303917,12.904216435994456,2.6321921348571777
20190911_sample_7,low quality,26.395726020443917,14.498299149975505,2.7407302856445312
20190911_sample_9,CT,13.930682714037342,11.210822806814063,2.5023226737976074
20190912_sample_1,CT,8.613024522029628,9.817433732598525,2.3811590671539307
20190912_sample_2,CT,19.403336373890667,15.166806786887069,2.7829601764678955
20190912_sample_3,CT,12.64603876935772,14.503284617903242,2.7410519123077393
20190912_sample_4,Lamp5,7.608309559196598,11.85176737004178,2.553481340408325
20190912_sample_6,NP,15.127007659248228,3.756038633984204,1.5594151020050049
20190912_sample_8,CT,14.76517221049886,10.40407433976092,2.4339706897735596
20190912_sample_10,Pvalb,2.9540949159278123,9.279310642868184,2.3301331996917725
20190917_sample_1,CT,9.324821481602964,11.883860926929543,2.5559754371643066
20190917_sample_2,Lamp5,6.253715018797568,8.017677358969753,2.1991868019104004
20190917_sample_3,IT,15.834027340294446,11.76568609643102,2.5467607975006104
20190919_sample_1,low quality,13.847823306098052,10.870861233607599,2.4740867614746094
20190919_sample_4,Lamp5,7.895846418773833,10.32952907695817,2.427412509918213
20190919_sample_5,CT,7.450299404963058,13.243966969443722,2.6563334465026855
20190924_sample_1,Sst,18.86193031607657,14.005208714488212,2.708397388458252
20190924_sample_2,Sst,14.26073821079322,14.243810408895312,2.7241735458374023
20190924_sample_3,IT,4.41994533343284,12.280300561406731,2.5862817764282227
20190924_sample_4,Sst,19.140093806534065,10.84103414095716,2.4715709686279297
20190924_sample_5,Sst,19.06889281236812,10.397333353719807,2.4333794116973877
20190924_sample_6,Sst,12.354546537482182,15.611133067506302,2.810073137283325
20190924_sample_7,Pvalb,12.130667898569572,11.70114942590717,2.5416924953460693
20190924_sample_8,CT,12.351425439149452,14.572637169116245,2.7455153465270996
20190925_sample_2,Pvalb,7.009537171670751,9.49863161670929,2.3512449264526367
20190925_sample_3,Sst,15.394538035363183,16.230036633985915,2.846654176712036
20190925_sample_4,CT,24.17220467874535,11.216492398461526,2.502786874771118
20190925_sample_5,Sst,14.574068218212432,12.109983418464587,2.573374032974243
20190925_sample_6,Pvalb,5.912508454576151,9.403939615600754,2.342184543609619
20190925_sample_7,Sst,15.330543649691773,17.188872450501908,2.9008100032806396
20190926_sample_2,ET,12.073479433879427,13.588947690549883,2.6802642345428467
20190926_sample_3,Sst,17.452147765048572,13.497661906698994,2.67398738861084
20190926_sample_4,ET,13.412867145066652,12.38148866174301,2.593872308731079
20190926_sample_5,Pvalb,5.5439992377236,9.758603058131458,2.3757057189941406
20190926_sample_6,Sst,12.888924426554093,15.407343604202726,2.797729015350342
20190927_sample_1,IT,11.286775761301874,12.824658928834547,2.6264538764953613
20190927_sample_2,CT,9.902097444041155,15.939792201947906,2.829665422439575
20190927_sample_3,Pvalb,6.633980202891377,9.122912860856655,2.3148014545440674
20190927_sample_4,IT,11.206160227642286,12.173968231722144,2.578242778778076
20190927_sample_5,Pvalb,6.763127350029818,9.896875898607332,2.3884761333465576
20190927_sample_6,Vip,12.627147982050364,9.469331605918734,2.348450183868408
20190927_sample_7,CT,7.341202319911227,11.008497668202526,2.485614538192749
20191001_sample_1,Sst,21.52273378817909,14.92598741711695,2.7679522037506104
20191001_sample_2,low quality,15.552176868687678,13.410575009190842,2.6679623126983643
20191001_sample_3,Sst,12.249705937261783,16.938856054294124,2.8869690895080566
20191001_sample_4,Pvalb,8.373708281276114,11.467843730950625,2.5231528282165527
20191001_sample_5,Sst,20.063171875107145,16.086261462249848,2.8382747173309326
20191001_sample_6,Sst,10.983458107399484,18.29039154103134,2.9596071243286133
20191003_sample_2,low quality,32.48264722237208,12.202011892611246,2.580369234085083
20191003_sample_3,Sst,15.620428412844436,15.31982410120367,2.7923805713653564
20191003_sample_4,Sst,15.355429888018136,11.363995095877764,2.5147886276245117
20191003_sample_5,Sst,13.563493326996742,15.446688803284646,2.800124168395996
20191003_sample_6,CT,14.744311717543304,15.875238792309348,2.8258473873138428
20191010_sample_1,IT,24.3570394988061,10.778868997775147,2.4663071632385254
20191010_sample_2,Sst,8.972962246417262,9.44059626666214,2.3457016944885254
20191010_sample_3,IT,13.399958253709809,13.887766379439006,2.7005398273468018
20191010_sample_4,Pvalb,7.457985232139442,11.555616012106274,2.530168056488037
20191010_sample_6,Pvalb,8.514364232926505,8.143741693515944,2.2130696773529053
20191010_sample_7,ET,19.949028252648,11.631164645950326,2.5361671447753906
20191028_sample_1,Sst,12.960218987480218,12.884512650466961,2.6307740211486816
20191028_sample_2,Sst,26.358184656583745,12.877241769163964,2.6302502155303955
20191028_sample_3,Pvalb,5.678352013296778,8.794030724633446,2.281773090362549
20191028_sample_4,low quality,16.93381599663079,10.354937721742136,2.429652690887451
20191028_sample_5,low quality,10.74287254002408,13.208488790822605,2.653839588165283
20191030_sample_2,Sst,11.519752386717515,12.650731837864504,2.613793134689331
20191030_sample_3,ET,15.134104518819887,15.089310194981053,2.7781550884246826
20191030_sample_4,NP,10.035828956881227,11.601812543627991,2.5338406562805176
20191030_sample_5,Sst,21.25234019505838,12.646931008215748,2.6135146617889404
20191101_sample_1,Lamp5,11.314835030766137,8.501356373667317,2.251434564590454
20191101_sample_2,CT,12.70251747167586,11.679217034898077,2.539964199066162
20191101_sample_3,Lamp5,14.386604296460645,11.495882725234397,2.5253992080688477
20191101_sample_4,CT,16.84398874058128,11.342427145138927,2.513042688369751
20191101_sample_5,CT,9.149939877180604,14.37343441243212,2.7326409816741943
20191101_sample_6,CT,10.49894382815044,11.1233073088551,2.4951298236846924
20191104_sample_1,Sst,28.34343559429509,16.201538655221743,2.844998836517334
20191104_sample_2,Lamp5,13.544213791478263,11.051888075877667,2.4892213344573975
20191104_sample_3,low quality,6.70115960000439,9.694636921172659,2.3697423934936523
20191104_sample_4,Pvalb,10.574916373496425,10.506848512076656,2.4429423809051514
20191105_sample_1,Pvalb,8.830285184454713,9.662044145499186,2.366690158843994
20191105_sample_2,IT,16.132665218227988,10.18045767885479,2.4141674041748047
20191105_sample_3,Sst,18.63314331876953,14.470798907885483,2.7389543056488037
20191105_sample_4,Pvalb,9.310408538122578,14.305538261150312,2.728214740753174
20191105_sample_5,Sst,19.852681835383468,17.285499694968145,2.9061083793640137
20191106_sample_2,Lamp5,4.5216112941385305,9.001140025540446,2.302699089050293
20191106_sample_3,IT,11.66791225925296,11.248938515785268,2.505439281463623
20191106_sample_5,Lamp5,8.591360087069253,8.348939092205674,2.235262870788574
20191107_sample_1,low quality,27.56551060004967,11.055534964563485,2.4895238876342773
20191107_sample_2,Sst,16.401429133578905,11.588044409197641,2.532747507095337
20191107_sample_3,Sst,25.26762234821328,16.834388818665317,2.8811285495758057
20191107_sample_4,Sst,20.9734151086858,14.027814189771703,2.709902763366699
20191108_sample_1,CT,9.60631790527787,9.828023445357891,2.3821375370025635
20191108_sample_4,CT,11.259974006024514,11.785341413260333,2.5482993125915527
20191108_sample_5,IT,21.07072506492044,13.85314209124914,2.698211431503296
20191114_sample_1,Lamp5,17.149566626442716,11.497524400147121,2.5255305767059326
20191114_sample_2,CT,8.974408113040443,11.22142740503048,2.503190755844116
20191114_sample_3,IT,11.871615066067074,10.045133644828452,2.4019899368286133
20191114_sample_4,Sst,16.983563555811326,11.48416487167824,2.524461030960083
20191114_sample_5,low quality,14.756110926878485,10.877904944377997,2.474679946899414
20191114_sample_7,IT,7.21907159454389,12.28363189561597,2.5865325927734375
20191114_sample_8,IT,13.361570019910308,12.096534339780154,2.572347640991211
20191114_sample_9,ET,5.840110639170487,10.925880730046307,2.478710889816284
20200106_sample_1,Lamp5,12.065251446952535,8.383759963553084,2.238980531692505
20200106_sample_4,IT,11.446743199410124,11.386581156475632,2.516613721847534
20200106_sample_5,IT,17.003665081534134,10.083198544098146,2.405430316925049
20200106_sample_6,IT,7.130321079381465,12.753640577630659,2.6213035583496094
20200225_sample_2,IT,21.16904247838377,16.02520447709866,2.8346948623657227
20200225_sample_5,Sncg,14.451988267359535,10.449898785582356,2.437980890274048
20200316_sample_1,ET,9.514153919040286,14.09039785066906,2.7140586376190186
20200316_sample_2,low quality,14.013667026559006,12.371838006594151,2.5931508541107178
20200316_sample_3,Pvalb,7.359619502445689,9.058288838953448,2.308397054672241
