cell_id,RNA_family,y_true,y_pred,y_pred_train_space
20171204_sample_2,ET,9.70370709498408,14.110670843789629,2.7154011726379395
20171204_sample_4,IT,7.277961769886833,14.351710807522423,2.731226921081543
20171204_sample_5,IT,6.871188907344878,12.851990434705046,2.6284289360046387
20171204_sample_6,ET,4.279462303476643,12.815739385134483,2.6258084774017334
20171207_sample_1,ET,10.143395565826417,12.778173880247898,2.6230857372283936
20171207_sample_2,ET,9.520988081717997,12.560679562903506,2.6071743965148926
20171207_sample_6,IT,12.171492689768508,11.718079196533553,2.5430245399475098
20171207_sample_7,IT,11.976763975341868,13.493818774879141,2.673722267150879
20171219_sample_1,IT,22.32466381118294,12.109767749448876,2.573357582092285
20171219_sample_2,IT,22.107418781008967,13.073650293147173,2.6443042755126953
20171219_sample_3,IT,14.11186610146775,13.965147550032336,2.705724000930786
20171219_sample_4,ET,12.031438863398613,13.30582026159067,2.6606664657592773
20171219_sample_6,ET,16.47132136239517,13.59229417599211,2.6804935932159424
20171219_sample_7,IT,14.255145081239148,13.245474884960998,2.6564393043518066
20171219_sample_8,ET,15.485937804505385,13.817566719719997,2.6958134174346924
20180102_sample_1,ET,25.298339307722767,13.435333645106327,2.6696789264678955
20180102_sample_2,IT,21.80618990013587,13.758932850607907,2.6918485164642334
20180102_sample_3,ET,20.89199349474128,12.974236382969409,2.6372153759002686
20180102_sample_4,ET,23.01876510127037,14.109373940165627,2.715315341949463
20180102_sample_5,IT,22.62061285964521,12.883529518519355,2.6307032108306885
20180103_sample_1,ET,22.38400198174206,13.554213300098256,2.6778805255889893
20180103_sample_2,ET,18.68131079220914,13.356888614475515,2.6642298698425293
20180103_sample_3,ET,12.83817585743268,13.468525176960583,2.671975612640381
20180103_sample_4,low quality,12.481922154340577,13.885370646148226,2.700378894805908
20180103_sample_5,IT,18.81053595963777,11.654057742345406,2.537977933883667
20180103_sample_6,IT,16.935158512429847,13.328021140110506,2.662217140197754
20180103_sample_7,IT,23.16675320533594,13.022325656623597,2.640650749206543
20180103_sample_8,IT,10.602841051571597,12.475439091912076,2.6008687019348145
20180104_sample_1,low quality,16.659124670331277,12.064228716874615,2.569877862930298
20180104_sample_2,IT,17.348047046827624,11.145888053496254,2.49699068069458
20180104_sample_3,IT,25.047871334297017,13.828578962239405,2.696556329727173
20180104_sample_4,low quality,16.574789907093066,12.044132217758127,2.568338394165039
20180104_sample_6,ET,24.063114617141945,13.337644013183066,2.662888526916504
20180105_sample_4,IT,22.709804118487423,14.480738988555169,2.7395966053009033
20180105_sample_5,IT,19.812866542995906,13.54924164681165,2.6775388717651367
20180105_sample_6,IT,20.44635573188008,12.607673343936437,2.6106338500976562
20180108_sample_1,IT,27.358660777059985,12.177989221292533,2.578547954559326
20180108_sample_2,low quality,23.437821522614502,12.517673072574661,2.6039979457855225
20180108_sample_3,IT,31.89046102668295,12.313391249618899,2.5887703895568848
20180108_sample_4,ET,16.560109605696095,12.668953408867639,2.6151270866394043
20180108_sample_5,ET,22.82418770269636,13.555958812173074,2.6780004501342773
20180108_sample_7,IT,28.7839133435534,12.880276079953818,2.6304688453674316
20180108_sample_8,ET,15.570336662548096,13.41323108777383,2.6681466102600098
20180108_sample_9,IT,15.761339952934438,12.617617578746003,2.6113643646240234
20180108_sample_10,ET,12.774462704939651,13.180173263783756,2.6518447399139404
20180109_sample_1,IT,30.6689076918518,13.330108508740018,2.662362813949585
20180109_sample_2,IT,20.34176637697321,11.599307034530543,2.533641815185547
20180109_sample_5,IT,20.763628491128067,14.398643084628391,2.7342793941497803
20180110_sample_1,IT,12.579233952438516,12.885711040112746,2.6308603286743164
20180110_sample_2,IT,15.235190723268763,13.168777730984315,2.65104079246521
20180110_sample_3,IT,23.28958438946839,12.50307171985655,2.602917194366455
20180110_sample_4,IT,15.803701247682657,12.355661842424228,2.591940402984619
20180110_sample_5,IT,13.482981533930316,12.542815430723346,2.60585618019104
20180110_sample_7,IT,19.59632351006511,14.658564932777972,2.7510180473327637
20180110_sample_8,ET,18.43137203846864,13.82855774980222,2.6965548992156982
20180111_sample_5,IT,12.690514376610883,11.670305456392176,2.5392611026763916
20180115_sample_2,IT,20.393229373518235,12.559105125865967,2.60705828666687
20180115_sample_5,IT,15.986110591894118,14.497138937511778,2.7406554222106934
20180115_sample_6,low quality,13.130895984804765,12.398858867917262,2.5951695442199707
20180115_sample_7,IT,15.248051844016247,13.00605714335804,2.6394898891448975
20180115_sample_8,IT,21.064892923718634,12.670191859298843,2.615217685699463
20180115_sample_9,IT,21.866430736333545,13.545031121430792,2.6772494316101074
20180118_sample_1,IT,29.67003113844825,11.583237366966655,2.532365560531616
20180118_sample_2,IT,27.13149056596688,13.200892507776105,2.6533048152923584
20180118_sample_4,IT,26.97800312803457,12.293618235241091,2.5872840881347656
20180118_sample_6,IT,30.09292359429083,13.267990319495308,2.6580185890197754
20180118_sample_7,ET,16.26644087640256,12.929998041791537,2.634044647216797
20180118_sample_10,ET,15.462060820095028,13.337001375771445,2.662843704223633
20180123_sample_1,ET,11.785416113062515,13.514560264745935,2.67515230178833
20180123_sample_3,ET,21.011869398345077,12.660323222382615,2.6144955158233643
20180123_sample_5,ET,18.373563919050664,13.075613350570393,2.6444437503814697
20180123_sample_6,ET,17.573492809186902,13.860506206194742,2.698707103729248
20180123_sample_7,ET,15.010547632952823,13.634476176028473,2.683380126953125
20180208_sample_1,low quality,17.969454713163245,16.236133926478086,2.847007989883423
20180208_sample_2,ET,22.29672876637285,13.742301804800741,2.690721035003662
20180208_sample_3,ET,24.08213736621788,12.417979022327017,2.596595525741577
20180208_sample_4,IT,17.25470344328076,12.82353172379672,2.6263723373413086
20180208_sample_5,IT,13.992227062934171,12.69364580357858,2.616931915283203
20180213_sample_3,ET,24.322603223920485,13.140018790173196,2.6490089893341064
20180213_sample_5,Pvalb,11.182678562796244,9.199131604781547,2.3223025798797607
20180215_sample_1,Pvalb,11.575067344181576,7.870174197850021,2.182694435119629
20180220_sample_1,Sst,17.475876527889046,11.915871419787866,2.5584568977355957
20180220_sample_2,IT,14.797596990904283,13.336639050355238,2.662818431854248
20180225_sample_1,IT,17.94053468191844,11.180568407582319,2.4998419284820557
20180225_sample_2,IT,8.335933466026754,12.142223582811463,2.5758302211761475
20180225_sample_3,IT,19.778522331699094,11.999977219749718,2.5649476051330566
20180225_sample_4,IT,19.301901199171645,12.659613242115578,2.61444354057312
20180225_sample_5,ET,17.544812794675263,13.836404886127312,2.6970839500427246
20180225_sample_7,Pvalb,8.558267506247477,9.143298392386983,2.3168132305145264
20180228_sample_3,IT,7.481546820774935,14.239954790096142,2.7239205837249756
20180306_sample_1,Pvalb,10.483178109135336,9.534119898249426,2.3546195030212402
20180306_sample_2,IT,11.081528984331888,11.528846847749394,2.52803373336792
20180306_sample_3,IT,9.388908697558747,11.24742293518157,2.5053155422210693
20180306_sample_5,IT,8.68469640436231,11.760753411779671,2.5463743209838867
20180309_sample_4,IT,11.895873974657926,14.31041426825822,2.7285332679748535
20180309_sample_6,IT,17.077509558797054,15.043470322192642,2.775301933288574
20180309_sample_7,IT,27.703409746958915,13.531928721036666,2.6763482093811035
20180309_sample_8,IT,20.636846614715253,13.015370218496171,2.6401546001434326
20180313_sample_1,low quality,8.99763174947011,13.060540067689004,2.6433722972869873
20180313_sample_2,ET,12.96497457960306,14.130534570628434,2.716714859008789
20180313_sample_3,ET,17.85336424396762,12.852168774734439,2.62844181060791
20180313_sample_7,IT,9.8112044562735,14.476926762669851,2.7393503189086914
20180313_sample_8,low quality,12.910907575606208,11.573571831033219,2.531597137451172
20180313_sample_9,Pvalb,4.504571328434175,12.46737738878465,2.6002702713012695
20180315_sample_1,ET,23.239383316135275,12.11699615690529,2.573908805847168
20180315_sample_2,low quality,6.831458425806984,13.513504838165925,2.675079584121704
20180315_sample_5,IT,11.941588297430467,13.311571981383986,2.6610684394836426
20180315_sample_6,IT,8.981552034512639,11.312369181159047,2.5106043815612793
20180321_sample_2,IT,19.959405282300278,11.99024553532025,2.5641987323760986
20180321_sample_3,IT,9.255855576260684,12.438555369769249,2.598127841949463
20180321_sample_4,IT,19.41135570715131,10.952068274244716,2.4809043407440186
20180321_sample_8,ET,13.99226196765936,13.833890097060696,2.6969144344329834
20180321_sample_9,ET,14.85633630280651,13.528464452228825,2.676109790802002
20180322_sample_1,IT,13.076845126688882,13.477386372827382,2.6725878715515137
20180322_sample_2,IT,7.325466950439971,13.59979698780109,2.6810076236724854
20180322_sample_3,IT,13.96058059740764,14.369000024103302,2.7323524951934814
20180322_sample_4,IT,23.76436142759896,13.77202156345775,2.692734956741333
20180322_sample_5,IT,22.53326539843159,12.565585089902708,2.6075360774993896
20180322_sample_6,ET,19.014840043130437,12.936173465888688,2.6344878673553467
20180322_sample_7,ET,9.887649579008572,14.72320555555839,2.7551376819610596
20180327_sample_1,Pvalb,9.4720760259401,10.878086188206826,2.4746952056884766
20180327_sample_2,Pvalb,11.947743590997248,11.258304815688094,2.5062036514282227
20180327_sample_3,IT,30.522225906800504,12.949274154463778,2.635427474975586
20180327_sample_4,Pvalb,12.479321563363294,12.7811898151648,2.623304605484009
20180327_sample_5,Pvalb,9.21825388488574,11.066827482989858,2.490460157394409
20180327_sample_6,IT,19.151490635349155,13.420194879606049,2.6686296463012695
20180329_sample_1,IT,29.74439324247305,12.285576615645418,2.586678981781006
20180329_sample_2,IT,15.110671793752148,12.18884573560271,2.579371452331543
20180329_sample_3,IT,33.71426715278138,12.602353695697246,2.6102428436279297
20180329_sample_4,ET,16.676239699304382,13.590878261555202,2.680396556854248
20180329_sample_5,IT,31.82279449836082,13.383379265644102,2.6660733222961426
20180329_sample_6,IT,26.42766568026832,12.023430086539085,2.5667500495910645
20180329_sample_7,low quality,32.75925347392654,10.846715626087635,2.472050666809082
20180329_sample_8,IT,16.644003315127666,12.486328438920264,2.6016764640808105
20180403_sample_5,IT,21.39778978907964,14.159529743862509,2.7186293601989746
20180403_sample_6,ET,18.683011801133624,14.191557432361066,2.7207398414611816
20180403_sample_7,IT,20.29761373931163,13.722084269349587,2.6893486976623535
20180404_sample_1,Pvalb,12.483310094221018,10.173129602155933,2.4135117530822754
20180404_sample_2,Pvalb,8.962958202274072,12.46942608155715,2.6004223823547363
20180404_sample_3,IT,13.200087782537096,12.980351422294701,2.63765287399292
20180404_sample_4,Pvalb,7.931143044426915,11.498394485900535,2.5256001949310303
20180404_sample_5,Pvalb,7.030845487110804,11.500313656281598,2.5257537364959717
20180404_sample_7,IT,6.850444256639732,13.002214131497782,2.6392154693603516
20180405_sample_1,ET,17.654583958761773,14.296024302148568,2.727592945098877
20180405_sample_2,IT,31.26260658436168,12.295130146748285,2.587397813796997
20180405_sample_3,IT,17.461595806178348,12.919510414636344,2.633291482925415
20180410_sample_1,Pvalb,11.17162880239338,10.035391859351211,2.4011075496673584
20180410_sample_3,IT,10.82700081858547,12.408318034484333,2.5958752632141113
20180410_sample_4,IT,7.036588691873239,14.737715984083096,2.7560601234436035
20180410_sample_5,IT,8.655947469502923,13.738425447487122,2.690458059310913
20180410_sample_6,IT,11.992593363761197,11.971057602096641,2.562720537185669
20180410_sample_9,Pvalb,7.151628877253353,9.566165432912696,2.357656955718994
20180411_sample_1,IT,16.84100179636568,12.358709505787365,2.5921685695648193
20180411_sample_3,IT,22.97197454451909,13.277038451075528,2.6586525440216064
20180411_sample_4,Pvalb,7.837487785670834,12.501143447030179,2.6027743816375732
20180411_sample_5,Pvalb,12.605108267572472,9.42285317836213,2.344000816345215
20180412_sample_1,IT,9.779951345881138,13.167186735285197,2.650928497314453
20180412_sample_2,Pvalb,14.939960647148904,12.540126058400038,2.6056575775146484
20180412_sample_3,IT,6.520530677311563,12.908039183526272,2.632467031478882
20180412_sample_4,IT,11.35336571186588,13.305039215817796,2.660611867904663
20180412_sample_7,IT,9.024182773700572,14.512827629471357,2.7416672706604004
20180413_sample_2,Pvalb,9.046776571704818,10.769902698102793,2.465545654296875
20180413_sample_3,Pvalb,9.302679915927826,10.625958440764688,2.453240394592285
20180413_sample_4,IT,6.163934527187472,13.36097277342117,2.6645143032073975
20180417_sample_1,Vip,19.501334945459558,12.320760513347084,2.5893237590789795
20180417_sample_2,Pvalb,6.314036363754782,12.99263289910658,2.638530969619751
20180417_sample_3,IT,9.728993790249184,13.165004895848007,2.6507744789123535
20180417_sample_4,Pvalb,4.729859815165693,9.191887824246999,2.321592092514038
20180417_sample_5,IT,9.078316067772889,12.177976653788663,2.5785470008850098
20180417_sample_6,IT,7.821324328041647,13.920240810230023,2.702718734741211
20180417_sample_7,Pvalb,7.580601388946731,10.778136053964147,2.46624493598938
20180417_sample_8,Sst,15.642973421096483,12.214967491975889,2.581350088119507
20180417_sample_9,IT,8.8946409428039,13.753135001048859,2.691455602645874
20180418_sample_1,Pvalb,9.775830514686678,11.162622847669102,2.4983675479888916
20180418_sample_2,Pvalb,11.16033801893447,9.833978256295026,2.3826873302459717
20180418_sample_3,Pvalb,10.630808629181098,11.135852444547385,2.496164083480835
20180418_sample_5,IT,15.259498050249508,13.818965767912067,2.6959078311920166
20180418_sample_6,IT,9.499397596114232,13.809528286337589,2.6952707767486572
20180420_sample_2,low quality,8.019528870454922,11.530923061114807,2.5281994342803955
20180420_sample_3,IT,10.249826687199894,10.848071452678338,2.472165107727051
20180420_sample_4,IT,20.875780577023026,11.044637811053843,2.488619565963745
20180424_sample_1,IT,10.518648257269025,11.877768012483811,2.555502414703369
20180424_sample_2,IT,10.567158101298675,12.931306644367588,2.634138584136963
20180424_sample_3,IT,10.561917550883622,12.660033363596026,2.614474296569824
20180424_sample_6,IT,10.831837097188709,13.542312615878542,2.677062511444092
20180425_sample_2,IT,9.884918387120656,12.558022200349665,2.606978416442871
20180425_sample_3,Pvalb,8.542697109735593,11.837579231711269,2.5523767471313477
20180425_sample_4,IT,10.13536350572224,11.891751600913091,2.5565876960754395
20180425_sample_5,Sncg,25.6405527864494,12.8590828716254,2.6289408206939697
20180425_sample_7,Pvalb,5.373255809323123,9.806449864943163,2.380143165588379
20180425_sample_8,Vip,25.189101686950675,14.21063171745116,2.721994638442993
20180425_sample_9,IT,8.595638119023105,13.508280741897202,2.6747195720672607
20180426_sample_1,ET,11.902579054703695,13.9843448231002,2.7070059776306152
20180426_sample_3,IT,15.781389355945343,12.873692103726837,2.6299943923950195
20180426_sample_4,IT,8.274209980752572,12.880395215830312,2.6304774284362793
20180426_sample_5,Pvalb,10.167786473350327,9.732305004729229,2.373258352279663
20180426_sample_7,IT,30.462333286558835,12.013116165722819,2.56595778465271
20180426_sample_9,Pvalb,8.50142005113207,11.0051197456245,2.485333204269409
20180501_sample_2,IT,19.49815907981697,11.276865721445816,2.507716655731201
20180501_sample_3,IT,13.452055790754471,12.922235309299005,2.6334872245788574
20180501_sample_4,IT,9.819253006713922,13.486909231017567,2.673245429992676
20180501_sample_5,IT,12.277546540267384,12.460392341251339,2.5997514724731445
20180501_sample_6,low quality,8.629901167427404,11.760342694295433,2.546342134475708
20180501_sample_7,low quality,12.062682743783723,10.855808281053944,2.472817897796631
20180501_sample_8,Lamp5,8.853167532721393,10.55978674477231,2.4475324153900146
20180502_sample_1,low quality,9.006100321193252,11.865054043359763,2.5545146465301514
20180502_sample_2,low quality,11.11245237875368,12.368497300811217,2.5929009914398193
20180502_sample_3,IT,23.383187311635226,14.911603092587598,2.7670485973358154
20180502_sample_4,IT,6.524524197643874,13.406875182749292,2.667705535888672
20180508_sample_1,Pvalb,11.681077945523883,12.005631820625345,2.565382480621338
20180508_sample_2,IT,17.731175406386182,11.100800280249047,2.493271589279175
20180508_sample_3,IT,6.078269373269427,14.114565826206189,2.7156589031219482
20180508_sample_4,IT,10.788050505669112,11.168568880914505,2.49885630607605
20180509_sample_1,low quality,11.695583476287398,11.535196064454857,2.5285403728485107
20180509_sample_2,IT,21.014284465111714,12.532306346012518,2.6050798892974854
20180509_sample_3,IT,9.72315156161271,12.789633342681903,2.6239171028137207
20180509_sample_4,IT,12.452276935103972,12.166206168072073,2.577653408050537
20180509_sample_5,IT,9.629161476055843,11.755856086646821,2.545990467071533
20180509_sample_7,IT,27.557803339396838,12.440907312494243,2.5983028411865234
20180509_sample_9,IT,14.960483331945706,12.820677867063798,2.6261658668518066
20180510_sample_2,Pvalb,12.663415774406428,10.584192649283647,2.449641466140747
20180510_sample_3,IT,13.78907699495505,12.70140521246662,2.6174983978271484
20180510_sample_4,IT,10.010155122856617,13.422391956040224,2.6687819957733154
20180510_sample_5,IT,19.69521812579793,13.059420446077572,2.6432926654815674
20180510_sample_9,IT,22.67398270100248,13.78233735833203,2.6934330463409424
20180515_sample_1,Pvalb,14.403297106723771,10.741810100947122,2.46315598487854
20180515_sample_6,Pvalb,4.208630590262477,12.566726841443144,2.6076202392578125
20180522_sample_1,IT,7.044698769505473,13.107920587198716,2.6467363834381104
20180522_sample_2,IT,11.557628352411768,11.595801960505446,2.5333635807037354
20180522_sample_3,IT,28.30762722757928,10.337562502819193,2.428121328353882
20180522_sample_4,IT,31.858506314618403,10.957731761176262,2.4813780784606934
20180522_sample_5,Pvalb,8.161257754637193,9.291873652612344,2.3313546180725098
20180522_sample_6,ET,21.78534604088591,13.802969388868448,2.6948277950286865
20180522_sample_7,IT,9.25770401578921,11.670441394751471,2.539271831512451
20180524_sample_5,low quality,11.850933667460785,12.310833122599735,2.588578224182129
20180524_sample_8,IT,7.9233334622724785,12.991902311479917,2.6384787559509277
20180524_sample_9,Pvalb,8.14161950594177,11.701615775728335,2.541729211807251
20180529_sample_3,IT,23.75362609932356,11.430149244666005,2.520124912261963
20180608_sample_1,Lamp5,20.707644090677416,9.276289276925398,2.3298392295837402
20180608_sample_2,Pvalb,9.734581142074006,10.714295646261604,2.4608099460601807
20180608_sample_3,IT,37.50364613429319,11.8566678001655,2.5538625717163086
20180608_sample_5,Pvalb,11.111100908870556,11.87976693235412,2.5556576251983643
20180619_sample_3,Pvalb,7.595897807923916,10.866599666523818,2.4737277030944824
20180619_sample_5,IT,9.208631142536454,12.891724412294824,2.631293296813965
20180619_sample_7,Lamp5,9.793101724366728,10.753254291152919,2.464130163192749
20180621_sample_1,IT,9.43685253250693,12.687551741849479,2.6164867877960205
20180621_sample_2,IT,10.305713482800371,12.61260236175978,2.6109960079193115
20180621_sample_3,Sncg,21.656734088318817,12.17642780070349,2.5784294605255127
20180621_sample_4,IT,9.136744508063495,13.240255596223268,2.6560728549957275
20180621_sample_5,Vip,12.6534396505882,10.004675171096629,2.398320198059082
20180621_sample_7,Pvalb,7.780785609548479,9.560664997486763,2.3571362495422363
20180621_sample_8,Pvalb,4.189952563460045,8.102308310396904,2.2085280418395996
20180628_sample_2,Pvalb,8.680042805468414,11.450700851214583,2.5217769145965576
20180628_sample_3,Pvalb,6.791573012980476,10.50713657756193,2.442967414855957
20180628_sample_4,low quality,10.235438181674056,12.383955064743605,2.5940566062927246
20180628_sample_6,Pvalb,8.656902084323736,10.309185941615855,2.4256153106689453
20180628_sample_7,Lamp5,12.039447034030028,13.143481480840492,2.6492538452148438
20180703_sample_1,Pvalb,10.973134755923668,10.57892692840675,2.4491868019104004
20180703_sample_2,IT,19.89824108383449,13.075683824389252,2.644448757171631
20180703_sample_3,low quality,25.60040176645744,11.457791595990972,2.522346258163452
20180704_sample_1,Pvalb,13.634243933756707,11.77298363491177,2.547332286834717
20180704_sample_2,Pvalb,7.6584039838430575,9.830907478763583,2.38240385055542
20180704_sample_3,Pvalb,7.974656344441809,14.286323095024068,2.7269585132598877
20180704_sample_4,IT,9.927838680048293,13.071543247316638,2.6441545486450195
20180704_sample_5,Pvalb,6.550652685250633,10.126420443638066,2.409322500228882
20180705_sample_1,Pvalb,9.497759299101045,9.757023102828821,2.375558853149414
20180705_sample_4,Pvalb,9.079377923955407,10.373906852725582,2.431321859359741
20180709_sample_2,IT,15.817766986091549,12.44026961977949,2.5982553958892822
20180709_sample_3,Lamp5,11.409265377052328,10.437820032849762,2.4369254112243652
20180709_sample_4,IT,21.586755875244247,12.829485196385527,2.626802921295166
20180709_sample_6,IT,27.16435655012936,12.02235268649642,2.566667318344116
20180710_sample_1,Pvalb,11.26275898034002,12.89231396884951,2.631335735321045
20180710_sample_2,Pvalb,6.754620475288902,9.917846465709555,2.3903987407684326
20180710_sample_3,Pvalb,7.299140451258204,9.678468124306193,2.368229389190674
20180710_sample_5,Pvalb,6.216208035854772,9.228019249673611,2.3251309394836426
20180711_sample_1,Pvalb,11.640018962169773,11.200122695322058,2.501446008682251
20180711_sample_2,Sst,18.52454625647545,13.327508739306767,2.6621813774108887
20180711_sample_3,Sst,32.089238214075365,14.724127763866893,2.7551963329315186
20180711_sample_4,Sst,36.20830410098092,15.292295533378784,2.7906923294067383
20180712_sample_2,low quality,11.892579518486434,12.12865378654518,2.5747971534729004
20180712_sample_3,Sncg,18.25230568624892,13.4469435610177,2.670482873916626
20180712_sample_5,Pvalb,7.717022302887404,9.854408532893531,2.3845713138580322
20180712_sample_11,Pvalb,4.749299558354464,12.092513232463187,2.572040557861328
20180712_sample_12,Pvalb,10.27893571355514,9.443317351907265,2.3459622859954834
20180712_sample_13,IT,13.861718203265252,13.519911246988631,2.675520896911621
20180712_sample_14,Pvalb,8.182703729355906,10.02983649649448,2.400604009628296
20180712_sample_15,Pvalb,9.855090864916807,9.361169819531588,2.3380651473999023
20180717_sample_1,Pvalb,7.059470524413491,11.958690244691443,2.5617666244506836
20180717_sample_2,Lamp5,20.57496301986535,11.841007692927326,2.5526437759399414
20180717_sample_3,Pvalb,9.375094587076058,11.193041978913149,2.5008654594421387
20180717_sample_4,Pvalb,6.422565299522836,10.31682449846962,2.426290512084961
20180717_sample_6,Pvalb,10.36853151991578,12.763061445207471,2.621988296508789
20180717_sample_7,ET,26.063915044542863,13.160095297584647,2.65042781829834
20180718_sample_2,Pvalb,11.249557718304686,9.722997639142054,2.3723907470703125
20180718_sample_3,Pvalb,8.548611037837249,12.610174946225236,2.6108176708221436
20180718_sample_4,Pvalb,11.087345567473797,10.762269603483645,2.4648969173431396
20180719_sample_1,Pvalb,10.39576947319831,12.03826192803714,2.5678882598876953
20180719_sample_4,Pvalb,10.22858513077244,11.861195998936827,2.5542147159576416
20180720_sample_2,Sncg,10.389513325998276,13.149265761241262,2.649662733078003
20180720_sample_3,Pvalb,9.706530289882757,12.60161429951836,2.6101884841918945
20180720_sample_5,Lamp5,9.082414670654533,9.374817300539135,2.339381456375122
20180725_sample_3,IT,11.428992467063424,12.588516142039174,2.609225034713745
20180725_sample_4,low quality,11.224378372911652,12.945017823323443,2.635122299194336
20180725_sample_6,Pvalb,8.481664044808875,10.163405340340809,2.4126410484313965
20180725_sample_7,IT,22.621352526402497,13.339302013986975,2.663004159927368
20180725_sample_9,Lamp5,8.382458588100087,12.410386518529766,2.59602952003479
20180726_sample_3,Pvalb,8.14264964542851,10.595187411029924,2.450590133666992
20180726_sample_4,Pvalb,10.392769590809891,9.115952334892437,2.3141136169433594
20180726_sample_5,Pvalb,11.78308153652876,12.021641713386687,2.566612720489502
20180726_sample_6,Pvalb,6.818396910965944,10.55609695881304,2.4472131729125977
20180726_sample_7,Pvalb,8.910772618395937,10.536746959157496,2.4455373287200928
20180817_sample_2,Pvalb,6.608653601934791,14.13890605496301,2.7172679901123047
20180817_sample_3,Pvalb,7.330475215711765,9.271787056330973,2.3294010162353516
20180817_sample_4,Pvalb,7.832715163633196,9.928135833108785,2.391340732574463
20180817_sample_5,Pvalb,4.812036432016175,11.341150095059499,2.512939214706421
20180817_sample_6,IT,16.502579326136686,11.996930831064375,2.5647132396698
20180817_sample_7,Pvalb,8.31678100489574,10.284848219110076,2.4234609603881836
20180820_sample_1,Sst,20.1558339301477,12.514573032539518,2.6037685871124268
20180820_sample_2,IT,14.019868926399376,13.649818943896006,2.6844279766082764
20180820_sample_3,Sst,31.370021634404694,13.1181260462819,2.6474595069885254
20180820_sample_4,Sst,24.679983942866023,13.012112610602786,2.6399221420288086
20180820_sample_5,Sst,12.15851331130924,13.520458224315014,2.675558567047119
20180820_sample_6,IT,10.070317839773788,13.75507322759498,2.691586971282959
20180820_sample_7,Sst,9.600644669530697,9.423183688847672,2.3440325260162354
20180822_sample_1,Pvalb,12.328007093529685,11.117290944217892,2.494633436203003
20180822_sample_2,Pvalb,13.001487740999872,10.641529994540285,2.4545788764953613
20180822_sample_3,Pvalb,8.489912063804859,11.687160840652341,2.540590524673462
20180822_sample_4,Pvalb,12.763237641759243,12.159003977222758,2.577106237411499
20180822_sample_6,Pvalb,11.536529968811264,10.266683028451075,2.4218499660491943
20180822_sample_7,Pvalb,8.949176132982897,10.557681300634517,2.447350263595581
20180828_sample_2,Pvalb,12.351110895428246,9.778451753362821,2.377548933029175
20180828_sample_3,Pvalb,7.287391133647537,10.160472682927312,2.4123783111572266
20180828_sample_4,IT,15.152440297068132,12.689666566791676,2.6166412830352783
20180828_sample_5,Pvalb,7.523405505159796,11.973355563681181,2.5628976821899414
20180828_sample_6,Pvalb,9.470027607908069,9.66005646379703,2.3665037155151367
20180828_sample_7,low quality,14.675616094100445,11.169360937813357,2.4989213943481445
20180828_sample_8,IT,13.0559814508525,13.49129640954377,2.6735482215881348
20180829_sample_1,Sst,19.88690936089779,13.59883630126229,2.6809418201446533
20180829_sample_2,Sst,38.76623749491726,11.850823661856314,2.553407907485962
20180829_sample_3,Sst,25.60860779668485,13.332165427942854,2.662506341934204
20180829_sample_4,Sst,35.55616586185928,14.403677290644275,2.7346062660217285
20180829_sample_5,Sst,11.773850019630604,10.668080672984924,2.4568569660186768
20180829_sample_6,Sst,16.660008396598695,14.231240543869198,2.723348617553711
20180829_sample_7,Sst,25.65556813177685,14.574029533618884,2.7456047534942627
20180829_sample_8,IT,11.727729786280529,13.09876114163532,2.6460869312286377
20180830_sample_1,Pvalb,10.301407028710896,12.231383342031915,2.5825915336608887
20180830_sample_2,Pvalb,12.025546768737502,12.715550655246474,2.6185302734375
20180830_sample_5,Pvalb,7.653055348673684,9.88730640786039,2.3875975608825684
20180830_sample_6,Pvalb,9.068886450347708,10.798647600540177,2.467984914779663
20180904_sample_1,Pvalb,7.623188268311383,11.306247255706246,2.5101070404052734
20180904_sample_2,Pvalb,9.408150060349913,10.892279931643555,2.4758894443511963
20180904_sample_3,Pvalb,7.87224165037695,9.709471738560914,2.371128559112549
20180904_sample_4,Pvalb,8.703163521826157,10.321452756811397,2.42669939994812
20180904_sample_5,Pvalb,7.557603309018912,10.671775604119752,2.4571735858917236
20180904_sample_6,Pvalb,8.222324211807607,10.692082411386972,2.458911895751953
20180904_sample_7,Pvalb,8.587111051658345,14.185915482915126,2.7203683853149414
20180904_sample_9,Pvalb,5.1140456073163305,11.4556681061767,2.5221757888793945
20180905_sample_1,Sst,21.190905709790112,15.30625422397105,2.791548728942871
20180905_sample_2,Sst,21.95646743416499,14.454154173779314,2.73787784576416
20180910_sample_2,Sst,29.759075015015444,13.740558547907833,2.6906027793884277
20180910_sample_3,Sst,15.008126114326684,16.68691579714733,2.8728251457214355
20180911_sample_1,Sst,31.22818412483153,13.02796005160101,2.641052484512329
20180911_sample_2,Sst,23.685733775572984,13.280950080826013,2.658926486968994
20180911_sample_3,Sst,26.471260789652277,14.598652229828822,2.7471845149993896
20180911_sample_5,Sst,18.58984515817975,11.874489350432254,2.5552477836608887
20180911_sample_6,Sst,25.96805650122857,12.9225440094405,2.633509397506714
20180912_sample_2,Pvalb,12.247748957954247,11.122688774390182,2.4950788021087646
20180912_sample_3,Pvalb,8.794211908762186,11.325362673717141,2.5116591453552246
20180912_sample_6,Pvalb,6.642652843302749,8.752068439703388,2.277479410171509
20180913_sample_2,low quality,16.30233530444753,11.759798133719052,2.546299457550049
20180917_sample_1,Sst,33.03406915082654,14.463880780571861,2.738507032394409
20180917_sample_2,Pvalb,10.644422667876157,12.650881549737536,2.6138041019439697
20180917_sample_3,IT,9.297833231175694,13.679600751688454,2.6864588260650635
20180917_sample_4,Pvalb,6.173796437513746,11.595333489797339,2.5333263874053955
20180917_sample_5,Sst,13.70485831861675,13.805803690424803,2.695019245147705
20180918_sample_1,Vip,17.502203622797712,14.800664019706003,2.760051965713501
20180918_sample_2,Vip,25.19545889194057,15.273234357376333,2.7895216941833496
20180918_sample_3,Vip,5.759087479840974,16.07997692669406,2.837906837463379
20180920_sample_1,low quality,9.745624285651482,12.546742292243207,2.6061460971832275
20180920_sample_2,Pvalb,7.398066339749938,10.352117140419862,2.4294042587280273
20180920_sample_3,Pvalb,10.631782842272209,12.30917028631413,2.5884532928466797
20180920_sample_4,Pvalb,10.185581084755494,9.463734388131746,2.3479154109954834
20180921_sample_1,low quality,22.313291533518225,10.941119448506578,2.479987859725952
20180921_sample_2,Pvalb,12.280263159828362,11.032775063461115,2.4876341819763184
20180921_sample_3,Pvalb,11.513187493482292,10.304557307566366,2.425205945968628
20180925_sample_9,Pvalb,9.548152072621145,11.11584364802569,2.494513988494873
20180926_sample_1,Pvalb,9.01351805913892,10.860654140584511,2.473226547241211
20180926_sample_3,Pvalb,15.909731931377218,12.38418800856984,2.594074010848999
20180926_sample_4,low quality,9.738341465533232,11.821370731115225,2.5511133670806885
20180926_sample_7,Pvalb,5.836070876619409,10.145385147780816,2.4110255241394043
20180926_sample_9,IT,11.086928163605132,14.046238049263312,2.711127996444702
20180927_sample_1,Pvalb,10.58215566847683,8.823895121627254,2.284817695617676
20180927_sample_2,Pvalb,11.50590966322699,10.76465073218781,2.465099334716797
20180927_sample_3,low quality,8.071623253613518,10.826619588750837,2.4703528881073
20180927_sample_4,Pvalb,9.69482760366655,9.811722584797888,2.3806309700012207
20180927_sample_5,Pvalb,6.821939392725291,9.96387084196338,2.3946053981781006
20180927_sample_7,Pvalb,8.089751033637661,11.726378074324067,2.5436768531799316
20180927_sample_9,IT,18.32565134528152,13.221275834238762,2.6547391414642334
20180927_sample_10,low quality,10.712338889019115,12.331702862627145,2.5901448726654053
20181002_sample_1,low quality,11.753419427080471,11.539826297408531,2.528909683227539
20181002_sample_2,Pvalb,8.150391991626025,11.026640185290418,2.48712420463562
20181002_sample_3,Pvalb,8.307055444522309,9.982121212618559,2.396268606185913
20181002_sample_4,Pvalb,11.255896293751386,10.291770352215575,2.424074172973633
20181002_sample_5,Pvalb,11.99138503793323,9.373751255607743,2.3392786979675293
20181002_sample_6,Pvalb,10.197648914574046,10.602037120003498,2.4511806964874268
20181002_sample_7,IT,10.156708767033733,11.647295519976277,2.5374433994293213
20181002_sample_8,Pvalb,8.307749444539937,12.105533228951936,2.5730345249176025
20181002_sample_9,Sst,8.00236428273053,10.803768402042724,2.468418836593628
20181002_sample_10,Pvalb,7.616534821132726,9.592026079822602,2.3601014614105225
20181003_sample_1,low quality,25.849915088663717,14.046377954718919,2.711137294769287
20181003_sample_2,Sst,36.68396186502515,14.77283032784476,2.758288860321045
20181003_sample_3,Sst,20.471825396609383,14.89407105123515,2.76594614982605
20181003_sample_4,Sst,14.653990458990426,11.471414293394666,2.5234391689300537
20181003_sample_5,Sst,24.559754897778863,15.731990613677498,2.8173224925994873
20181003_sample_6,Sst,21.120855508073596,15.436880896067137,2.799527645111084
20181003_sample_7,Sst,15.050954700468058,11.43782135258472,2.5207419395446777
20181003_sample_8,Sst,12.545254511213644,11.390450441001605,2.5169260501861572
20181003_sample_9,Sst,14.56535876407249,8.874261623826099,2.289931535720825
20181003_sample_10,Sst,14.293119337524576,12.461246017546744,2.5998148918151855
20181004_sample_1,low quality,22.967186050169484,10.592848873023405,2.4503884315490723
20181004_sample_3,Sst,14.534745061202267,13.013355423963718,2.6400108337402344
20181004_sample_5,Sst,16.393832198819187,14.650421006422302,2.750497817993164
20181004_sample_6,Sst,22.120718517365376,11.393978154722815,2.5172107219696045
20181004_sample_8,Sst,15.860106091019864,11.555469331848736,2.530156373977661
20181009_sample_2,Sst,27.052129412765684,12.670579712899448,2.615246057510376
20181009_sample_3,Sst,21.85231323194392,13.66563933587871,2.685507297515869
20181009_sample_4,Sst,15.51950556792828,14.612880203260977,2.748096227645874
20181009_sample_5,Sst,21.125772712217,13.213333838530911,2.6541805267333984
20181009_sample_6,IT,11.885160225670392,14.171978934302066,2.7194502353668213
20181009_sample_7,Sst,22.99214339230018,13.069084307770842,2.643979787826538
20181010_sample_1,Sst,19.56349769855184,12.099953876660896,2.572608709335327
20181010_sample_3,Sst,17.70611277398743,14.057502807151359,2.711876392364502
20181010_sample_4,Sst,20.3081008044884,14.439301495347557,2.7369163036346436
20181010_sample_5,IT,11.140679977003996,12.567616374531557,2.6076858043670654
20181010_sample_6,Sst,26.51922964830442,12.675029408977977,2.6155714988708496
20181010_sample_8,Sst,19.35679176071041,15.344125591083426,2.7938685417175293
20181010_sample_10,Sst,13.424615250896936,11.934481212088945,2.55989670753479
20181011_sample_3,Sst,11.408812641083912,11.181619727670167,2.4999282360076904
20181011_sample_4,Sst,45.52592090435008,11.59085987180087,2.532971143722534
20181011_sample_8,Sst,20.37082553885717,14.066918699587672,2.7125015258789062
20181011_sample_9,Sst,15.58374473011096,13.285172711327315,2.65922212600708
20181011_sample_10,Sst,9.46906598437896,9.419185960934383,2.343648910522461
20181109_sample_1,Sst,18.921655547985356,15.811861270564194,2.822084665298462
20181109_sample_2,Sst,15.549933701926092,14.33849975468803,2.7303659915924072
20181109_sample_3,Sst,19.800150355993125,12.956289958930402,2.635930299758911
20181109_sample_5,Sst,20.346522258845965,13.285199958157941,2.659224033355713
20181109_sample_7,Sst,19.767724715925635,13.978333433984142,2.7066047191619873
20181109_sample_8,Sst,12.359767328373936,13.031154437871255,2.641280174255371
20181109_sample_9,Sst,14.817775346954557,13.607321070548537,2.681522846221924
20181109_sample_10,Sst,11.192763140529305,11.891441167707784,2.55656361579895
20181112_sample_1,low quality,29.692930296055064,10.355514375973181,2.4297034740448
20181112_sample_4,Sst,21.251836996210734,9.239608922647692,2.326263427734375
20181112_sample_5,low quality,20.271400861503704,10.289794473912517,2.4238991737365723
20181112_sample_6,Sst,16.496076769324958,13.234529144205304,2.655670642852783
20181112_sample_8,Sst,17.794465239113592,14.725664897915959,2.75529408454895
20181112_sample_11,Sst,21.9532930304586,10.764748904493308,2.4651076793670654
20181114_sample_1,Pvalb,9.319109144637675,11.811003022980001,2.550304412841797
20181114_sample_2,Pvalb,11.8117528763087,9.4229202736279,2.3440072536468506
20181114_sample_4,Pvalb,11.93699733067874,11.165302553644146,2.4985878467559814
20181116_sample_2,Pvalb,14.101505303599405,10.414694035580025,2.434901475906372
20181116_sample_3,Pvalb,7.587305967706539,10.238432960395391,2.419339418411255
20181116_sample_4,Pvalb,14.101505303599405,10.149108600521838,2.4113595485687256
20181116_sample_5,Pvalb,9.319662727682587,11.291260520518723,2.5088884830474854
20181116_sample_7,low quality,5.971617176400976,11.409643396143585,2.5184738636016846
20181116_sample_10,low quality,7.935348751646025,11.519685745624942,2.5273022651672363
20181116_sample_12,Pvalb,7.604860360020435,11.857326849777609,2.5539138317108154
20181121_sample_1,Sst,23.15189828246158,14.01992669235822,2.7093777656555176
20181121_sample_2,Sst,15.384904819434958,11.277003292762018,2.507727861404419
20181121_sample_3,Pvalb,8.454508432583214,8.986991134210372,2.301283359527588
20181121_sample_4,low quality,24.428925243307543,9.975650578837927,2.395679235458374
20181121_sample_5,Sst,14.006304822669364,12.270520388936413,2.585545063018799
20181121_sample_6,Sst,7.719958750761922,12.925126736846344,2.633694887161255
20181121_sample_7,Sst,15.783292678266356,14.853878084810441,2.763414144515991
20181126_sample_2,Sst,21.64961334045205,11.662843168436723,2.5386719703674316
20181126_sample_6,Sst,15.813836288139823,13.189612263494427,2.652510166168213
20181127_sample_1,Sst,18.840261449743775,14.959345225370875,2.7700445652008057
20181127_sample_3,Sst,26.614098368272803,14.103978575215095,2.7149581909179688
20181127_sample_4,Sst,15.64167136487387,13.705259841866525,2.6882052421569824
20181127_sample_5,Sst,16.03164752200447,12.970498695790392,2.6369478702545166
20181127_sample_7,Sst,20.45739474008215,11.843692939677766,2.5528528690338135
20181129_sample_1,Sst,21.51330662040584,13.51360172658696,2.675086259841919
20181129_sample_2,low quality,31.28630819670636,12.443468001444172,2.5984933376312256
20181129_sample_3,Sst,28.42466832189153,13.13619294682402,2.648738384246826
20181129_sample_4,Sst,19.054153014318626,13.142051795951279,2.6491527557373047
20181129_sample_5,Sst,16.82128555662917,12.889989009017684,2.6311683654785156
20181129_sample_6,Sst,51.640744866412,13.32435275443858,2.661961078643799
20181203_sample_2,Sst,40.37810543717959,13.750064611638734,2.6912474632263184
20181203_sample_3,Sst,16.006055934780655,13.525205329481652,2.6758854389190674
20181203_sample_4,Sst,17.270903121710266,17.688434270029134,2.9279048442840576
20181203_sample_5,Sst,21.53256735850601,13.52432919696563,2.6758251190185547
20181203_sample_6,Pvalb,9.15070498666433,12.009979846807774,2.5657167434692383
20181203_sample_7,Sst,15.474737250092554,14.598492313283032,2.7471742630004883
20181203_sample_8,Sst,14.18467418715049,10.368790930037074,2.4308719635009766
20181203_sample_9,Sst,27.506060899245817,15.148943499102769,2.7818546295166016
20181203_sample_10,low quality,15.108190778697304,12.921730781867828,2.633450984954834
20181205_sample_1,Sst,22.29127600472341,13.058790279115968,2.6432478427886963
20181205_sample_2,Sst,18.557162154327955,13.060235012245696,2.643350601196289
20181207_sample_1,Pvalb,9.87438485598287,10.264668568644062,2.421671152114868
20181207_sample_2,Pvalb,11.009386369520463,13.174744711428964,2.6514618396759033
20181207_sample_3,Pvalb,9.152608197750403,10.687391805439123,2.458510637283325
20181207_sample_4,Pvalb,10.028474824008102,10.448782323761002,2.4378833770751953
20181207_sample_5,Pvalb,11.424516602667744,12.290553734649214,2.5870535373687744
20181207_sample_6,low quality,10.128735831465953,9.463699461708446,2.347912073135376
20181207_sample_7,Pvalb,7.454864518440066,10.117897785851303,2.4085562229156494
20181208_sample_1,low quality,11.51580232973955,11.987077572124546,2.5639548301696777
20181208_sample_2,Sst,17.4384053119643,11.92966518108604,2.5595242977142334
20181208_sample_3,Sst,22.66131451939702,12.2907343526279,2.587067127227783
20181208_sample_4,Sst,15.465580440674067,13.521649182927277,2.67564058303833
20181208_sample_5,Sst,32.53671290961205,13.609668569796947,2.6816835403442383
20181208_sample_6,Sst,21.761300380209992,12.659186620346901,2.614412307739258
20181208_sample_7,Sst,27.360481375313437,13.78368020957572,2.69352388381958
20181208_sample_8,Sst,15.132061058166697,12.146156525772932,2.57612943649292
20181208_sample_9,Sst,18.36031089554013,14.098797525584127,2.7146151065826416
20181208_sample_10,Sst,17.17570004060128,12.986725906705827,2.638108730316162
20181211_sample_1,CT,7.074147611107899,10.820615182658596,2.4698450565338135
20181211_sample_2,Pvalb,8.704978038903425,9.329460323407165,2.3350000381469727
20181211_sample_4,Pvalb,8.038759055399057,12.740500852350714,2.620347738265991
20181211_sample_5,low quality,11.14745519671164,12.553755992306696,2.606663703918457
20181211_sample_6,Pvalb,8.300960648996675,10.9493614654207,2.480677843093872
20181211_sample_7,Pvalb,6.294605391878019,11.163704519396036,2.4984564781188965
20181211_sample_8,Pvalb,9.226446793936349,9.931380125507316,2.3916375637054443
20181211_sample_9,Pvalb,6.876214806029081,11.242360678823678,2.5049021244049072
20181213_sample_1,Sst,27.30244900479516,14.013303248457904,2.7089366912841797
20181213_sample_2,Sst,21.33026027422712,11.371617523412452,2.5154049396514893
20181213_sample_3,Sst,24.0686756658156,14.098855123035621,2.7146189212799072
20181213_sample_4,Sst,23.05290187264013,13.558665984480559,2.6781864166259766
20181213_sample_5,IT,37.738911216615,13.564022809868382,2.6785542964935303
20181213_sample_6,Sst,14.218738905685653,10.64924860078874,2.4552416801452637
20181213_sample_7,Sst,28.946948235661505,12.235604880330188,2.5829105377197266
20181214_sample_1,low quality,19.25743414601752,11.669583497104265,2.5392041206359863
20181214_sample_2,Sst,16.7063407930594,14.338664319820092,2.730376720428467
20190108_sample_1,Pvalb,10.159522624301196,10.177693763443846,2.4139201641082764
20190108_sample_2,Vip,24.37338935700149,12.918813511404812,2.6332414150238037
20190108_sample_3,IT,9.515448409667789,13.668527779582249,2.685704231262207
20190108_sample_5,Vip,9.633806095626284,11.32311779124997,2.511476993560791
20190108_sample_6,Lamp5,8.53905460875178,9.630103186875212,2.36368989944458
20190109_sample_2,Sst,20.55182400744754,13.940203281419395,2.7040557861328125
20190110_sample_1,Sst,17.80301116272554,13.529725350471006,2.676196575164795
20190110_sample_3,Sst,15.2562641465546,12.648860577982706,2.6136560440063477
20190110_sample_4,Sst,15.253002918078115,11.383265166831713,2.516345977783203
20190110_sample_6,IT,6.31040971704745,13.648149485876955,2.684314012527466
20190110_sample_7,IT,6.236839814020043,12.878171514734369,2.630317211151123
20190117_sample_1,Vip,13.554185400027018,12.370521388339824,2.593052387237549
20190117_sample_2,IT,13.530008103566406,13.001246032446748,2.639146327972412
20190117_sample_3,Sst,41.93512303467835,14.630944288732806,2.7492525577545166
20190117_sample_4,IT,9.305558777793587,14.195915262575733,2.721026659011841
20190117_sample_5,Sst,20.250978762697034,13.033643552829343,2.6414575576782227
20190122_sample_1,Pvalb,8.084137576791727,10.910985191371042,2.477461099624634
20190122_sample_2,IT,22.929703382286363,13.3739141810509,2.665415048599243
20190122_sample_3,Pvalb,10.617930518421954,11.177682100236517,2.4996049404144287
20190122_sample_5,Pvalb,8.61421514265044,12.344912998710518,2.591135263442993
20190122_sample_6,IT,11.515604152486492,13.253156183608603,2.6569783687591553
20190122_sample_9,Pvalb,9.195785856594489,12.747165833351497,2.620832681655884
20190122_sample_10,Pvalb,7.800103264420574,12.512047122383773,2.603581666946411
20190122_sample_11,low quality,9.801514403897457,13.806703862351258,2.695080041885376
20190122_sample_12,Pvalb,7.68400463926445,9.438147149546724,2.3454670906066895
20190122_sample_13,Pvalb,14.7958783908423,11.44667624510013,2.521453619003296
20190122_sample_14,Pvalb,11.943976010574184,11.61649209089281,2.5350048542022705
20190122_sample_16,Pvalb,12.263729067235378,7.980167456810506,2.1950185298919678
20190122_sample_17,Pvalb,12.368699356336435,11.959311267667243,2.561814546585083
20190123_sample_5,Pvalb,9.767848994822764,11.371334362799752,2.5153820514678955
20190123_sample_7,Pvalb,12.496037822444809,11.898604549877586,2.557119131088257
20190123_sample_8,Pvalb,10.982063873848768,11.436062990125697,2.5206005573272705
20190124_sample_4,Pvalb,7.700363298125176,11.075550687727876,2.491182804107666
20190128_sample_2,Pvalb,8.647264419323541,10.376336840903832,2.431535482406616
20190128_sample_3,low quality,8.946823734010463,11.771132216606071,2.547187328338623
20190128_sample_4,Pvalb,8.141535425409765,10.962873120736509,2.4818079471588135
20190128_sample_6,Lamp5,15.933814073445602,12.351300148850902,2.59161376953125
20190128_sample_7,Pvalb,10.504173755320458,12.920230584633021,2.63334321975708
20190128_sample_11,Pvalb,8.702622888240748,11.717660756178114,2.5429916381835938
20190128_sample_12,Pvalb,9.364257230152054,9.579951760578256,2.3589608669281006
20190130_sample_2,low quality,7.309628087477611,12.103980393457048,2.572916030883789
20190130_sample_3,Lamp5,8.21368356204965,11.107945786812394,2.4938619136810303
20190130_sample_6,Pvalb,8.190686765803964,11.73761565971173,2.5445594787597656
20190130_sample_8,CT,7.003106158809462,12.548231309588859,2.6062560081481934
20190130_sample_9,Sst,17.30492657096393,14.017899966367086,2.709242820739746
20190130_sample_10,Sst,17.028508958971038,13.374229469262689,2.6654369831085205
20190130_sample_15,Pvalb,5.697802836528871,11.546860108605905,2.529470443725586
20190130_sample_17,Sst,20.22936769286339,9.991509359874927,2.397123098373413
20190130_sample_18,Sst,13.50654367762034,11.605682941902678,2.5341477394104004
20190131_sample_1,Sst,21.13527703427427,13.949884430600964,2.7047035694122314
20190131_sample_3,Pvalb,6.35593922781278,12.514521478633057,2.603764772415161
20190131_sample_4,Sst,18.355956065290552,13.147673583450072,2.649550199508667
20190131_sample_5,Sst,11.103171492522586,10.49255854952507,2.441699743270874
20190131_sample_6,Sst,12.934393706701265,10.192899755260175,2.4152796268463135
20190131_sample_10,Sst,11.884960172385794,11.856931415956405,2.5538830757141113
20190201_sample_2,Pvalb,10.154027221510662,12.875372540436002,2.630115509033203
20190201_sample_3,Pvalb,8.012677987301814,11.312322213287581,2.5106005668640137
20190201_sample_4,Pvalb,8.145111560447019,10.249260476327962,2.420302391052246
20190201_sample_7,Pvalb,13.242764216231222,11.359344332704884,2.5144124031066895
20190201_sample_8,Pvalb,10.715530923102882,12.955684378203712,2.6358869075775146
20190201_sample_10,Pvalb,9.6062329396134,11.491084074132939,2.525015115737915
20190204_sample_1,Sst,17.782568189997402,12.706904120508154,2.6178996562957764
20190204_sample_2,CT,15.971875568568684,13.030719557183177,2.641249179840088
20190204_sample_4,Sst,18.73242652398772,13.510857958316759,2.6748971939086914
20190204_sample_5,Sst,27.956136610240225,13.531100685678913,2.6762912273406982
20190204_sample_6,Sst,19.734519784366363,16.099713980130105,2.839061737060547
20190204_sample_7,Pvalb,10.810344906203328,9.115742507773176,2.3140928745269775
20190204_sample_8,Pvalb,10.856073326938166,10.923441383935195,2.478506326675415
20190204_sample_9,Pvalb,9.474948980124676,11.412057921677672,2.5186684131622314
20190204_sample_10,Pvalb,8.338168893535277,10.12625597464179,2.4093077182769775
20190204_sample_11,Sst,20.650478833119084,12.937449419083825,2.6345794200897217
20190204_sample_14,Sst,25.788273610183648,11.64071773690642,2.5369231700897217
20190204_sample_15,Sst,14.235445201984456,12.501429934255574,2.6027956008911133
20190204_sample_16,Sst,11.89707043748789,11.057090041414154,2.4896528720855713
20190204_sample_17,Sst,16.409454913001483,11.207187150670453,2.5020248889923096
20190204_sample_18,Sst,35.50836895244129,13.277089509835148,2.658656120300293
20190204_sample_19,low quality,15.418866830064829,10.625492780215929,2.453200340270996
20190204_sample_20,low quality,10.02659588891659,11.746076190850657,2.5452234745025635
20190204_sample_21,Pvalb,8.353777515106652,11.334487449995942,2.512399196624756
20190204_sample_22,IT,35.90501645573158,14.698498534147726,2.7535650730133057
20190204_sample_24,CT,14.210441398645102,11.441478237752554,2.52103590965271
20190205_sample_1,Pvalb,13.470705217351265,13.735034910091693,2.69022798538208
20190205_sample_2,Sst,19.7769414182863,14.82783359274296,2.761770009994507
20190205_sample_3,low quality,13.69961862360224,11.178759303957928,2.4996933937072754
20190205_sample_4,Sst,24.686521968824795,15.331543955677395,2.7930984497070312
20190205_sample_5,Sst,19.663018689827123,14.720945249330864,2.7549939155578613
20190205_sample_6,Sst,16.57097929475703,11.529271024530278,2.5280675888061523
20190205_sample_7,Pvalb,9.549265787034152,11.141478542535754,2.4966275691986084
20190211_sample_1,Pvalb,9.205009244977012,9.129271991376001,2.315429449081421
20190211_sample_2,IT,9.703819906100534,14.117968001133487,2.71588397026062
20190211_sample_3,Pvalb,11.945541781948998,12.184023006944974,2.579005718231201
20190211_sample_4,IT,7.902798639265033,14.072387070845364,2.712864398956299
20190211_sample_6,Pvalb,7.417423880137313,11.993045629820118,2.5644142627716064
20190211_sample_8,Pvalb,13.238746718439478,11.56040950780534,2.5305497646331787
20190211_sample_9,Pvalb,9.727819666702038,9.831581477312056,2.3824660778045654
20190211_sample_11,Pvalb,10.517240798185934,11.240154260161159,2.5047218799591064
20190211_sample_12,low quality,8.478216985154122,11.477023418619263,2.5238888263702393
20190212_sample_1,Sst,17.401970808429216,12.427173172207345,2.597280502319336
20190212_sample_4,Sst,16.679385570271904,14.11564333901124,2.7157301902770996
20190212_sample_5,Sst,38.94307958750767,14.478317950248162,2.7394402027130127
20190212_sample_6,Sst,19.617055290421035,13.13696814421664,2.6487932205200195
20190212_sample_7,Sst,13.592327230794863,14.705551579112827,2.754014253616333
20190212_sample_8,Sst,12.870455448866371,13.349120622530076,2.6636886596679688
20190213_sample_1,Pvalb,10.872232937323565,12.92925079850784,2.633991003036499
20190213_sample_4,Pvalb,7.876574811452257,12.981741425583442,2.6377522945404053
20190213_sample_7,Pvalb,8.11036132663617,9.67696866787076,2.368088960647583
20190213_sample_8,Pvalb,10.003794237555846,9.992033488379777,2.3971707820892334
20190214_sample_1,Pvalb,5.852239178749212,10.230667915128647,2.4186482429504395
20190214_sample_2,Pvalb,5.702837937314314,13.207763869826408,2.6537885665893555
20190214_sample_3,Pvalb,8.142132691711216,13.293635349842436,2.6598143577575684
20190214_sample_6,Pvalb,12.155243252228573,11.059867257925903,2.4898831844329834
20190214_sample_9,Pvalb,7.576375865376604,11.669988272558887,2.539236068725586
20190218_sample_3,Sst,23.395227537420705,14.123058276981569,2.7162206172943115
20190218_sample_4,Sst,20.201399484845837,14.312290630855978,2.7286558151245117
20190218_sample_5,Sst,15.172601397505897,14.25792934817792,2.7250993251800537
20190219_sample_1,Vip,18.2395418962622,11.70654377749868,2.542117118835449
20190219_sample_3,Sncg,32.88007705409225,15.923548020481448,2.8287060260772705
20190219_sample_4,Vip,12.323759994704837,12.433577274040998,2.597757339477539
20190219_sample_7,Vip,15.554648334916523,13.513086149211903,2.675050735473633
20190219_sample_8,IT,10.027840064452912,11.482739230254559,2.5243468284606934
20190221_sample_1,Sst,16.542652639671914,12.470909812251248,2.6005325317382812
20190221_sample_2,Sst,15.676556577174212,13.984076884530653,2.7069880962371826
20190221_sample_4,Sst,10.503938424696209,11.591343186159085,2.5330095291137695
20190221_sample_10,Sst,14.296811891236649,11.093128465294035,2.4926373958587646
20190221_sample_11,Pvalb,7.531139350612328,8.391213006621328,2.239774465560913
20190222_sample_2,CT,11.313595786926134,12.163265189716707,2.577430009841919
20190222_sample_3,IT,16.373385234437176,13.247855950433257,2.656606435775757
20190222_sample_4,CT,16.56460433039432,11.950536286873279,2.5611371994018555
20190222_sample_5,CT,16.0817015670746,13.458945457597714,2.6713132858276367
20190222_sample_7,Vip,20.92575050763497,12.359110817347098,2.592198610305786
20190222_sample_8,IT,7.525948112643554,13.480976562915997,2.6728358268737793
20190226_sample_1,Pvalb,9.74798814678709,13.594914153920914,2.680673122406006
20190226_sample_2,Lamp5,7.747147200869737,9.7255877490736,2.3726322650909424
20190226_sample_3,CT,28.67929058301847,11.365377694257196,2.5149004459381104
20190226_sample_5,IT,8.784223185033728,12.12717332563785,2.5746843814849854
20190226_sample_6,IT,14.440389398235569,13.008364792674113,2.6396546363830566
20190226_sample_7,Lamp5,7.136352676572533,10.926085453114203,2.4787280559539795
20190226_sample_9,Pvalb,11.239432875967768,8.755959064892034,2.2778782844543457
20190227_sample_1,Sst,39.1119871239873,14.421414763049809,2.7357571125030518
20190227_sample_2,Sst,14.101347215190104,12.748768663279135,2.6209492683410645
20190227_sample_3,Sst,19.375525935052853,13.701578995101775,2.687954902648926
20190227_sample_4,Sst,23.75271572079718,14.800404086985425,2.760035514831543
20190227_sample_5,Sst,19.305077151842163,13.31455791940521,2.6612770557403564
20190227_sample_6,Sst,21.86186782123483,11.709034250896945,2.5423130989074707
20190227_sample_7,Pvalb,8.58722155896566,11.658233907368894,2.5383079051971436
20190318_sample_3,Sst,11.891772536867844,10.472551775600518,2.4399573802948
20190318_sample_4,Sst,14.214236509524634,10.792134452012375,2.467432737350464
20190318_sample_5,Sst,33.627542305897606,14.682696847135126,2.7525579929351807
20190318_sample_6,Sst,25.054181845991472,13.789507693583937,2.693917989730835
20190320_sample_4,IT,9.992852631145183,13.156753422496106,2.6501917839050293
20190320_sample_5,CT,10.730346443406171,12.04608231060772,2.5684878826141357
20190320_sample_6,CT,9.679754688289767,14.788722832212654,2.75929594039917
20190320_sample_9,IT,8.031804389757076,13.500835331939369,2.674206256866455
20190321_sample_2,low quality,15.56778210018294,12.664896640085372,2.614830255508423
20190321_sample_4,IT,12.767479005997265,15.045535988317909,2.775430679321289
20190321_sample_6,CT,7.291452626987257,12.58055192003106,2.6086387634277344
20190322_sample_1,IT,14.16586463337301,13.910507758460858,2.70206618309021
20190322_sample_2,IT,11.06988717310281,13.48527215202175,2.6731324195861816
20190322_sample_3,CT,12.715883463368217,12.205364517471727,2.580623149871826
20190322_sample_4,CT,7.94145853434819,11.699108589827363,2.541531801223755
20190325_sample_1,Lamp5,9.65938837070929,9.88689888491611,2.3875601291656494
20190325_sample_2,low quality,3.8895639754244336,11.468203416574823,2.523181676864624
20190325_sample_3,IT,9.511006517219826,13.741113837204496,2.690640449523926
20190325_sample_4,CT,7.029775651186889,12.299140556125398,2.5876994132995605
20190325_sample_5,CT,4.892697257884182,13.684084794916224,2.6867642402648926
20190325_sample_6,CT,8.542185767353546,13.510453183960461,2.6748692989349365
20190325_sample_7,IT,10.144997088047,13.776998880968963,2.6930718421936035
20190325_sample_9,CT,8.616818153792222,14.118742967952407,2.715935230255127
20190326_sample_1,CT,11.436811606429035,13.946951274622469,2.704507350921631
20190326_sample_2,Vip,21.35069306362884,11.693584233024593,2.5410966873168945
20190326_sample_3,Vip,12.99005203826772,11.078787157422903,2.491450786590576
20190326_sample_4,CT,9.814741823881842,14.945706310804903,2.7691895961761475
20190327_sample_1,CT,7.299733902334741,16.16019943737692,2.842592716217041
20190327_sample_2,IT,6.948486356372814,13.17266983649127,2.651315450668335
20190327_sample_4,CT,9.13218231295675,11.091629280445764,2.492513418197632
20190327_sample_7,Vip,12.911717016887373,10.5392502537901,2.445754289627075
20190328_sample_1,CT,12.76515910981752,10.27191962262457,2.4223146438598633
20190328_sample_2,CT,13.40286972419406,10.891304614513551,2.4758074283599854
20190328_sample_3,CT,10.04112481183408,13.930934214560335,2.703435182571411
20190328_sample_4,CT,12.659428336475226,13.621701068354481,2.682506799697876
20190328_sample_5,CT,10.826736859563356,11.808746034156082,2.550128221511841
20190328_sample_6,CT,8.766940626133353,13.171183142238874,2.6512105464935303
20190328_sample_8,IT,11.362701153041764,13.239376281722693,2.6560111045837402
20190328_sample_9,CT,9.366267875418,12.45731506296057,2.599522829055786
20190329_sample_3,CT,8.028292541922783,12.877751301726748,2.630286931991577
20190329_sample_4,CT,7.744365845109265,14.421536096336375,2.735764980316162
20190329_sample_5,CT,7.008731949260107,10.651917985386442,2.4554708003997803
20190402_sample_2,CT,9.436533519968346,12.567218503431876,2.607656478881836
20190402_sample_3,IT,12.576804557164609,12.661518547748068,2.6145830154418945
20190402_sample_5,low quality,10.24541842416792,12.719357512463102,2.618807792663574
20190402_sample_6,Vip,21.768368778291467,11.069805499725215,2.4907069206237793
20190403_sample_3,low quality,8.856036673671754,12.009706889431211,2.5656957626342773
20190403_sample_5,IT,10.6184465302465,14.048394172655229,2.711271286010742
20190403_sample_6,Sst,10.648303615311768,9.626352915709196,2.3633370399475098
20190403_sample_7,Sst,21.40414204239316,14.916717716620752,2.7673699855804443
20190408_sample_1,Pvalb,7.125000655446532,12.610960239174082,2.610875368118286
20190408_sample_2,Sst,31.640376506729364,13.269667482772018,2.6581361293792725
20190408_sample_5,Sst,13.608270640851233,12.835431337120893,2.627232789993286
20190408_sample_6,Sst,22.85638947214284,13.872124767864578,2.699488639831543
20190409_sample_2,low quality,20.489569895159207,11.385872410894178,2.51655650138855
20190409_sample_3,low quality,9.78302945404991,12.001700620444801,2.565080165863037
20190409_sample_4,Sst,11.30073988379849,15.603257693906007,2.809598922729492
20190409_sample_5,CT,12.34241604253579,11.680108839727904,2.540034532546997
20190409_sample_7,Sst,33.98180362682064,11.43375051414906,2.5204145908355713
20190409_sample_8,CT,11.232011826595702,14.857775598531777,2.763659954071045
20190409_sample_9,IT,15.38603093282084,12.122689142737508,2.574342727661133
20190409_sample_10,CT,8.488567749609661,12.168497887259793,2.5778274536132812
20190409_sample_11,IT,7.962223959015278,13.547920090408699,2.677448034286499
20190410_sample_3,CT,7.329466933274793,12.082702918794196,2.571290969848633
20190410_sample_4,Sst,27.066572178079603,13.727294058265969,2.6897025108337402
20190410_sample_6,IT,11.417788877678236,13.907824018747307,2.7018861770629883
20190410_sample_7,CT,16.452488012254456,12.113562791851011,2.5736470222473145
20190410_sample_10,CT,8.924143293136199,8.854372149994488,2.2879152297973633
20190411_sample_1,CT,12.300817403070722,10.838984731369969,2.471397876739502
20190411_sample_3,low quality,7.448897606212622,10.994888724567058,2.484480619430542
20190411_sample_5,CT,14.314045934222408,11.478493033734573,2.5240066051483154
20190411_sample_6,Pvalb,9.074941221247364,10.28180027449426,2.4231908321380615
20190411_sample_8,CT,11.05393500110815,14.671035360512189,2.751814126968384
20190412_sample_1,Pvalb,10.243104094730768,10.608943463204415,2.4517757892608643
20190412_sample_3,IT,6.562131238703023,12.75370943939537,2.6213085651397705
20190412_sample_6,Pvalb,7.903862979904415,10.091715758201907,2.406198501586914
20190415_sample_1,Pvalb,11.119303648668248,10.808426884438385,2.468813419342041
20190415_sample_3,CT,11.265980384391192,11.916859939785745,2.5585334300994873
20190415_sample_4,IT,11.99582501328106,12.579797520562396,2.6085832118988037
20190415_sample_6,CT,17.731231751728775,12.52689683311993,2.604680061340332
20190415_sample_8,Sst,13.963042168767444,13.878214137064619,2.6998980045318604
20190415_sample_10,IT,11.187280101808089,15.03226298356228,2.7746031284332275
20190416_sample_3,CT,11.93447252497558,13.649693204031022,2.6844193935394287
20190416_sample_4,Pvalb,8.799329475069825,10.814551855066059,2.469331979751587
20190416_sample_5,Sst,14.599304697885788,12.657584465214764,2.61429500579834
20190416_sample_6,IT,13.189252392232442,12.266641967055596,2.5852527618408203
20190416_sample_7,Sncg,22.919389014869815,14.570851411814079,2.7454006671905518
20190416_sample_8,Pvalb,6.303852646261148,9.722532354978304,2.372347354888916
20190416_sample_9,IT,7.249426451783829,14.31624853856544,2.728914260864258
20190416_sample_10,CT,8.685963704112401,11.491629079514809,2.5250587463378906
20190417_sample_2,CT,9.991236235896366,14.855250233034818,2.763500690460205
20190417_sample_3,CT,28.745364820414625,8.991120787852486,2.30169677734375
20190417_sample_4,Sst,19.011646439475047,9.067429685957778,2.309305429458618
20190417_sample_5,Sst,18.716965795634,11.534472838399614,2.528482675552368
20190417_sample_9,CT,9.929264177494789,13.96875520168747,2.705965042114258
20190417_sample_10,Sst,14.73034564475856,15.52120691237947,2.804644823074341
20190418_sample_2,Sst,20.89051830657533,11.18896988515171,2.5005314350128174
20190418_sample_4,CT,10.413351880312518,11.709888759331024,2.5423803329467773
20190418_sample_5,IT,9.923081509831004,14.205153067082422,2.7216343879699707
20190418_sample_7,CT,17.060122577280413,11.903815104274688,2.557523012161255
20190418_sample_8,Pvalb,9.302434585189433,10.208407020311373,2.4166641235351562
20190418_sample_9,CT,8.611677369839462,13.00740962687296,2.6395864486694336
20190418_sample_10,CT,15.093694651596357,10.18120674564882,2.4142343997955322
20190422_sample_1,Pvalb,7.489990370986028,12.543454759858374,2.605903387069702
20190422_sample_4,Pvalb,10.24557864204131,11.103714537280437,2.4935123920440674
20190422_sample_5,Pvalb,10.950504777370238,11.993330629025674,2.564436197280884
20190422_sample_6,CT,6.054591963787988,13.727132541167594,2.6896915435791016
20190422_sample_7,IT,6.4039992354440844,11.638894530315392,2.5367789268493652
20190422_sample_8,Pvalb,8.696635691766067,10.71848575405134,2.461167573928833
20190422_sample_10,CT,7.483260649121282,13.912886204386432,2.702225685119629
20190423_sample_1,IT,11.536027721447535,14.358121038490589,2.73164439201355
20190423_sample_3,CT,9.810958040036,9.399726112289073,2.3417794704437256
20190423_sample_5,CT,17.52307765210237,13.291577145630553,2.659670352935791
20190423_sample_7,CT,8.957049115070296,13.227828014011973,2.6551997661590576
20190423_sample_8,Pvalb,4.951873459761865,13.091435179259193,2.6455671787261963
20190423_sample_10,Pvalb,9.928859372271916,10.552829767532337,2.446930408477783
20190424_sample_1,CT,9.55874036892261,9.27117482835827,2.329341411590576
20190424_sample_2,Pvalb,6.803294029230446,9.458394494198876,2.347404956817627
20190424_sample_3,CT,9.793532251539023,12.627221435026673,2.6120693683624268
20190424_sample_4,CT,7.426991304023493,12.169530860960998,2.5779058933258057
20190424_sample_5,CT,5.117227824975559,12.215720529242068,2.581407070159912
20190424_sample_6,IT,12.389309265511937,13.86642422896692,2.6991052627563477
20190424_sample_7,Lamp5,9.624439463524466,9.61646159315902,2.362405776977539
20190425_sample_1,IT,12.51946086653245,13.962418302484506,2.7055416107177734
20190425_sample_4,Lamp5,6.99780070140898,9.97307856681264,2.395444869995117
20190425_sample_6,Sst,29.65196484678484,13.502377355699032,2.6743125915527344
20190425_sample_7,IT,10.312702187497464,13.756480448132804,2.6916823387145996
20190425_sample_8,CT,11.81228157547911,13.03528313046358,2.6415743827819824
20190425_sample_9,CT,9.995624017728634,12.565585089902708,2.6075360774993896
20190425_sample_12,CT,10.090685519512716,11.019898011099437,2.4865634441375732
20190425_sample_13,CT,12.573090876841269,13.825195962046832,2.6963281631469727
20190425_sample_14,CT,6.28455514827731,12.861947963622615,2.629147529602051
20190425_sample_16,IT,11.636893599580068,14.533445920911538,2.742995500564575
20190429_sample_1,Pvalb,7.7646923898513265,10.873066190545655,2.4742724895477295
20190429_sample_4,Pvalb,9.189581861061589,10.924049752224908,2.4785573482513428
20190429_sample_5,Pvalb,5.3122804348622354,11.583687386649615,2.5324013233184814
20190429_sample_6,Pvalb,7.224748985714452,11.15792608644442,2.497981309890747
20190429_sample_7,CT,10.706774307828397,14.474391949276788,2.7391865253448486
20190430_sample_1,Vip,17.955904612089604,10.923302089021169,2.478494644165039
20190430_sample_3,Vip,22.06941052874589,14.1644062369929,2.7189509868621826
20190430_sample_4,Vip,15.707361721008246,13.72168413268834,2.689321517944336
20190430_sample_5,Vip,13.874046374779104,11.481992247251064,2.524286985397339
20190430_sample_6,Vip,10.775688503274438,10.374243114784289,2.43135142326355
20190430_sample_7,IT,12.157715866754115,14.23757867395803,2.723764657974243
20190430_sample_8,Vip,8.453675754594757,10.42840216599631,2.4361016750335693
20190430_sample_9,IT,10.081403660787627,14.025936862147057,2.70977783203125
20190430_sample_10,IT,9.959969019582193,11.992884546077843,2.564401865005493
20190501_sample_1,Vip,13.773662073340374,14.062037645268,2.7121775150299072
20190501_sample_3,Vip,29.73135326854983,13.470743417420708,2.672128915786743
20190501_sample_4,Vip,23.902461821449787,11.133566863769634,2.4959757328033447
20190501_sample_5,CT,7.129234871390657,10.656941753066917,2.455901861190796
20190501_sample_6,Vip,19.08755817720115,11.767774160827095,2.546924352645874
20190501_sample_7,Pvalb,7.60540909048203,10.821367680501186,2.4699087142944336
20190501_sample_8,Vip,18.565841286589787,12.135895739144868,2.5753486156463623
20190501_sample_9,Pvalb,5.505119398748051,12.149614100001347,2.576392412185669
20190501_sample_11,Pvalb,4.722087243514255,10.325675162680842,2.427072286605835
20190501_sample_12,IT,18.724033979532823,13.898145242791315,2.7012367248535156
20190501_sample_14,Pvalb,12.900749941046824,10.542436550390137,2.446030378341675
20190503_sample_1,Vip,17.13225365784363,15.706148493903195,2.815776824951172
20190503_sample_3,Vip,13.254450948981743,9.158349271351637,2.318295955657959
20190506_sample_1,Vip,22.91730540019348,11.54918763721259,2.529655933380127
20190506_sample_2,Vip,20.204097993378507,11.450730536034028,2.5217792987823486
20190506_sample_3,Vip,20.13397094802992,12.333972523121407,2.590315103530884
20190506_sample_4,CT,11.012577239899649,13.36494849792553,2.6647911071777344
20190506_sample_5,Vip,14.4336681273212,11.512431493750807,2.5267226696014404
20190506_sample_6,CT,10.67628252531472,14.245613181665632,2.7242918014526367
20190506_sample_7,Vip,10.06700507271793,12.762254251968788,2.62192964553833
20190507_sample_2,Vip,15.534007349093963,13.681522316808865,2.6865897178649902
20190507_sample_3,CT,11.554129860247915,13.241318315166641,2.6561474800109863
20190507_sample_4,Vip,18.76008742349288,14.744996865707284,2.7565226554870605
20190507_sample_5,Vip,12.081842679812183,13.407290807616326,2.667734384536743
20190507_sample_6,Vip,14.439679051630993,13.882375634606838,2.7001776695251465
20190508_sample_1,Lamp5,17.940820891531033,11.517259236219983,2.5271084308624268
20190508_sample_2,Sst,14.145146290730198,11.915258636966172,2.5584094524383545
20190508_sample_3,Lamp5,7.918053653355109,9.614603883033602,2.3622307777404785
20190508_sample_4,Sst,12.621578968126745,15.928233174170362,2.8289828300476074
20190508_sample_5,low quality,9.98873765670652,12.65881537255144,2.6143851280212402
20190508_sample_6,Pvalb,8.603510748960442,11.926823269501252,2.5593044757843018
20190508_sample_7,Sst,15.902069195902468,15.039584530465229,2.775059700012207
20190509_sample_2,Vip,24.109493241320884,13.204017905005918,2.653524875640869
20190509_sample_3,Lamp5,8.33611885749528,11.359291292267038,2.5144081115722656
20190509_sample_4,Vip,7.693745786913499,12.023902059300921,2.566786289215088
20190509_sample_5,Lamp5,9.061248577588616,9.256379814229717,2.327899932861328
20190509_sample_9,Vip,10.848224751646946,11.391316026516153,2.516995906829834
20190513_sample_1,Lamp5,13.803803240783491,11.15530306814394,2.49776554107666
20190513_sample_2,Vip,8.746094700198114,11.19881383437304,2.5013387203216553
20190513_sample_3,Vip,5.430735306770978,14.24516246848648,2.724262237548828
20190513_sample_4,Vip,7.369102203398178,10.80508553876348,2.4685304164886475
20190513_sample_5,Lamp5,12.92070035471949,11.192422793466005,2.50081467628479
20190514_sample_2,Pvalb,10.323029272819388,10.448825997482928,2.437887191772461
20190514_sample_4,Lamp5,3.501706426617224,10.633234036318713,2.4538660049438477
20190514_sample_7,Lamp5,11.757881413099009,11.155758070523158,2.497802972793579
20190514_sample_8,Pvalb,7.946628458600833,10.749536367637592,2.4638137817382812
20190515_sample_1,Lamp5,8.715757014435024,10.966333304737452,2.4820971488952637
20190515_sample_2,low quality,8.096797304289703,11.756996600037258,2.5460798740386963
20190515_sample_3,low quality,9.133931957030846,12.448343952917211,2.598855972290039
20190515_sample_4,Vip,14.05763137596991,11.698042882940932,2.541447877883911
20190515_sample_5,Lamp5,8.17187760232536,10.864254476711553,2.4735300540924072
20190515_sample_6,Vip,22.57367152492482,12.570605632944096,2.6079061031341553
20190515_sample_7,Lamp5,12.44370893636631,15.361451895131935,2.7949280738830566
20190515_sample_8,Vip,12.919070047888365,13.828571891423639,2.6965558528900146
20190515_sample_9,Lamp5,10.636479077664449,10.98952778980702,2.4840335845947266
20190515_sample_10,Vip,10.777329887857649,12.986075656234737,2.6380622386932373
20190515_sample_11,Lamp5,9.350396191100256,10.623962884015256,2.453068733215332
20190515_sample_12,Vip,14.699302149547508,11.845070992360444,2.552960157394409
20190515_sample_13,Vip,18.03959122302672,12.342746453790642,2.590972900390625
20190515_sample_14,Vip,13.60134882748,9.971859491952442,2.395333766937256
20190515_sample_15,Lamp5,8.234895533148649,11.412108229288252,2.518672466278076
20190516_sample_2,Sst,16.517706453531886,17.851020834423256,2.9365670680999756
20190516_sample_3,Lamp5,3.992889833474125,9.941079654326318,2.392524480819702
20190516_sample_4,Sst,12.170401522817588,15.609283662384875,2.8099617958068848
20190516_sample_5,Lamp5,8.574742521775866,10.966932448934823,2.482147216796875
20190516_sample_6,Sst,34.30076922810589,11.51718761209303,2.5271027088165283
20190522_sample_1,Lamp5,13.55253441058032,12.202159830871205,2.580380439758301
20190528_sample_2,Vip,7.145395824421116,9.926760231208359,2.3912148475646973
20190528_sample_4,Vip,16.09460759779435,10.822717787327823,2.4700229167938232
20190528_sample_6,Vip,5.033348129637878,9.802469969736821,2.379774808883667
20190528_sample_7,Lamp5,12.06363080739749,10.649681882824929,2.4552788734436035
20190528_sample_8,Vip,8.795945568929406,9.579800414236828,2.3589465618133545
20190528_sample_9,Vip,18.81164604767337,9.956729132920392,2.393953800201416
20190529_sample_2,Vip,19.77119884247336,14.248797631788404,2.7245006561279297
20190529_sample_3,Sncg,18.465327235488022,10.839371438532229,2.471430540084839
20190529_sample_6,Vip,28.344262148900743,12.655884823158523,2.614170551300049
20190603_sample_1,Lamp5,15.66433566252798,12.323927278751265,2.5895614624023438
20190603_sample_2,Vip,27.19530906703504,12.866410358743718,2.629469394683838
20190603_sample_3,Vip,10.804494186353969,10.701940765363531,2.459754705429077
20190603_sample_4,Vip,7.839030072962532,11.707428415316695,2.542186737060547
20190603_sample_5,Lamp5,6.9187189051704046,9.241361935428857,2.32643461227417
20190603_sample_6,Lamp5,9.349128787319009,11.298368952550728,2.5094666481018066
20190603_sample_7,Lamp5,12.004559672513349,10.604867227576754,2.4514245986938477
20190603_sample_9,Sncg,22.26232239338053,9.817369255861179,2.381153106689453
20190603_sample_10,Vip,6.399901924373051,11.982077912396814,2.5635697841644287
20190604_sample_2,Pvalb,9.887402134986893,11.140940130218432,2.4965832233428955
20190604_sample_4,Lamp5,10.336592770672205,9.583047268155088,2.359253406524658
20190604_sample_6,Lamp5,7.615750808698004,9.220859735827405,2.3244307041168213
20190604_sample_8,Pvalb,11.04414209095476,10.537382359437405,2.4455924034118652
20190604_sample_12,IT,8.449975623966319,12.806690632948849,2.6251533031463623
20190605_sample_1,low quality,13.85743086909466,11.63696010941421,2.536625862121582
20190605_sample_2,Vip,14.967541018367204,12.833297292069844,2.6270785331726074
20190605_sample_4,Vip,6.310218207953879,12.28863996862641,2.586909532546997
20190605_sample_5,Lamp5,8.890541097342775,8.634428169647038,2.265342950820923
20190605_sample_6,Vip,18.909088098264327,15.307980460336644,2.791654586791992
20190606_sample_1,Pvalb,5.510067173399987,11.472306350359295,2.523510694503784
20190606_sample_2,Pvalb,10.386813313569869,9.3437146102766,2.336379051208496
20190606_sample_3,Pvalb,6.131524764959613,12.34827963566118,2.5913875102996826
20190606_sample_5,Pvalb,7.186298425282299,10.457072396666408,2.4386072158813477
20190606_sample_6,IT,11.312485902566626,13.981787098337803,2.7068352699279785
20190606_sample_7,low quality,5.411703778225531,9.572719826537698,2.3582770824432373
20190606_sample_9,Sst,15.158728071162704,9.683250479956687,2.3686771392822266
20190607_sample_2,Sst,22.85597640892692,15.798747352683947,2.8213043212890625
20190607_sample_3,Lamp5,10.946675235050296,10.333911222328096,2.4277992248535156
20190607_sample_5,low quality,7.384771589320233,12.039297120903315,2.567967653274536
20190610_sample_1,Sst,13.198049554995425,11.059361216373974,2.4898412227630615
20190610_sample_2,Pvalb,5.007094115042391,11.497291990231389,2.5255119800567627
20190610_sample_3,Lamp5,8.733979100955061,10.107051059749692,2.4075801372528076
20190610_sample_4,Pvalb,4.523275374219484,11.435656793339527,2.5205678939819336
20190610_sample_5,low quality,5.774783771485162,11.431645941919477,2.520245313644409
20190610_sample_7,low quality,12.00782955484284,10.590964011988923,2.450225830078125
20190610_sample_8,Pvalb,6.752817843299972,11.452467221150837,2.521918773651123
20190610_sample_9,Lamp5,6.9365239685759805,10.22833061367829,2.418440103530884
20190610_sample_10,Pvalb,5.564695217378791,12.062911242009507,2.569777011871338
20190610_sample_12,Pvalb,10.326126450868328,11.380360345508274,2.516111373901367
20190610_sample_16,Lamp5,7.314523073590211,11.945189583752738,2.5607242584228516
20190610_sample_18,Vip,6.975925657494782,14.176569959207757,2.719752788543701
20190611_sample_1,IT,8.688338967923942,13.661084024648117,2.6851966381073
20190611_sample_3,Lamp5,8.07821188094344,11.959691311330863,2.5618438720703125
20190611_sample_4,Sst,10.376822246641837,14.520603922243222,2.742168426513672
20190611_sample_5,low quality,14.153222738547296,12.47060470276481,2.6005098819732666
20190611_sample_7,Lamp5,6.213429966091388,10.537528148852875,2.4456050395965576
20190611_sample_8,Sst,11.259496684481666,13.227471839723641,2.655174732208252
20190611_sample_10,Sst,15.389806393901525,9.951127208163934,2.393442392349243
20190611_sample_11,IT,5.589744195518635,11.848654621345503,2.553239107131958
20190611_sample_14,Sncg,20.73736313383785,15.035952013653542,2.7748332023620605
20190611_sample_15,Lamp5,15.923694971110944,11.121246613337453,2.494959831237793
20190612_sample_1,Lamp5,11.554234746877553,11.567532768915337,2.5311167240142822
20190612_sample_2,Pvalb,5.646422392097261,11.711876774286075,2.542536735534668
20190612_sample_4,Vip,8.798036204231769,11.333414115294207,2.512312173843384
20190612_sample_6,Pvalb,10.14559099368541,10.750598111250053,2.4639041423797607
20190612_sample_7,Lamp5,10.127880598009728,9.618190517357101,2.3625686168670654
20190612_sample_8,Lamp5,7.68170267005267,9.215039775875342,2.3238611221313477
20190613_sample_2,Sst,19.410869435190143,12.941952739491253,2.6349024772644043
20190613_sample_3,Sst,16.09492986008852,14.21035610616088,2.7219765186309814
20190613_sample_4,Sst,32.88633408357952,13.83656760164989,2.6970949172973633
20190613_sample_6,Pvalb,10.317445789731703,13.322358421254865,2.6618218421936035
20190613_sample_7,Sst,22.082425203111807,11.296316612060474,2.5092997550964355
20190613_sample_8,Pvalb,10.686605606687625,10.11355676501787,2.408165693283081
20190613_sample_9,Sst,10.60526346450431,12.658304109209757,2.6143476963043213
20190613_sample_10,Sst,17.357566521026705,15.637958710607913,2.8116867542266846
20190614_sample_2,Vip,21.881116031736227,12.652827953509805,2.6139466762542725
20190614_sample_3,Lamp5,10.934764092245183,11.579472832843095,2.5320663452148438
20190614_sample_4,Vip,14.717779850827654,12.905588923469073,2.632290840148926
20190614_sample_6,Vip,9.51749581751613,13.36110630702819,2.6645236015319824
20190614_sample_8,Vip,14.484217858176422,15.464190565081397,2.801187753677368
20190617_sample_1,Lamp5,7.856545356922273,12.627302659838033,2.6120753288269043
20190617_sample_2,CT,12.91297614141729,14.717249992577209,2.754758834838867
20190617_sample_3,Sst,10.744334247435951,13.392613809766294,2.666715145111084
20190617_sample_4,Sst,14.963992131105387,13.45200085419059,2.670832872390747
20190617_sample_5,Sncg,22.995014313014224,13.8768875274513,2.6998088359832764
20190617_sample_6,Sst,18.2495245177624,14.114187453644947,2.7156338691711426
20190618_sample_1,low quality,6.12243645823731,10.685435852201426,2.458343267440796
20190618_sample_2,Vip,6.07876406869957,14.508878084859916,2.74141263961792
20190618_sample_4,Vip,4.586216058107306,12.58334971567609,2.608844757080078
20190618_sample_5,Vip,8.10599068975139,13.49099237323491,2.673527240753174
20190618_sample_7,Lamp5,9.127219388655115,10.292820346489496,2.4241671562194824
20190618_sample_8,Lamp5,14.527794837769662,12.74967341052798,2.6210150718688965
20190619_sample_1,Lamp5,10.937229844880036,11.523447316963304,2.5276026725769043
20190619_sample_3,Pvalb,7.43480641320593,10.399428612364192,2.433563232421875
20190619_sample_4,Pvalb,8.757251081245862,14.083905162478342,2.7136282920837402
20190619_sample_5,Pvalb,7.41296187449737,12.81479405986769,2.6257400512695312
20190619_sample_6,Lamp5,8.534540396529376,9.220416240049914,2.324387311935425
20190620_sample_1,Lamp5,8.394861404568521,11.055839640346164,2.489549160003662
20190620_sample_2,Sst,18.80267809259104,10.230421578640716,2.418626308441162
20190620_sample_5,Sst,23.72824074731392,13.686388606401804,2.6869211196899414
20190620_sample_6,Sst,21.665444460552443,12.171876545880464,2.5780839920043945
20190620_sample_8,Pvalb,7.983173640637437,11.128488051193296,2.4955570697784424
20190624_sample_1,Sst,6.334895911722599,15.302848942156752,2.791339874267578
20190624_sample_2,Sst,35.24743347671611,13.415798293785972,2.6683247089385986
20190624_sample_3,Sst,14.26905801568092,13.692769739679793,2.6873555183410645
20190624_sample_4,Pvalb,12.372386003572176,11.718349067543787,2.54304575920105
20190624_sample_5,Sst,18.510492845309656,14.204029299404958,2.721560478210449
20190624_sample_6,Sst,23.22782430378891,12.196161791608123,2.579926013946533
20190625_sample_1,Vip,8.079903281605118,12.509676289418394,2.6034061908721924
20190625_sample_2,low quality,19.331932188002423,11.994201154436853,2.5645031929016113
20190625_sample_3,Vip,3.856802454253842,14.147874451218795,2.717860221862793
20190625_sample_4,Vip,25.55168726883814,14.335428196284932,2.730165719985962
20190625_sample_5,Vip,5.309114702163713,15.616563667174045,2.8104000091552734
20190625_sample_6,Lamp5,7.552120650065528,11.744897151652516,2.545130968093872
20190625_sample_7,Vip,18.672199530117364,13.257214232577756,2.6572630405426025
20190625_sample_8,Vip,9.26826209610808,13.256758749095965,2.657231092453003
20190625_sample_10,Vip,18.259377930076475,13.1000217254614,2.646176338195801
20190625_sample_11,Vip,3.50023010450336,13.217356821794471,2.654463529586792
20190625_sample_12,Vip,11.01845834497889,11.244876948359737,2.5051076412200928
20190625_sample_13,Vip,10.89035182039664,8.608554809700838,2.2626538276672363
20190626_sample_1,Vip,6.919732725778116,12.46405133516334,2.6000232696533203
20190626_sample_4,low quality,6.802625911950901,12.098632799057265,2.572507858276367
20190626_sample_5,Vip,7.067490375273603,11.502185429214169,2.5259034633636475
20190627_sample_1,CT,5.551506796890813,11.974874359276066,2.5630147457122803
20190627_sample_2,Lamp5,4.935162750900875,9.479165797326164,2.34938907623291
20190627_sample_4,NP,10.37493095547175,15.522707725323441,2.8047356605529785
20190627_sample_6,Pvalb,7.952647906134615,10.237050448609835,2.4192163944244385
20190627_sample_8,IT,8.53864929835499,10.964039715640254,2.481905460357666
20190628_sample_1,Sst,12.618686417368089,14.99548797135235,2.7723066806793213
20190628_sample_2,Pvalb,9.036137296334914,10.864769303763593,2.4735734462738037
20190628_sample_3,Sst,23.678193088087053,11.814210524639929,2.5505547523498535
20190628_sample_4,Sst,11.320340517195993,16.50957976082948,2.862748146057129
20190628_sample_5,Sst,21.91271781360606,12.354028428264002,2.59181809425354
20190628_sample_6,Pvalb,10.279537693887931,12.046710632276039,2.5685360431671143
20190628_sample_7,Sst,17.000286599422626,12.040528268055068,2.5680620670318604
20190703_sample_1,Pvalb,9.366839374865377,10.690518666939099,2.458778142929077
20190703_sample_2,Pvalb,9.06566164294189,11.635806226731884,2.536534547805786
20190703_sample_3,Pvalb,6.577961864044078,13.354465371122918,2.6640610694885254
20190703_sample_5,Pvalb,7.384943532566918,10.68602650443104,2.4583938121795654
20190703_sample_6,Pvalb,7.68920506068703,12.137515001045706,2.575471878051758
20190703_sample_8,Pvalb,7.362260764261679,11.336602045564582,2.51257061958313
20190703_sample_10,Pvalb,7.621520197992475,10.238248079782096,2.419322967529297
20190703_sample_12,Pvalb,8.085046845375459,12.052124161182066,2.568950891494751
20190703_sample_13,Sst,9.073445400411956,13.858408885911649,2.69856595993042
20190703_sample_14,low quality,9.30920677143652,12.05846457763919,2.569436550140381
20190703_sample_15,Sst,5.454696611075038,15.122587254057883,2.7802212238311768
20190704_sample_2,Sst,20.727243350684184,12.073881791934845,2.5706164836883545
20190704_sample_12,Vip,3.4661322531379635,12.969169759248697,2.636852741241455
20190704_sample_14,Vip,3.754048328712989,13.13152917816705,2.6484084129333496
20190705_sample_1,Vip,6.517494600716965,12.4057576484755,2.595684289932251
20190705_sample_3,Vip,3.437064961438342,13.17808745326181,2.6516976356506348
20190705_sample_4,Vip,5.343665897371345,12.648590486873632,2.6136362552642822
20190705_sample_5,Vip,6.892411153156312,12.27980663241139,2.586244583129883
20190705_sample_9,Vip,11.783871201284168,12.477328347820638,2.601008892059326
20190708_sample_3,low quality,7.151618319180614,13.31472515035347,2.6612887382507324
20190708_sample_4,Pvalb,6.842943196280171,11.9781043242006,2.5632636547088623
20190708_sample_6,Vip,18.499902661576325,11.32250668987403,2.511427402496338
20190708_sample_7,Vip,15.546612738062136,13.207885816565213,2.653797149658203
20190708_sample_8,IT,15.787181766475582,12.075580698003286,2.570746421813965
20190708_sample_12,Vip,4.753141752513454,11.586879988275927,2.5326550006866455
20190709_sample_1,Vip,11.71498950553036,13.498795686950244,2.674065589904785
20190709_sample_2,Vip,4.954160911783844,14.373445408373218,2.7326416969299316
20190709_sample_3,Vip,9.12530138063696,12.297384069873878,2.5875673294067383
20190709_sample_8,Sncg,41.95584253622638,12.262859541700939,2.584967613220215
20190709_sample_10,Vip,6.751457484085342,11.51935442325792,2.527275800704956
20190709_sample_11,Vip,6.9891076697276056,12.424039477431686,2.5970470905303955
20190709_sample_12,Vip,8.61638126194493,12.407288706928856,2.5957984924316406
20190709_sample_13,Vip,4.7775006778720055,13.169642550938939,2.65110182762146
20190709_sample_14,Vip,7.726721065630163,11.717788106133222,2.543001651763916
20190710_sample_3,Sst,11.517771537497923,14.736556608150092,2.755986452102661
20190710_sample_4,Sst,15.215305076178067,13.81417210396432,2.695584297180176
20190710_sample_5,Sst,10.190851110842893,13.504113192948553,2.6744322776794434
20190710_sample_6,Sst,12.524816483320883,16.191124846086353,2.844393253326416
20190710_sample_8,Vip,6.878198386887047,11.935415643492085,2.559968948364258
20190710_sample_10,Vip,16.228253410761543,14.68826153505273,2.752912759780884
20190712_sample_1,CT,19.87752779077297,14.592219671813853,2.746772050857544
20190712_sample_3,Sst,16.01541981413535,11.56369505202734,2.530811309814453
20190712_sample_4,low quality,14.664032837054494,10.419659085733386,2.4353363513946533
20190712_sample_5,Lamp5,6.316672948530167,9.164027883442111,2.318854808807373
20190712_sample_6,Lamp5,7.3034577981920705,10.214351774720178,2.417194366455078
20190712_sample_7,Lamp5,6.910449433024041,8.870930982166303,2.2895941734313965
20190715_sample_1,Lamp5,6.692375689114479,8.9146409304892,2.2940125465393066
20190715_sample_4,Lamp5,5.737163618662085,10.230180602522124,2.418604850769043
20190715_sample_5,Vip,4.837423697006038,14.565695769347608,2.7450695037841797
20190715_sample_6,Lamp5,8.232642812705105,7.871724492214321,2.1828691959381104
20190715_sample_7,Vip,6.290845612475303,14.693502672944334,2.753246784210205
20190715_sample_8,Lamp5,6.935581847194606,10.650373501003877,2.4553382396698
20190715_sample_9,Vip,7.805658872103339,12.150839986053025,2.5764856338500977
20190715_sample_10,Sncg,12.221180053802255,13.550768003059815,2.6776437759399414
20190715_sample_11,Lamp5,7.218821848891929,10.087466907128263,2.405815362930298
20190716_sample_1,low quality,8.834498089956941,11.324107957326726,2.5115573406219482
20190716_sample_3,Sst,21.653530176525624,12.96847703042753,2.636803150177002
20190716_sample_5,Sst,6.709183507752026,9.644516024199339,2.3650448322296143
20190716_sample_7,Vip,5.8023570023154445,13.17503535334303,2.651482343673706
20190716_sample_8,Lamp5,8.48490492744807,10.067679796445557,2.404029130935669
20190716_sample_9,Vip,4.859991172991305,13.79681556403671,2.6944119930267334
20190717_sample_1,Sst,17.489854760218222,13.788714343846195,2.693864345550537
20190717_sample_2,Sst,10.742081622451115,16.970876232888553,2.8887524604797363
20190717_sample_3,Sst,12.768677484694363,14.250666442980298,2.724623203277588
20190718_sample_1,Vip,5.60841102601925,8.518887826622205,2.2532780170440674
20190718_sample_2,CT,17.122597521765226,12.403753792336069,2.5955348014831543
20190718_sample_3,CT,35.03905024414162,14.457470631315276,2.7380924224853516
20190718_sample_4,Vip,5.593459381259518,13.569433710549031,2.6789257526397705
20190718_sample_5,Vip,9.853364458442435,14.320401059505707,2.7291853427886963
20190718_sample_6,Vip,12.183172079448097,14.520637225881957,2.742170572280884
20190718_sample_7,Vip,11.203948289975097,12.978178360759122,2.6374974250793457
20190718_sample_8,Vip,11.620108907148351,11.779959314058958,2.5478782653808594
20190718_sample_9,Vip,10.945395162539944,13.194301969434775,2.6528406143188477
20190719_sample_1,CT,12.553095331256763,13.476057537829039,2.6724960803985596
20190719_sample_2,IT,7.762710869408318,12.153690377680224,2.576702356338501
20190719_sample_4,IT,8.86229072999048,11.877488618291913,2.555480718612671
20190719_sample_5,IT,17.714127565126336,12.974709494874778,2.637249231338501
20190719_sample_6,IT,8.622645687547704,12.64575647959586,2.6134285926818848
20190719_sample_9,IT,11.657784929661478,12.313521390807788,2.588780164718628
20190719_sample_10,IT,11.215731926456105,12.862258632021936,2.6291699409484863
20190722_sample_1,CT,14.3161693952244,12.818170518578356,2.6259844303131104
20190722_sample_6,CT,3.894185235490117,11.221914021882496,2.503230571746826
20190722_sample_7,low quality,9.396132969083888,13.254104317753974,2.6570448875427246
20190722_sample_8,low quality,14.195434527131551,11.66582332840093,2.538907289505005
20190724_sample_1,Vip,17.349819173676476,12.940563368129123,2.63480281829834
20190724_sample_2,CT,7.854550615271787,11.083283373203038,2.4918229579925537
20190724_sample_4,Vip,6.364620798724514,15.61888538409208,2.810539722442627
20190724_sample_5,Vip,9.984854642784969,14.112227275080233,2.7155041694641113
20190724_sample_6,IT,4.381728014318874,14.546131752463543,2.743811845779419
20190724_sample_9,Vip,9.743809738226524,13.611657621762376,2.6818196773529053
20190724_sample_10,Vip,4.6427494949208645,11.70187318393736,2.5417494773864746
20190724_sample_12,Vip,4.483124251273017,12.172831268186235,2.5781564712524414
20190724_sample_16,low quality,9.98330920236124,12.097914538544181,2.572453022003174
20190725_sample_1,Vip,19.012862615937596,13.170574994085598,2.651167631149292
20190725_sample_3,Vip,11.087540250457025,13.399814827387008,2.667215347290039
20190725_sample_4,Sst,12.677937221588945,14.795714731178146,2.7597386837005615
20190725_sample_5,CT,15.537804578815498,13.81924841994861,2.6959269046783447
20190725_sample_6,Vip,3.087129756476869,13.335176169159299,2.6627163887023926
20190725_sample_7,Vip,13.94218692358704,13.501308985467002,2.674238920211792
20190725_sample_8,Vip,9.15212154205665,12.295447131130873,2.5874216556549072
20190725_sample_9,Vip,20.76726953958901,12.553688131664428,2.606658697128296
20190725_sample_10,low quality,4.745448084656344,11.856296908030657,2.5538337230682373
20190726_sample_1,Lamp5,7.042650015845943,9.908903559372966,2.3895792961120605
20190726_sample_2,Pvalb,8.712380304816085,10.801809855114643,2.4682528972625732
20190726_sample_3,Lamp5,7.844485577957123,10.242659249428954,2.419715404510498
20190726_sample_4,IT,5.8806827160459605,12.315514931902976,2.5889298915863037
20190726_sample_5,Lamp5,6.883597180147611,10.495860771430207,2.4419870376586914
20190726_sample_6,Sst,13.04683747238291,13.45811123960603,2.671255588531494
20190726_sample_7,Lamp5,7.509608879820662,8.017139879532367,2.199127197265625
20190729_sample_2,Sst,24.43996427053252,14.755417384386353,2.7571842670440674
20190729_sample_3,Sst,20.923686015749265,11.10031271567388,2.4932312965393066
20190729_sample_5,Pvalb,6.731380909839458,12.012163711999996,2.565884590148926
20190730_sample_1,Vip,17.50248497757537,12.756382198047815,2.6215028762817383
20190730_sample_2,Vip,4.729598230370164,11.637074599603636,2.536634922027588
20190730_sample_5,Vip,9.221351306993103,11.697049918382977,2.541369676589966
20190730_sample_6,Vip,21.6823483033492,12.86758073562169,2.62955379486084
20190730_sample_7,Vip,5.112987233332079,13.047545879673704,2.6424477100372314
20190730_sample_9,Lamp5,5.772824186496879,10.355465643496904,2.429699182510376
20190731_sample_1,Pvalb,10.177645942843284,10.872092449185052,2.4741904735565186
20190731_sample_2,Lamp5,18.615366072495803,10.69415657694122,2.4590892791748047
20190731_sample_3,low quality,10.71128664303813,12.348426030445705,2.5913984775543213
20190731_sample_4,Vip,5.817807677119252,14.334177809421206,2.730084180831909
20190731_sample_5,Pvalb,8.216879696977555,10.701508329539935,2.4597177505493164
20190731_sample_6,low quality,6.172612172765434,12.079054011203137,2.571012020111084
20190731_sample_8,Pvalb,8.216879696977555,10.219925170472125,2.417691230773926
20190801_sample_1,IT,16.604003220142573,12.273903070368707,2.5857999324798584
20190801_sample_2,Sst,11.836501029739036,11.07222585937308,2.4909074306488037
20190801_sample_3,Sst,24.94882859218193,12.517866445822175,2.6040122509002686
20190801_sample_4,Sst,18.62825919361976,12.763343645882214,2.622008800506592
20190801_sample_7,Sst,8.999368238297043,10.320435187299365,2.426609516143799
20190801_sample_8,low quality,21.21524423611069,12.079805540557022,2.5710694789886475
20190820_sample_1,Sst,14.679691934137017,11.063631608311521,2.4901952743530273
20190820_sample_2,CT,9.620178572233035,13.106696293425768,2.6466495990753174
20190820_sample_3,Pvalb,11.397443833325427,11.786045581388617,2.548354387283325
20190820_sample_5,Sst,31.92296199826817,12.039729252749936,2.5680007934570312
20190820_sample_6,CT,11.660615500792616,13.361945200396114,2.6645820140838623
20190821_sample_1,IT,12.47152149969916,12.40351731233108,2.595517158508301
20190821_sample_2,IT,8.547590936944886,11.341820971252753,2.512993574142456
20190821_sample_3,CT,8.753883646389896,10.777771003181325,2.4662139415740967
20190821_sample_4,IT,10.905186128163916,12.856770080632955,2.6287739276885986
20190821_sample_5,IT,11.19655464255484,14.08375052309187,2.713618040084839
20190821_sample_6,IT,9.223056496975548,12.221018208812245,2.581807851791382
20190821_sample_7,IT,12.047913526975936,14.275185784935166,2.726229667663574
20190823_sample_1,IT,6.536799563695838,12.6558034279847,2.6141645908355713
20190823_sample_3,Pvalb,5.523584532124178,11.593000404811113,2.5331411361694336
20190823_sample_5,low quality,9.620630421797353,11.622328972529207,2.5354673862457275
20190823_sample_6,IT,11.574892643292946,13.223635899045812,2.654905080795288
20190823_sample_7,IT,8.19687173553633,12.950321810132598,2.635502576828003
20190827_sample_1,Sst,12.078171676382668,12.149303727545654,2.576368808746338
20190827_sample_2,low quality,8.558726106922004,11.58057058063194,2.532153606414795
20190827_sample_3,Sst,13.545257718351762,12.345272532850734,2.5911622047424316
20190827_sample_4,Sst,13.532770319697908,12.328191054397708,2.589881420135498
20190827_sample_5,CT,8.859241855433478,12.666238987691743,2.6149284839630127
20190827_sample_6,Sst,11.689161703039558,14.826407217470905,2.7616798877716064
20190827_sample_7,Pvalb,16.96478237544722,15.001716827770117,2.772696018218994
20190827_sample_8,Sst,7.946012356779275,10.983440674789582,2.4835257530212402
20190827_sample_9,Sst,11.797494168417442,9.452743312470792,2.3468644618988037
20190828_sample_1,Vip,9.612067164976756,10.388942592914475,2.432642936706543
20190828_sample_3,Vip,5.162958211995241,13.501260582207015,2.6742355823516846
20190828_sample_4,Vip,4.370777378199081,15.254040470653914,2.788341522216797
20190828_sample_5,Vip,6.794326510931053,13.679408259025122,2.686445713043213
20190828_sample_6,Vip,7.099177539828725,12.521689358153976,2.604295015335083
20190828_sample_7,Vip,15.486753658454374,10.60407871181941,2.4513566493988037
20190829_sample_1,low quality,10.245753395813573,12.293066763150719,2.587242603302002
20190829_sample_2,Lamp5,12.729792836551365,9.143653896182858,2.3168482780456543
20190829_sample_3,IT,13.138900069835303,14.826169500756379,2.761664867401123
20190829_sample_4,Lamp5,7.07639238676935,11.087850429694612,2.4922008514404297
20190829_sample_6,Lamp5,12.729792836551365,12.504491542476432,2.603022336959839
20190829_sample_9,Pvalb,6.505883045175538,10.276860210701928,2.422752857208252
20190830_sample_1,IT,17.47763294106105,14.04504711190299,2.7110488414764404
20190830_sample_2,IT,15.216039296086242,12.808445258675839,2.6252803802490234
20190830_sample_3,low quality,12.370166722343916,11.248582235275865,2.5054101943969727
20190830_sample_4,low quality,14.041260456119216,11.624330380681156,2.53562593460083
20190830_sample_6,IT,13.154656270547692,13.292003074166875,2.6597001552581787
20190830_sample_8,IT,19.910339405522723,13.25471605067385,2.657087802886963
20190830_sample_9,NP,22.673524787740615,14.968491270698234,2.7706174850463867
20190904_sample_1,low quality,4.270024595327897,11.296703598634116,2.509331226348877
20190904_sample_2,Vip,4.441668768142374,14.844238595975105,2.762805938720703
20190904_sample_3,Vip,23.837982866811217,12.559748456900385,2.6071057319641113
20190904_sample_4,Vip,5.54520090075843,11.741439670849255,2.5448596477508545
20190904_sample_5,Vip,11.698785533468294,12.25661584037268,2.5844967365264893
20190904_sample_7,Vip,6.027179096616489,15.139940372789187,2.781296968460083
20190905_sample_1,low quality,14.865170344303634,12.921266101725028,2.6334176063537598
20190905_sample_3,Sst,24.151361513033304,14.176946275002726,2.7197775840759277
20190906_sample_1,Lamp5,8.592052701002393,11.026433736100959,2.487107038497925
20190906_sample_5,CT,15.997312969462753,13.775663682196553,2.692981481552124
20190906_sample_6,Lamp5,9.72686474483796,10.191480152616325,2.4151527881622314
20190910_sample_1,Lamp5,17.007134250446477,9.740957169930244,2.3740642070770264
20190910_sample_2,Vip,9.966394921287806,12.830662349098798,2.6268880367279053
20190910_sample_3,Vip,10.15595595908244,10.910564908361705,2.4774258136749268
20190910_sample_4,Vip,18.15348708539642,14.536368227364612,2.7431836128234863
20190910_sample_6,Vip,11.83465113579094,13.624357706586379,2.6826884746551514
20190911_sample_3,NP,16.96576751319273,14.736530344959743,2.7559847831726074
20190911_sample_4,IT,24.65569478462125,10.073373023483944,2.404543399810791
20190911_sample_6,low quality,19.935316001303917,9.541624509966494,2.3553316593170166
20190911_sample_7,low quality,26.395726020443917,11.71189495878467,2.5425381660461426
20190911_sample_9,CT,13.930682714037342,12.718549611669824,2.618748903274536
20190912_sample_1,CT,8.613024522029628,11.111742470338108,2.494175434112549
20190912_sample_2,CT,19.403336373890667,13.524138740368238,2.675812005996704
20190912_sample_3,CT,12.64603876935772,12.728064271309957,2.6194422245025635
20190912_sample_4,Lamp5,7.608309559196598,10.991231592460307,2.484175682067871
20190912_sample_6,NP,15.127007659248228,12.398929147913222,2.595174789428711
20190912_sample_8,CT,14.76517221049886,11.765028700782661,2.5467092990875244
20190912_sample_10,Pvalb,2.9540949159278123,9.978382857040547,2.395928144454956
20190917_sample_1,CT,9.324821481602964,9.788036163751524,2.3784377574920654
20190917_sample_2,Lamp5,6.253715018797568,8.128422334273331,2.211392879486084
20190917_sample_3,IT,15.834027340294446,13.147461081747302,2.6495351791381836
20190919_sample_1,low quality,13.847823306098052,11.392364854487075,2.517080545425415
20190919_sample_4,Lamp5,7.895846418773833,10.928573687952776,2.4789366722106934
20190919_sample_5,CT,7.450299404963058,13.499213963637803,2.6740944385528564
20190924_sample_1,Sst,18.86193031607657,12.555536647717362,2.606795072555542
20190924_sample_2,Sst,14.26073821079322,14.333929206640263,2.7300679683685303
20190924_sample_3,IT,4.41994533343284,14.626007181127688,2.748936653137207
20190924_sample_4,Sst,19.140093806534065,14.178799042658973,2.7198996543884277
20190924_sample_5,Sst,19.06889281236812,12.367028037118317,2.5927910804748535
20190924_sample_6,Sst,12.354546537482182,14.077684875390691,2.7132158279418945
20190924_sample_7,Pvalb,12.130667898569572,11.809252982130781,2.5501677989959717
20190924_sample_8,CT,12.351425439149452,14.218209356994038,2.7224926948547363
20190925_sample_2,Pvalb,7.009537171670751,10.35072876228447,2.4292819499969482
20190925_sample_3,Sst,15.394538035363183,16.180668187113298,2.843784809112549
20190925_sample_4,CT,24.17220467874535,11.577037734371839,2.5318727493286133
20190925_sample_5,Sst,14.574068218212432,12.10938017926525,2.5733280181884766
20190925_sample_6,Pvalb,5.912508454576151,11.288347983571148,2.5086514949798584
20190925_sample_7,Sst,15.330543649691773,16.455335595005838,2.859645366668701
20190926_sample_2,ET,12.073479433879427,14.262469965412905,2.7253968715667725
20190926_sample_3,Sst,17.452147765048572,13.258145639624336,2.6573283672332764
20190926_sample_4,ET,13.412867145066652,13.029030340845807,2.6411287784576416
20190926_sample_5,Pvalb,5.5439992377236,11.028203005906278,2.4872541427612305
20190926_sample_6,Sst,12.888924426554093,13.54878377115995,2.6775074005126953
20190927_sample_1,IT,11.286775761301874,12.345533439796164,2.591181755065918
20190927_sample_2,CT,9.902097444041155,13.395331787867736,2.6669039726257324
20190927_sample_3,Pvalb,6.633980202891377,10.672412875423941,2.457228183746338
20190927_sample_4,IT,11.206160227642286,13.295329160704156,2.659932851791382
20190927_sample_5,Pvalb,6.763127350029818,12.45939752365415,2.599677562713623
20190927_sample_6,Vip,12.627147982050364,11.275847156258775,2.507633686065674
20190927_sample_7,CT,7.341202319911227,11.604318550973147,2.5340394973754883
20191001_sample_1,Sst,21.52273378817909,14.47749134096095,2.739386796951294
20191001_sample_2,low quality,15.552176868687678,12.104352182385119,2.572944402694702
20191001_sample_3,Sst,12.249705937261783,13.291986036781703,2.659698963165283
20191001_sample_4,Pvalb,8.373708281276114,12.121872579297275,2.5742805004119873
20191001_sample_5,Sst,20.063171875107145,13.58849204348605,2.6802330017089844
20191001_sample_6,Sst,10.983458107399484,14.078874801210063,2.713294744491577
20191003_sample_2,low quality,32.48264722237208,11.888632240767569,2.5563457012176514
20191003_sample_3,Sst,15.620428412844436,12.79853274230059,2.6245622634887695
20191003_sample_4,Sst,15.355429888018136,12.125824467515157,2.5745816230773926
20191003_sample_5,Sst,13.563493326996742,13.519582378135269,2.6754982471466064
20191003_sample_6,CT,14.744311717543304,14.336192371783108,2.730215549468994
20191010_sample_1,IT,24.3570394988061,12.209858054688732,2.580963373184204
20191010_sample_2,Sst,8.972962246417262,11.479186252355847,2.524062156677246
20191010_sample_3,IT,13.399958253709809,14.453833620603147,2.7378571033477783
20191010_sample_4,Pvalb,7.457985232139442,12.883562619472622,2.6307055950164795
20191010_sample_6,Pvalb,8.514364232926505,11.191600168485124,2.5007472038269043
20191010_sample_7,ET,19.949028252648,11.784247133698962,2.5482137203216553
20191028_sample_1,Sst,12.960218987480218,14.001324030118818,2.7081384658813477
20191028_sample_2,Sst,26.358184656583745,13.258019862126622,2.6573195457458496
20191028_sample_3,Pvalb,5.678352013296778,10.741328602722808,2.4631149768829346
20191028_sample_4,low quality,16.93381599663079,10.704884543469579,2.4600062370300293
20191028_sample_5,low quality,10.74287254002408,12.303336136175401,2.588014841079712
20191030_sample_2,Sst,11.519752386717515,12.460944336279345,2.59979248046875
20191030_sample_3,ET,15.134104518819887,14.999565252316124,2.772561550140381
20191030_sample_4,NP,10.035828956881227,11.846623775519635,2.5530810356140137
20191030_sample_5,Sst,21.25234019505838,11.16829616995761,2.4988338947296143
20191101_sample_1,Lamp5,11.314835030766137,8.616709140554427,2.2635021209716797
20191101_sample_2,CT,12.70251747167586,11.810392161316674,2.5502567291259766
20191101_sample_3,Lamp5,14.386604296460645,12.550592755056464,2.6064302921295166
20191101_sample_4,CT,16.84398874058128,12.693858018495334,2.6169474124908447
20191101_sample_5,CT,9.149939877180604,11.164568765935627,2.4985275268554688
20191101_sample_6,CT,10.49894382815044,12.250368760096086,2.5840253829956055
20191104_sample_1,Sst,28.34343559429509,12.201999302197583,2.5803682804107666
20191104_sample_2,Lamp5,13.544213791478263,11.393404906775947,2.517164468765259
20191104_sample_3,low quality,6.70115960000439,10.820088180857077,2.4698004722595215
20191104_sample_4,Pvalb,10.574916373496425,12.00321033357246,2.5651962757110596
20191105_sample_1,Pvalb,8.830285184454713,10.229211395247432,2.418518543243408
20191105_sample_2,IT,16.132665218227988,11.592462985736788,2.5330984592437744
20191105_sample_3,Sst,18.63314331876953,14.378999363609058,2.7330029010772705
20191105_sample_4,Pvalb,9.310408538122578,12.13536333686283,2.575308084487915
20191105_sample_5,Sst,19.852681835383468,12.994050814995404,2.638632297515869
20191106_sample_2,Lamp5,4.5216112941385305,8.711533867017229,2.2733142375946045
20191106_sample_3,IT,11.66791225925296,12.726899123652236,2.6193573474884033
20191106_sample_5,Lamp5,8.591360087069253,9.184221832577961,2.3208396434783936
20191107_sample_1,low quality,27.56551060004967,12.432744568104956,2.5976953506469727
20191107_sample_2,Sst,16.401429133578905,10.474297010268435,2.4401094913482666
20191107_sample_3,Sst,25.26762234821328,13.123246696510288,2.647822141647339
20191107_sample_4,Sst,20.9734151086858,15.48591610209138,2.802506446838379
20191108_sample_1,CT,9.60631790527787,10.798397244701501,2.467963695526123
20191108_sample_4,CT,11.259974006024514,13.299583317115927,2.6602303981781006
20191108_sample_5,IT,21.07072506492044,12.952537112600362,2.6356613636016846
20191114_sample_1,Lamp5,17.149566626442716,10.73830009571535,2.4628570079803467
20191114_sample_2,CT,8.974408113040443,11.44070406287415,2.5209736824035645
20191114_sample_3,IT,11.871615066067074,12.525061896442292,2.6045444011688232
20191114_sample_4,Sst,16.983563555811326,12.34270509879227,2.5909698009490967
20191114_sample_5,low quality,14.756110926878485,10.425819401137897,2.435875654220581
20191114_sample_7,IT,7.21907159454389,13.251834338398394,2.6568856239318848
20191114_sample_8,IT,13.361570019910308,12.73093174114756,2.6196510791778564
20191114_sample_9,ET,5.840110639170487,12.865355781703695,2.6293933391571045
20200106_sample_1,Lamp5,12.065251446952535,7.337638236130254,2.1207799911499023
20200106_sample_4,IT,11.446743199410124,12.613504639914117,2.6110622882843018
20200106_sample_5,IT,17.003665081534134,10.248195759736241,2.4202077388763428
20200106_sample_6,IT,7.130321079381465,12.55411145836488,2.606689929962158
20200225_sample_2,IT,21.16904247838377,11.741467011042065,2.5448617935180664
20200225_sample_5,Sncg,14.451988267359535,10.22339523205208,2.4180004596710205
20200316_sample_1,ET,9.514153919040286,12.681421249234951,2.6160387992858887
20200316_sample_2,low quality,14.013667026559006,11.931450171607166,2.559662342071533
20200316_sample_3,Pvalb,7.359619502445689,9.85867162905528,2.3849639892578125
