cell_id,RNA_family,y_true,y_pred,y_pred_train_space
20171204_sample_2,ET,-66.97065470814705,-62.4984245300293,-62.4984245300293
20171204_sample_4,IT,-63.530775198340415,-64.92327117919922,-64.92327117919922
20171204_sample_5,IT,-74.63592040985822,-66.51026153564453,-66.51026153564453
20171204_sample_6,ET,-59.41603727862239,-64.25260162353516,-64.25260162353516
20171207_sample_1,ET,-70.58059254139661,-63.66725158691406,-63.66725158691406
20171207_sample_2,ET,-67.97857887148857,-64.1673355102539,-64.1673355102539
20171207_sample_6,IT,-64.71374690830707,-64.11500549316406,-64.11500549316406
20171207_sample_7,IT,-67.88246461153031,-66.65119934082031,-66.65119934082031
20171219_sample_1,IT,-71.8545997619629,-67.51209259033203,-67.51209259033203
20171219_sample_2,IT,-69.68299843072892,-67.6170883178711,-67.6170883178711
20171219_sample_3,IT,-73.18689967095852,-66.76714324951172,-66.76714324951172
20171219_sample_4,ET,-70.11492036879062,-64.3594970703125,-64.3594970703125
20171219_sample_6,ET,-71.35295615196227,-64.1163101196289,-64.1163101196289
20171219_sample_7,IT,-71.568008685112,-68.39017486572266,-68.39017486572266
20171219_sample_8,ET,-70.98551642149687,-64.7046127319336,-64.7046127319336
20180102_sample_1,ET,-67.40421433448792,-64.17247772216797,-64.17247772216797
20180102_sample_2,IT,-61.27977625355125,-66.90607452392578,-66.90607452392578
20180102_sample_3,ET,-62.62846446186304,-65.85308074951172,-65.85308074951172
20180102_sample_4,ET,-67.46532682478428,-64.38560485839844,-64.38560485839844
20180102_sample_5,IT,-63.12547330856323,-63.1442985534668,-63.1442985534668
20180103_sample_1,ET,-64.56499718129635,-63.381614685058594,-63.381614685058594
20180103_sample_2,ET,-67.6823491603136,-64.4180908203125,-64.4180908203125
20180103_sample_3,ET,-64.27815756350756,-63.79804611206055,-63.79804611206055
20180103_sample_4,low quality,-63.58504756093025,-63.33797836303711,-63.33797836303711
20180103_sample_5,IT,-64.25594577342272,-65.20970916748047,-65.20970916748047
20180103_sample_6,IT,-64.11325778216124,-67.25118255615234,-67.25118255615234
20180103_sample_7,IT,-63.142297321558,-64.70528411865234,-64.70528411865234
20180103_sample_8,IT,-69.72007581889629,-68.2735366821289,-68.2735366821289
20180104_sample_1,low quality,-65.94041130840779,-64.3916244506836,-64.3916244506836
20180104_sample_2,IT,-66.02219137847425,-67.2763671875,-67.2763671875
20180104_sample_3,IT,-63.82608583271504,-67.63469696044922,-67.63469696044922
20180104_sample_4,low quality,-65.08670022338629,-62.80764389038086,-62.80764389038086
20180104_sample_6,ET,-65.76600203216076,-63.32431411743164,-63.32431411743164
20180105_sample_4,IT,-64.0122043132782,-65.42820739746094,-65.42820739746094
20180105_sample_5,IT,-63.13222421705723,-64.84075164794922,-64.84075164794922
20180105_sample_6,IT,-68.41704485714436,-68.40946197509766,-68.40946197509766
20180108_sample_1,IT,-63.56570622324944,-67.57820892333984,-67.57820892333984
20180108_sample_2,low quality,-67.61703179627656,-63.539024353027344,-63.539024353027344
20180108_sample_3,IT,-59.23592342138291,-63.0977783203125,-63.0977783203125
20180108_sample_4,ET,-62.167239984124905,-63.848026275634766,-63.848026275634766
20180108_sample_5,ET,-66.20478717982769,-65.75395202636719,-65.75395202636719
20180108_sample_7,IT,-53.217920310050246,-65.60581970214844,-65.60581970214844
20180108_sample_8,ET,-64.88404997140168,-65.28272247314453,-65.28272247314453
20180108_sample_9,IT,-68.06744345128536,-66.64015197753906,-66.64015197753906
20180108_sample_10,ET,-59.83617318272591,-64.81562805175781,-64.81562805175781
20180109_sample_1,IT,-65.78021983504294,-65.68315887451172,-65.68315887451172
20180109_sample_2,IT,-63.79928763806819,-66.4476547241211,-66.4476547241211
20180109_sample_5,IT,-68.53561621457338,-67.85591888427734,-67.85591888427734
20180110_sample_1,IT,-60.07418733686209,-66.7215576171875,-66.7215576171875
20180110_sample_2,IT,-66.8925314888358,-65.02664184570312,-65.02664184570312
20180110_sample_3,IT,-66.44403109997512,-68.66999816894531,-68.66999816894531
20180110_sample_4,IT,-55.51497177556157,-63.442630767822266,-63.442630767822266
20180110_sample_5,IT,-64.78783897459508,-66.2462158203125,-66.2462158203125
20180110_sample_7,IT,-62.18090220242739,-67.9964370727539,-67.9964370727539
20180110_sample_8,ET,-62.554775814712045,-63.944969177246094,-63.944969177246094
20180111_sample_5,IT,-61.70447520166636,-67.63114929199219,-67.63114929199219
20180115_sample_2,IT,-61.52877375409007,-63.271854400634766,-63.271854400634766
20180115_sample_5,IT,-58.51733434572816,-66.45113372802734,-66.45113372802734
20180115_sample_6,low quality,-65.63627599179745,-63.89952850341797,-63.89952850341797
20180115_sample_7,IT,-62.5687066860497,-68.20187377929688,-68.20187377929688
20180115_sample_8,IT,-58.765363754332064,-67.78101348876953,-67.78101348876953
20180115_sample_9,IT,-58.563069224357605,-66.84249877929688,-66.84249877929688
20180118_sample_1,IT,-54.7579396635294,-67.73452758789062,-67.73452758789062
20180118_sample_2,IT,-66.52738076746463,-67.42713928222656,-67.42713928222656
20180118_sample_4,IT,-55.85432856529951,-68.11426544189453,-68.11426544189453
20180118_sample_6,IT,-59.70150014311075,-66.8794937133789,-66.8794937133789
20180118_sample_7,ET,-55.32526955679059,-64.04945373535156,-64.04945373535156
20180118_sample_10,ET,-58.044162422418594,-63.897193908691406,-63.897193908691406
20180123_sample_1,ET,-58.908671867847445,-65.77775573730469,-65.77775573730469
20180123_sample_3,ET,-54.52551911920309,-64.63461303710938,-64.63461303710938
20180123_sample_5,ET,-54.99060773849487,-62.663089752197266,-62.663089752197266
20180123_sample_6,ET,-53.66694673225284,-65.34590148925781,-65.34590148925781
20180123_sample_7,ET,-57.04896402657032,-62.86832046508789,-62.86832046508789
20180208_sample_1,low quality,-63.38204368054866,-62.327022552490234,-62.327022552490234
20180208_sample_2,ET,-63.71990309655666,-65.01647186279297,-65.01647186279297
20180208_sample_3,ET,-65.41902915686369,-64.4769515991211,-64.4769515991211
20180208_sample_4,IT,-62.99559080153704,-67.49256134033203,-67.49256134033203
20180208_sample_5,IT,-60.60612570419907,-64.96746063232422,-64.96746063232422
20180213_sample_3,ET,-62.07314558550715,-65.2331314086914,-65.2331314086914
20180213_sample_5,Pvalb,-67.99683753848076,-61.70524978637695,-61.70524978637695
20180215_sample_1,Pvalb,-67.56217119246722,-62.887264251708984,-62.887264251708984
20180220_sample_1,Sst,-49.462332755327225,-60.82878875732422,-60.82878875732422
20180220_sample_2,IT,-60.02316665872931,-64.38976287841797,-64.38976287841797
20180225_sample_1,IT,-67.90558515787124,-66.61975860595703,-66.61975860595703
20180225_sample_2,IT,-75.11205902546644,-66.11969757080078,-66.11969757080078
20180225_sample_3,IT,-69.86816712021829,-66.36213684082031,-66.36213684082031
20180225_sample_4,IT,-64.10358410477639,-70.19387817382812,-70.19387817382812
20180225_sample_5,ET,-64.2814698845148,-64.51890563964844,-64.51890563964844
20180225_sample_7,Pvalb,-51.250599050521856,-61.12556457519531,-61.12556457519531
20180228_sample_3,IT,-74.0773623034358,-64.84515380859375,-64.84515380859375
20180306_sample_1,Pvalb,-53.33693676814437,-61.64036560058594,-61.64036560058594
20180306_sample_2,IT,-75.14347814172507,-66.62269592285156,-66.62269592285156
20180306_sample_3,IT,-73.14424259215593,-65.46749877929688,-65.46749877929688
20180306_sample_5,IT,-73.64184925109149,-65.94633483886719,-65.94633483886719
20180309_sample_4,IT,-72.02918170094489,-64.30436706542969,-64.30436706542969
20180309_sample_6,IT,-66.32644159495831,-65.03089904785156,-65.03089904785156
20180309_sample_7,IT,-61.11377986893058,-65.74665069580078,-65.74665069580078
20180309_sample_8,IT,-64.16439272910357,-64.61183166503906,-64.61183166503906
20180313_sample_1,low quality,-70.08494872748852,-62.45033645629883,-62.45033645629883
20180313_sample_2,ET,-71.80511103272437,-64.58941650390625,-64.58941650390625
20180313_sample_3,ET,-61.98695482686162,-65.49212646484375,-65.49212646484375
20180313_sample_7,IT,-65.63081529736519,-66.47276306152344,-66.47276306152344
20180313_sample_8,low quality,-72.99034787714481,-62.54807662963867,-62.54807662963867
20180313_sample_9,Pvalb,-72.26075494140386,-60.858612060546875,-60.858612060546875
20180315_sample_1,ET,-72.1775815203786,-63.84653854370117,-63.84653854370117
20180315_sample_2,low quality,-79.55191062390804,-63.10929870605469,-63.10929870605469
20180315_sample_5,IT,-69.24188982099295,-68.86426544189453,-68.86426544189453
20180315_sample_6,IT,-61.50995781943202,-65.50160217285156,-65.50160217285156
20180321_sample_2,IT,-65.23846670985222,-67.25833129882812,-67.25833129882812
20180321_sample_3,IT,-59.89939396455884,-64.91902923583984,-64.91902923583984
20180321_sample_4,IT,-67.86338700503111,-67.050048828125,-67.050048828125
20180321_sample_8,ET,-70.07425741702318,-64.59028625488281,-64.59028625488281
20180321_sample_9,ET,-54.71042468547821,-64.53186798095703,-64.53186798095703
20180322_sample_1,IT,-70.74649498760701,-66.52496337890625,-66.52496337890625
20180322_sample_2,IT,-67.38740310519933,-67.15192413330078,-67.15192413330078
20180322_sample_3,IT,-66.51355873346328,-66.0834732055664,-66.0834732055664
20180322_sample_4,IT,-60.63603166639805,-65.29229736328125,-65.29229736328125
20180322_sample_5,IT,-64.68931690752507,-66.36393737792969,-66.36393737792969
20180322_sample_6,ET,-64.29551725387574,-64.7619400024414,-64.7619400024414
20180322_sample_7,ET,-56.82101888880133,-64.1524429321289,-64.1524429321289
20180327_sample_1,Pvalb,-62.338014111667874,-61.74761962890625,-61.74761962890625
20180327_sample_2,Pvalb,-66.37274278402329,-62.83489227294922,-62.83489227294922
20180327_sample_3,IT,-57.12716140374541,-64.19235229492188,-64.19235229492188
20180327_sample_4,Pvalb,-69.172641338408,-61.038856506347656,-61.038856506347656
20180327_sample_5,Pvalb,-55.86667433828116,-61.84272384643555,-61.84272384643555
20180327_sample_6,IT,-63.12024886310101,-66.28329467773438,-66.28329467773438
20180329_sample_1,IT,-63.193929485976696,-65.08269500732422,-65.08269500732422
20180329_sample_2,IT,-85.94332930892706,-64.43883514404297,-64.43883514404297
20180329_sample_3,IT,-66.16191821843385,-64.92098999023438,-64.92098999023438
20180329_sample_4,ET,-68.85333291441202,-64.11226654052734,-64.11226654052734
20180329_sample_5,IT,-61.61146580800414,-66.46873474121094,-66.46873474121094
20180329_sample_6,IT,-67.65763535946607,-66.30099487304688,-66.30099487304688
20180329_sample_7,low quality,-62.376655729115015,-66.75143432617188,-66.75143432617188
20180329_sample_8,IT,-65.83235537111759,-66.11702728271484,-66.11702728271484
20180403_sample_5,IT,-61.51922915056348,-65.54708862304688,-65.54708862304688
20180403_sample_6,ET,-62.17740167230368,-62.49271774291992,-62.49271774291992
20180403_sample_7,IT,-74.28624220341445,-66.01013946533203,-66.01013946533203
20180404_sample_1,Pvalb,-65.07982879132032,-61.22892761230469,-61.22892761230469
20180404_sample_2,Pvalb,-62.61056714877486,-62.03642654418945,-62.03642654418945
20180404_sample_3,IT,-68.11065508276224,-68.4463119506836,-68.4463119506836
20180404_sample_4,Pvalb,-76.95537605881691,-60.10969924926758,-60.10969924926758
20180404_sample_5,Pvalb,-58.66119628364686,-62.12754821777344,-62.12754821777344
20180404_sample_7,IT,-74.80097202658654,-64.46675109863281,-64.46675109863281
20180405_sample_1,ET,-66.7425163283944,-63.97237014770508,-63.97237014770508
20180405_sample_2,IT,-77.73796359300613,-66.30086517333984,-66.30086517333984
20180405_sample_3,IT,-74.25502296239137,-66.0755386352539,-66.0755386352539
20180410_sample_1,Pvalb,-58.025913023203614,-61.90184783935547,-61.90184783935547
20180410_sample_3,IT,-61.02033768519759,-65.85213470458984,-65.85213470458984
20180410_sample_4,IT,-84.56716461181641,-68.54873657226562,-68.54873657226562
20180410_sample_5,IT,-78.51065004318953,-69.14002227783203,-69.14002227783203
20180410_sample_6,IT,-55.84126565381885,-65.6291275024414,-65.6291275024414
20180410_sample_9,Pvalb,-61.52832121476531,-61.0803108215332,-61.0803108215332
20180411_sample_1,IT,-55.777667589485645,-68.53120422363281,-68.53120422363281
20180411_sample_3,IT,-54.30699521452189,-68.15052795410156,-68.15052795410156
20180411_sample_4,Pvalb,-75.57357427477837,-61.47460174560547,-61.47460174560547
20180411_sample_5,Pvalb,-44.95952836349606,-62.0012092590332,-62.0012092590332
20180412_sample_1,IT,-65.72135632336139,-67.52639770507812,-67.52639770507812
20180412_sample_2,Pvalb,-65.41995152235032,-61.14152145385742,-61.14152145385742
20180412_sample_3,IT,-48.72048891708255,-66.3372802734375,-66.3372802734375
20180412_sample_4,IT,-79.98276861906052,-67.30624389648438,-67.30624389648438
20180412_sample_7,IT,-53.12667468935251,-69.23059844970703,-69.23059844970703
20180413_sample_2,Pvalb,-76.26206975728273,-60.38013458251953,-60.38013458251953
20180413_sample_3,Pvalb,-64.58173685222864,-61.850868225097656,-61.850868225097656
20180413_sample_4,IT,-68.7451036810875,-64.36763000488281,-64.36763000488281
20180417_sample_1,Vip,-54.415570428222416,-59.53858184814453,-59.53858184814453
20180417_sample_2,Pvalb,-68.86735777705908,-61.27018356323242,-61.27018356323242
20180417_sample_3,IT,-70.92331172525883,-65.95714569091797,-65.95714569091797
20180417_sample_4,Pvalb,-60.86604288965464,-60.76967239379883,-60.76967239379883
20180417_sample_5,IT,-77.3202734977007,-64.10456848144531,-64.10456848144531
20180417_sample_6,IT,-82.08854483515024,-63.798213958740234,-63.798213958740234
20180417_sample_7,Pvalb,-63.06937998384237,-61.14501953125,-61.14501953125
20180417_sample_8,Sst,-64.72161051928997,-59.605709075927734,-59.605709075927734
20180417_sample_9,IT,-76.45953478217125,-68.05048370361328,-68.05048370361328
20180418_sample_1,Pvalb,-58.56251505315304,-60.87847137451172,-60.87847137451172
20180418_sample_2,Pvalb,-63.294024504721165,-61.12633514404297,-61.12633514404297
20180418_sample_3,Pvalb,-61.719128749519584,-61.56853485107422,-61.56853485107422
20180418_sample_5,IT,-74.29486342519522,-65.76554870605469,-65.76554870605469
20180418_sample_6,IT,-71.97967534959317,-65.58570098876953,-65.58570098876953
20180420_sample_2,low quality,-65.16530082523823,-63.4490966796875,-63.4490966796875
20180420_sample_3,IT,-66.5298765361309,-65.11471557617188,-65.11471557617188
20180420_sample_4,IT,-44.06514282971621,-64.72535705566406,-64.72535705566406
20180424_sample_1,IT,-75.02666396647692,-65.4780044555664,-65.4780044555664
20180424_sample_2,IT,-74.56563265025616,-66.17376708984375,-66.17376708984375
20180424_sample_3,IT,-77.18727020472288,-66.66697692871094,-66.66697692871094
20180424_sample_6,IT,-85.5745664343238,-65.26488494873047,-65.26488494873047
20180425_sample_2,IT,-73.20795587897301,-66.5088882446289,-66.5088882446289
20180425_sample_3,Pvalb,-59.204995413869625,-62.01225662231445,-62.01225662231445
20180425_sample_4,IT,-76.5787138402462,-66.51338958740234,-66.51338958740234
20180425_sample_5,Sncg,-56.52660482302308,-59.79106903076172,-59.79106903076172
20180425_sample_7,Pvalb,-53.49560463875533,-61.536964416503906,-61.536964416503906
20180425_sample_8,Vip,-82.66405124366284,-59.596683502197266,-59.596683502197266
20180425_sample_9,IT,-68.04393620342016,-64.43287658691406,-64.43287658691406
20180426_sample_1,ET,-72.11683106571436,-63.148956298828125,-63.148956298828125
20180426_sample_3,IT,-58.69194143861532,-68.38755798339844,-68.38755798339844
20180426_sample_4,IT,-79.1564089357853,-67.78662109375,-67.78662109375
20180426_sample_5,Pvalb,-52.969487166404726,-61.80643844604492,-61.80643844604492
20180426_sample_7,IT,-56.36937291100621,-66.80011749267578,-66.80011749267578
20180426_sample_9,Pvalb,-55.136327379196885,-60.969295501708984,-60.969295501708984
20180501_sample_2,IT,-70.93377138674259,-66.22733306884766,-66.22733306884766
20180501_sample_3,IT,-70.242814001441,-65.87877655029297,-65.87877655029297
20180501_sample_4,IT,-74.34802378416062,-66.28228759765625,-66.28228759765625
20180501_sample_5,IT,-69.75305418074132,-63.605281829833984,-63.605281829833984
20180501_sample_6,low quality,-71.90946218371391,-62.71482467651367,-62.71482467651367
20180501_sample_7,low quality,-53.85436343699693,-63.177268981933594,-63.177268981933594
20180501_sample_8,Lamp5,-53.88194296061992,-60.00911331176758,-60.00911331176758
20180502_sample_1,low quality,-44.2330535903573,-61.884765625,-61.884765625
20180502_sample_2,low quality,-82.13639110028744,-62.459930419921875,-62.459930419921875
20180502_sample_3,IT,-51.176615099608895,-67.09796142578125,-67.09796142578125
20180502_sample_4,IT,-80.05467665940523,-65.16383361816406,-65.16383361816406
20180508_sample_1,Pvalb,-67.14733929783105,-61.924285888671875,-61.924285888671875
20180508_sample_2,IT,-72.22182364314794,-63.051239013671875,-63.051239013671875
20180508_sample_3,IT,-73.86689305901527,-66.3396987915039,-66.3396987915039
20180508_sample_4,IT,-79.29871898144484,-64.85189819335938,-64.85189819335938
20180509_sample_1,low quality,-72.04311468154191,-63.61762619018555,-63.61762619018555
20180509_sample_2,IT,-71.12754658609629,-65.96092987060547,-65.96092987060547
20180509_sample_3,IT,-79.90855877548455,-67.2051010131836,-67.2051010131836
20180509_sample_4,IT,-78.10684338957071,-64.61825561523438,-64.61825561523438
20180509_sample_5,IT,-73.97973034381866,-65.9703598022461,-65.9703598022461
20180509_sample_7,IT,-71.44038157314063,-66.79656982421875,-66.79656982421875
20180509_sample_9,IT,-76.26235813796521,-66.40048217773438,-66.40048217773438
20180510_sample_2,Pvalb,-56.21840900108218,-62.31427001953125,-62.31427001953125
20180510_sample_3,IT,-70.44204684644939,-64.7949447631836,-64.7949447631836
20180510_sample_4,IT,-78.99651574641466,-67.17188262939453,-67.17188262939453
20180510_sample_5,IT,-57.88046065717936,-65.5390625,-65.5390625
20180510_sample_9,IT,-60.52865594252944,-66.06693267822266,-66.06693267822266
20180515_sample_1,Pvalb,-61.53756548240781,-61.75313186645508,-61.75313186645508
20180515_sample_6,Pvalb,-86.97576287090779,-61.54597473144531,-61.54597473144531
20180522_sample_1,IT,-67.10155619680882,-65.35199737548828,-65.35199737548828
20180522_sample_2,IT,-82.68317484110594,-65.07108306884766,-65.07108306884766
20180522_sample_3,IT,-62.90791735351085,-67.5641098022461,-67.5641098022461
20180522_sample_4,IT,-72.72183564156293,-66.73226928710938,-66.73226928710938
20180522_sample_5,Pvalb,-65.29221368581057,-62.19575881958008,-62.19575881958008
20180522_sample_6,ET,-62.65240495949983,-63.32249069213867,-63.32249069213867
20180522_sample_7,IT,-74.56646427512169,-65.19563293457031,-65.19563293457031
20180524_sample_5,low quality,-45.08407685980201,-62.8221321105957,-62.8221321105957
20180524_sample_8,IT,-62.15131251215935,-66.54459381103516,-66.54459381103516
20180524_sample_9,Pvalb,-51.28300918191671,-61.9157600402832,-61.9157600402832
20180529_sample_3,IT,-71.71713687330484,-68.26929473876953,-68.26929473876953
20180608_sample_1,Lamp5,-62.10459298789501,-60.3896484375,-60.3896484375
20180608_sample_2,Pvalb,-69.31908489763737,-63.0516471862793,-63.0516471862793
20180608_sample_3,IT,-68.41141691356898,-63.64664077758789,-63.64664077758789
20180608_sample_5,Pvalb,-68.66627950817346,-61.622154235839844,-61.622154235839844
20180619_sample_3,Pvalb,-64.90092251598836,-60.3293571472168,-60.3293571472168
20180619_sample_5,IT,-74.9556315973401,-65.47671508789062,-65.47671508789062
20180619_sample_7,Lamp5,-60.64006234630942,-61.09592056274414,-61.09592056274414
20180621_sample_1,IT,-80.54522367715836,-65.76246643066406,-65.76246643066406
20180621_sample_2,IT,-78.12796205431223,-64.39617156982422,-64.39617156982422
20180621_sample_3,Sncg,-50.50954183191061,-60.00739288330078,-60.00739288330078
20180621_sample_4,IT,-75.93031139224769,-66.13957214355469,-66.13957214355469
20180621_sample_5,Vip,-56.50631996244192,-60.49402618408203,-60.49402618408203
20180621_sample_7,Pvalb,-59.242731755226856,-61.25597381591797,-61.25597381591797
20180621_sample_8,Pvalb,-43.483355382084845,-61.84056854248047,-61.84056854248047
20180628_sample_2,Pvalb,-64.84478927105665,-62.05792236328125,-62.05792236328125
20180628_sample_3,Pvalb,-68.87927370369434,-60.996337890625,-60.996337890625
20180628_sample_4,low quality,-57.40860100239516,-62.77440643310547,-62.77440643310547
20180628_sample_6,Pvalb,-62.16871111616492,-61.153743743896484,-61.153743743896484
20180628_sample_7,Lamp5,-58.35606807693839,-59.38774490356445,-59.38774490356445
20180703_sample_1,Pvalb,-60.37894406542182,-60.49470901489258,-60.49470901489258
20180703_sample_2,IT,-63.104035802185535,-65.63739013671875,-65.63739013671875
20180703_sample_3,low quality,-52.65384497791528,-62.579349517822266,-62.579349517822266
20180704_sample_1,Pvalb,-59.647231565415865,-61.339805603027344,-61.339805603027344
20180704_sample_2,Pvalb,-59.83281456753612,-60.85426330566406,-60.85426330566406
20180704_sample_3,Pvalb,-53.77864217981696,-61.221580505371094,-61.221580505371094
20180704_sample_4,IT,-63.956187944114205,-65.695556640625,-65.695556640625
20180704_sample_5,Pvalb,-56.10577122271061,-61.13705062866211,-61.13705062866211
20180705_sample_1,Pvalb,-67.77450255453587,-60.686519622802734,-60.686519622802734
20180705_sample_4,Pvalb,-64.65812359601259,-61.74169921875,-61.74169921875
20180709_sample_2,IT,-71.48579289913178,-68.76148223876953,-68.76148223876953
20180709_sample_3,Lamp5,-56.79520911648869,-60.204124450683594,-60.204124450683594
20180709_sample_4,IT,-67.16967789232731,-66.82117462158203,-66.82117462158203
20180709_sample_6,IT,-53.28545727133751,-65.70574951171875,-65.70574951171875
20180710_sample_1,Pvalb,-54.905825375020505,-63.15868377685547,-63.15868377685547
20180710_sample_2,Pvalb,-65.37859922796488,-60.80619812011719,-60.80619812011719
20180710_sample_3,Pvalb,-64.1352982968092,-61.35734939575195,-61.35734939575195
20180710_sample_5,Pvalb,-68.51976595073938,-60.69917297363281,-60.69917297363281
20180711_sample_1,Pvalb,-64.82505223751068,-60.068138122558594,-60.068138122558594
20180711_sample_2,Sst,-60.40026612058282,-60.20618438720703,-60.20618438720703
20180711_sample_3,Sst,-50.1476925060153,-59.33343505859375,-59.33343505859375
20180711_sample_4,Sst,-53.70899903848768,-59.310096740722656,-59.310096740722656
20180712_sample_2,low quality,-62.65327677726745,-63.32036209106445,-63.32036209106445
20180712_sample_3,Sncg,-59.54871113449335,-59.22410202026367,-59.22410202026367
20180712_sample_5,Pvalb,-49.36971951797605,-61.36546325683594,-61.36546325683594
20180712_sample_11,Pvalb,-49.82746504768729,-61.72605895996094,-61.72605895996094
20180712_sample_12,Pvalb,-69.34557250142097,-61.431640625,-61.431640625
20180712_sample_13,IT,-77.57082926034929,-68.57122039794922,-68.57122039794922
20180712_sample_14,Pvalb,-69.58952411264181,-61.52619171142578,-61.52619171142578
20180712_sample_15,Pvalb,-68.15065641850234,-61.10591125488281,-61.10591125488281
20180717_sample_1,Pvalb,-60.08405029326677,-60.95991134643555,-60.95991134643555
20180717_sample_2,Lamp5,-54.98393050283194,-60.11309814453125,-60.11309814453125
20180717_sample_3,Pvalb,-68.19126203060151,-61.89917755126953,-61.89917755126953
20180717_sample_4,Pvalb,-72.12379877865314,-60.54804229736328,-60.54804229736328
20180717_sample_6,Pvalb,-55.56759485602379,-60.49964141845703,-60.49964141845703
20180717_sample_7,ET,-60.02008041739464,-65.56195831298828,-65.56195831298828
20180718_sample_2,Pvalb,-62.29216266199947,-60.547245025634766,-60.547245025634766
20180718_sample_3,Pvalb,-70.58577502816915,-61.49091720581055,-61.49091720581055
20180718_sample_4,Pvalb,-64.71770298182963,-62.06566619873047,-62.06566619873047
20180719_sample_1,Pvalb,-68.94757909625768,-62.015846252441406,-62.015846252441406
20180719_sample_4,Pvalb,-71.87102126628162,-60.4665412902832,-60.4665412902832
20180720_sample_2,Sncg,-63.00090572163462,-59.260009765625,-59.260009765625
20180720_sample_3,Pvalb,-53.46900559961796,-60.77181625366211,-60.77181625366211
20180720_sample_5,Lamp5,-68.37401371747255,-60.635135650634766,-60.635135650634766
20180725_sample_3,IT,-68.44530797749758,-66.90121459960938,-66.90121459960938
20180725_sample_4,low quality,-72.77442920804023,-63.364532470703125,-63.364532470703125
20180725_sample_6,Pvalb,-48.137346518039706,-60.69538497924805,-60.69538497924805
20180725_sample_7,IT,-63.88399884700775,-66.79969787597656,-66.79969787597656
20180725_sample_9,Lamp5,-63.98510719537735,-61.88792037963867,-61.88792037963867
20180726_sample_3,Pvalb,-61.28599061593413,-60.76692199707031,-60.76692199707031
20180726_sample_4,Pvalb,-69.49147226661444,-60.7780876159668,-60.7780876159668
20180726_sample_5,Pvalb,-60.15400109291076,-61.77370071411133,-61.77370071411133
20180726_sample_6,Pvalb,-70.48611871004104,-61.19459533691406,-61.19459533691406
20180726_sample_7,Pvalb,-58.03529989272356,-61.71502685546875,-61.71502685546875
20180817_sample_2,Pvalb,-68.25667846351863,-61.04136276245117,-61.04136276245117
20180817_sample_3,Pvalb,-55.69215366989374,-60.65363693237305,-60.65363693237305
20180817_sample_4,Pvalb,-62.63942103087902,-60.051544189453125,-60.051544189453125
20180817_sample_5,Pvalb,-64.81312437206506,-62.39485549926758,-62.39485549926758
20180817_sample_6,IT,-68.68482575565577,-66.59735870361328,-66.59735870361328
20180817_sample_7,Pvalb,-65.1143311649561,-61.332733154296875,-61.332733154296875
20180820_sample_1,Sst,-40.39000487923622,-59.99312973022461,-59.99312973022461
20180820_sample_2,IT,-75.76145369857551,-65.2536392211914,-65.2536392211914
20180820_sample_3,Sst,-59.64982003793121,-60.10525894165039,-60.10525894165039
20180820_sample_4,Sst,-61.0343488112092,-60.34929656982422,-60.34929656982422
20180820_sample_5,Sst,-63.8087781354785,-61.66300964355469,-61.66300964355469
20180820_sample_6,IT,-78.38647138625383,-65.73504638671875,-65.73504638671875
20180820_sample_7,Sst,-42.56395683512092,-60.64210891723633,-60.64210891723633
20180822_sample_1,Pvalb,-58.4628511197865,-61.43544006347656,-61.43544006347656
20180822_sample_2,Pvalb,-66.90727826505899,-62.18663024902344,-62.18663024902344
20180822_sample_3,Pvalb,-50.75594524294138,-60.862884521484375,-60.862884521484375
20180822_sample_4,Pvalb,-62.4847477324307,-61.054447174072266,-61.054447174072266
20180822_sample_6,Pvalb,-59.29204812273383,-60.80136489868164,-60.80136489868164
20180822_sample_7,Pvalb,-68.51504977345468,-61.362003326416016,-61.362003326416016
20180828_sample_2,Pvalb,-62.19813532978296,-61.076969146728516,-61.076969146728516
20180828_sample_3,Pvalb,-64.41073675900697,-60.46138000488281,-60.46138000488281
20180828_sample_4,IT,-69.22573270350695,-66.27098083496094,-66.27098083496094
20180828_sample_5,Pvalb,-60.753866475820544,-62.611263275146484,-62.611263275146484
20180828_sample_6,Pvalb,-60.37914649099112,-61.41044998168945,-61.41044998168945
20180828_sample_7,low quality,-58.49668421074748,-64.28340148925781,-64.28340148925781
20180828_sample_8,IT,-64.95423209965229,-65.07566833496094,-65.07566833496094
20180829_sample_1,Sst,-52.67206538841128,-60.27994155883789,-60.27994155883789
20180829_sample_2,Sst,-50.21655501574278,-60.10197448730469,-60.10197448730469
20180829_sample_3,Sst,-45.1609291434288,-59.43110275268555,-59.43110275268555
20180829_sample_4,Sst,-51.60193840786815,-60.026275634765625,-60.026275634765625
20180829_sample_5,Sst,-48.84918569624424,-61.07630157470703,-61.07630157470703
20180829_sample_6,Sst,-58.81705983579159,-60.35035705566406,-60.35035705566406
20180829_sample_7,Sst,-51.71058929562569,-59.346744537353516,-59.346744537353516
20180829_sample_8,IT,-63.75781272351742,-64.89445495605469,-64.89445495605469
20180830_sample_1,Pvalb,-49.07591924592853,-62.00415802001953,-62.00415802001953
20180830_sample_2,Pvalb,-60.10905754938722,-61.75190353393555,-61.75190353393555
20180830_sample_5,Pvalb,-61.83511086031795,-60.210044860839844,-60.210044860839844
20180830_sample_6,Pvalb,-60.52722152918577,-62.79609298706055,-62.79609298706055
20180904_sample_1,Pvalb,-65.19955840855837,-61.57915496826172,-61.57915496826172
20180904_sample_2,Pvalb,-70.2804165303707,-61.660919189453125,-61.660919189453125
20180904_sample_3,Pvalb,-58.19956478178501,-61.05710983276367,-61.05710983276367
20180904_sample_4,Pvalb,-65.84516624510289,-60.856502532958984,-60.856502532958984
20180904_sample_5,Pvalb,-61.27806155458093,-62.165191650390625,-62.165191650390625
20180904_sample_6,Pvalb,-57.51428385823965,-61.86735916137695,-61.86735916137695
20180904_sample_7,Pvalb,-56.61864612177014,-61.60768127441406,-61.60768127441406
20180904_sample_9,Pvalb,-61.85223229974508,-60.54035949707031,-60.54035949707031
20180905_sample_1,Sst,-66.51792002767326,-60.13480758666992,-60.13480758666992
20180905_sample_2,Sst,-60.2785462282598,-59.409950256347656,-59.409950256347656
20180910_sample_2,Sst,-70.43100355416536,-60.261695861816406,-60.261695861816406
20180910_sample_3,Sst,-60.89114914014935,-59.45920181274414,-59.45920181274414
20180911_sample_1,Sst,-39.87186015546322,-59.15705871582031,-59.15705871582031
20180911_sample_2,Sst,-65.49049974828958,-61.032745361328125,-61.032745361328125
20180911_sample_3,Sst,-57.87099601253867,-59.96405792236328,-59.96405792236328
20180911_sample_5,Sst,-57.14564808011055,-62.29216003417969,-62.29216003417969
20180911_sample_6,Sst,-53.93640084192157,-60.346797943115234,-60.346797943115234
20180912_sample_2,Pvalb,-53.679860638082026,-60.70966339111328,-60.70966339111328
20180912_sample_3,Pvalb,-94.70000936836004,-61.668785095214844,-61.668785095214844
20180912_sample_6,Pvalb,-58.44622412919998,-60.65793991088867,-60.65793991088867
20180913_sample_2,low quality,-60.88214421793818,-62.83619689941406,-62.83619689941406
20180917_sample_1,Sst,-51.042558106035,-59.41414260864258,-59.41414260864258
20180917_sample_2,Pvalb,-67.38193519562483,-61.754005432128906,-61.754005432128906
20180917_sample_3,IT,-80.45394618511199,-66.30209350585938,-66.30209350585938
20180917_sample_4,Pvalb,-68.53629613816739,-60.66876983642578,-60.66876983642578
20180917_sample_5,Sst,-67.92120839059353,-61.21357345581055,-61.21357345581055
20180918_sample_1,Vip,-56.18119700998068,-59.96784973144531,-59.96784973144531
20180918_sample_2,Vip,-53.86655928194523,-60.412662506103516,-60.412662506103516
20180918_sample_3,Vip,-74.7271214351058,-59.747676849365234,-59.747676849365234
20180920_sample_1,low quality,-64.09742847383023,-62.604000091552734,-62.604000091552734
20180920_sample_2,Pvalb,-58.66675009727479,-60.754241943359375,-60.754241943359375
20180920_sample_3,Pvalb,-64.43531139642,-62.02827072143555,-62.02827072143555
20180920_sample_4,Pvalb,-66.56815455853939,-61.162879943847656,-61.162879943847656
20180921_sample_1,low quality,-68.69907135665417,-61.6369514465332,-61.6369514465332
20180921_sample_2,Pvalb,-62.64796224161982,-60.96282196044922,-60.96282196044922
20180921_sample_3,Pvalb,-61.22518789693713,-61.6099739074707,-61.6099739074707
20180925_sample_9,Pvalb,-64.55474294126034,-60.63343048095703,-60.63343048095703
20180926_sample_1,Pvalb,-71.9078401774168,-61.4903678894043,-61.4903678894043
20180926_sample_3,Pvalb,-64.00377252697945,-61.74016571044922,-61.74016571044922
20180926_sample_4,low quality,-65.99258641153574,-60.27300262451172,-60.27300262451172
20180926_sample_7,Pvalb,-72.3651294708252,-59.98863220214844,-59.98863220214844
20180926_sample_9,IT,-74.97977983355523,-69.01221466064453,-69.01221466064453
20180927_sample_1,Pvalb,-52.571727491170165,-60.90437316894531,-60.90437316894531
20180927_sample_2,Pvalb,-72.02291646003724,-61.478126525878906,-61.478126525878906
20180927_sample_3,low quality,-59.66259353384376,-62.85985565185547,-62.85985565185547
20180927_sample_4,Pvalb,-73.85985091626645,-61.00350570678711,-61.00350570678711
20180927_sample_5,Pvalb,-58.51096574217081,-60.868690490722656,-60.868690490722656
20180927_sample_7,Pvalb,-56.12093387171626,-61.7984733581543,-61.7984733581543
20180927_sample_9,IT,-66.24703162014484,-64.69478607177734,-64.69478607177734
20180927_sample_10,low quality,-64.8284901931882,-62.398406982421875,-62.398406982421875
20181002_sample_1,low quality,-59.891476194560525,-61.37992858886719,-61.37992858886719
20181002_sample_2,Pvalb,-69.83651668876409,-61.7226448059082,-61.7226448059082
20181002_sample_3,Pvalb,-60.58872105926275,-60.70722961425781,-60.70722961425781
20181002_sample_4,Pvalb,-65.83139749616385,-60.04280090332031,-60.04280090332031
20181002_sample_5,Pvalb,-62.8285589210689,-61.71181106567383,-61.71181106567383
20181002_sample_6,Pvalb,-62.89582946673036,-60.51374053955078,-60.51374053955078
20181002_sample_7,IT,-74.10968006104231,-67.87535095214844,-67.87535095214844
20181002_sample_8,Pvalb,-68.97782834768296,-61.00449752807617,-61.00449752807617
20181002_sample_9,Sst,-51.3574137404561,-61.1875,-61.1875
20181002_sample_10,Pvalb,-54.56022358909249,-62.3502082824707,-62.3502082824707
20181003_sample_1,low quality,-46.46578720584512,-62.46091842651367,-62.46091842651367
20181003_sample_2,Sst,-65.20105091035367,-61.589599609375,-61.589599609375
20181003_sample_3,Sst,-55.09048781916499,-61.128028869628906,-61.128028869628906
20181003_sample_4,Sst,-65.08905755430459,-59.545860290527344,-59.545860290527344
20181003_sample_5,Sst,-51.5843216791749,-60.561729431152344,-60.561729431152344
20181003_sample_6,Sst,-54.11416515856982,-59.031429290771484,-59.031429290771484
20181003_sample_7,Sst,-59.3087439596653,-60.36614990234375,-60.36614990234375
20181003_sample_8,Sst,-62.429958486557005,-61.609127044677734,-61.609127044677734
20181003_sample_9,Sst,-57.301437540352346,-60.85713195800781,-60.85713195800781
20181003_sample_10,Sst,-65.92893027514219,-60.777587890625,-60.777587890625
20181004_sample_1,low quality,-51.34492252320051,-64.44438934326172,-64.44438934326172
20181004_sample_3,Sst,-52.85762591063976,-60.9375114440918,-60.9375114440918
20181004_sample_5,Sst,-55.20910112485289,-60.33890151977539,-60.33890151977539
20181004_sample_6,Sst,-62.36304105520249,-60.66770935058594,-60.66770935058594
20181004_sample_8,Sst,-54.798739958554506,-61.021461486816406,-61.021461486816406
20181009_sample_2,Sst,-59.2217559479177,-60.01487731933594,-60.01487731933594
20181009_sample_3,Sst,-50.72969170138239,-59.96980285644531,-59.96980285644531
20181009_sample_4,Sst,-61.1797243759036,-60.43399429321289,-60.43399429321289
20181009_sample_5,Sst,-56.35146188214421,-60.318328857421875,-60.318328857421875
20181009_sample_6,IT,-78.52960063070059,-66.21931457519531,-66.21931457519531
20181009_sample_7,Sst,-44.88125156760216,-60.665000915527344,-60.665000915527344
20181010_sample_1,Sst,-46.71524528712034,-61.799522399902344,-61.799522399902344
20181010_sample_3,Sst,-54.27002239376307,-60.33258819580078,-60.33258819580078
20181010_sample_4,Sst,-61.43363108187914,-59.715301513671875,-59.715301513671875
20181010_sample_5,IT,-73.43527994751929,-68.93482971191406,-68.93482971191406
20181010_sample_6,Sst,-73.91344427168369,-61.68016052246094,-61.68016052246094
20181010_sample_8,Sst,-67.13243238329888,-60.49224853515625,-60.49224853515625
20181010_sample_10,Sst,-60.28869882300496,-59.99335861206055,-59.99335861206055
20181011_sample_3,Sst,-60.02549016997219,-62.0504264831543,-62.0504264831543
20181011_sample_4,Sst,-49.43975293636322,-61.70542526245117,-61.70542526245117
20181011_sample_8,Sst,-61.17671550512314,-60.92888641357422,-60.92888641357422
20181011_sample_9,Sst,-51.42239321023226,-61.59526824951172,-61.59526824951172
20181011_sample_10,Sst,-64.73030884861946,-60.73630905151367,-60.73630905151367
20181109_sample_1,Sst,-64.94447005689145,-59.68549728393555,-59.68549728393555
20181109_sample_2,Sst,-65.71420276463033,-61.63822555541992,-61.63822555541992
20181109_sample_3,Sst,-63.03965751752257,-60.58591079711914,-60.58591079711914
20181109_sample_5,Sst,-67.98223156929016,-60.364707946777344,-60.364707946777344
20181109_sample_7,Sst,-67.72636819034815,-60.490447998046875,-60.490447998046875
20181109_sample_8,Sst,-61.33744498565793,-59.71955108642578,-59.71955108642578
20181109_sample_9,Sst,-59.44517244100571,-59.920963287353516,-59.920963287353516
20181109_sample_10,Sst,-65.81356830298901,-61.106468200683594,-61.106468200683594
20181112_sample_1,low quality,-63.6288919582963,-62.95267105102539,-62.95267105102539
20181112_sample_4,Sst,-70.59732237756252,-61.07145309448242,-61.07145309448242
20181112_sample_5,low quality,-65.53989510983229,-63.865108489990234,-63.865108489990234
20181112_sample_6,Sst,-57.67971612215042,-60.384742736816406,-60.384742736816406
20181112_sample_8,Sst,-64.76439346298575,-60.42137145996094,-60.42137145996094
20181112_sample_11,Sst,-65.51677889525891,-60.47101974487305,-60.47101974487305
20181114_sample_1,Pvalb,-66.6640741467476,-61.98233413696289,-61.98233413696289
20181114_sample_2,Pvalb,-66.88777955025435,-62.43614196777344,-62.43614196777344
20181114_sample_4,Pvalb,-67.6116221755743,-62.53434371948242,-62.53434371948242
20181116_sample_2,Pvalb,-61.37850002497434,-60.78953170776367,-60.78953170776367
20181116_sample_3,Pvalb,-51.520481545478106,-61.52228546142578,-61.52228546142578
20181116_sample_4,Pvalb,-61.37850002497434,-60.95475387573242,-60.95475387573242
20181116_sample_5,Pvalb,-58.71567132100464,-62.109718322753906,-62.109718322753906
20181116_sample_7,low quality,-62.68064184039831,-62.985740661621094,-62.985740661621094
20181116_sample_10,low quality,-66.87864152342081,-63.338253021240234,-63.338253021240234
20181116_sample_12,Pvalb,-63.185479170084,-61.38991928100586,-61.38991928100586
20181121_sample_1,Sst,-54.22384824156761,-62.27086639404297,-62.27086639404297
20181121_sample_2,Sst,-68.18059000670911,-60.69195556640625,-60.69195556640625
20181121_sample_3,Pvalb,-68.88188491165639,-60.91907501220703,-60.91907501220703
20181121_sample_4,low quality,-61.19695663526655,-61.57502365112305,-61.57502365112305
20181121_sample_5,Sst,-53.522578702121976,-59.48786926269531,-59.48786926269531
20181121_sample_6,Sst,-63.11458818539977,-61.404327392578125,-61.404327392578125
20181121_sample_7,Sst,-68.00512310415506,-61.24128341674805,-61.24128341674805
20181126_sample_2,Sst,-68.0276499927044,-60.48600387573242,-60.48600387573242
20181126_sample_6,Sst,-58.06994997635484,-60.19141387939453,-60.19141387939453
20181127_sample_1,Sst,-59.43877253532409,-60.325260162353516,-60.325260162353516
20181127_sample_3,Sst,-63.29647106528282,-59.848655700683594,-59.848655700683594
20181127_sample_4,Sst,-58.82674874588847,-59.55451202392578,-59.55451202392578
20181127_sample_5,Sst,-59.63861142992974,-60.4315185546875,-60.4315185546875
20181127_sample_7,Sst,-55.15610588937998,-60.35385513305664,-60.35385513305664
20181129_sample_1,Sst,-60.68029871061445,-61.79057312011719,-61.79057312011719
20181129_sample_2,low quality,-63.1194918088615,-62.88815689086914,-62.88815689086914
20181129_sample_3,Sst,-55.32399804219604,-61.0676155090332,-61.0676155090332
20181129_sample_4,Sst,-56.3078521028161,-60.37839889526367,-60.37839889526367
20181129_sample_5,Sst,-48.39905824245652,-60.59749984741211,-60.59749984741211
20181129_sample_6,Sst,-38.61917852461338,-59.328216552734375,-59.328216552734375
20181203_sample_2,Sst,-44.78663508147001,-60.544700622558594,-60.544700622558594
20181203_sample_3,Sst,-66.68076858371496,-60.180484771728516,-60.180484771728516
20181203_sample_4,Sst,-66.65983993709088,-61.447654724121094,-61.447654724121094
20181203_sample_5,Sst,-51.49021391645074,-59.479679107666016,-59.479679107666016
20181203_sample_6,Pvalb,-63.86871107518672,-60.40464782714844,-60.40464782714844
20181203_sample_7,Sst,-56.24156282395124,-60.91934585571289,-60.91934585571289
20181203_sample_8,Sst,-53.06508790031076,-61.18446731567383,-61.18446731567383
20181203_sample_9,Sst,-53.76005218699575,-60.77494430541992,-60.77494430541992
20181203_sample_10,low quality,-59.59455391690135,-60.5272216796875,-60.5272216796875
20181205_sample_1,Sst,-63.24389709681272,-61.126285552978516,-61.126285552978516
20181205_sample_2,Sst,-64.60446501523256,-60.40822219848633,-60.40822219848633
20181207_sample_1,Pvalb,-59.42541981264949,-61.72039031982422,-61.72039031982422
20181207_sample_2,Pvalb,-68.556704492867,-61.1494255065918,-61.1494255065918
20181207_sample_3,Pvalb,-68.37187590748073,-60.35838317871094,-60.35838317871094
20181207_sample_4,Pvalb,-66.98379466831685,-60.50136947631836,-60.50136947631836
20181207_sample_5,Pvalb,-58.68566641286016,-61.610511779785156,-61.610511779785156
20181207_sample_6,low quality,-75.21312381923198,-66.2596435546875,-66.2596435546875
20181207_sample_7,Pvalb,-65.51383979171516,-61.36751174926758,-61.36751174926758
20181208_sample_1,low quality,-65.04207057505846,-64.89049530029297,-64.89049530029297
20181208_sample_2,Sst,-63.95462925583124,-62.450340270996094,-62.450340270996094
20181208_sample_3,Sst,-61.78411260023713,-62.53203582763672,-62.53203582763672
20181208_sample_4,Sst,-69.62735077887774,-61.331085205078125,-61.331085205078125
20181208_sample_5,Sst,-60.75622459575534,-59.93996047973633,-59.93996047973633
20181208_sample_6,Sst,-62.045631401240826,-60.32939910888672,-60.32939910888672
20181208_sample_7,Sst,-51.8665575273335,-60.02895736694336,-60.02895736694336
20181208_sample_8,Sst,-62.05895057320595,-60.58088684082031,-60.58088684082031
20181208_sample_9,Sst,-66.47966236472129,-60.59147644042969,-60.59147644042969
20181208_sample_10,Sst,-61.48727528974414,-60.1944580078125,-60.1944580078125
20181211_sample_1,CT,-70.27894463986158,-65.93032836914062,-65.93032836914062
20181211_sample_2,Pvalb,-68.22523524314164,-60.32371520996094,-60.32371520996094
20181211_sample_4,Pvalb,-69.9277677178383,-61.35639572143555,-61.35639572143555
20181211_sample_5,low quality,-66.33761606514454,-62.71617889404297,-62.71617889404297
20181211_sample_6,Pvalb,-67.50951201319694,-61.89262008666992,-61.89262008666992
20181211_sample_7,Pvalb,-72.26111516207456,-61.57261657714844,-61.57261657714844
20181211_sample_8,Pvalb,-67.65797267556191,-60.067718505859375,-60.067718505859375
20181211_sample_9,Pvalb,-67.68722657859325,-60.51218032836914,-60.51218032836914
20181213_sample_1,Sst,-64.59349068403245,-60.74657440185547,-60.74657440185547
20181213_sample_2,Sst,-48.76248702481389,-59.965553283691406,-59.965553283691406
20181213_sample_3,Sst,-68.95339258015156,-59.379966735839844,-59.379966735839844
20181213_sample_4,Sst,-70.5546884700656,-62.43034744262695,-62.43034744262695
20181213_sample_5,IT,-60.56096224486828,-65.44807434082031,-65.44807434082031
20181213_sample_6,Sst,-70.28948978930711,-60.466026306152344,-60.466026306152344
20181213_sample_7,Sst,-76.23893138766289,-60.43148422241211,-60.43148422241211
20181214_sample_1,low quality,-78.2251309365034,-63.06681823730469,-63.06681823730469
20181214_sample_2,Sst,-64.56431492120028,-60.24283218383789,-60.24283218383789
20190108_sample_1,Pvalb,-58.98601633310318,-61.164432525634766,-61.164432525634766
20190108_sample_2,Vip,-50.61027053445578,-59.71244812011719,-59.71244812011719
20190108_sample_3,IT,-72.37253600209951,-61.77230453491211,-61.77230453491211
20190108_sample_5,Vip,-56.74465472996235,-60.23665237426758,-60.23665237426758
20190108_sample_6,Lamp5,-58.55166557431221,-60.76728820800781,-60.76728820800781
20190109_sample_2,Sst,-62.05833016708493,-61.19571304321289,-61.19571304321289
20190110_sample_1,Sst,-68.27560205161572,-60.815189361572266,-60.815189361572266
20190110_sample_3,Sst,-55.75819954574108,-60.802223205566406,-60.802223205566406
20190110_sample_4,Sst,-55.76021081805229,-61.6171760559082,-61.6171760559082
20190110_sample_6,IT,-64.24600074291229,-68.18525695800781,-68.18525695800781
20190110_sample_7,IT,-64.24736588001251,-64.77782440185547,-64.77782440185547
20190117_sample_1,Vip,-44.47923534363508,-60.58836364746094,-60.58836364746094
20190117_sample_2,IT,-52.41984612047672,-67.33448028564453,-67.33448028564453
20190117_sample_3,Sst,-50.57645300030708,-59.30645751953125,-59.30645751953125
20190117_sample_4,IT,-73.96376689225434,-65.08467864990234,-65.08467864990234
20190117_sample_5,Sst,-69.50704301595687,-60.61920928955078,-60.61920928955078
20190122_sample_1,Pvalb,-58.42200369015336,-62.8037109375,-62.8037109375
20190122_sample_2,IT,-74.51409383118153,-65.92825317382812,-65.92825317382812
20190122_sample_3,Pvalb,-66.81430505663155,-61.258358001708984,-61.258358001708984
20190122_sample_5,Pvalb,-63.227398151159285,-61.27620315551758,-61.27620315551758
20190122_sample_6,IT,-67.94090918898583,-65.92664337158203,-65.92664337158203
20190122_sample_9,Pvalb,-56.34951646327973,-62.24835968017578,-62.24835968017578
20190122_sample_10,Pvalb,-66.33325027972461,-62.28507995605469,-62.28507995605469
20190122_sample_11,low quality,-57.77684397995472,-62.991580963134766,-62.991580963134766
20190122_sample_12,Pvalb,-67.42226643413306,-61.21764373779297,-61.21764373779297
20190122_sample_13,Pvalb,-73.44219692498446,-62.03205871582031,-62.03205871582031
20190122_sample_14,Pvalb,-67.0399578616023,-62.565982818603516,-62.565982818603516
20190122_sample_16,Pvalb,-68.26577682048082,-60.91671371459961,-60.91671371459961
20190122_sample_17,Pvalb,-71.38031305819749,-61.63844680786133,-61.63844680786133
20190123_sample_5,Pvalb,-57.214206650108096,-61.204734802246094,-61.204734802246094
20190123_sample_7,Pvalb,-68.54801076799632,-61.38103485107422,-61.38103485107422
20190123_sample_8,Pvalb,-66.53366903364659,-60.621246337890625,-60.621246337890625
20190124_sample_4,Pvalb,-50.99792514666915,-61.386619567871094,-61.386619567871094
20190128_sample_2,Pvalb,-58.46067146584392,-61.03986740112305,-61.03986740112305
20190128_sample_3,low quality,-55.494017749279735,-62.11708068847656,-62.11708068847656
20190128_sample_4,Pvalb,-66.32035257071257,-62.274017333984375,-62.274017333984375
20190128_sample_6,Lamp5,-59.33626934438944,-59.285194396972656,-59.285194396972656
20190128_sample_7,Pvalb,-48.15517109408975,-60.84613800048828,-60.84613800048828
20190128_sample_11,Pvalb,-65.25670538246632,-60.91252899169922,-60.91252899169922
20190128_sample_12,Pvalb,-68.15957115292548,-61.64435577392578,-61.64435577392578
20190130_sample_2,low quality,-73.60222988128663,-62.37490463256836,-62.37490463256836
20190130_sample_3,Lamp5,-49.92277929857373,-59.4295768737793,-59.4295768737793
20190130_sample_6,Pvalb,-62.46952470913529,-60.637542724609375,-60.637542724609375
20190130_sample_8,CT,-59.56430890783668,-65.27352142333984,-65.27352142333984
20190130_sample_9,Sst,-47.70237189531326,-60.62458419799805,-60.62458419799805
20190130_sample_10,Sst,-56.6659895978868,-59.3408203125,-59.3408203125
20190130_sample_15,Pvalb,-59.99422510638833,-61.23703384399414,-61.23703384399414
20190130_sample_17,Sst,-65.31323119848966,-60.76140213012695,-60.76140213012695
20190130_sample_18,Sst,-57.40273150950671,-61.21718978881836,-61.21718978881836
20190131_sample_1,Sst,-55.1958221949637,-60.47648239135742,-60.47648239135742
20190131_sample_3,Pvalb,-70.70279984325171,-62.75469207763672,-62.75469207763672
20190131_sample_4,Sst,-44.16583227962255,-59.73229217529297,-59.73229217529297
20190131_sample_5,Sst,-40.36664288341999,-60.27009201049805,-60.27009201049805
20190131_sample_6,Sst,-64.40546000748873,-61.39996337890625,-61.39996337890625
20190131_sample_10,Sst,-54.73219496011734,-60.184471130371094,-60.184471130371094
20190201_sample_2,Pvalb,-53.07967711389065,-61.22502899169922,-61.22502899169922
20190201_sample_3,Pvalb,-63.68205468058586,-61.014400482177734,-61.014400482177734
20190201_sample_4,Pvalb,-65.23515788167715,-60.46037673950195,-60.46037673950195
20190201_sample_7,Pvalb,-51.9666982203722,-60.734893798828125,-60.734893798828125
20190201_sample_8,Pvalb,-71.97387038022279,-60.495201110839844,-60.495201110839844
20190201_sample_10,Pvalb,-72.45496972352267,-61.71628189086914,-61.71628189086914
20190204_sample_1,Sst,-52.22257432788611,-61.3358268737793,-61.3358268737793
20190204_sample_2,CT,-61.84342275261879,-64.13502502441406,-64.13502502441406
20190204_sample_4,Sst,-61.070551581680775,-59.81858825683594,-59.81858825683594
20190204_sample_5,Sst,-52.57784351408482,-59.447731018066406,-59.447731018066406
20190204_sample_6,Sst,-56.42357212901116,-59.85890197753906,-59.85890197753906
20190204_sample_7,Pvalb,-66.7750301077962,-61.29401779174805,-61.29401779174805
20190204_sample_8,Pvalb,-66.0671795502305,-60.69859313964844,-60.69859313964844
20190204_sample_9,Pvalb,-59.803827735036606,-61.16099166870117,-61.16099166870117
20190204_sample_10,Pvalb,-59.85278752297163,-61.51314163208008,-61.51314163208008
20190204_sample_11,Sst,-51.55533260405063,-60.57577896118164,-60.57577896118164
20190204_sample_14,Sst,-48.45128040239215,-59.48198699951172,-59.48198699951172
20190204_sample_15,Sst,-47.86175580574199,-61.847198486328125,-61.847198486328125
20190204_sample_16,Sst,-56.80634532496333,-60.51021194458008,-60.51021194458008
20190204_sample_17,Sst,-55.51934409290552,-61.81617736816406,-61.81617736816406
20190204_sample_18,Sst,-46.2044361628592,-60.516395568847656,-60.516395568847656
20190204_sample_19,low quality,-54.38447626978159,-62.703609466552734,-62.703609466552734
20190204_sample_20,low quality,-65.06364390850067,-60.89930725097656,-60.89930725097656
20190204_sample_21,Pvalb,-58.02920170649887,-61.48836135864258,-61.48836135864258
20190204_sample_22,IT,-49.611232513189314,-64.87315368652344,-64.87315368652344
20190204_sample_24,CT,-53.77741026878357,-65.76701354980469,-65.76701354980469
20190205_sample_1,Pvalb,-53.05193159356713,-60.63840103149414,-60.63840103149414
20190205_sample_2,Sst,-56.94324979260564,-59.617305755615234,-59.617305755615234
20190205_sample_3,low quality,-51.68416146710515,-61.12095642089844,-61.12095642089844
20190205_sample_4,Sst,-58.20301106572151,-59.47334671020508,-59.47334671020508
20190205_sample_5,Sst,-63.05469418913125,-61.0810661315918,-61.0810661315918
20190205_sample_6,Sst,-64.81785703152418,-59.84355163574219,-59.84355163574219
20190205_sample_7,Pvalb,-67.81215175688266,-62.14907455444336,-62.14907455444336
20190211_sample_1,Pvalb,-65.6993240877986,-61.60638427734375,-61.60638427734375
20190211_sample_2,IT,-75.91205766946078,-66.12061309814453,-66.12061309814453
20190211_sample_3,Pvalb,-52.40409031659365,-61.8801383972168,-61.8801383972168
20190211_sample_4,IT,-65.51395884752273,-64.93490600585938,-64.93490600585938
20190211_sample_6,Pvalb,-65.46145859211683,-61.657066345214844,-61.657066345214844
20190211_sample_8,Pvalb,-66.56272193938494,-60.09408950805664,-60.09408950805664
20190211_sample_9,Pvalb,-68.1522456586361,-60.316932678222656,-60.316932678222656
20190211_sample_11,Pvalb,-57.71994661018252,-61.556148529052734,-61.556148529052734
20190211_sample_12,low quality,-65.56779678612948,-61.54269027709961,-61.54269027709961
20190212_sample_1,Sst,-61.53769478574395,-59.77097702026367,-59.77097702026367
20190212_sample_4,Sst,-62.079775364696985,-61.932228088378906,-61.932228088378906
20190212_sample_5,Sst,-45.22846738489461,-61.70915603637695,-61.70915603637695
20190212_sample_6,Sst,-65.21423257440328,-61.230770111083984,-61.230770111083984
20190212_sample_7,Sst,-67.44458881616592,-59.91840744018555,-59.91840744018555
20190212_sample_8,Sst,-73.98256649225951,-61.67799758911133,-61.67799758911133
20190213_sample_1,Pvalb,-65.24669096618891,-60.90408706665039,-60.90408706665039
20190213_sample_4,Pvalb,-54.62948369085788,-60.927852630615234,-60.927852630615234
20190213_sample_7,Pvalb,-64.4028586819768,-61.3325309753418,-61.3325309753418
20190213_sample_8,Pvalb,-60.40187914371491,-60.5178108215332,-60.5178108215332
20190214_sample_1,Pvalb,-67.19022967368365,-61.3843994140625,-61.3843994140625
20190214_sample_2,Pvalb,-60.877373793721205,-61.52793502807617,-61.52793502807617
20190214_sample_3,Pvalb,-57.32852154895663,-62.90315246582031,-62.90315246582031
20190214_sample_6,Pvalb,-73.21464172601699,-61.70935821533203,-61.70935821533203
20190214_sample_9,Pvalb,-66.25038189291953,-62.521697998046875,-62.521697998046875
20190218_sample_3,Sst,-54.51972512677312,-60.71025085449219,-60.71025085449219
20190218_sample_4,Sst,-59.23224632963539,-59.7573356628418,-59.7573356628418
20190218_sample_5,Sst,-47.79318778738379,-60.42681121826172,-60.42681121826172
20190219_sample_1,Vip,-55.86098232567311,-62.04701614379883,-62.04701614379883
20190219_sample_3,Sncg,-49.634277215600015,-59.61589050292969,-59.61589050292969
20190219_sample_4,Vip,-68.4401233047247,-60.646446228027344,-60.646446228027344
20190219_sample_7,Vip,-54.20430013090372,-61.48648452758789,-61.48648452758789
20190219_sample_8,IT,-69.77232954502105,-64.55430603027344,-64.55430603027344
20190221_sample_1,Sst,-58.52239782661199,-60.77919006347656,-60.77919006347656
20190221_sample_2,Sst,-50.92437733262777,-61.652713775634766,-61.652713775634766
20190221_sample_4,Sst,-59.202159041911365,-60.850284576416016,-60.850284576416016
20190221_sample_10,Sst,-60.13288711309433,-59.86201477050781,-59.86201477050781
20190221_sample_11,Pvalb,-66.87543935030698,-62.1861686706543,-62.1861686706543
20190222_sample_2,CT,-74.08281942009927,-66.77124786376953,-66.77124786376953
20190222_sample_3,IT,-74.58504936546088,-67.6961898803711,-67.6961898803711
20190222_sample_4,CT,-59.08260939493775,-62.54116439819336,-62.54116439819336
20190222_sample_5,CT,-46.76260256916285,-66.57645416259766,-66.57645416259766
20190222_sample_7,Vip,-51.05871187448501,-60.27405548095703,-60.27405548095703
20190222_sample_8,IT,-77.7394496321678,-67.79015350341797,-67.79015350341797
20190226_sample_1,Pvalb,-68.14632872194052,-60.01994323730469,-60.01994323730469
20190226_sample_2,Lamp5,-74.03462841361761,-59.146514892578125,-59.146514892578125
20190226_sample_3,CT,-59.09912500753999,-64.93667602539062,-64.93667602539062
20190226_sample_5,IT,-80.07770288586616,-68.86856079101562,-68.86856079101562
20190226_sample_6,IT,-65.5421194806695,-66.03557586669922,-66.03557586669922
20190226_sample_7,Lamp5,-71.50888769328594,-59.48933410644531,-59.48933410644531
20190226_sample_9,Pvalb,-67.20881495177746,-62.95513916015625,-62.95513916015625
20190227_sample_1,Sst,-52.17584761821199,-60.213417053222656,-60.213417053222656
20190227_sample_2,Sst,-65.78658511191607,-60.02386474609375,-60.02386474609375
20190227_sample_3,Sst,-65.18012812584638,-59.80069351196289,-59.80069351196289
20190227_sample_4,Sst,-60.42827938646079,-60.56181335449219,-60.56181335449219
20190227_sample_5,Sst,-60.4639854580164,-59.38126754760742,-59.38126754760742
20190227_sample_6,Sst,-63.22719543874264,-61.05299377441406,-61.05299377441406
20190227_sample_7,Pvalb,-66.08515810221434,-61.360679626464844,-61.360679626464844
20190318_sample_3,Sst,-46.53739122375846,-60.59650421142578,-60.59650421142578
20190318_sample_4,Sst,-63.18762239962817,-60.424217224121094,-60.424217224121094
20190318_sample_5,Sst,-47.775276182359086,-61.16266632080078,-61.16266632080078
20190318_sample_6,Sst,-57.92298538088798,-59.53480911254883,-59.53480911254883
20190320_sample_4,IT,-72.99304965138435,-66.29349517822266,-66.29349517822266
20190320_sample_5,CT,-66.66784613281487,-66.9244384765625,-66.9244384765625
20190320_sample_6,CT,-73.30868618935347,-65.5599365234375,-65.5599365234375
20190320_sample_9,IT,-70.1472555488348,-62.29840087890625,-62.29840087890625
20190321_sample_2,low quality,-60.694047471880914,-64.71955108642578,-64.71955108642578
20190321_sample_4,IT,-69.75151340216398,-65.63082122802734,-65.63082122802734
20190321_sample_6,CT,-59.10399368554354,-66.02722930908203,-66.02722930908203
20190322_sample_1,IT,-60.17331338152289,-67.4825439453125,-67.4825439453125
20190322_sample_2,IT,-65.02563491910696,-67.41403198242188,-67.41403198242188
20190322_sample_3,CT,-58.22989320531487,-64.32733917236328,-64.32733917236328
20190322_sample_4,CT,-61.35995600447059,-68.16659545898438,-68.16659545898438
20190325_sample_1,Lamp5,-48.21048270463943,-60.826385498046875,-60.826385498046875
20190325_sample_2,low quality,-63.8549146682024,-61.494606018066406,-61.494606018066406
20190325_sample_3,IT,-59.87553026676178,-64.83229064941406,-64.83229064941406
20190325_sample_4,CT,-57.51916045621037,-68.03864288330078,-68.03864288330078
20190325_sample_5,CT,-56.32162860333919,-65.3379898071289,-65.3379898071289
20190325_sample_6,CT,-51.05737930759788,-66.44657897949219,-66.44657897949219
20190325_sample_7,IT,-52.68956319838762,-64.88585662841797,-64.88585662841797
20190325_sample_9,CT,-65.95221220254898,-63.62785720825195,-63.62785720825195
20190326_sample_1,CT,-65.99403985142708,-65.62096405029297,-65.62096405029297
20190326_sample_2,Vip,-60.51005942374468,-59.94270324707031,-59.94270324707031
20190326_sample_3,Vip,-63.957691276073454,-60.363643646240234,-60.363643646240234
20190326_sample_4,CT,-63.80241556912661,-65.62920379638672,-65.62920379638672
20190327_sample_1,CT,-60.083412925153965,-61.48047637939453,-61.48047637939453
20190327_sample_2,IT,-75.25822211354972,-67.09400939941406,-67.09400939941406
20190327_sample_4,CT,-70.98093605488539,-66.73933410644531,-66.73933410644531
20190327_sample_7,Vip,-40.8056097432971,-61.1545295715332,-61.1545295715332
20190328_sample_1,CT,-67.82273893803358,-63.487186431884766,-63.487186431884766
20190328_sample_2,CT,-65.77380421459674,-64.21488189697266,-64.21488189697266
20190328_sample_3,CT,-65.33555304855108,-65.06306457519531,-65.06306457519531
20190328_sample_4,CT,-62.4255932494998,-65.80361938476562,-65.80361938476562
20190328_sample_5,CT,-73.42027429044246,-68.59644317626953,-68.59644317626953
20190328_sample_6,CT,-70.61175755709411,-64.71914672851562,-64.71914672851562
20190328_sample_8,IT,-74.1953232795,-64.87611389160156,-64.87611389160156
20190328_sample_9,CT,-62.84681298211217,-62.67437744140625,-62.67437744140625
20190329_sample_3,CT,-63.82580284774304,-64.73303985595703,-64.73303985595703
20190329_sample_4,CT,-82.6962118178606,-64.66241455078125,-64.66241455078125
20190329_sample_5,CT,-65.59689174890518,-67.10306549072266,-67.10306549072266
20190402_sample_2,CT,-70.68714371919631,-64.92704772949219,-64.92704772949219
20190402_sample_3,IT,-67.18015818297863,-62.37435531616211,-62.37435531616211
20190402_sample_5,low quality,-67.94131277650595,-63.54347229003906,-63.54347229003906
20190402_sample_6,Vip,-67.24252533614636,-61.17909622192383,-61.17909622192383
20190403_sample_3,low quality,-67.64461342543365,-62.077571868896484,-62.077571868896484
20190403_sample_5,IT,-70.5659740716219,-66.89643096923828,-66.89643096923828
20190403_sample_6,Sst,-64.22144735008479,-60.959136962890625,-60.959136962890625
20190403_sample_7,Sst,-61.299417921155694,-59.996429443359375,-59.996429443359375
20190408_sample_1,Pvalb,-68.76199358254671,-61.428794860839844,-61.428794860839844
20190408_sample_2,Sst,-57.11725230813026,-59.9124641418457,-59.9124641418457
20190408_sample_5,Sst,-62.01795672774315,-61.575950622558594,-61.575950622558594
20190408_sample_6,Sst,-58.38040926158428,-61.602447509765625,-61.602447509765625
20190409_sample_2,low quality,-64.47007060348987,-63.6778678894043,-63.6778678894043
20190409_sample_3,low quality,-62.168795285373925,-62.226314544677734,-62.226314544677734
20190409_sample_4,Sst,-61.67995085865259,-59.4395637512207,-59.4395637512207
20190409_sample_5,CT,-65.99303112328053,-66.89727020263672,-66.89727020263672
20190409_sample_7,Sst,-46.0793487659801,-62.1136589050293,-62.1136589050293
20190409_sample_8,CT,-77.25403869152069,-63.379295349121094,-63.379295349121094
20190409_sample_9,IT,-75.49070489257574,-68.72564697265625,-68.72564697265625
20190409_sample_10,CT,-72.19759206324815,-63.76506042480469,-63.76506042480469
20190409_sample_11,IT,-79.98238800168036,-65.92807006835938,-65.92807006835938
20190410_sample_3,CT,-63.93355118781328,-65.6465835571289,-65.6465835571289
20190410_sample_4,Sst,-57.84389954134822,-60.52166748046875,-60.52166748046875
20190410_sample_6,IT,-60.71686981543898,-66.82439422607422,-66.82439422607422
20190410_sample_7,CT,-71.08389080911874,-67.20226287841797,-67.20226287841797
20190410_sample_10,CT,-69.52469879090786,-64.86217498779297,-64.86217498779297
20190411_sample_1,CT,-71.77369593530894,-63.69498062133789,-63.69498062133789
20190411_sample_3,low quality,-70.14921933412552,-61.07431411743164,-61.07431411743164
20190411_sample_5,CT,-64.75074682980775,-64.8360595703125,-64.8360595703125
20190411_sample_6,Pvalb,-61.018950775265694,-60.84559631347656,-60.84559631347656
20190411_sample_8,CT,-59.01813103929162,-65.85550689697266,-65.85550689697266
20190412_sample_1,Pvalb,-61.23872443512082,-60.48272705078125,-60.48272705078125
20190412_sample_3,IT,-61.20706900283695,-65.91227722167969,-65.91227722167969
20190412_sample_6,Pvalb,-60.01630759164691,-59.70558547973633,-59.70558547973633
20190415_sample_1,Pvalb,-51.32091485783458,-61.4312744140625,-61.4312744140625
20190415_sample_3,CT,-64.04638055115939,-64.16223907470703,-64.16223907470703
20190415_sample_4,IT,-56.96601391136646,-68.51516723632812,-68.51516723632812
20190415_sample_6,CT,-67.08177150338888,-67.13996887207031,-67.13996887207031
20190415_sample_8,Sst,-62.88184610307216,-61.682979583740234,-61.682979583740234
20190415_sample_10,IT,-59.87826543152332,-67.66667175292969,-67.66667175292969
20190416_sample_3,CT,-66.99055321365594,-65.38101959228516,-65.38101959228516
20190416_sample_4,Pvalb,-63.90608312040567,-60.656558990478516,-60.656558990478516
20190416_sample_5,Sst,-66.43416073471307,-60.81808090209961,-60.81808090209961
20190416_sample_6,IT,-54.0042343236506,-66.598876953125,-66.598876953125
20190416_sample_7,Sncg,-55.7514551512897,-59.558902740478516,-59.558902740478516
20190416_sample_8,Pvalb,-66.18029551655054,-60.635894775390625,-60.635894775390625
20190416_sample_9,IT,-70.17820298671722,-66.20242309570312,-66.20242309570312
20190416_sample_10,CT,-75.29693832099437,-64.1850814819336,-64.1850814819336
20190417_sample_2,CT,-74.30251098722219,-63.088558197021484,-63.088558197021484
20190417_sample_3,CT,-57.77578014880419,-62.921897888183594,-62.921897888183594
20190417_sample_4,Sst,-61.72515443116427,-61.466121673583984,-61.466121673583984
20190417_sample_5,Sst,-61.54602298438549,-60.38301467895508,-60.38301467895508
20190417_sample_9,CT,-64.86417660564184,-64.71637725830078,-64.71637725830078
20190417_sample_10,Sst,-52.28803833499551,-59.548248291015625,-59.548248291015625
20190418_sample_2,Sst,-57.17251636311412,-61.554893493652344,-61.554893493652344
20190418_sample_4,CT,-59.36078019812703,-66.1706771850586,-66.1706771850586
20190418_sample_5,IT,-63.83181302398443,-67.10731506347656,-67.10731506347656
20190418_sample_7,CT,-67.48694635033607,-67.00885009765625,-67.00885009765625
20190418_sample_8,Pvalb,-59.66543010026216,-61.34086990356445,-61.34086990356445
20190418_sample_9,CT,-71.77256775945426,-62.686424255371094,-62.686424255371094
20190418_sample_10,CT,-69.40431524068117,-62.50223922729492,-62.50223922729492
20190422_sample_1,Pvalb,-57.695936264097696,-61.18986129760742,-61.18986129760742
20190422_sample_4,Pvalb,-68.29820397347211,-61.483978271484375,-61.483978271484375
20190422_sample_5,Pvalb,-59.703970953822136,-60.29839324951172,-60.29839324951172
20190422_sample_6,CT,-69.0117734566331,-65.88984680175781,-65.88984680175781
20190422_sample_7,IT,-63.3349082544446,-67.11910247802734,-67.11910247802734
20190422_sample_8,Pvalb,-66.90788366645575,-59.999088287353516,-59.999088287353516
20190422_sample_10,CT,-66.34820477217436,-65.03778076171875,-65.03778076171875
20190423_sample_1,IT,-70.76287625133992,-65.16053771972656,-65.16053771972656
20190423_sample_3,CT,-60.17680703699588,-64.35609436035156,-64.35609436035156
20190423_sample_5,CT,-56.99430169388652,-61.55014419555664,-61.55014419555664
20190423_sample_7,CT,-72.00722866505384,-66.1934814453125,-66.1934814453125
20190423_sample_8,Pvalb,-68.80508600771427,-61.38529586791992,-61.38529586791992
20190423_sample_10,Pvalb,-65.12158947587014,-60.337364196777344,-60.337364196777344
20190424_sample_1,CT,-65.61943570822477,-66.17131042480469,-66.17131042480469
20190424_sample_2,Pvalb,-66.98411941081287,-60.59438705444336,-60.59438705444336
20190424_sample_3,CT,-55.608692509680985,-65.5691146850586,-65.5691146850586
20190424_sample_4,CT,-69.16343059688806,-68.15892791748047,-68.15892791748047
20190424_sample_5,CT,-54.179920616745946,-64.26727294921875,-64.26727294921875
20190424_sample_6,IT,-64.76025051772595,-65.44342803955078,-65.44342803955078
20190424_sample_7,Lamp5,-59.19494767263532,-60.59150695800781,-60.59150695800781
20190425_sample_1,IT,-67.84904915690421,-65.95460510253906,-65.95460510253906
20190425_sample_4,Lamp5,-96.36230989843608,-60.69349670410156,-60.69349670410156
20190425_sample_6,Sst,-62.860202404111625,-59.83243179321289,-59.83243179321289
20190425_sample_7,IT,-73.38695428371429,-64.18177795410156,-64.18177795410156
20190425_sample_8,CT,-76.21223965138196,-66.9007568359375,-66.9007568359375
20190425_sample_9,CT,-70.0054900944233,-63.02572250366211,-63.02572250366211
20190425_sample_12,CT,-79.39408091753722,-64.3803482055664,-64.3803482055664
20190425_sample_13,CT,-72.40170559883117,-65.70977020263672,-65.70977020263672
20190425_sample_14,CT,-78.14361056536436,-65.49333190917969,-65.49333190917969
20190425_sample_16,IT,-82.17056915014982,-66.97820281982422,-66.97820281982422
20190429_sample_1,Pvalb,-60.4148747868836,-60.42148208618164,-60.42148208618164
20190429_sample_4,Pvalb,-78.65107295364142,-61.736812591552734,-61.736812591552734
20190429_sample_5,Pvalb,-64.58617479801177,-62.63844299316406,-62.63844299316406
20190429_sample_6,Pvalb,-81.54922548383473,-61.523616790771484,-61.523616790771484
20190429_sample_7,CT,-61.01567494049668,-66.01807403564453,-66.01807403564453
20190430_sample_1,Vip,-56.3418224543333,-59.81315612792969,-59.81315612792969
20190430_sample_3,Vip,-57.00966438353062,-59.81187057495117,-59.81187057495117
20190430_sample_4,Vip,-60.19749587923288,-59.540950775146484,-59.540950775146484
20190430_sample_5,Vip,-50.54846595972776,-60.468631744384766,-60.468631744384766
20190430_sample_6,Vip,-68.35270389318467,-61.61559295654297,-61.61559295654297
20190430_sample_7,IT,-68.82374668717384,-66.66403198242188,-66.66403198242188
20190430_sample_8,Vip,-78.47314834296704,-62.267250061035156,-62.267250061035156
20190430_sample_9,IT,-65.76226514279843,-67.03227233886719,-67.03227233886719
20190430_sample_10,IT,-81.60746576786042,-67.65042877197266,-67.65042877197266
20190501_sample_1,Vip,-43.14918833971024,-59.354637145996094,-59.354637145996094
20190501_sample_3,Vip,-44.99976705014706,-61.635650634765625,-61.635650634765625
20190501_sample_4,Vip,-50.87667127251625,-61.862525939941406,-61.862525939941406
20190501_sample_5,CT,-55.367356698215005,-66.3917236328125,-66.3917236328125
20190501_sample_6,Vip,-68.32364854812622,-59.9786491394043,-59.9786491394043
20190501_sample_7,Pvalb,-62.41239490807057,-62.35480880737305,-62.35480880737305
20190501_sample_8,Vip,-52.080545619130135,-59.39665985107422,-59.39665985107422
20190501_sample_9,Pvalb,-62.20121691077948,-60.65550994873047,-60.65550994873047
20190501_sample_11,Pvalb,-62.166978465020655,-60.3144416809082,-60.3144416809082
20190501_sample_12,IT,-72.31293444037438,-66.30008697509766,-66.30008697509766
20190501_sample_14,Pvalb,-67.22298531532287,-61.749267578125,-61.749267578125
20190503_sample_1,Vip,-55.6300079986453,-59.32208251953125,-59.32208251953125
20190503_sample_3,Vip,-64.53856252133846,-60.65637969970703,-60.65637969970703
20190506_sample_1,Vip,-52.518226735293865,-59.732540130615234,-59.732540130615234
20190506_sample_2,Vip,-45.05076007843017,-59.768489837646484,-59.768489837646484
20190506_sample_3,Vip,-50.30807710438967,-60.10383224487305,-60.10383224487305
20190506_sample_4,CT,-58.99161968678236,-65.23672485351562,-65.23672485351562
20190506_sample_5,Vip,-54.28695734962821,-60.06643295288086,-60.06643295288086
20190506_sample_6,CT,-63.56498709917068,-62.620601654052734,-62.620601654052734
20190506_sample_7,Vip,-48.13823510631919,-60.50873565673828,-60.50873565673828
20190507_sample_2,Vip,-53.93951720520854,-59.8670539855957,-59.8670539855957
20190507_sample_3,CT,-68.19740183502435,-65.61409759521484,-65.61409759521484
20190507_sample_4,Vip,-61.76766989678144,-58.9879035949707,-58.9879035949707
20190507_sample_5,Vip,-49.40717173516751,-59.988243103027344,-59.988243103027344
20190507_sample_6,Vip,-46.18592266216874,-58.8691520690918,-58.8691520690918
20190508_sample_1,Lamp5,-52.58516114428639,-60.5480842590332,-60.5480842590332
20190508_sample_2,Sst,-54.86054433658719,-60.257965087890625,-60.257965087890625
20190508_sample_3,Lamp5,-62.2195703946054,-60.34199905395508,-60.34199905395508
20190508_sample_4,Sst,-61.08044430986047,-60.92253494262695,-60.92253494262695
20190508_sample_5,low quality,-47.27169509952073,-61.16501235961914,-61.16501235961914
20190508_sample_6,Pvalb,-61.47163861989975,-60.3755989074707,-60.3755989074707
20190508_sample_7,Sst,-63.279167987406254,-60.91460418701172,-60.91460418701172
20190509_sample_2,Vip,-61.33841981440783,-59.71538543701172,-59.71538543701172
20190509_sample_3,Lamp5,-61.80104663223028,-62.34024429321289,-62.34024429321289
20190509_sample_4,Vip,-57.99362232834101,-59.77067184448242,-59.77067184448242
20190509_sample_5,Lamp5,-58.20524318218232,-60.9437255859375,-60.9437255859375
20190509_sample_9,Vip,-55.90474852323532,-60.66876983642578,-60.66876983642578
20190513_sample_1,Lamp5,-62.03879522681236,-60.50058364868164,-60.50058364868164
20190513_sample_2,Vip,-61.309339227527374,-60.57506561279297,-60.57506561279297
20190513_sample_3,Vip,-70.4786120325327,-59.86170959472656,-59.86170959472656
20190513_sample_4,Vip,-56.07183508723975,-60.72726058959961,-60.72726058959961
20190513_sample_5,Lamp5,-58.86339016333223,-59.78056335449219,-59.78056335449219
20190514_sample_2,Pvalb,-72.69218046814203,-61.02434539794922,-61.02434539794922
20190514_sample_4,Lamp5,-71.08048383295537,-60.364322662353516,-60.364322662353516
20190514_sample_7,Lamp5,-52.66368637681008,-60.218177795410156,-60.218177795410156
20190514_sample_8,Pvalb,-53.53508057519794,-61.46066665649414,-61.46066665649414
20190515_sample_1,Lamp5,-61.89669451564551,-60.58464813232422,-60.58464813232422
20190515_sample_2,low quality,-59.64791149124503,-59.94881057739258,-59.94881057739258
20190515_sample_3,low quality,-54.00732432231307,-63.1082878112793,-63.1082878112793
20190515_sample_4,Vip,-58.07840406149626,-59.77986526489258,-59.77986526489258
20190515_sample_5,Lamp5,-51.38013674542307,-60.195072174072266,-60.195072174072266
20190515_sample_6,Vip,-61.39245903640985,-60.676361083984375,-60.676361083984375
20190515_sample_7,Lamp5,-55.938581817597154,-59.496639251708984,-59.496639251708984
20190515_sample_8,Vip,-57.31510869413614,-64.20610809326172,-64.20610809326172
20190515_sample_9,Lamp5,-52.51104470044375,-60.638221740722656,-60.638221740722656
20190515_sample_10,Vip,-56.70866419821978,-64.87673950195312,-64.87673950195312
20190515_sample_11,Lamp5,-56.66042039766908,-60.08914566040039,-60.08914566040039
20190515_sample_12,Vip,-52.68189024925232,-60.84016036987305,-60.84016036987305
20190515_sample_13,Vip,-43.03289786204696,-60.02587127685547,-60.02587127685547
20190515_sample_14,Vip,-60.52369145751,-61.225547790527344,-61.225547790527344
20190515_sample_15,Lamp5,-56.96511649116874,-59.96180725097656,-59.96180725097656
20190516_sample_2,Sst,-45.20915312170983,-59.42475128173828,-59.42475128173828
20190516_sample_3,Lamp5,-56.935571236163376,-60.599578857421875,-60.599578857421875
20190516_sample_4,Sst,-57.635622260719536,-59.90969467163086,-59.90969467163086
20190516_sample_5,Lamp5,-52.63087795749307,-60.11046600341797,-60.11046600341797
20190516_sample_6,Sst,-43.57381844595075,-60.031707763671875,-60.031707763671875
20190522_sample_1,Lamp5,-55.8176016189158,-59.63312911987305,-59.63312911987305
20190528_sample_2,Vip,-65.94946974515915,-60.65428161621094,-60.65428161621094
20190528_sample_4,Vip,-52.15031018704176,-60.21772384643555,-60.21772384643555
20190528_sample_6,Vip,-64.71911286711693,-60.94643783569336,-60.94643783569336
20190528_sample_7,Lamp5,-57.347183258086446,-60.811363220214844,-60.811363220214844
20190528_sample_8,Vip,-48.16318091154098,-61.10558319091797,-61.10558319091797
20190528_sample_9,Vip,-45.57523891329765,-60.20779037475586,-60.20779037475586
20190529_sample_2,Vip,-56.396778750419614,-60.99959945678711,-60.99959945678711
20190529_sample_3,Sncg,-51.340308378636834,-60.96121597290039,-60.96121597290039
20190529_sample_6,Vip,-38.32322985976934,-60.77897644042969,-60.77897644042969
20190603_sample_1,Lamp5,-42.19886972382665,-60.152957916259766,-60.152957916259766
20190603_sample_2,Vip,-54.41104396134615,-59.5971794128418,-59.5971794128418
20190603_sample_3,Vip,-62.00077437907457,-61.82883834838867,-61.82883834838867
20190603_sample_4,Vip,-55.96462426781655,-60.04869842529297,-60.04869842529297
20190603_sample_5,Lamp5,-47.35859489068389,-60.31737518310547,-60.31737518310547
20190603_sample_6,Lamp5,-65.3843048080802,-60.194114685058594,-60.194114685058594
20190603_sample_7,Lamp5,-49.94606302306056,-60.497222900390625,-60.497222900390625
20190603_sample_9,Sncg,-47.44747810885311,-59.43046188354492,-59.43046188354492
20190603_sample_10,Vip,-64.6736935943365,-60.364013671875,-60.364013671875
20190604_sample_2,Pvalb,-66.43545178771018,-61.40885543823242,-61.40885543823242
20190604_sample_4,Lamp5,-54.2954463891685,-60.66658020019531,-60.66658020019531
20190604_sample_6,Lamp5,-67.45009120851755,-60.269874572753906,-60.269874572753906
20190604_sample_8,Pvalb,-52.32099165841937,-61.43878173828125,-61.43878173828125
20190604_sample_12,IT,-61.07996737211943,-67.86897277832031,-67.86897277832031
20190605_sample_1,low quality,-49.84601969793439,-61.61061096191406,-61.61061096191406
20190605_sample_2,Vip,-55.197228910774,-59.8194465637207,-59.8194465637207
20190605_sample_4,Vip,-57.29120949134231,-59.737060546875,-59.737060546875
20190605_sample_5,Lamp5,-57.0909195356071,-61.09592819213867,-61.09592819213867
20190605_sample_6,Vip,-45.00094182267785,-61.0284423828125,-61.0284423828125
20190606_sample_1,Pvalb,-56.54474489614368,-61.46989440917969,-61.46989440917969
20190606_sample_2,Pvalb,-66.9619405478239,-60.87968444824219,-60.87968444824219
20190606_sample_3,Pvalb,-63.83242132365704,-63.52094650268555,-63.52094650268555
20190606_sample_5,Pvalb,-62.08933569416404,-60.79005432128906,-60.79005432128906
20190606_sample_6,IT,-76.30656006485223,-68.60270690917969,-68.60270690917969
20190606_sample_7,low quality,-63.6639728859067,-61.05058670043945,-61.05058670043945
20190606_sample_9,Sst,-58.323270951211455,-61.77640914916992,-61.77640914916992
20190607_sample_2,Sst,-58.14202904105186,-60.101043701171875,-60.101043701171875
20190607_sample_3,Lamp5,-48.03402281478047,-61.2259521484375,-61.2259521484375
20190607_sample_5,low quality,-59.00620744451881,-62.03422546386719,-62.03422546386719
20190610_sample_1,Sst,-52.11049558073282,-60.88497543334961,-60.88497543334961
20190610_sample_2,Pvalb,-75.12346948683262,-60.153099060058594,-60.153099060058594
20190610_sample_3,Lamp5,-61.99613814651966,-60.277774810791016,-60.277774810791016
20190610_sample_4,Pvalb,-74.70982402712107,-60.087398529052734,-60.087398529052734
20190610_sample_5,low quality,-67.44315321147442,-62.05860900878906,-62.05860900878906
20190610_sample_7,low quality,-46.6274911865592,-61.093238830566406,-61.093238830566406
20190610_sample_8,Pvalb,-65.68682325929403,-60.610801696777344,-60.610801696777344
20190610_sample_9,Lamp5,-64.77016319036484,-60.54143524169922,-60.54143524169922
20190610_sample_10,Pvalb,-68.33967747837305,-61.40391540527344,-61.40391540527344
20190610_sample_12,Pvalb,-58.51909776702523,-61.21587371826172,-61.21587371826172
20190610_sample_16,Lamp5,-63.63510106652976,-60.33326721191406,-60.33326721191406
20190610_sample_18,Vip,-53.98194653764367,-59.444374084472656,-59.444374084472656
20190611_sample_1,IT,-67.18918937891722,-63.81755447387695,-63.81755447387695
20190611_sample_3,Lamp5,-68.50737936794758,-59.88253402709961,-59.88253402709961
20190611_sample_4,Sst,-71.27302180975676,-60.16284942626953,-60.16284942626953
20190611_sample_5,low quality,-68.49350263327361,-64.80472564697266,-64.80472564697266
20190611_sample_7,Lamp5,-73.57164163589476,-60.53431701660156,-60.53431701660156
20190611_sample_8,Sst,-61.42081727087498,-60.405517578125,-60.405517578125
20190611_sample_10,Sst,-65.00707080364228,-59.97636413574219,-59.97636413574219
20190611_sample_11,IT,-63.49360138624907,-62.05136489868164,-62.05136489868164
20190611_sample_14,Sncg,-55.1800519362092,-59.655372619628906,-59.655372619628906
20190611_sample_15,Lamp5,-60.290780146420005,-60.70290756225586,-60.70290756225586
20190612_sample_1,Lamp5,-58.4106767103076,-59.83529281616211,-59.83529281616211
20190612_sample_2,Pvalb,-75.51911815106868,-60.6577262878418,-60.6577262878418
20190612_sample_4,Vip,-66.46136056780816,-60.08753967285156,-60.08753967285156
20190612_sample_6,Pvalb,-67.37347048074008,-61.47673034667969,-61.47673034667969
20190612_sample_7,Lamp5,-59.60318622738123,-60.47521209716797,-60.47521209716797
20190612_sample_8,Lamp5,-64.08482873886824,-60.01122283935547,-60.01122283935547
20190613_sample_2,Sst,-62.15585154294968,-61.158477783203125,-61.158477783203125
20190613_sample_3,Sst,-76.7599150851369,-59.492637634277344,-59.492637634277344
20190613_sample_4,Sst,-48.69601302444935,-59.33192825317383,-59.33192825317383
20190613_sample_6,Pvalb,-64.64510944634677,-61.19660568237305,-61.19660568237305
20190613_sample_7,Sst,-62.12802024036646,-60.129817962646484,-60.129817962646484
20190613_sample_8,Pvalb,-55.00129100382328,-61.7311897277832,-61.7311897277832
20190613_sample_9,Sst,-67.07426502555609,-60.75999069213867,-60.75999069213867
20190613_sample_10,Sst,-69.43957593142986,-60.769569396972656,-60.769569396972656
20190614_sample_2,Vip,-37.60288166927639,-59.592384338378906,-59.592384338378906
20190614_sample_3,Lamp5,-60.72378275468945,-61.5642204284668,-61.5642204284668
20190614_sample_4,Vip,-60.14225122332573,-59.785579681396484,-59.785579681396484
20190614_sample_6,Vip,-51.51359111517668,-59.88832473754883,-59.88832473754883
20190614_sample_8,Vip,-61.863107866048814,-60.33627700805664,-60.33627700805664
20190617_sample_1,Lamp5,-68.5548751398921,-60.78098678588867,-60.78098678588867
20190617_sample_2,CT,-68.18791322559119,-64.2081298828125,-64.2081298828125
20190617_sample_3,Sst,-61.07723909392953,-60.451759338378906,-60.451759338378906
20190617_sample_4,Sst,-49.5988038405776,-59.96125030517578,-59.96125030517578
20190617_sample_5,Sncg,-54.9632177464664,-59.469112396240234,-59.469112396240234
20190617_sample_6,Sst,-67.424066413939,-61.89564895629883,-61.89564895629883
20190618_sample_1,low quality,-73.10099979639054,-60.60491943359375,-60.60491943359375
20190618_sample_2,Vip,-74.59895866513253,-59.799076080322266,-59.799076080322266
20190618_sample_4,Vip,-64.08760786354541,-60.67276382446289,-60.67276382446289
20190618_sample_5,Vip,-54.91983306258917,-59.698875427246094,-59.698875427246094
20190618_sample_7,Lamp5,-66.33256503343583,-59.7791862487793,-59.7791862487793
20190618_sample_8,Lamp5,-52.16395105570555,-59.99108123779297,-59.99108123779297
20190619_sample_1,Lamp5,-67.7469777315855,-60.67137145996094,-60.67137145996094
20190619_sample_3,Pvalb,-64.08564659953117,-61.993106842041016,-61.993106842041016
20190619_sample_4,Pvalb,-57.48575058057904,-63.296730041503906,-63.296730041503906
20190619_sample_5,Pvalb,-59.40225630849599,-61.73067092895508,-61.73067092895508
20190619_sample_6,Lamp5,-61.39986186847091,-61.61517333984375,-61.61517333984375
20190620_sample_1,Lamp5,-65.23487569391727,-59.95655059814453,-59.95655059814453
20190620_sample_2,Sst,-62.54651014059782,-60.23736572265625,-60.23736572265625
20190620_sample_5,Sst,-59.68538011908531,-59.87175750732422,-59.87175750732422
20190620_sample_6,Sst,-56.901043720543385,-60.746055603027344,-60.746055603027344
20190620_sample_8,Pvalb,-64.9920780390501,-61.37905502319336,-61.37905502319336
20190624_sample_1,Sst,-72.65605463236571,-59.095516204833984,-59.095516204833984
20190624_sample_2,Sst,-76.66108947396279,-60.767147064208984,-60.767147064208984
20190624_sample_3,Sst,-61.09856413677335,-60.149234771728516,-60.149234771728516
20190624_sample_4,Pvalb,-56.55107722654938,-61.174354553222656,-61.174354553222656
20190624_sample_5,Sst,-56.41918533220887,-61.0601806640625,-61.0601806640625
20190624_sample_6,Sst,-54.040808390080926,-61.21043014526367,-61.21043014526367
20190625_sample_1,Vip,-63.613689962029454,-59.07917404174805,-59.07917404174805
20190625_sample_2,low quality,-50.74318002909422,-62.56957244873047,-62.56957244873047
20190625_sample_3,Vip,-71.97440603226423,-59.662574768066406,-59.662574768066406
20190625_sample_4,Vip,-48.07640278339386,-59.55944061279297,-59.55944061279297
20190625_sample_5,Vip,-64.0958616644144,-60.17647933959961,-60.17647933959961
20190625_sample_6,Lamp5,-65.48649278730154,-59.82661819458008,-59.82661819458008
20190625_sample_7,Vip,-51.45664105191827,-61.31169509887695,-61.31169509887695
20190625_sample_8,Vip,-62.48224185183645,-59.68214416503906,-59.68214416503906
20190625_sample_10,Vip,-54.979254455119374,-59.74981689453125,-59.74981689453125
20190625_sample_11,Vip,-82.32797747701406,-60.483436584472656,-60.483436584472656
20190625_sample_12,Vip,-58.10408191084862,-60.907466888427734,-60.907466888427734
20190625_sample_13,Vip,-69.51531263440847,-63.013893127441406,-63.013893127441406
20190626_sample_1,Vip,-78.40048486292363,-60.14155578613281,-60.14155578613281
20190626_sample_4,low quality,-55.70679454281927,-61.14370346069336,-61.14370346069336
20190626_sample_5,Vip,-46.27101066336036,-60.143856048583984,-60.143856048583984
20190627_sample_1,CT,-94.6176511630416,-63.46424102783203,-63.46424102783203
20190627_sample_2,Lamp5,-81.54802128225565,-60.853973388671875,-60.853973388671875
20190627_sample_4,NP,-66.42406726628542,-61.3896598815918,-61.3896598815918
20190627_sample_6,Pvalb,-72.36984588354827,-60.470664978027344,-60.470664978027344
20190627_sample_8,IT,-85.2276925638318,-65.9565658569336,-65.9565658569336
20190628_sample_1,Sst,-60.84737917110324,-60.17130661010742,-60.17130661010742
20190628_sample_2,Pvalb,-61.32020179852843,-60.615596771240234,-60.615596771240234
20190628_sample_3,Sst,-55.61252054721117,-61.994873046875,-61.994873046875
20190628_sample_4,Sst,-52.57960885986685,-59.70512008666992,-59.70512008666992
20190628_sample_5,Sst,-51.9688213199377,-61.89286804199219,-61.89286804199219
20190628_sample_6,Pvalb,-52.366023749858144,-61.02462387084961,-61.02462387084961
20190628_sample_7,Sst,-49.519406570494176,-60.629051208496094,-60.629051208496094
20190703_sample_1,Pvalb,-63.56486105471849,-61.458316802978516,-61.458316802978516
20190703_sample_2,Pvalb,-69.8948931708932,-60.74626159667969,-60.74626159667969
20190703_sample_3,Pvalb,-68.36009967625141,-61.18573760986328,-61.18573760986328
20190703_sample_5,Pvalb,-71.15063616186382,-61.48212814331055,-61.48212814331055
20190703_sample_6,Pvalb,-73.96808633208275,-60.45806884765625,-60.45806884765625
20190703_sample_8,Pvalb,-53.82858471348882,-61.25490951538086,-61.25490951538086
20190703_sample_10,Pvalb,-60.536101332306856,-61.917236328125,-61.917236328125
20190703_sample_12,Pvalb,-65.27103732973336,-60.20867156982422,-60.20867156982422
20190703_sample_13,Sst,-74.95416725128888,-59.84170150756836,-59.84170150756836
20190703_sample_14,low quality,-91.88194833993911,-61.995689392089844,-61.995689392089844
20190703_sample_15,Sst,-73.9828951895237,-59.209129333496094,-59.209129333496094
20190704_sample_2,Sst,-58.75681670594495,-62.14894104003906,-62.14894104003906
20190704_sample_12,Vip,-75.73155023455621,-59.76435470581055,-59.76435470581055
20190704_sample_14,Vip,-70.21346485316754,-60.378623962402344,-60.378623962402344
20190705_sample_1,Vip,-76.80250635594129,-60.46860122680664,-60.46860122680664
20190705_sample_3,Vip,-71.03238259553909,-60.395442962646484,-60.395442962646484
20190705_sample_4,Vip,-86.46889251321554,-59.95066833496094,-59.95066833496094
20190705_sample_5,Vip,-72.82255467772484,-60.477210998535156,-60.477210998535156
20190705_sample_9,Vip,-56.75947871655225,-61.26642608642578,-61.26642608642578
20190708_sample_3,low quality,-70.38114147186279,-64.09336853027344,-64.09336853027344
20190708_sample_4,Pvalb,-69.35481533557177,-60.376773834228516,-60.376773834228516
20190708_sample_6,Vip,-58.57187677770853,-61.50349807739258,-61.50349807739258
20190708_sample_7,Vip,-43.127326394285774,-60.53459167480469,-60.53459167480469
20190708_sample_8,IT,-76.69939483851195,-67.96692657470703,-67.96692657470703
20190708_sample_12,Vip,-56.081929098814726,-61.28055191040039,-61.28055191040039
20190709_sample_1,Vip,-55.114650008827454,-60.532997131347656,-60.532997131347656
20190709_sample_2,Vip,-73.19489707648754,-60.3658332824707,-60.3658332824707
20190709_sample_3,Vip,-60.88588912785053,-60.296852111816406,-60.296852111816406
20190709_sample_8,Sncg,-58.92814431637525,-59.8582763671875,-59.8582763671875
20190709_sample_10,Vip,-65.1163288012147,-60.745731353759766,-60.745731353759766
20190709_sample_11,Vip,-70.24089949131013,-61.42267608642578,-61.42267608642578
20190709_sample_12,Vip,-54.75507424846292,-59.883419036865234,-59.883419036865234
20190709_sample_13,Vip,-71.2986160069704,-60.0306396484375,-60.0306396484375
20190709_sample_14,Vip,-49.71243091747165,-60.11808776855469,-60.11808776855469
20190710_sample_3,Sst,-56.95160509347916,-60.198028564453125,-60.198028564453125
20190710_sample_4,Sst,-56.28173233419657,-60.523983001708984,-60.523983001708984
20190710_sample_5,Sst,-56.21589479222894,-61.46067428588867,-61.46067428588867
20190710_sample_6,Sst,-60.08498541638255,-60.0048713684082,-60.0048713684082
20190710_sample_8,Vip,-67.6710297703743,-60.73891067504883,-60.73891067504883
20190710_sample_10,Vip,-44.55041870176792,-59.840301513671875,-59.840301513671875
20190712_sample_1,CT,-55.14852071851492,-66.86085510253906,-66.86085510253906
20190712_sample_3,Sst,-62.61887292712927,-60.043373107910156,-60.043373107910156
20190712_sample_4,low quality,-63.852629049122335,-61.99486541748047,-61.99486541748047
20190712_sample_5,Lamp5,-75.93607655763626,-60.21811294555664,-60.21811294555664
20190712_sample_6,Lamp5,-64.22894611656666,-60.53171157836914,-60.53171157836914
20190712_sample_7,Lamp5,-62.70703409686685,-61.47871398925781,-61.47871398925781
20190715_sample_1,Lamp5,-93.59451099932194,-61.386329650878906,-61.386329650878906
20190715_sample_4,Lamp5,-82.04790913015604,-60.39120864868164,-60.39120864868164
20190715_sample_5,Vip,-65.89206135123968,-59.55621337890625,-59.55621337890625
20190715_sample_6,Lamp5,-65.32805690914392,-61.30378723144531,-61.30378723144531
20190715_sample_7,Vip,-63.535715356469154,-59.915164947509766,-59.915164947509766
20190715_sample_8,Lamp5,-62.0051329664886,-59.943119049072266,-59.943119049072266
20190715_sample_9,Vip,-62.07489870339632,-59.785030364990234,-59.785030364990234
20190715_sample_10,Sncg,-59.41602079421282,-60.139591217041016,-60.139591217041016
20190715_sample_11,Lamp5,-64.83656187951564,-60.664634704589844,-60.664634704589844
20190716_sample_1,low quality,-77.29353285580873,-62.05070877075195,-62.05070877075195
20190716_sample_3,Sst,-43.38853856697679,-60.36975860595703,-60.36975860595703
20190716_sample_5,Sst,-66.45720632076264,-61.05965805053711,-61.05965805053711
20190716_sample_7,Vip,-70.60746287852527,-60.63784408569336,-60.63784408569336
20190716_sample_8,Lamp5,-60.281945714354514,-61.43405532836914,-61.43405532836914
20190716_sample_9,Vip,-69.45462127774954,-60.93764114379883,-60.93764114379883
20190717_sample_1,Sst,-68.5720355913043,-60.11456298828125,-60.11456298828125
20190717_sample_2,Sst,-62.86112942174077,-60.479976654052734,-60.479976654052734
20190717_sample_3,Sst,-56.944477912038565,-60.404937744140625,-60.404937744140625
20190718_sample_1,Vip,-78.26442755013704,-60.967227935791016,-60.967227935791016
20190718_sample_2,CT,-66.27364669144154,-63.38106155395508,-63.38106155395508
20190718_sample_3,CT,-57.34243733882904,-63.84886169433594,-63.84886169433594
20190718_sample_4,Vip,-62.33364350795746,-59.590179443359375,-59.590179443359375
20190718_sample_5,Vip,-56.473848493397234,-59.74574661254883,-59.74574661254883
20190718_sample_6,Vip,-59.333294954895976,-59.12908172607422,-59.12908172607422
20190718_sample_7,Vip,-62.404942494630816,-60.339805603027344,-60.339805603027344
20190718_sample_8,Vip,-68.30142360925674,-59.865020751953125,-59.865020751953125
20190718_sample_9,Vip,-56.89669307619333,-59.297821044921875,-59.297821044921875
20190719_sample_1,CT,-61.6227602750063,-64.97714233398438,-64.97714233398438
20190719_sample_2,IT,-69.16633153855801,-66.888671875,-66.888671875
20190719_sample_4,IT,-67.90196232944727,-66.55204772949219,-66.55204772949219
20190719_sample_5,IT,-71.1644169896841,-66.52227783203125,-66.52227783203125
20190719_sample_6,IT,-59.88797152116895,-68.68229675292969,-68.68229675292969
20190719_sample_9,IT,-64.08631618469954,-66.75936889648438,-66.75936889648438
20190719_sample_10,IT,-56.97694889381528,-69.62076568603516,-69.62076568603516
20190722_sample_1,CT,-69.60475263148547,-63.19866943359375,-63.19866943359375
20190722_sample_6,CT,-78.25964131355286,-65.71198272705078,-65.71198272705078
20190722_sample_7,low quality,-73.63691831529141,-61.98394012451172,-61.98394012451172
20190722_sample_8,low quality,-66.64318379163743,-61.68504333496094,-61.68504333496094
20190724_sample_1,Vip,-67.66507312953472,-61.14577102661133,-61.14577102661133
20190724_sample_2,CT,-57.773344963788986,-64.72343444824219,-64.72343444824219
20190724_sample_4,Vip,-65.03442497253418,-59.685630798339844,-59.685630798339844
20190724_sample_5,Vip,-51.017989026755096,-61.229515075683594,-61.229515075683594
20190724_sample_6,IT,-69.5905523777008,-62.20976257324219,-62.20976257324219
20190724_sample_9,Vip,-60.56139124855399,-59.88713073730469,-59.88713073730469
20190724_sample_10,Vip,-67.51831093281507,-59.77164077758789,-59.77164077758789
20190724_sample_12,Vip,-58.05328103527427,-61.78367614746094,-61.78367614746094
20190724_sample_16,low quality,-55.45330229252576,-62.90904998779297,-62.90904998779297
20190725_sample_1,Vip,-50.63820507600904,-59.768428802490234,-59.768428802490234
20190725_sample_3,Vip,-58.285446879267695,-60.72671890258789,-60.72671890258789
20190725_sample_4,Sst,-53.30790000408888,-61.973411560058594,-61.973411560058594
20190725_sample_5,CT,-58.12212525904178,-62.4582405090332,-62.4582405090332
20190725_sample_6,Vip,-59.76168609634042,-59.79161834716797,-59.79161834716797
20190725_sample_7,Vip,-57.84971327930688,-59.930477142333984,-59.930477142333984
20190725_sample_8,Vip,-56.186752717942,-60.079708099365234,-60.079708099365234
20190725_sample_9,Vip,-61.92765974625945,-59.47338104248047,-59.47338104248047
20190725_sample_10,low quality,-56.70108996331692,-61.93684005737305,-61.93684005737305
20190726_sample_1,Lamp5,-64.8445750683546,-60.65514373779297,-60.65514373779297
20190726_sample_2,Pvalb,-53.843107622861865,-60.688751220703125,-60.688751220703125
20190726_sample_3,Lamp5,-67.57061131447554,-59.526546478271484,-59.526546478271484
20190726_sample_4,IT,-65.72127025052905,-67.05897521972656,-67.05897521972656
20190726_sample_5,Lamp5,-59.40360905975104,-60.92918014526367,-60.92918014526367
20190726_sample_6,Sst,-50.13798540309071,-60.17795181274414,-60.17795181274414
20190726_sample_7,Lamp5,-51.32709611654282,-60.458824157714844,-60.458824157714844
20190729_sample_2,Sst,-77.75743452906609,-60.30868148803711,-60.30868148803711
20190729_sample_3,Sst,-60.48669870868325,-60.78230667114258,-60.78230667114258
20190729_sample_5,Pvalb,-65.38308877348899,-60.349212646484375,-60.349212646484375
20190730_sample_1,Vip,-51.42314505130052,-60.437705993652344,-60.437705993652344
20190730_sample_2,Vip,-64.59357457458972,-60.57926940917969,-60.57926940917969
20190730_sample_5,Vip,-46.71614461615681,-60.931907653808594,-60.931907653808594
20190730_sample_6,Vip,-46.20383629649878,-59.894737243652344,-59.894737243652344
20190730_sample_7,Vip,-57.05767393186689,-60.14325714111328,-60.14325714111328
20190730_sample_9,Lamp5,-58.86577780172229,-61.183475494384766,-61.183475494384766
20190731_sample_1,Pvalb,-61.383486945927146,-60.68589782714844,-60.68589782714844
20190731_sample_2,Lamp5,-59.076950481534006,-60.717926025390625,-60.717926025390625
20190731_sample_3,low quality,-44.07083081677556,-62.76000213623047,-62.76000213623047
20190731_sample_4,Vip,-59.205577205866575,-59.64274597167969,-59.64274597167969
20190731_sample_5,Pvalb,-53.999115612357855,-60.3538932800293,-60.3538932800293
20190731_sample_6,low quality,-65.7327586531639,-62.83768081665039,-62.83768081665039
20190731_sample_8,Pvalb,-53.999115612357855,-59.985923767089844,-59.985923767089844
20190801_sample_1,IT,-72.6247009679675,-68.29721069335938,-68.29721069335938
20190801_sample_2,Sst,-62.3425810456276,-60.11082077026367,-60.11082077026367
20190801_sample_3,Sst,-51.46574617773295,-60.020469665527344,-60.020469665527344
20190801_sample_4,Sst,-48.8950684286654,-61.8760871887207,-61.8760871887207
20190801_sample_7,Sst,-56.510968272387984,-62.196468353271484,-62.196468353271484
20190801_sample_8,low quality,-49.030651077628136,-62.10209655761719,-62.10209655761719
20190820_sample_1,Sst,-60.13861421570182,-60.0379524230957,-60.0379524230957
20190820_sample_2,CT,-66.02014655470848,-65.62566375732422,-65.62566375732422
20190820_sample_3,Pvalb,-56.14242135211825,-61.73710632324219,-61.73710632324219
20190820_sample_5,Sst,-39.78803825825453,-61.078208923339844,-61.078208923339844
20190820_sample_6,CT,-59.64984839111567,-67.38639068603516,-67.38639068603516
20190821_sample_1,IT,-52.88804889172316,-64.86264038085938,-64.86264038085938
20190821_sample_2,IT,-61.77911979556083,-67.3171615600586,-67.3171615600586
20190821_sample_3,CT,-57.25962773039937,-65.88211059570312,-65.88211059570312
20190821_sample_4,IT,-48.11483372747898,-66.80296325683594,-66.80296325683594
20190821_sample_5,IT,-59.25365142524242,-65.58397674560547,-65.58397674560547
20190821_sample_6,IT,-62.60060120001435,-67.32024383544922,-67.32024383544922
20190821_sample_7,IT,-45.33107631057501,-66.18498229980469,-66.18498229980469
20190823_sample_1,IT,-61.56257525905967,-67.82381439208984,-67.82381439208984
20190823_sample_3,Pvalb,-71.4260571449995,-60.827613830566406,-60.827613830566406
20190823_sample_5,low quality,-59.3317581474781,-63.34011459350586,-63.34011459350586
20190823_sample_6,IT,-66.57489360719919,-65.56072998046875,-65.56072998046875
20190823_sample_7,IT,-73.06981587409973,-67.18505859375,-67.18505859375
20190827_sample_1,Sst,-69.17436543852091,-59.607879638671875,-59.607879638671875
20190827_sample_2,low quality,-57.1602043516934,-64.14505767822266,-64.14505767822266
20190827_sample_3,Sst,-47.58052889034152,-60.262794494628906,-60.262794494628906
20190827_sample_4,Sst,-52.404762364923954,-60.87918472290039,-60.87918472290039
20190827_sample_5,CT,-60.10583921596408,-63.535526275634766,-63.535526275634766
20190827_sample_6,Sst,-62.27840927243233,-60.41013717651367,-60.41013717651367
20190827_sample_7,Pvalb,-49.16619069948793,-60.120628356933594,-60.120628356933594
20190827_sample_8,Sst,-52.0262101083994,-61.18907928466797,-61.18907928466797
20190827_sample_9,Sst,-54.77322984039783,-61.12183380126953,-61.12183380126953
20190828_sample_1,Vip,-65.85895097851753,-59.985687255859375,-59.985687255859375
20190828_sample_3,Vip,-74.06560186296701,-60.052467346191406,-60.052467346191406
20190828_sample_4,Vip,-74.05797148048877,-59.565006256103516,-59.565006256103516
20190828_sample_5,Vip,-72.0943618401885,-60.02509307861328,-60.02509307861328
20190828_sample_6,Vip,-70.37064299583434,-60.595314025878906,-60.595314025878906
20190828_sample_7,Vip,-55.010534988343714,-61.013458251953125,-61.013458251953125
20190829_sample_1,low quality,-63.58264621645212,-62.92231750488281,-62.92231750488281
20190829_sample_2,Lamp5,-71.52223160266877,-60.3773078918457,-60.3773078918457
20190829_sample_3,IT,-72.49303384870291,-64.75328063964844,-64.75328063964844
20190829_sample_4,Lamp5,-65.95336004793643,-60.436431884765625,-60.436431884765625
20190829_sample_6,Lamp5,-71.52223160266877,-61.72675323486328,-61.72675323486328
20190829_sample_9,Pvalb,-78.4578899949789,-60.58863067626953,-60.58863067626953
20190830_sample_1,IT,-73.29678755998611,-67.0521469116211,-67.0521469116211
20190830_sample_2,IT,-70.57797048687934,-65.85527801513672,-65.85527801513672
20190830_sample_3,low quality,-75.81922186613083,-66.5290298461914,-66.5290298461914
20190830_sample_4,low quality,-61.03044927120209,-62.72562789916992,-62.72562789916992
20190830_sample_6,IT,-69.77271601557732,-67.00526428222656,-67.00526428222656
20190830_sample_8,IT,-63.940988674759865,-66.34659576416016,-66.34659576416016
20190830_sample_9,NP,-51.40037884563208,-61.25155258178711,-61.25155258178711
20190904_sample_1,low quality,-70.39113495349883,-61.47105407714844,-61.47105407714844
20190904_sample_2,Vip,-77.9163450807333,-59.93928527832031,-59.93928527832031
20190904_sample_3,Vip,-52.69549527317285,-59.62255859375,-59.62255859375
20190904_sample_4,Vip,-55.6656985975802,-60.37122344970703,-60.37122344970703
20190904_sample_5,Vip,-51.47809067144991,-60.36840057373047,-60.36840057373047
20190904_sample_7,Vip,-71.24020440727472,-60.40509033203125,-60.40509033203125
20190905_sample_1,low quality,-60.42770086228848,-62.26980209350586,-62.26980209350586
20190905_sample_3,Sst,-59.54758564531804,-59.976680755615234,-59.976680755615234
20190906_sample_1,Lamp5,-68.35984903275966,-60.0040397644043,-60.0040397644043
20190906_sample_5,CT,-59.45800473615528,-65.4162368774414,-65.4162368774414
20190906_sample_6,Lamp5,-61.71889338716865,-61.505008697509766,-61.505008697509766
20190910_sample_1,Lamp5,-52.37931542471051,-60.57441329956055,-60.57441329956055
20190910_sample_2,Vip,-61.4591711550951,-59.71620178222656,-59.71620178222656
20190910_sample_3,Vip,-61.05610030144453,-60.646240234375,-60.646240234375
20190910_sample_4,Vip,-59.412985280156136,-59.07297134399414,-59.07297134399414
20190910_sample_6,Vip,-47.41496265232563,-59.861572265625,-59.861572265625
20190911_sample_3,NP,-58.9498673543334,-62.43314743041992,-62.43314743041992
20190911_sample_4,IT,-69.96530984342098,-65.55774688720703,-65.55774688720703
20190911_sample_6,low quality,-63.005990364402535,-62.986610412597656,-62.986610412597656
20190911_sample_7,low quality,-58.82656195536256,-63.79017639160156,-63.79017639160156
20190911_sample_9,CT,-71.19977313131093,-64.611328125,-64.611328125
20190912_sample_1,CT,-65.5306623339653,-65.1626968383789,-65.1626968383789
20190912_sample_2,CT,-52.38961565420031,-64.40653991699219,-64.40653991699219
20190912_sample_3,CT,-70.72570592314005,-65.86318969726562,-65.86318969726562
20190912_sample_4,Lamp5,-60.58954430446029,-59.87724685668945,-59.87724685668945
20190912_sample_6,NP,-64.68421986997127,-66.44389343261719,-66.44389343261719
20190912_sample_8,CT,-64.72679104506969,-64.82430267333984,-64.82430267333984
20190912_sample_10,Pvalb,-68.66161193549632,-60.70765686035156,-60.70765686035156
20190917_sample_1,CT,-67.24408948123455,-63.53340530395508,-63.53340530395508
20190917_sample_2,Lamp5,-63.50110073983669,-61.075233459472656,-61.075233459472656
20190917_sample_3,IT,-62.9184495344758,-62.606746673583984,-62.606746673583984
20190919_sample_1,low quality,-80.29811406135559,-61.91933059692383,-61.91933059692383
20190919_sample_4,Lamp5,-61.32439923807979,-59.915836334228516,-59.915836334228516
20190919_sample_5,CT,-66.98675457984208,-64.69786071777344,-64.69786071777344
20190924_sample_1,Sst,-64.18746532797813,-59.93414306640625,-59.93414306640625
20190924_sample_2,Sst,-56.13944109380245,-60.895774841308594,-60.895774841308594
20190924_sample_3,IT,-61.60271692350507,-65.2957992553711,-65.2957992553711
20190924_sample_4,Sst,-54.6322556078434,-60.68307113647461,-60.68307113647461
20190924_sample_5,Sst,-57.38868298605084,-60.595176696777344,-60.595176696777344
20190924_sample_6,Sst,-54.46077258512378,-60.01331329345703,-60.01331329345703
20190924_sample_7,Pvalb,-53.67688176631927,-60.279327392578125,-60.279327392578125
20190924_sample_8,CT,-62.03739663735033,-64.06388854980469,-64.06388854980469
20190925_sample_2,Pvalb,-59.50630403235554,-60.9060173034668,-60.9060173034668
20190925_sample_3,Sst,-54.19725338444114,-60.65855407714844,-60.65855407714844
20190925_sample_4,CT,-53.32683232128621,-62.008811950683594,-62.008811950683594
20190925_sample_5,Sst,-42.35436203032732,-60.89712905883789,-60.89712905883789
20190925_sample_6,Pvalb,-48.101483069360256,-61.21074676513672,-61.21074676513672
20190925_sample_7,Sst,-61.33679541349412,-60.379459381103516,-60.379459381103516
20190926_sample_2,ET,-71.47222823500633,-64.20431518554688,-64.20431518554688
20190926_sample_3,Sst,-51.4023703880608,-61.80545425415039,-61.80545425415039
20190926_sample_4,ET,-58.29710853621364,-62.692962646484375,-62.692962646484375
20190926_sample_5,Pvalb,-53.5658144325018,-60.22895431518555,-60.22895431518555
20190926_sample_6,Sst,-57.3575997889042,-60.435218811035156,-60.435218811035156
20190927_sample_1,IT,-67.68117462396621,-64.51739501953125,-64.51739501953125
20190927_sample_2,CT,-54.44285669997335,-66.03012084960938,-66.03012084960938
20190927_sample_3,Pvalb,-57.09301155731082,-61.41123962402344,-61.41123962402344
20190927_sample_4,IT,-50.77810349166393,-66.83255767822266,-66.83255767822266
20190927_sample_5,Pvalb,-62.03675455451011,-60.825775146484375,-60.825775146484375
20190927_sample_6,Vip,-57.66048738285899,-60.63984680175781,-60.63984680175781
20190927_sample_7,CT,-51.11429854854941,-66.98199462890625,-66.98199462890625
20191001_sample_1,Sst,-56.87222670093179,-59.49863815307617,-59.49863815307617
20191001_sample_2,low quality,-58.60909993723035,-61.520912170410156,-61.520912170410156
20191001_sample_3,Sst,-56.14634850174188,-59.62368392944336,-59.62368392944336
20191001_sample_4,Pvalb,-63.8528735473752,-60.143985748291016,-60.143985748291016
20191001_sample_5,Sst,-50.30258707478642,-59.7822151184082,-59.7822151184082
20191001_sample_6,Sst,-68.52159781306982,-60.077354431152344,-60.077354431152344
20191003_sample_2,low quality,-52.48225080370904,-62.52001953125,-62.52001953125
20191003_sample_3,Sst,-60.12526654675603,-60.62098693847656,-60.62098693847656
20191003_sample_4,Sst,-52.44959629550576,-60.99681854248047,-60.99681854248047
20191003_sample_5,Sst,-40.92785016000271,-59.809173583984375,-59.809173583984375
20191003_sample_6,CT,-67.0934778407216,-63.503028869628906,-63.503028869628906
20191010_sample_1,IT,-68.48811483383179,-64.07174682617188,-64.07174682617188
20191010_sample_2,Sst,-58.96978523731232,-60.86859130859375,-60.86859130859375
20191010_sample_3,IT,-66.4815823867917,-68.06016540527344,-68.06016540527344
20191010_sample_4,Pvalb,-59.86823406890035,-60.55265426635742,-60.55265426635742
20191010_sample_6,Pvalb,-53.090436699241394,-61.1728630065918,-61.1728630065918
20191010_sample_7,ET,-58.69177937731147,-62.247737884521484,-62.247737884521484
20191028_sample_1,Sst,-70.50672279298306,-61.692138671875,-61.692138671875
20191028_sample_2,Sst,-63.8737694978714,-59.8055534362793,-59.8055534362793
20191028_sample_3,Pvalb,-46.14544229730964,-60.35458755493164,-60.35458755493164
20191028_sample_4,low quality,-50.093226180225614,-62.33358383178711,-62.33358383178711
20191028_sample_5,low quality,-61.42656087428331,-61.24658966064453,-61.24658966064453
20191030_sample_2,Sst,-57.61542102694512,-61.110877990722656,-61.110877990722656
20191030_sample_3,ET,-53.112541395425794,-64.6611328125,-64.6611328125
20191030_sample_4,NP,-49.9818097256124,-62.888710021972656,-62.888710021972656
20191030_sample_5,Sst,-47.09474637359381,-60.40019607543945,-60.40019607543945
20191101_sample_1,Lamp5,-48.500226113200185,-60.725013732910156,-60.725013732910156
20191101_sample_2,CT,-59.61793923825026,-64.74225616455078,-64.74225616455078
20191101_sample_3,Lamp5,-44.8207507789135,-60.3210334777832,-60.3210334777832
20191101_sample_4,CT,-55.94971076026559,-65.84796142578125,-65.84796142578125
20191101_sample_5,CT,-57.36454711779952,-64.52249908447266,-64.52249908447266
20191101_sample_6,CT,-59.76281260624528,-63.0915641784668,-63.0915641784668
20191104_sample_1,Sst,-49.71839755550028,-60.45037078857422,-60.45037078857422
20191104_sample_2,Lamp5,-59.08990367501974,-61.0707893371582,-61.0707893371582
20191104_sample_3,low quality,-60.01063174754381,-60.78895568847656,-60.78895568847656
20191104_sample_4,Pvalb,-62.46895653903484,-61.41082000732422,-61.41082000732422
20191105_sample_1,Pvalb,-64.81723527163267,-59.983924865722656,-59.983924865722656
20191105_sample_2,IT,-57.789267887175086,-63.517913818359375,-63.517913818359375
20191105_sample_3,Sst,-56.12356211021543,-60.6502799987793,-60.6502799987793
20191105_sample_4,Pvalb,-52.56626890972257,-60.59357452392578,-60.59357452392578
20191105_sample_5,Sst,-55.1644754499197,-60.04277801513672,-60.04277801513672
20191106_sample_2,Lamp5,-63.1860597319901,-60.726356506347656,-60.726356506347656
20191106_sample_3,IT,-64.94072116762399,-67.06001281738281,-67.06001281738281
20191106_sample_5,Lamp5,-55.016251989454034,-61.06949996948242,-61.06949996948242
20191107_sample_1,low quality,-46.44884318634868,-63.00306701660156,-63.00306701660156
20191107_sample_2,Sst,-51.71548070535064,-60.408714294433594,-60.408714294433594
20191107_sample_3,Sst,-46.19274642765522,-59.97931671142578,-59.97931671142578
20191107_sample_4,Sst,-56.41908720955253,-59.80260467529297,-59.80260467529297
20191108_sample_1,CT,-65.15649135559798,-62.77278518676758,-62.77278518676758
20191108_sample_4,CT,-61.97172389999032,-63.6822509765625,-63.6822509765625
20191108_sample_5,IT,-54.54231714978814,-65.72877502441406,-65.72877502441406
20191114_sample_1,Lamp5,-58.483497731387615,-60.73659133911133,-60.73659133911133
20191114_sample_2,CT,-56.73510102406144,-63.23257827758789,-63.23257827758789
20191114_sample_3,IT,-60.61340215131641,-63.91141891479492,-63.91141891479492
20191114_sample_4,Sst,-54.331219471246,-59.804298400878906,-59.804298400878906
20191114_sample_5,low quality,-65.13632497936487,-63.0882682800293,-63.0882682800293
20191114_sample_7,IT,-58.50612924918532,-64.08368682861328,-64.08368682861328
20191114_sample_8,IT,-65.55366049855948,-64.4815673828125,-64.4815673828125
20191114_sample_9,ET,-50.14879392609001,-62.97747802734375,-62.97747802734375
20200106_sample_1,Lamp5,-58.23599185571074,-61.169612884521484,-61.169612884521484
20200106_sample_4,IT,-69.44572423547507,-65.9522476196289,-65.9522476196289
20200106_sample_5,IT,-54.64540743678808,-65.66510009765625,-65.66510009765625
20200106_sample_6,IT,-75.94042058289051,-66.43148803710938,-66.43148803710938
20200225_sample_2,IT,-55.261235401779416,-66.28540802001953,-66.28540802001953
20200225_sample_5,Sncg,-50.02822257652879,-59.8183479309082,-59.8183479309082
20200316_sample_1,ET,-72.22869543284179,-66.29293060302734,-66.29293060302734
20200316_sample_2,low quality,-65.30821864008902,-62.83351135253906,-62.83351135253906
20200316_sample_3,Pvalb,-60.47764774262905,-60.35282897949219,-60.35282897949219
