cell_id,RNA_family,y_true,y_pred,y_pred_train_space
20171204_sample_2,ET,-66.97065470814705,-63.18693161010742,-63.18693161010742
20171204_sample_4,IT,-63.530775198340415,-65.05746459960938,-65.05746459960938
20171204_sample_5,IT,-74.63592040985822,-65.83016204833984,-65.83016204833984
20171204_sample_6,ET,-59.41603727862239,-64.44233703613281,-64.44233703613281
20171207_sample_1,ET,-70.58059254139661,-63.94384765625,-63.94384765625
20171207_sample_2,ET,-67.97857887148857,-64.12124633789062,-64.12124633789062
20171207_sample_6,IT,-64.71374690830707,-64.78946685791016,-64.78946685791016
20171207_sample_7,IT,-67.88246461153031,-65.56244659423828,-65.56244659423828
20171219_sample_1,IT,-71.8545997619629,-67.32950592041016,-67.32950592041016
20171219_sample_2,IT,-69.68299843072892,-67.19803619384766,-67.19803619384766
20171219_sample_3,IT,-73.18689967095852,-66.8029556274414,-66.8029556274414
20171219_sample_4,ET,-70.11492036879062,-63.24934387207031,-63.24934387207031
20171219_sample_6,ET,-71.35295615196227,-64.04749298095703,-64.04749298095703
20171219_sample_7,IT,-71.568008685112,-67.6375503540039,-67.6375503540039
20171219_sample_8,ET,-70.98551642149687,-63.88072204589844,-63.88072204589844
20180102_sample_1,ET,-67.40421433448792,-63.32401657104492,-63.32401657104492
20180102_sample_2,IT,-61.27977625355125,-67.25517272949219,-67.25517272949219
20180102_sample_3,ET,-62.62846446186304,-65.6046142578125,-65.6046142578125
20180102_sample_4,ET,-67.46532682478428,-64.40098571777344,-64.40098571777344
20180102_sample_5,IT,-63.12547330856323,-63.341087341308594,-63.341087341308594
20180103_sample_1,ET,-64.56499718129635,-63.18000411987305,-63.18000411987305
20180103_sample_2,ET,-67.6823491603136,-63.889854431152344,-63.889854431152344
20180103_sample_3,ET,-64.27815756350756,-63.308223724365234,-63.308223724365234
20180103_sample_4,low quality,-63.58504756093025,-63.914772033691406,-63.914772033691406
20180103_sample_5,IT,-64.25594577342272,-65.30760192871094,-65.30760192871094
20180103_sample_6,IT,-64.11325778216124,-66.52709197998047,-66.52709197998047
20180103_sample_7,IT,-63.142297321558,-65.47093200683594,-65.47093200683594
20180103_sample_8,IT,-69.72007581889629,-68.00084686279297,-68.00084686279297
20180104_sample_1,low quality,-65.94041130840779,-64.79471588134766,-64.79471588134766
20180104_sample_2,IT,-66.02219137847425,-66.69388580322266,-66.69388580322266
20180104_sample_3,IT,-63.82608583271504,-66.30938720703125,-66.30938720703125
20180104_sample_4,low quality,-65.08670022338629,-62.8966178894043,-62.8966178894043
20180104_sample_6,ET,-65.76600203216076,-62.82072448730469,-62.82072448730469
20180105_sample_4,IT,-64.0122043132782,-65.37886810302734,-65.37886810302734
20180105_sample_5,IT,-63.13222421705723,-64.9251708984375,-64.9251708984375
20180105_sample_6,IT,-68.41704485714436,-67.2260513305664,-67.2260513305664
20180108_sample_1,IT,-63.56570622324944,-67.35809326171875,-67.35809326171875
20180108_sample_2,low quality,-67.61703179627656,-62.9134521484375,-62.9134521484375
20180108_sample_3,IT,-59.23592342138291,-63.524757385253906,-63.524757385253906
20180108_sample_4,ET,-62.167239984124905,-64.55579376220703,-64.55579376220703
20180108_sample_5,ET,-66.20478717982769,-65.15554809570312,-65.15554809570312
20180108_sample_7,IT,-53.217920310050246,-66.08755493164062,-66.08755493164062
20180108_sample_8,ET,-64.88404997140168,-64.2272720336914,-64.2272720336914
20180108_sample_9,IT,-68.06744345128536,-66.6937484741211,-66.6937484741211
20180108_sample_10,ET,-59.83617318272591,-64.0286636352539,-64.0286636352539
20180109_sample_1,IT,-65.78021983504294,-66.69215393066406,-66.69215393066406
20180109_sample_2,IT,-63.79928763806819,-65.7656478881836,-65.7656478881836
20180109_sample_5,IT,-68.53561621457338,-67.7123031616211,-67.7123031616211
20180110_sample_1,IT,-60.07418733686209,-67.60770416259766,-67.60770416259766
20180110_sample_2,IT,-66.8925314888358,-65.97515869140625,-65.97515869140625
20180110_sample_3,IT,-66.44403109997512,-67.81575775146484,-67.81575775146484
20180110_sample_4,IT,-55.51497177556157,-64.0984115600586,-64.0984115600586
20180110_sample_5,IT,-64.78783897459508,-66.09356689453125,-66.09356689453125
20180110_sample_7,IT,-62.18090220242739,-67.78868103027344,-67.78868103027344
20180110_sample_8,ET,-62.554775814712045,-64.86833953857422,-64.86833953857422
20180111_sample_5,IT,-61.70447520166636,-67.88043212890625,-67.88043212890625
20180115_sample_2,IT,-61.52877375409007,-63.26191711425781,-63.26191711425781
20180115_sample_5,IT,-58.51733434572816,-65.68446350097656,-65.68446350097656
20180115_sample_6,low quality,-65.63627599179745,-64.81524658203125,-64.81524658203125
20180115_sample_7,IT,-62.5687066860497,-67.32547760009766,-67.32547760009766
20180115_sample_8,IT,-58.765363754332064,-66.84882354736328,-66.84882354736328
20180115_sample_9,IT,-58.563069224357605,-66.74048614501953,-66.74048614501953
20180118_sample_1,IT,-54.7579396635294,-67.77815246582031,-67.77815246582031
20180118_sample_2,IT,-66.52738076746463,-66.90304565429688,-66.90304565429688
20180118_sample_4,IT,-55.85432856529951,-68.30584716796875,-68.30584716796875
20180118_sample_6,IT,-59.70150014311075,-65.8290023803711,-65.8290023803711
20180118_sample_7,ET,-55.32526955679059,-64.85210418701172,-64.85210418701172
20180118_sample_10,ET,-58.044162422418594,-64.32734680175781,-64.32734680175781
20180123_sample_1,ET,-58.908671867847445,-65.420654296875,-65.420654296875
20180123_sample_3,ET,-54.52551911920309,-64.14813995361328,-64.14813995361328
20180123_sample_5,ET,-54.99060773849487,-63.82305145263672,-63.82305145263672
20180123_sample_6,ET,-53.66694673225284,-64.63585662841797,-64.63585662841797
20180123_sample_7,ET,-57.04896402657032,-63.163291931152344,-63.163291931152344
20180208_sample_1,low quality,-63.38204368054866,-63.043800354003906,-63.043800354003906
20180208_sample_2,ET,-63.71990309655666,-65.55754089355469,-65.55754089355469
20180208_sample_3,ET,-65.41902915686369,-64.18226623535156,-64.18226623535156
20180208_sample_4,IT,-62.99559080153704,-67.17526245117188,-67.17526245117188
20180208_sample_5,IT,-60.60612570419907,-65.61954498291016,-65.61954498291016
20180213_sample_3,ET,-62.07314558550715,-65.24293518066406,-65.24293518066406
20180213_sample_5,Pvalb,-67.99683753848076,-62.991798400878906,-62.991798400878906
20180215_sample_1,Pvalb,-67.56217119246722,-63.01542282104492,-63.01542282104492
20180220_sample_1,Sst,-49.462332755327225,-61.02090072631836,-61.02090072631836
20180220_sample_2,IT,-60.02316665872931,-64.06713104248047,-64.06713104248047
20180225_sample_1,IT,-67.90558515787124,-66.69618225097656,-66.69618225097656
20180225_sample_2,IT,-75.11205902546644,-66.29019927978516,-66.29019927978516
20180225_sample_3,IT,-69.86816712021829,-65.976318359375,-65.976318359375
20180225_sample_4,IT,-64.10358410477639,-68.7308578491211,-68.7308578491211
20180225_sample_5,ET,-64.2814698845148,-64.42814636230469,-64.42814636230469
20180225_sample_7,Pvalb,-51.250599050521856,-61.82665252685547,-61.82665252685547
20180228_sample_3,IT,-74.0773623034358,-65.22109985351562,-65.22109985351562
20180306_sample_1,Pvalb,-53.33693676814437,-63.416439056396484,-63.416439056396484
20180306_sample_2,IT,-75.14347814172507,-67.1768569946289,-67.1768569946289
20180306_sample_3,IT,-73.14424259215593,-65.82976531982422,-65.82976531982422
20180306_sample_5,IT,-73.64184925109149,-66.59603881835938,-66.59603881835938
20180309_sample_4,IT,-72.02918170094489,-64.19530487060547,-64.19530487060547
20180309_sample_6,IT,-66.32644159495831,-65.42249298095703,-65.42249298095703
20180309_sample_7,IT,-61.11377986893058,-66.19003295898438,-66.19003295898438
20180309_sample_8,IT,-64.16439272910357,-65.00438690185547,-65.00438690185547
20180313_sample_1,low quality,-70.08494872748852,-62.769657135009766,-62.769657135009766
20180313_sample_2,ET,-71.80511103272437,-64.41315460205078,-64.41315460205078
20180313_sample_3,ET,-61.98695482686162,-65.3316879272461,-65.3316879272461
20180313_sample_7,IT,-65.63081529736519,-67.09845733642578,-67.09845733642578
20180313_sample_8,low quality,-72.99034787714481,-62.44679641723633,-62.44679641723633
20180313_sample_9,Pvalb,-72.26075494140386,-61.304683685302734,-61.304683685302734
20180315_sample_1,ET,-72.1775815203786,-64.328125,-64.328125
20180315_sample_2,low quality,-79.55191062390804,-63.97469711303711,-63.97469711303711
20180315_sample_5,IT,-69.24188982099295,-68.61959075927734,-68.61959075927734
20180315_sample_6,IT,-61.50995781943202,-66.9149398803711,-66.9149398803711
20180321_sample_2,IT,-65.23846670985222,-65.26590728759766,-65.26590728759766
20180321_sample_3,IT,-59.89939396455884,-64.9119873046875,-64.9119873046875
20180321_sample_4,IT,-67.86338700503111,-67.28118896484375,-67.28118896484375
20180321_sample_8,ET,-70.07425741702318,-63.96397399902344,-63.96397399902344
20180321_sample_9,ET,-54.71042468547821,-63.94673156738281,-63.94673156738281
20180322_sample_1,IT,-70.74649498760701,-66.52851104736328,-66.52851104736328
20180322_sample_2,IT,-67.38740310519933,-67.17581176757812,-67.17581176757812
20180322_sample_3,IT,-66.51355873346328,-65.76153564453125,-65.76153564453125
20180322_sample_4,IT,-60.63603166639805,-64.91099548339844,-64.91099548339844
20180322_sample_5,IT,-64.68931690752507,-65.49129486083984,-65.49129486083984
20180322_sample_6,ET,-64.29551725387574,-64.06546020507812,-64.06546020507812
20180322_sample_7,ET,-56.82101888880133,-63.77789306640625,-63.77789306640625
20180327_sample_1,Pvalb,-62.338014111667874,-62.60668182373047,-62.60668182373047
20180327_sample_2,Pvalb,-66.37274278402329,-63.18103790283203,-63.18103790283203
20180327_sample_3,IT,-57.12716140374541,-64.21281433105469,-64.21281433105469
20180327_sample_4,Pvalb,-69.172641338408,-62.239009857177734,-62.239009857177734
20180327_sample_5,Pvalb,-55.86667433828116,-62.60246658325195,-62.60246658325195
20180327_sample_6,IT,-63.12024886310101,-65.99850463867188,-65.99850463867188
20180329_sample_1,IT,-63.193929485976696,-65.09228515625,-65.09228515625
20180329_sample_2,IT,-85.94332930892706,-64.55120086669922,-64.55120086669922
20180329_sample_3,IT,-66.16191821843385,-64.70535278320312,-64.70535278320312
20180329_sample_4,ET,-68.85333291441202,-64.16313934326172,-64.16313934326172
20180329_sample_5,IT,-61.61146580800414,-66.39241790771484,-66.39241790771484
20180329_sample_6,IT,-67.65763535946607,-65.78224182128906,-65.78224182128906
20180329_sample_7,low quality,-62.376655729115015,-64.12889099121094,-64.12889099121094
20180329_sample_8,IT,-65.83235537111759,-66.16725158691406,-66.16725158691406
20180403_sample_5,IT,-61.51922915056348,-65.09729766845703,-65.09729766845703
20180403_sample_6,ET,-62.17740167230368,-61.459808349609375,-61.459808349609375
20180403_sample_7,IT,-74.28624220341445,-65.0527572631836,-65.0527572631836
20180404_sample_1,Pvalb,-65.07982879132032,-61.847965240478516,-61.847965240478516
20180404_sample_2,Pvalb,-62.61056714877486,-62.654823303222656,-62.654823303222656
20180404_sample_3,IT,-68.11065508276224,-68.01929473876953,-68.01929473876953
20180404_sample_4,Pvalb,-76.95537605881691,-61.08392333984375,-61.08392333984375
20180404_sample_5,Pvalb,-58.66119628364686,-62.93952560424805,-62.93952560424805
20180404_sample_7,IT,-74.80097202658654,-64.9383544921875,-64.9383544921875
20180405_sample_1,ET,-66.7425163283944,-64.15311431884766,-64.15311431884766
20180405_sample_2,IT,-77.73796359300613,-66.20826721191406,-66.20826721191406
20180405_sample_3,IT,-74.25502296239137,-65.81844329833984,-65.81844329833984
20180410_sample_1,Pvalb,-58.025913023203614,-62.42731857299805,-62.42731857299805
20180410_sample_3,IT,-61.02033768519759,-66.04408264160156,-66.04408264160156
20180410_sample_4,IT,-84.56716461181641,-68.18890380859375,-68.18890380859375
20180410_sample_5,IT,-78.51065004318953,-68.35714721679688,-68.35714721679688
20180410_sample_6,IT,-55.84126565381885,-66.58916473388672,-66.58916473388672
20180410_sample_9,Pvalb,-61.52832121476531,-61.910316467285156,-61.910316467285156
20180411_sample_1,IT,-55.777667589485645,-68.73272705078125,-68.73272705078125
20180411_sample_3,IT,-54.30699521452189,-67.53158569335938,-67.53158569335938
20180411_sample_4,Pvalb,-75.57357427477837,-62.009883880615234,-62.009883880615234
20180411_sample_5,Pvalb,-44.95952836349606,-62.54212188720703,-62.54212188720703
20180412_sample_1,IT,-65.72135632336139,-67.46663665771484,-67.46663665771484
20180412_sample_2,Pvalb,-65.41995152235032,-62.56117248535156,-62.56117248535156
20180412_sample_3,IT,-48.72048891708255,-65.54541015625,-65.54541015625
20180412_sample_4,IT,-79.98276861906052,-67.70779418945312,-67.70779418945312
20180412_sample_7,IT,-53.12667468935251,-68.17213439941406,-68.17213439941406
20180413_sample_2,Pvalb,-76.26206975728273,-60.18608474731445,-60.18608474731445
20180413_sample_3,Pvalb,-64.58173685222864,-62.29119110107422,-62.29119110107422
20180413_sample_4,IT,-68.7451036810875,-64.90292358398438,-64.90292358398438
20180417_sample_1,Vip,-54.415570428222416,-58.90226364135742,-58.90226364135742
20180417_sample_2,Pvalb,-68.86735777705908,-62.45233917236328,-62.45233917236328
20180417_sample_3,IT,-70.92331172525883,-65.56372833251953,-65.56372833251953
20180417_sample_4,Pvalb,-60.86604288965464,-60.82280731201172,-60.82280731201172
20180417_sample_5,IT,-77.3202734977007,-64.51170349121094,-64.51170349121094
20180417_sample_6,IT,-82.08854483515024,-64.00855255126953,-64.00855255126953
20180417_sample_7,Pvalb,-63.06937998384237,-61.43845748901367,-61.43845748901367
20180417_sample_8,Sst,-64.72161051928997,-58.985408782958984,-58.985408782958984
20180417_sample_9,IT,-76.45953478217125,-67.80181884765625,-67.80181884765625
20180418_sample_1,Pvalb,-58.56251505315304,-61.31373977661133,-61.31373977661133
20180418_sample_2,Pvalb,-63.294024504721165,-61.655731201171875,-61.655731201171875
20180418_sample_3,Pvalb,-61.719128749519584,-61.60026931762695,-61.60026931762695
20180418_sample_5,IT,-74.29486342519522,-65.48301696777344,-65.48301696777344
20180418_sample_6,IT,-71.97967534959317,-65.87679290771484,-65.87679290771484
20180420_sample_2,low quality,-65.16530082523823,-64.23506927490234,-64.23506927490234
20180420_sample_3,IT,-66.5298765361309,-64.13790893554688,-64.13790893554688
20180420_sample_4,IT,-44.06514282971621,-66.01776885986328,-66.01776885986328
20180424_sample_1,IT,-75.02666396647692,-65.54519653320312,-65.54519653320312
20180424_sample_2,IT,-74.56563265025616,-66.30554962158203,-66.30554962158203
20180424_sample_3,IT,-77.18727020472288,-66.7864761352539,-66.7864761352539
20180424_sample_6,IT,-85.5745664343238,-65.71515655517578,-65.71515655517578
20180425_sample_2,IT,-73.20795587897301,-66.5626449584961,-66.5626449584961
20180425_sample_3,Pvalb,-59.204995413869625,-61.04826736450195,-61.04826736450195
20180425_sample_4,IT,-76.5787138402462,-66.4140625,-66.4140625
20180425_sample_5,Sncg,-56.52660482302308,-58.658607482910156,-58.658607482910156
20180425_sample_7,Pvalb,-53.49560463875533,-61.864376068115234,-61.864376068115234
20180425_sample_8,Vip,-82.66405124366284,-58.452457427978516,-58.452457427978516
20180425_sample_9,IT,-68.04393620342016,-65.49329376220703,-65.49329376220703
20180426_sample_1,ET,-72.11683106571436,-62.76139450073242,-62.76139450073242
20180426_sample_3,IT,-58.69194143861532,-68.08062744140625,-68.08062744140625
20180426_sample_4,IT,-79.1564089357853,-67.06752014160156,-67.06752014160156
20180426_sample_5,Pvalb,-52.969487166404726,-62.12434768676758,-62.12434768676758
20180426_sample_7,IT,-56.36937291100621,-66.21305847167969,-66.21305847167969
20180426_sample_9,Pvalb,-55.136327379196885,-60.91591262817383,-60.91591262817383
20180501_sample_2,IT,-70.93377138674259,-66.47808837890625,-66.47808837890625
20180501_sample_3,IT,-70.242814001441,-65.80558013916016,-65.80558013916016
20180501_sample_4,IT,-74.34802378416062,-66.6182861328125,-66.6182861328125
20180501_sample_5,IT,-69.75305418074132,-64.25180053710938,-64.25180053710938
20180501_sample_6,low quality,-71.90946218371391,-62.707801818847656,-62.707801818847656
20180501_sample_7,low quality,-53.85436343699693,-63.310333251953125,-63.310333251953125
20180501_sample_8,Lamp5,-53.88194296061992,-60.062095642089844,-60.062095642089844
20180502_sample_1,low quality,-44.2330535903573,-62.261985778808594,-62.261985778808594
20180502_sample_2,low quality,-82.13639110028744,-62.59722137451172,-62.59722137451172
20180502_sample_3,IT,-51.176615099608895,-66.83466339111328,-66.83466339111328
20180502_sample_4,IT,-80.05467665940523,-65.74827575683594,-65.74827575683594
20180508_sample_1,Pvalb,-67.14733929783105,-62.05341339111328,-62.05341339111328
20180508_sample_2,IT,-72.22182364314794,-63.74270248413086,-63.74270248413086
20180508_sample_3,IT,-73.86689305901527,-66.0999984741211,-66.0999984741211
20180508_sample_4,IT,-79.29871898144484,-65.5591812133789,-65.5591812133789
20180509_sample_1,low quality,-72.04311468154191,-63.99879837036133,-63.99879837036133
20180509_sample_2,IT,-71.12754658609629,-66.89412689208984,-66.89412689208984
20180509_sample_3,IT,-79.90855877548455,-66.5439453125,-66.5439453125
20180509_sample_4,IT,-78.10684338957071,-64.71522521972656,-64.71522521972656
20180509_sample_5,IT,-73.97973034381866,-66.06255340576172,-66.06255340576172
20180509_sample_7,IT,-71.44038157314063,-66.30790710449219,-66.30790710449219
20180509_sample_9,IT,-76.26235813796521,-67.15275573730469,-67.15275573730469
20180510_sample_2,Pvalb,-56.21840900108218,-62.704681396484375,-62.704681396484375
20180510_sample_3,IT,-70.44204684644939,-65.08514404296875,-65.08514404296875
20180510_sample_4,IT,-78.99651574641466,-66.94932556152344,-66.94932556152344
20180510_sample_5,IT,-57.88046065717936,-65.53974151611328,-65.53974151611328
20180510_sample_9,IT,-60.52865594252944,-66.36073303222656,-66.36073303222656
20180515_sample_1,Pvalb,-61.53756548240781,-61.91470718383789,-61.91470718383789
20180515_sample_6,Pvalb,-86.97576287090779,-60.6226921081543,-60.6226921081543
20180522_sample_1,IT,-67.10155619680882,-64.93910217285156,-64.93910217285156
20180522_sample_2,IT,-82.68317484110594,-65.56690216064453,-65.56690216064453
20180522_sample_3,IT,-62.90791735351085,-66.95274353027344,-66.95274353027344
20180522_sample_4,IT,-72.72183564156293,-66.80915832519531,-66.80915832519531
20180522_sample_5,Pvalb,-65.29221368581057,-61.833255767822266,-61.833255767822266
20180522_sample_6,ET,-62.65240495949983,-64.28002166748047,-64.28002166748047
20180522_sample_7,IT,-74.56646427512169,-65.01534271240234,-65.01534271240234
20180524_sample_5,low quality,-45.08407685980201,-62.232154846191406,-62.232154846191406
20180524_sample_8,IT,-62.15131251215935,-65.7888412475586,-65.7888412475586
20180524_sample_9,Pvalb,-51.28300918191671,-61.50343322753906,-61.50343322753906
20180529_sample_3,IT,-71.71713687330484,-67.40205383300781,-67.40205383300781
20180608_sample_1,Lamp5,-62.10459298789501,-60.51216125488281,-60.51216125488281
20180608_sample_2,Pvalb,-69.31908489763737,-63.49158477783203,-63.49158477783203
20180608_sample_3,IT,-68.41141691356898,-64.32514953613281,-64.32514953613281
20180608_sample_5,Pvalb,-68.66627950817346,-61.36198425292969,-61.36198425292969
20180619_sample_3,Pvalb,-64.90092251598836,-60.64496612548828,-60.64496612548828
20180619_sample_5,IT,-74.9556315973401,-65.91193389892578,-65.91193389892578
20180619_sample_7,Lamp5,-60.64006234630942,-61.631591796875,-61.631591796875
20180621_sample_1,IT,-80.54522367715836,-66.10742950439453,-66.10742950439453
20180621_sample_2,IT,-78.12796205431223,-64.95148468017578,-64.95148468017578
20180621_sample_3,Sncg,-50.50954183191061,-59.136619567871094,-59.136619567871094
20180621_sample_4,IT,-75.93031139224769,-66.2846450805664,-66.2846450805664
20180621_sample_5,Vip,-56.50631996244192,-59.54643630981445,-59.54643630981445
20180621_sample_7,Pvalb,-59.242731755226856,-62.15959548950195,-62.15959548950195
20180621_sample_8,Pvalb,-43.483355382084845,-61.867210388183594,-61.867210388183594
20180628_sample_2,Pvalb,-64.84478927105665,-62.1918830871582,-62.1918830871582
20180628_sample_3,Pvalb,-68.87927370369434,-61.22509765625,-61.22509765625
20180628_sample_4,low quality,-57.40860100239516,-62.235626220703125,-62.235626220703125
20180628_sample_6,Pvalb,-62.16871111616492,-61.74732208251953,-61.74732208251953
20180628_sample_7,Lamp5,-58.35606807693839,-59.48681640625,-59.48681640625
20180703_sample_1,Pvalb,-60.37894406542182,-60.8611946105957,-60.8611946105957
20180703_sample_2,IT,-63.104035802185535,-65.69314575195312,-65.69314575195312
20180703_sample_3,low quality,-52.65384497791528,-62.83413314819336,-62.83413314819336
20180704_sample_1,Pvalb,-59.647231565415865,-61.450199127197266,-61.450199127197266
20180704_sample_2,Pvalb,-59.83281456753612,-61.2978630065918,-61.2978630065918
20180704_sample_3,Pvalb,-53.77864217981696,-61.25471115112305,-61.25471115112305
20180704_sample_4,IT,-63.956187944114205,-66.1593246459961,-66.1593246459961
20180704_sample_5,Pvalb,-56.10577122271061,-62.282676696777344,-62.282676696777344
20180705_sample_1,Pvalb,-67.77450255453587,-61.3312873840332,-61.3312873840332
20180705_sample_4,Pvalb,-64.65812359601259,-62.58722686767578,-62.58722686767578
20180709_sample_2,IT,-71.48579289913178,-67.99774932861328,-67.99774932861328
20180709_sample_3,Lamp5,-56.79520911648869,-60.800750732421875,-60.800750732421875
20180709_sample_4,IT,-67.16967789232731,-67.39956665039062,-67.39956665039062
20180709_sample_6,IT,-53.28545727133751,-65.97333526611328,-65.97333526611328
20180710_sample_1,Pvalb,-54.905825375020505,-63.28548812866211,-63.28548812866211
20180710_sample_2,Pvalb,-65.37859922796488,-61.58285903930664,-61.58285903930664
20180710_sample_3,Pvalb,-64.1352982968092,-61.56520080566406,-61.56520080566406
20180710_sample_5,Pvalb,-68.51976595073938,-61.703880310058594,-61.703880310058594
20180711_sample_1,Pvalb,-64.82505223751068,-60.633888244628906,-60.633888244628906
20180711_sample_2,Sst,-60.40026612058282,-59.43551254272461,-59.43551254272461
20180711_sample_3,Sst,-50.1476925060153,-59.11743927001953,-59.11743927001953
20180711_sample_4,Sst,-53.70899903848768,-58.254676818847656,-58.254676818847656
20180712_sample_2,low quality,-62.65327677726745,-62.22039794921875,-62.22039794921875
20180712_sample_3,Sncg,-59.54871113449335,-58.67009735107422,-58.67009735107422
20180712_sample_5,Pvalb,-49.36971951797605,-62.38734817504883,-62.38734817504883
20180712_sample_11,Pvalb,-49.82746504768729,-62.778648376464844,-62.778648376464844
20180712_sample_12,Pvalb,-69.34557250142097,-61.543182373046875,-61.543182373046875
20180712_sample_13,IT,-77.57082926034929,-68.59378814697266,-68.59378814697266
20180712_sample_14,Pvalb,-69.58952411264181,-62.29869079589844,-62.29869079589844
20180712_sample_15,Pvalb,-68.15065641850234,-61.5449333190918,-61.5449333190918
20180717_sample_1,Pvalb,-60.08405029326677,-61.4434928894043,-61.4434928894043
20180717_sample_2,Lamp5,-54.98393050283194,-59.950531005859375,-59.950531005859375
20180717_sample_3,Pvalb,-68.19126203060151,-61.952850341796875,-61.952850341796875
20180717_sample_4,Pvalb,-72.12379877865314,-61.436187744140625,-61.436187744140625
20180717_sample_6,Pvalb,-55.56759485602379,-61.263057708740234,-61.263057708740234
20180717_sample_7,ET,-60.02008041739464,-65.83671569824219,-65.83671569824219
20180718_sample_2,Pvalb,-62.29216266199947,-61.2169303894043,-61.2169303894043
20180718_sample_3,Pvalb,-70.58577502816915,-61.64310836791992,-61.64310836791992
20180718_sample_4,Pvalb,-64.71770298182963,-61.56305694580078,-61.56305694580078
20180719_sample_1,Pvalb,-68.94757909625768,-62.908538818359375,-62.908538818359375
20180719_sample_4,Pvalb,-71.87102126628162,-61.203086853027344,-61.203086853027344
20180720_sample_2,Sncg,-63.00090572163462,-59.21669006347656,-59.21669006347656
20180720_sample_3,Pvalb,-53.46900559961796,-60.87539291381836,-60.87539291381836
20180720_sample_5,Lamp5,-68.37401371747255,-61.22407150268555,-61.22407150268555
20180725_sample_3,IT,-68.44530797749758,-66.35480499267578,-66.35480499267578
20180725_sample_4,low quality,-72.77442920804023,-63.62818145751953,-63.62818145751953
20180725_sample_6,Pvalb,-48.137346518039706,-61.2518196105957,-61.2518196105957
20180725_sample_7,IT,-63.88399884700775,-67.2812728881836,-67.2812728881836
20180725_sample_9,Lamp5,-63.98510719537735,-62.34587097167969,-62.34587097167969
20180726_sample_3,Pvalb,-61.28599061593413,-61.46363067626953,-61.46363067626953
20180726_sample_4,Pvalb,-69.49147226661444,-61.82191467285156,-61.82191467285156
20180726_sample_5,Pvalb,-60.15400109291076,-61.85103225708008,-61.85103225708008
20180726_sample_6,Pvalb,-70.48611871004104,-61.23900604248047,-61.23900604248047
20180726_sample_7,Pvalb,-58.03529989272356,-61.9771614074707,-61.9771614074707
20180817_sample_2,Pvalb,-68.25667846351863,-61.583316802978516,-61.583316802978516
20180817_sample_3,Pvalb,-55.69215366989374,-61.33411407470703,-61.33411407470703
20180817_sample_4,Pvalb,-62.63942103087902,-61.1349983215332,-61.1349983215332
20180817_sample_5,Pvalb,-64.81312437206506,-62.0329475402832,-62.0329475402832
20180817_sample_6,IT,-68.68482575565577,-66.43985748291016,-66.43985748291016
20180817_sample_7,Pvalb,-65.1143311649561,-61.6735725402832,-61.6735725402832
20180820_sample_1,Sst,-40.39000487923622,-59.59082794189453,-59.59082794189453
20180820_sample_2,IT,-75.76145369857551,-66.16083526611328,-66.16083526611328
20180820_sample_3,Sst,-59.64982003793121,-59.66145706176758,-59.66145706176758
20180820_sample_4,Sst,-61.0343488112092,-59.06523895263672,-59.06523895263672
20180820_sample_5,Sst,-63.8087781354785,-62.52655792236328,-62.52655792236328
20180820_sample_6,IT,-78.38647138625383,-66.80054473876953,-66.80054473876953
20180820_sample_7,Sst,-42.56395683512092,-61.06806182861328,-61.06806182861328
20180822_sample_1,Pvalb,-58.4628511197865,-62.65365219116211,-62.65365219116211
20180822_sample_2,Pvalb,-66.90727826505899,-62.405033111572266,-62.405033111572266
20180822_sample_3,Pvalb,-50.75594524294138,-61.329166412353516,-61.329166412353516
20180822_sample_4,Pvalb,-62.4847477324307,-62.623809814453125,-62.623809814453125
20180822_sample_6,Pvalb,-59.29204812273383,-61.82347869873047,-61.82347869873047
20180822_sample_7,Pvalb,-68.51504977345468,-61.83216857910156,-61.83216857910156
20180828_sample_2,Pvalb,-62.19813532978296,-62.05725860595703,-62.05725860595703
20180828_sample_3,Pvalb,-64.41073675900697,-61.19967269897461,-61.19967269897461
20180828_sample_4,IT,-69.22573270350695,-66.61300659179688,-66.61300659179688
20180828_sample_5,Pvalb,-60.753866475820544,-61.8474235534668,-61.8474235534668
20180828_sample_6,Pvalb,-60.37914649099112,-62.081756591796875,-62.081756591796875
20180828_sample_7,low quality,-58.49668421074748,-63.132057189941406,-63.132057189941406
20180828_sample_8,IT,-64.95423209965229,-65.52855682373047,-65.52855682373047
20180829_sample_1,Sst,-52.67206538841128,-60.55934524536133,-60.55934524536133
20180829_sample_2,Sst,-50.21655501574278,-59.3692741394043,-59.3692741394043
20180829_sample_3,Sst,-45.1609291434288,-58.91622543334961,-58.91622543334961
20180829_sample_4,Sst,-51.60193840786815,-59.3364143371582,-59.3364143371582
20180829_sample_5,Sst,-48.84918569624424,-61.67575454711914,-61.67575454711914
20180829_sample_6,Sst,-58.81705983579159,-58.91130065917969,-58.91130065917969
20180829_sample_7,Sst,-51.71058929562569,-59.14894485473633,-59.14894485473633
20180829_sample_8,IT,-63.75781272351742,-66.3741683959961,-66.3741683959961
20180830_sample_1,Pvalb,-49.07591924592853,-62.33204650878906,-62.33204650878906
20180830_sample_2,Pvalb,-60.10905754938722,-61.7390022277832,-61.7390022277832
20180830_sample_5,Pvalb,-61.83511086031795,-61.4515380859375,-61.4515380859375
20180830_sample_6,Pvalb,-60.52722152918577,-62.67451858520508,-62.67451858520508
20180904_sample_1,Pvalb,-65.19955840855837,-62.118255615234375,-62.118255615234375
20180904_sample_2,Pvalb,-70.2804165303707,-61.71255111694336,-61.71255111694336
20180904_sample_3,Pvalb,-58.19956478178501,-61.65519714355469,-61.65519714355469
20180904_sample_4,Pvalb,-65.84516624510289,-61.177433013916016,-61.177433013916016
20180904_sample_5,Pvalb,-61.27806155458093,-63.054168701171875,-63.054168701171875
20180904_sample_6,Pvalb,-57.51428385823965,-61.35004425048828,-61.35004425048828
20180904_sample_7,Pvalb,-56.61864612177014,-61.793853759765625,-61.793853759765625
20180904_sample_9,Pvalb,-61.85223229974508,-61.483943939208984,-61.483943939208984
20180905_sample_1,Sst,-66.51792002767326,-60.4139289855957,-60.4139289855957
20180905_sample_2,Sst,-60.2785462282598,-58.146080017089844,-58.146080017089844
20180910_sample_2,Sst,-70.43100355416536,-59.4563102722168,-59.4563102722168
20180910_sample_3,Sst,-60.89114914014935,-58.99134063720703,-58.99134063720703
20180911_sample_1,Sst,-39.87186015546322,-58.88276672363281,-58.88276672363281
20180911_sample_2,Sst,-65.49049974828958,-61.03028106689453,-61.03028106689453
20180911_sample_3,Sst,-57.87099601253867,-58.99909210205078,-58.99909210205078
20180911_sample_5,Sst,-57.14564808011055,-62.120330810546875,-62.120330810546875
20180911_sample_6,Sst,-53.93640084192157,-60.07667922973633,-60.07667922973633
20180912_sample_2,Pvalb,-53.679860638082026,-61.87281799316406,-61.87281799316406
20180912_sample_3,Pvalb,-94.70000936836004,-62.231990814208984,-62.231990814208984
20180912_sample_6,Pvalb,-58.44622412919998,-61.58332824707031,-61.58332824707031
20180913_sample_2,low quality,-60.88214421793818,-62.16809844970703,-62.16809844970703
20180917_sample_1,Sst,-51.042558106035,-59.254756927490234,-59.254756927490234
20180917_sample_2,Pvalb,-67.38193519562483,-61.97545623779297,-61.97545623779297
20180917_sample_3,IT,-80.45394618511199,-66.75267028808594,-66.75267028808594
20180917_sample_4,Pvalb,-68.53629613816739,-60.645328521728516,-60.645328521728516
20180917_sample_5,Sst,-67.92120839059353,-61.343414306640625,-61.343414306640625
20180918_sample_1,Vip,-56.18119700998068,-59.285804748535156,-59.285804748535156
20180918_sample_2,Vip,-53.86655928194523,-59.02241134643555,-59.02241134643555
20180918_sample_3,Vip,-74.7271214351058,-59.06382369995117,-59.06382369995117
20180920_sample_1,low quality,-64.09742847383023,-62.739952087402344,-62.739952087402344
20180920_sample_2,Pvalb,-58.66675009727479,-61.106201171875,-61.106201171875
20180920_sample_3,Pvalb,-64.43531139642,-63.28224182128906,-63.28224182128906
20180920_sample_4,Pvalb,-66.56815455853939,-62.185447692871094,-62.185447692871094
20180921_sample_1,low quality,-68.69907135665417,-61.8708610534668,-61.8708610534668
20180921_sample_2,Pvalb,-62.64796224161982,-62.116844177246094,-62.116844177246094
20180921_sample_3,Pvalb,-61.22518789693713,-62.626319885253906,-62.626319885253906
20180925_sample_9,Pvalb,-64.55474294126034,-61.50820541381836,-61.50820541381836
20180926_sample_1,Pvalb,-71.9078401774168,-61.66518783569336,-61.66518783569336
20180926_sample_3,Pvalb,-64.00377252697945,-63.11289596557617,-63.11289596557617
20180926_sample_4,low quality,-65.99258641153574,-61.72526168823242,-61.72526168823242
20180926_sample_7,Pvalb,-72.3651294708252,-61.31809616088867,-61.31809616088867
20180926_sample_9,IT,-74.97977983355523,-68.36500549316406,-68.36500549316406
20180927_sample_1,Pvalb,-52.571727491170165,-61.782039642333984,-61.782039642333984
20180927_sample_2,Pvalb,-72.02291646003724,-62.046775817871094,-62.046775817871094
20180927_sample_3,low quality,-59.66259353384376,-61.82698440551758,-61.82698440551758
20180927_sample_4,Pvalb,-73.85985091626645,-61.562747955322266,-61.562747955322266
20180927_sample_5,Pvalb,-58.51096574217081,-61.303306579589844,-61.303306579589844
20180927_sample_7,Pvalb,-56.12093387171626,-62.75456237792969,-62.75456237792969
20180927_sample_9,IT,-66.24703162014484,-64.91244506835938,-64.91244506835938
20180927_sample_10,low quality,-64.8284901931882,-62.3314208984375,-62.3314208984375
20181002_sample_1,low quality,-59.891476194560525,-61.46565628051758,-61.46565628051758
20181002_sample_2,Pvalb,-69.83651668876409,-61.76398849487305,-61.76398849487305
20181002_sample_3,Pvalb,-60.58872105926275,-61.524391174316406,-61.524391174316406
20181002_sample_4,Pvalb,-65.83139749616385,-60.97071838378906,-60.97071838378906
20181002_sample_5,Pvalb,-62.8285589210689,-62.35366439819336,-62.35366439819336
20181002_sample_6,Pvalb,-62.89582946673036,-60.82481384277344,-60.82481384277344
20181002_sample_7,IT,-74.10968006104231,-69.07828521728516,-69.07828521728516
20181002_sample_8,Pvalb,-68.97782834768296,-61.567928314208984,-61.567928314208984
20181002_sample_9,Sst,-51.3574137404561,-61.110233306884766,-61.110233306884766
20181002_sample_10,Pvalb,-54.56022358909249,-62.613739013671875,-62.613739013671875
20181003_sample_1,low quality,-46.46578720584512,-61.72871017456055,-61.72871017456055
20181003_sample_2,Sst,-65.20105091035367,-62.39922332763672,-62.39922332763672
20181003_sample_3,Sst,-55.09048781916499,-60.970054626464844,-60.970054626464844
20181003_sample_4,Sst,-65.08905755430459,-59.0125617980957,-59.0125617980957
20181003_sample_5,Sst,-51.5843216791749,-59.41629409790039,-59.41629409790039
20181003_sample_6,Sst,-54.11416515856982,-59.11320114135742,-59.11320114135742
20181003_sample_7,Sst,-59.3087439596653,-60.10116195678711,-60.10116195678711
20181003_sample_8,Sst,-62.429958486557005,-62.53025436401367,-62.53025436401367
20181003_sample_9,Sst,-57.301437540352346,-60.67300796508789,-60.67300796508789
20181003_sample_10,Sst,-65.92893027514219,-61.02417755126953,-61.02417755126953
20181004_sample_1,low quality,-51.34492252320051,-64.1272964477539,-64.1272964477539
20181004_sample_3,Sst,-52.85762591063976,-61.402557373046875,-61.402557373046875
20181004_sample_5,Sst,-55.20910112485289,-60.31633758544922,-60.31633758544922
20181004_sample_6,Sst,-62.36304105520249,-60.4107666015625,-60.4107666015625
20181004_sample_8,Sst,-54.798739958554506,-60.750694274902344,-60.750694274902344
20181009_sample_2,Sst,-59.2217559479177,-60.325382232666016,-60.325382232666016
20181009_sample_3,Sst,-50.72969170138239,-59.504215240478516,-59.504215240478516
20181009_sample_4,Sst,-61.1797243759036,-59.86678695678711,-59.86678695678711
20181009_sample_5,Sst,-56.35146188214421,-61.09600067138672,-61.09600067138672
20181009_sample_6,IT,-78.52960063070059,-66.07067108154297,-66.07067108154297
20181009_sample_7,Sst,-44.88125156760216,-58.6781005859375,-58.6781005859375
20181010_sample_1,Sst,-46.71524528712034,-60.887001037597656,-60.887001037597656
20181010_sample_3,Sst,-54.27002239376307,-60.269439697265625,-60.269439697265625
20181010_sample_4,Sst,-61.43363108187914,-58.54172897338867,-58.54172897338867
20181010_sample_5,IT,-73.43527994751929,-68.7649917602539,-68.7649917602539
20181010_sample_6,Sst,-73.91344427168369,-61.88421630859375,-61.88421630859375
20181010_sample_8,Sst,-67.13243238329888,-60.63968276977539,-60.63968276977539
20181010_sample_10,Sst,-60.28869882300496,-59.29814910888672,-59.29814910888672
20181011_sample_3,Sst,-60.02549016997219,-62.03794860839844,-62.03794860839844
20181011_sample_4,Sst,-49.43975293636322,-61.90959930419922,-61.90959930419922
20181011_sample_8,Sst,-61.17671550512314,-60.87254333496094,-60.87254333496094
20181011_sample_9,Sst,-51.42239321023226,-62.49798583984375,-62.49798583984375
20181011_sample_10,Sst,-64.73030884861946,-61.2368278503418,-61.2368278503418
20181109_sample_1,Sst,-64.94447005689145,-59.21825408935547,-59.21825408935547
20181109_sample_2,Sst,-65.71420276463033,-61.93956756591797,-61.93956756591797
20181109_sample_3,Sst,-63.03965751752257,-60.426631927490234,-60.426631927490234
20181109_sample_5,Sst,-67.98223156929016,-61.08967971801758,-61.08967971801758
20181109_sample_7,Sst,-67.72636819034815,-60.74980545043945,-60.74980545043945
20181109_sample_8,Sst,-61.33744498565793,-59.69580841064453,-59.69580841064453
20181109_sample_9,Sst,-59.44517244100571,-59.6783332824707,-59.6783332824707
20181109_sample_10,Sst,-65.81356830298901,-60.59721374511719,-60.59721374511719
20181112_sample_1,low quality,-63.6288919582963,-60.87599563598633,-60.87599563598633
20181112_sample_4,Sst,-70.59732237756252,-61.377784729003906,-61.377784729003906
20181112_sample_5,low quality,-65.53989510983229,-64.86720275878906,-64.86720275878906
20181112_sample_6,Sst,-57.67971612215042,-60.573734283447266,-60.573734283447266
20181112_sample_8,Sst,-64.76439346298575,-60.870262145996094,-60.870262145996094
20181112_sample_11,Sst,-65.51677889525891,-59.76421356201172,-59.76421356201172
20181114_sample_1,Pvalb,-66.6640741467476,-61.3204231262207,-61.3204231262207
20181114_sample_2,Pvalb,-66.88777955025435,-62.47018051147461,-62.47018051147461
20181114_sample_4,Pvalb,-67.6116221755743,-61.8337287902832,-61.8337287902832
20181116_sample_2,Pvalb,-61.37850002497434,-61.57554244995117,-61.57554244995117
20181116_sample_3,Pvalb,-51.520481545478106,-61.48695373535156,-61.48695373535156
20181116_sample_4,Pvalb,-61.37850002497434,-61.71352005004883,-61.71352005004883
20181116_sample_5,Pvalb,-58.71567132100464,-62.10834503173828,-62.10834503173828
20181116_sample_7,low quality,-62.68064184039831,-62.996337890625,-62.996337890625
20181116_sample_10,low quality,-66.87864152342081,-63.41799545288086,-63.41799545288086
20181116_sample_12,Pvalb,-63.185479170084,-61.49116134643555,-61.49116134643555
20181121_sample_1,Sst,-54.22384824156761,-60.616092681884766,-60.616092681884766
20181121_sample_2,Sst,-68.18059000670911,-60.540836334228516,-60.540836334228516
20181121_sample_3,Pvalb,-68.88188491165639,-60.678466796875,-60.678466796875
20181121_sample_4,low quality,-61.19695663526655,-61.53600311279297,-61.53600311279297
20181121_sample_5,Sst,-53.522578702121976,-59.06172561645508,-59.06172561645508
20181121_sample_6,Sst,-63.11458818539977,-61.044097900390625,-61.044097900390625
20181121_sample_7,Sst,-68.00512310415506,-61.346405029296875,-61.346405029296875
20181126_sample_2,Sst,-68.0276499927044,-62.21866989135742,-62.21866989135742
20181126_sample_6,Sst,-58.06994997635484,-59.207496643066406,-59.207496643066406
20181127_sample_1,Sst,-59.43877253532409,-59.484317779541016,-59.484317779541016
20181127_sample_3,Sst,-63.29647106528282,-59.2849006652832,-59.2849006652832
20181127_sample_4,Sst,-58.82674874588847,-59.05352783203125,-59.05352783203125
20181127_sample_5,Sst,-59.63861142992974,-60.98801803588867,-60.98801803588867
20181127_sample_7,Sst,-55.15610588937998,-60.34581756591797,-60.34581756591797
20181129_sample_1,Sst,-60.68029871061445,-60.175750732421875,-60.175750732421875
20181129_sample_2,low quality,-63.1194918088615,-63.07331848144531,-63.07331848144531
20181129_sample_3,Sst,-55.32399804219604,-61.15962219238281,-61.15962219238281
20181129_sample_4,Sst,-56.3078521028161,-59.5527458190918,-59.5527458190918
20181129_sample_5,Sst,-48.39905824245652,-60.874881744384766,-60.874881744384766
20181129_sample_6,Sst,-38.61917852461338,-60.45283889770508,-60.45283889770508
20181203_sample_2,Sst,-44.78663508147001,-61.022132873535156,-61.022132873535156
20181203_sample_3,Sst,-66.68076858371496,-59.32271194458008,-59.32271194458008
20181203_sample_4,Sst,-66.65983993709088,-61.167083740234375,-61.167083740234375
20181203_sample_5,Sst,-51.49021391645074,-59.13460922241211,-59.13460922241211
20181203_sample_6,Pvalb,-63.86871107518672,-61.131080627441406,-61.131080627441406
20181203_sample_7,Sst,-56.24156282395124,-61.13182830810547,-61.13182830810547
20181203_sample_8,Sst,-53.06508790031076,-61.54096603393555,-61.54096603393555
20181203_sample_9,Sst,-53.76005218699575,-59.741058349609375,-59.741058349609375
20181203_sample_10,low quality,-59.59455391690135,-61.39581298828125,-61.39581298828125
20181205_sample_1,Sst,-63.24389709681272,-62.18661117553711,-62.18661117553711
20181205_sample_2,Sst,-64.60446501523256,-61.305660247802734,-61.305660247802734
20181207_sample_1,Pvalb,-59.42541981264949,-61.531715393066406,-61.531715393066406
20181207_sample_2,Pvalb,-68.556704492867,-61.394344329833984,-61.394344329833984
20181207_sample_3,Pvalb,-68.37187590748073,-60.9432258605957,-60.9432258605957
20181207_sample_4,Pvalb,-66.98379466831685,-61.89170455932617,-61.89170455932617
20181207_sample_5,Pvalb,-58.68566641286016,-61.95121765136719,-61.95121765136719
20181207_sample_6,low quality,-75.21312381923198,-65.37202453613281,-65.37202453613281
20181207_sample_7,Pvalb,-65.51383979171516,-61.42625045776367,-61.42625045776367
20181208_sample_1,low quality,-65.04207057505846,-65.81884002685547,-65.81884002685547
20181208_sample_2,Sst,-63.95462925583124,-62.55842208862305,-62.55842208862305
20181208_sample_3,Sst,-61.78411260023713,-61.99675369262695,-61.99675369262695
20181208_sample_4,Sst,-69.62735077887774,-60.14406967163086,-60.14406967163086
20181208_sample_5,Sst,-60.75622459575534,-60.65658950805664,-60.65658950805664
20181208_sample_6,Sst,-62.045631401240826,-60.91667556762695,-60.91667556762695
20181208_sample_7,Sst,-51.8665575273335,-58.89461135864258,-58.89461135864258
20181208_sample_8,Sst,-62.05895057320595,-60.2593994140625,-60.2593994140625
20181208_sample_9,Sst,-66.47966236472129,-60.57607650756836,-60.57607650756836
20181208_sample_10,Sst,-61.48727528974414,-59.8101806640625,-59.8101806640625
20181211_sample_1,CT,-70.27894463986158,-65.60665893554688,-65.60665893554688
20181211_sample_2,Pvalb,-68.22523524314164,-60.373695373535156,-60.373695373535156
20181211_sample_4,Pvalb,-69.9277677178383,-62.348087310791016,-62.348087310791016
20181211_sample_5,low quality,-66.33761606514454,-62.472007751464844,-62.472007751464844
20181211_sample_6,Pvalb,-67.50951201319694,-61.558349609375,-61.558349609375
20181211_sample_7,Pvalb,-72.26111516207456,-62.98877716064453,-62.98877716064453
20181211_sample_8,Pvalb,-67.65797267556191,-60.503326416015625,-60.503326416015625
20181211_sample_9,Pvalb,-67.68722657859325,-60.675994873046875,-60.675994873046875
20181213_sample_1,Sst,-64.59349068403245,-61.11968994140625,-61.11968994140625
20181213_sample_2,Sst,-48.76248702481389,-59.92463302612305,-59.92463302612305
20181213_sample_3,Sst,-68.95339258015156,-59.19445037841797,-59.19445037841797
20181213_sample_4,Sst,-70.5546884700656,-62.23961639404297,-62.23961639404297
20181213_sample_5,IT,-60.56096224486828,-65.75347900390625,-65.75347900390625
20181213_sample_6,Sst,-70.28948978930711,-60.03184127807617,-60.03184127807617
20181213_sample_7,Sst,-76.23893138766289,-61.03459930419922,-61.03459930419922
20181214_sample_1,low quality,-78.2251309365034,-64.09273529052734,-64.09273529052734
20181214_sample_2,Sst,-64.56431492120028,-60.60353469848633,-60.60353469848633
20190108_sample_1,Pvalb,-58.98601633310318,-61.78981018066406,-61.78981018066406
20190108_sample_2,Vip,-50.61027053445578,-58.60881042480469,-58.60881042480469
20190108_sample_3,IT,-72.37253600209951,-61.992855072021484,-61.992855072021484
20190108_sample_5,Vip,-56.74465472996235,-60.10401153564453,-60.10401153564453
20190108_sample_6,Lamp5,-58.55166557431221,-61.32258987426758,-61.32258987426758
20190109_sample_2,Sst,-62.05833016708493,-60.78877258300781,-60.78877258300781
20190110_sample_1,Sst,-68.27560205161572,-61.19535827636719,-61.19535827636719
20190110_sample_3,Sst,-55.75819954574108,-62.003135681152344,-62.003135681152344
20190110_sample_4,Sst,-55.76021081805229,-61.198638916015625,-61.198638916015625
20190110_sample_6,IT,-64.24600074291229,-68.2111587524414,-68.2111587524414
20190110_sample_7,IT,-64.24736588001251,-65.3116226196289,-65.3116226196289
20190117_sample_1,Vip,-44.47923534363508,-59.5705680847168,-59.5705680847168
20190117_sample_2,IT,-52.41984612047672,-66.01161193847656,-66.01161193847656
20190117_sample_3,Sst,-50.57645300030708,-58.808990478515625,-58.808990478515625
20190117_sample_4,IT,-73.96376689225434,-65.77914428710938,-65.77914428710938
20190117_sample_5,Sst,-69.50704301595687,-59.93850326538086,-59.93850326538086
20190122_sample_1,Pvalb,-58.42200369015336,-63.356773376464844,-63.356773376464844
20190122_sample_2,IT,-74.51409383118153,-65.7500991821289,-65.7500991821289
20190122_sample_3,Pvalb,-66.81430505663155,-61.53324508666992,-61.53324508666992
20190122_sample_5,Pvalb,-63.227398151159285,-62.83165740966797,-62.83165740966797
20190122_sample_6,IT,-67.94090918898583,-65.88683319091797,-65.88683319091797
20190122_sample_9,Pvalb,-56.34951646327973,-63.13874053955078,-63.13874053955078
20190122_sample_10,Pvalb,-66.33325027972461,-62.20804214477539,-62.20804214477539
20190122_sample_11,low quality,-57.77684397995472,-63.26203536987305,-63.26203536987305
20190122_sample_12,Pvalb,-67.42226643413306,-61.99674987792969,-61.99674987792969
20190122_sample_13,Pvalb,-73.44219692498446,-62.84988021850586,-62.84988021850586
20190122_sample_14,Pvalb,-67.0399578616023,-62.10576629638672,-62.10576629638672
20190122_sample_16,Pvalb,-68.26577682048082,-61.614864349365234,-61.614864349365234
20190122_sample_17,Pvalb,-71.38031305819749,-62.3642463684082,-62.3642463684082
20190123_sample_5,Pvalb,-57.214206650108096,-62.0540885925293,-62.0540885925293
20190123_sample_7,Pvalb,-68.54801076799632,-61.91546630859375,-61.91546630859375
20190123_sample_8,Pvalb,-66.53366903364659,-61.91039276123047,-61.91039276123047
20190124_sample_4,Pvalb,-50.99792514666915,-61.550724029541016,-61.550724029541016
20190128_sample_2,Pvalb,-58.46067146584392,-61.58091735839844,-61.58091735839844
20190128_sample_3,low quality,-55.494017749279735,-62.68687438964844,-62.68687438964844
20190128_sample_4,Pvalb,-66.32035257071257,-62.381710052490234,-62.381710052490234
20190128_sample_6,Lamp5,-59.33626934438944,-59.59641647338867,-59.59641647338867
20190128_sample_7,Pvalb,-48.15517109408975,-60.926212310791016,-60.926212310791016
20190128_sample_11,Pvalb,-65.25670538246632,-60.752784729003906,-60.752784729003906
20190128_sample_12,Pvalb,-68.15957115292548,-62.40056610107422,-62.40056610107422
20190130_sample_2,low quality,-73.60222988128663,-61.93458557128906,-61.93458557128906
20190130_sample_3,Lamp5,-49.92277929857373,-59.70833206176758,-59.70833206176758
20190130_sample_6,Pvalb,-62.46952470913529,-61.705421447753906,-61.705421447753906
20190130_sample_8,CT,-59.56430890783668,-65.7467269897461,-65.7467269897461
20190130_sample_9,Sst,-47.70237189531326,-60.67091751098633,-60.67091751098633
20190130_sample_10,Sst,-56.6659895978868,-59.23530578613281,-59.23530578613281
20190130_sample_15,Pvalb,-59.99422510638833,-61.66752243041992,-61.66752243041992
20190130_sample_17,Sst,-65.31323119848966,-60.32765197753906,-60.32765197753906
20190130_sample_18,Sst,-57.40273150950671,-60.8842658996582,-60.8842658996582
20190131_sample_1,Sst,-55.1958221949637,-60.7671012878418,-60.7671012878418
20190131_sample_3,Pvalb,-70.70279984325171,-62.60138702392578,-62.60138702392578
20190131_sample_4,Sst,-44.16583227962255,-59.129913330078125,-59.129913330078125
20190131_sample_5,Sst,-40.36664288341999,-60.58259201049805,-60.58259201049805
20190131_sample_6,Sst,-64.40546000748873,-60.579933166503906,-60.579933166503906
20190131_sample_10,Sst,-54.73219496011734,-60.80292510986328,-60.80292510986328
20190201_sample_2,Pvalb,-53.07967711389065,-62.2293701171875,-62.2293701171875
20190201_sample_3,Pvalb,-63.68205468058586,-61.459495544433594,-61.459495544433594
20190201_sample_4,Pvalb,-65.23515788167715,-61.09468460083008,-61.09468460083008
20190201_sample_7,Pvalb,-51.9666982203722,-61.549434661865234,-61.549434661865234
20190201_sample_8,Pvalb,-71.97387038022279,-61.33918762207031,-61.33918762207031
20190201_sample_10,Pvalb,-72.45496972352267,-62.237937927246094,-62.237937927246094
20190204_sample_1,Sst,-52.22257432788611,-61.459938049316406,-61.459938049316406
20190204_sample_2,CT,-61.84342275261879,-64.51072692871094,-64.51072692871094
20190204_sample_4,Sst,-61.070551581680775,-59.95298385620117,-59.95298385620117
20190204_sample_5,Sst,-52.57784351408482,-59.53959655761719,-59.53959655761719
20190204_sample_6,Sst,-56.42357212901116,-58.48666000366211,-58.48666000366211
20190204_sample_7,Pvalb,-66.7750301077962,-61.45573043823242,-61.45573043823242
20190204_sample_8,Pvalb,-66.0671795502305,-61.77848815917969,-61.77848815917969
20190204_sample_9,Pvalb,-59.803827735036606,-61.461395263671875,-61.461395263671875
20190204_sample_10,Pvalb,-59.85278752297163,-61.86985397338867,-61.86985397338867
20190204_sample_11,Sst,-51.55533260405063,-60.566524505615234,-60.566524505615234
20190204_sample_14,Sst,-48.45128040239215,-60.20417022705078,-60.20417022705078
20190204_sample_15,Sst,-47.86175580574199,-61.14241409301758,-61.14241409301758
20190204_sample_16,Sst,-56.80634532496333,-60.40520477294922,-60.40520477294922
20190204_sample_17,Sst,-55.51934409290552,-62.18510055541992,-62.18510055541992
20190204_sample_18,Sst,-46.2044361628592,-61.10672378540039,-61.10672378540039
20190204_sample_19,low quality,-54.38447626978159,-62.8480224609375,-62.8480224609375
20190204_sample_20,low quality,-65.06364390850067,-61.016090393066406,-61.016090393066406
20190204_sample_21,Pvalb,-58.02920170649887,-61.42812728881836,-61.42812728881836
20190204_sample_22,IT,-49.611232513189314,-64.10285949707031,-64.10285949707031
20190204_sample_24,CT,-53.77741026878357,-66.33710479736328,-66.33710479736328
20190205_sample_1,Pvalb,-53.05193159356713,-60.56129455566406,-60.56129455566406
20190205_sample_2,Sst,-56.94324979260564,-59.07354736328125,-59.07354736328125
20190205_sample_3,low quality,-51.68416146710515,-60.43548583984375,-60.43548583984375
20190205_sample_4,Sst,-58.20301106572151,-59.628509521484375,-59.628509521484375
20190205_sample_5,Sst,-63.05469418913125,-61.101566314697266,-61.101566314697266
20190205_sample_6,Sst,-64.81785703152418,-59.78658676147461,-59.78658676147461
20190205_sample_7,Pvalb,-67.81215175688266,-61.96108627319336,-61.96108627319336
20190211_sample_1,Pvalb,-65.6993240877986,-62.38929748535156,-62.38929748535156
20190211_sample_2,IT,-75.91205766946078,-66.10308837890625,-66.10308837890625
20190211_sample_3,Pvalb,-52.40409031659365,-62.70087814331055,-62.70087814331055
20190211_sample_4,IT,-65.51395884752273,-65.12554931640625,-65.12554931640625
20190211_sample_6,Pvalb,-65.46145859211683,-61.97610855102539,-61.97610855102539
20190211_sample_8,Pvalb,-66.56272193938494,-60.30982971191406,-60.30982971191406
20190211_sample_9,Pvalb,-68.1522456586361,-61.334693908691406,-61.334693908691406
20190211_sample_11,Pvalb,-57.71994661018252,-61.64845657348633,-61.64845657348633
20190211_sample_12,low quality,-65.56779678612948,-61.53982162475586,-61.53982162475586
20190212_sample_1,Sst,-61.53769478574395,-59.11302185058594,-59.11302185058594
20190212_sample_4,Sst,-62.079775364696985,-62.36890411376953,-62.36890411376953
20190212_sample_5,Sst,-45.22846738489461,-61.02116012573242,-61.02116012573242
20190212_sample_6,Sst,-65.21423257440328,-61.60627746582031,-61.60627746582031
20190212_sample_7,Sst,-67.44458881616592,-59.6611328125,-59.6611328125
20190212_sample_8,Sst,-73.98256649225951,-59.77095031738281,-59.77095031738281
20190213_sample_1,Pvalb,-65.24669096618891,-62.32560729980469,-62.32560729980469
20190213_sample_4,Pvalb,-54.62948369085788,-61.73838424682617,-61.73838424682617
20190213_sample_7,Pvalb,-64.4028586819768,-61.75339889526367,-61.75339889526367
20190213_sample_8,Pvalb,-60.40187914371491,-61.15007019042969,-61.15007019042969
20190214_sample_1,Pvalb,-67.19022967368365,-60.88804244995117,-60.88804244995117
20190214_sample_2,Pvalb,-60.877373793721205,-62.73066711425781,-62.73066711425781
20190214_sample_3,Pvalb,-57.32852154895663,-62.68882751464844,-62.68882751464844
20190214_sample_6,Pvalb,-73.21464172601699,-62.40395736694336,-62.40395736694336
20190214_sample_9,Pvalb,-66.25038189291953,-63.19057846069336,-63.19057846069336
20190218_sample_3,Sst,-54.51972512677312,-60.7405891418457,-60.7405891418457
20190218_sample_4,Sst,-59.23224632963539,-59.362213134765625,-59.362213134765625
20190218_sample_5,Sst,-47.79318778738379,-59.65269470214844,-59.65269470214844
20190219_sample_1,Vip,-55.86098232567311,-61.625247955322266,-61.625247955322266
20190219_sample_3,Sncg,-49.634277215600015,-58.71247100830078,-58.71247100830078
20190219_sample_4,Vip,-68.4401233047247,-60.46125411987305,-60.46125411987305
20190219_sample_7,Vip,-54.20430013090372,-60.36180114746094,-60.36180114746094
20190219_sample_8,IT,-69.77232954502105,-64.3877182006836,-64.3877182006836
20190221_sample_1,Sst,-58.52239782661199,-61.1322021484375,-61.1322021484375
20190221_sample_2,Sst,-50.92437733262777,-60.49087142944336,-60.49087142944336
20190221_sample_4,Sst,-59.202159041911365,-60.44450378417969,-60.44450378417969
20190221_sample_10,Sst,-60.13288711309433,-59.7838249206543,-59.7838249206543
20190221_sample_11,Pvalb,-66.87543935030698,-62.04012680053711,-62.04012680053711
20190222_sample_2,CT,-74.08281942009927,-66.19612121582031,-66.19612121582031
20190222_sample_3,IT,-74.58504936546088,-67.0365219116211,-67.0365219116211
20190222_sample_4,CT,-59.08260939493775,-63.26054382324219,-63.26054382324219
20190222_sample_5,CT,-46.76260256916285,-66.77002716064453,-66.77002716064453
20190222_sample_7,Vip,-51.05871187448501,-60.33087921142578,-60.33087921142578
20190222_sample_8,IT,-77.7394496321678,-67.76820373535156,-67.76820373535156
20190226_sample_1,Pvalb,-68.14632872194052,-60.03760528564453,-60.03760528564453
20190226_sample_2,Lamp5,-74.03462841361761,-59.68151092529297,-59.68151092529297
20190226_sample_3,CT,-59.09912500753999,-63.40830612182617,-63.40830612182617
20190226_sample_5,IT,-80.07770288586616,-68.41001892089844,-68.41001892089844
20190226_sample_6,IT,-65.5421194806695,-65.8341293334961,-65.8341293334961
20190226_sample_7,Lamp5,-71.50888769328594,-59.66987609863281,-59.66987609863281
20190226_sample_9,Pvalb,-67.20881495177746,-62.81528854370117,-62.81528854370117
20190227_sample_1,Sst,-52.17584761821199,-60.31428909301758,-60.31428909301758
20190227_sample_2,Sst,-65.78658511191607,-60.288185119628906,-60.288185119628906
20190227_sample_3,Sst,-65.18012812584638,-59.23223876953125,-59.23223876953125
20190227_sample_4,Sst,-60.42827938646079,-59.38322067260742,-59.38322067260742
20190227_sample_5,Sst,-60.4639854580164,-59.33155059814453,-59.33155059814453
20190227_sample_6,Sst,-63.22719543874264,-60.60124969482422,-60.60124969482422
20190227_sample_7,Pvalb,-66.08515810221434,-61.010311126708984,-61.010311126708984
20190318_sample_3,Sst,-46.53739122375846,-60.67703628540039,-60.67703628540039
20190318_sample_4,Sst,-63.18762239962817,-60.38044738769531,-60.38044738769531
20190318_sample_5,Sst,-47.775276182359086,-60.58605194091797,-60.58605194091797
20190318_sample_6,Sst,-57.92298538088798,-59.76275634765625,-59.76275634765625
20190320_sample_4,IT,-72.99304965138435,-66.52104187011719,-66.52104187011719
20190320_sample_5,CT,-66.66784613281487,-66.94857025146484,-66.94857025146484
20190320_sample_6,CT,-73.30868618935347,-65.66315460205078,-65.66315460205078
20190320_sample_9,IT,-70.1472555488348,-62.813838958740234,-62.813838958740234
20190321_sample_2,low quality,-60.694047471880914,-65.06531524658203,-65.06531524658203
20190321_sample_4,IT,-69.75151340216398,-65.77873229980469,-65.77873229980469
20190321_sample_6,CT,-59.10399368554354,-67.04110717773438,-67.04110717773438
20190322_sample_1,IT,-60.17331338152289,-66.99282836914062,-66.99282836914062
20190322_sample_2,IT,-65.02563491910696,-67.16459655761719,-67.16459655761719
20190322_sample_3,CT,-58.22989320531487,-65.19487762451172,-65.19487762451172
20190322_sample_4,CT,-61.35995600447059,-67.80314636230469,-67.80314636230469
20190325_sample_1,Lamp5,-48.21048270463943,-61.5894889831543,-61.5894889831543
20190325_sample_2,low quality,-63.8549146682024,-61.1101188659668,-61.1101188659668
20190325_sample_3,IT,-59.87553026676178,-65.69591522216797,-65.69591522216797
20190325_sample_4,CT,-57.51916045621037,-68.32606506347656,-68.32606506347656
20190325_sample_5,CT,-56.32162860333919,-65.97119140625,-65.97119140625
20190325_sample_6,CT,-51.05737930759788,-66.29100036621094,-66.29100036621094
20190325_sample_7,IT,-52.68956319838762,-65.52820587158203,-65.52820587158203
20190325_sample_9,CT,-65.95221220254898,-64.33882904052734,-64.33882904052734
20190326_sample_1,CT,-65.99403985142708,-66.39789581298828,-66.39789581298828
20190326_sample_2,Vip,-60.51005942374468,-59.17076873779297,-59.17076873779297
20190326_sample_3,Vip,-63.957691276073454,-60.04119110107422,-60.04119110107422
20190326_sample_4,CT,-63.80241556912661,-65.94149017333984,-65.94149017333984
20190327_sample_1,CT,-60.083412925153965,-61.055931091308594,-61.055931091308594
20190327_sample_2,IT,-75.25822211354972,-66.2816390991211,-66.2816390991211
20190327_sample_4,CT,-70.98093605488539,-66.07281494140625,-66.07281494140625
20190327_sample_7,Vip,-40.8056097432971,-59.61893081665039,-59.61893081665039
20190328_sample_1,CT,-67.82273893803358,-63.39437484741211,-63.39437484741211
20190328_sample_2,CT,-65.77380421459674,-65.45330047607422,-65.45330047607422
20190328_sample_3,CT,-65.33555304855108,-65.69296264648438,-65.69296264648438
20190328_sample_4,CT,-62.4255932494998,-65.72628784179688,-65.72628784179688
20190328_sample_5,CT,-73.42027429044246,-67.9337158203125,-67.9337158203125
20190328_sample_6,CT,-70.61175755709411,-64.96466064453125,-64.96466064453125
20190328_sample_8,IT,-74.1953232795,-65.80823516845703,-65.80823516845703
20190328_sample_9,CT,-62.84681298211217,-63.190818786621094,-63.190818786621094
20190329_sample_3,CT,-63.82580284774304,-64.7940902709961,-64.7940902709961
20190329_sample_4,CT,-82.6962118178606,-65.27932739257812,-65.27932739257812
20190329_sample_5,CT,-65.59689174890518,-67.51750946044922,-67.51750946044922
20190402_sample_2,CT,-70.68714371919631,-65.3888931274414,-65.3888931274414
20190402_sample_3,IT,-67.18015818297863,-62.8837776184082,-62.8837776184082
20190402_sample_5,low quality,-67.94131277650595,-63.72895812988281,-63.72895812988281
20190402_sample_6,Vip,-67.24252533614636,-60.7977294921875,-60.7977294921875
20190403_sample_3,low quality,-67.64461342543365,-62.42747497558594,-62.42747497558594
20190403_sample_5,IT,-70.5659740716219,-67.55328369140625,-67.55328369140625
20190403_sample_6,Sst,-64.22144735008479,-60.769325256347656,-60.769325256347656
20190403_sample_7,Sst,-61.299417921155694,-59.37132263183594,-59.37132263183594
20190408_sample_1,Pvalb,-68.76199358254671,-61.736968994140625,-61.736968994140625
20190408_sample_2,Sst,-57.11725230813026,-59.16044235229492,-59.16044235229492
20190408_sample_5,Sst,-62.01795672774315,-61.555763244628906,-61.555763244628906
20190408_sample_6,Sst,-58.38040926158428,-62.402957916259766,-62.402957916259766
20190409_sample_2,low quality,-64.47007060348987,-63.61449432373047,-63.61449432373047
20190409_sample_3,low quality,-62.168795285373925,-61.75768280029297,-61.75768280029297
20190409_sample_4,Sst,-61.67995085865259,-57.926700592041016,-57.926700592041016
20190409_sample_5,CT,-65.99303112328053,-66.14907836914062,-66.14907836914062
20190409_sample_7,Sst,-46.0793487659801,-62.30343246459961,-62.30343246459961
20190409_sample_8,CT,-77.25403869152069,-63.77182388305664,-63.77182388305664
20190409_sample_9,IT,-75.49070489257574,-68.09877014160156,-68.09877014160156
20190409_sample_10,CT,-72.19759206324815,-64.83198547363281,-64.83198547363281
20190409_sample_11,IT,-79.98238800168036,-66.47732543945312,-66.47732543945312
20190410_sample_3,CT,-63.93355118781328,-64.7144546508789,-64.7144546508789
20190410_sample_4,Sst,-57.84389954134822,-60.34230422973633,-60.34230422973633
20190410_sample_6,IT,-60.71686981543898,-67.4173812866211,-67.4173812866211
20190410_sample_7,CT,-71.08389080911874,-64.7801513671875,-64.7801513671875
20190410_sample_10,CT,-69.52469879090786,-64.98822784423828,-64.98822784423828
20190411_sample_1,CT,-71.77369593530894,-63.8715705871582,-63.8715705871582
20190411_sample_3,low quality,-70.14921933412552,-61.27981948852539,-61.27981948852539
20190411_sample_5,CT,-64.75074682980775,-65.47712707519531,-65.47712707519531
20190411_sample_6,Pvalb,-61.018950775265694,-61.66557312011719,-61.66557312011719
20190411_sample_8,CT,-59.01813103929162,-64.80647277832031,-64.80647277832031
20190412_sample_1,Pvalb,-61.23872443512082,-61.792415618896484,-61.792415618896484
20190412_sample_3,IT,-61.20706900283695,-66.18054962158203,-66.18054962158203
20190412_sample_6,Pvalb,-60.01630759164691,-59.957157135009766,-59.957157135009766
20190415_sample_1,Pvalb,-51.32091485783458,-61.77095413208008,-61.77095413208008
20190415_sample_3,CT,-64.04638055115939,-64.9455795288086,-64.9455795288086
20190415_sample_4,IT,-56.96601391136646,-68.06932067871094,-68.06932067871094
20190415_sample_6,CT,-67.08177150338888,-66.6247329711914,-66.6247329711914
20190415_sample_8,Sst,-62.88184610307216,-61.88819885253906,-61.88819885253906
20190415_sample_10,IT,-59.87826543152332,-67.60456848144531,-67.60456848144531
20190416_sample_3,CT,-66.99055321365594,-65.1155014038086,-65.1155014038086
20190416_sample_4,Pvalb,-63.90608312040567,-61.86366271972656,-61.86366271972656
20190416_sample_5,Sst,-66.43416073471307,-60.749420166015625,-60.749420166015625
20190416_sample_6,IT,-54.0042343236506,-66.63960266113281,-66.63960266113281
20190416_sample_7,Sncg,-55.7514551512897,-57.74637985229492,-57.74637985229492
20190416_sample_8,Pvalb,-66.18029551655054,-61.318485260009766,-61.318485260009766
20190416_sample_9,IT,-70.17820298671722,-66.92932891845703,-66.92932891845703
20190416_sample_10,CT,-75.29693832099437,-64.1295166015625,-64.1295166015625
20190417_sample_2,CT,-74.30251098722219,-63.22894287109375,-63.22894287109375
20190417_sample_3,CT,-57.77578014880419,-62.887630462646484,-62.887630462646484
20190417_sample_4,Sst,-61.72515443116427,-61.38892364501953,-61.38892364501953
20190417_sample_5,Sst,-61.54602298438549,-59.9635009765625,-59.9635009765625
20190417_sample_9,CT,-64.86417660564184,-65.57931518554688,-65.57931518554688
20190417_sample_10,Sst,-52.28803833499551,-58.854007720947266,-58.854007720947266
20190418_sample_2,Sst,-57.17251636311412,-61.62472915649414,-61.62472915649414
20190418_sample_4,CT,-59.36078019812703,-66.28765106201172,-66.28765106201172
20190418_sample_5,IT,-63.83181302398443,-66.7373046875,-66.7373046875
20190418_sample_7,CT,-67.48694635033607,-65.72563171386719,-65.72563171386719
20190418_sample_8,Pvalb,-59.66543010026216,-60.991615295410156,-60.991615295410156
20190418_sample_9,CT,-71.77256775945426,-62.719764709472656,-62.719764709472656
20190418_sample_10,CT,-69.40431524068117,-63.211185455322266,-63.211185455322266
20190422_sample_1,Pvalb,-57.695936264097696,-62.108516693115234,-62.108516693115234
20190422_sample_4,Pvalb,-68.29820397347211,-62.27050018310547,-62.27050018310547
20190422_sample_5,Pvalb,-59.703970953822136,-60.61137008666992,-60.61137008666992
20190422_sample_6,CT,-69.0117734566331,-66.1356430053711,-66.1356430053711
20190422_sample_7,IT,-63.3349082544446,-67.0374755859375,-67.0374755859375
20190422_sample_8,Pvalb,-66.90788366645575,-60.270606994628906,-60.270606994628906
20190422_sample_10,CT,-66.34820477217436,-65.36982727050781,-65.36982727050781
20190423_sample_1,IT,-70.76287625133992,-65.35100555419922,-65.35100555419922
20190423_sample_3,CT,-60.17680703699588,-65.41547393798828,-65.41547393798828
20190423_sample_5,CT,-56.99430169388652,-61.61745834350586,-61.61745834350586
20190423_sample_7,CT,-72.00722866505384,-65.9701156616211,-65.9701156616211
20190423_sample_8,Pvalb,-68.80508600771427,-61.729530334472656,-61.729530334472656
20190423_sample_10,Pvalb,-65.12158947587014,-61.19392013549805,-61.19392013549805
20190424_sample_1,CT,-65.61943570822477,-66.7889633178711,-66.7889633178711
20190424_sample_2,Pvalb,-66.98411941081287,-61.8721923828125,-61.8721923828125
20190424_sample_3,CT,-55.608692509680985,-65.58712005615234,-65.58712005615234
20190424_sample_4,CT,-69.16343059688806,-66.68238067626953,-66.68238067626953
20190424_sample_5,CT,-54.179920616745946,-64.56637573242188,-64.56637573242188
20190424_sample_6,IT,-64.76025051772595,-66.82633972167969,-66.82633972167969
20190424_sample_7,Lamp5,-59.19494767263532,-60.817787170410156,-60.817787170410156
20190425_sample_1,IT,-67.84904915690421,-66.26590728759766,-66.26590728759766
20190425_sample_4,Lamp5,-96.36230989843608,-60.70145034790039,-60.70145034790039
20190425_sample_6,Sst,-62.860202404111625,-59.754844665527344,-59.754844665527344
20190425_sample_7,IT,-73.38695428371429,-64.6365737915039,-64.6365737915039
20190425_sample_8,CT,-76.21223965138196,-66.50382995605469,-66.50382995605469
20190425_sample_9,CT,-70.0054900944233,-63.20522689819336,-63.20522689819336
20190425_sample_12,CT,-79.39408091753722,-64.83647918701172,-64.83647918701172
20190425_sample_13,CT,-72.40170559883117,-66.01744079589844,-66.01744079589844
20190425_sample_14,CT,-78.14361056536436,-64.96298217773438,-64.96298217773438
20190425_sample_16,IT,-82.17056915014982,-66.86962890625,-66.86962890625
20190429_sample_1,Pvalb,-60.4148747868836,-62.10136795043945,-62.10136795043945
20190429_sample_4,Pvalb,-78.65107295364142,-61.91014862060547,-61.91014862060547
20190429_sample_5,Pvalb,-64.58617479801177,-62.22100067138672,-62.22100067138672
20190429_sample_6,Pvalb,-81.54922548383473,-61.494300842285156,-61.494300842285156
20190429_sample_7,CT,-61.01567494049668,-66.9300308227539,-66.9300308227539
20190430_sample_1,Vip,-56.3418224543333,-59.83728790283203,-59.83728790283203
20190430_sample_3,Vip,-57.00966438353062,-59.680152893066406,-59.680152893066406
20190430_sample_4,Vip,-60.19749587923288,-58.50545883178711,-58.50545883178711
20190430_sample_5,Vip,-50.54846595972776,-59.632110595703125,-59.632110595703125
20190430_sample_6,Vip,-68.35270389318467,-62.32181167602539,-62.32181167602539
20190430_sample_7,IT,-68.82374668717384,-66.69676971435547,-66.69676971435547
20190430_sample_8,Vip,-78.47314834296704,-61.7260627746582,-61.7260627746582
20190430_sample_9,IT,-65.76226514279843,-66.87052917480469,-66.87052917480469
20190430_sample_10,IT,-81.60746576786042,-66.89847564697266,-66.89847564697266
20190501_sample_1,Vip,-43.14918833971024,-58.46835708618164,-58.46835708618164
20190501_sample_3,Vip,-44.99976705014706,-60.80258560180664,-60.80258560180664
20190501_sample_4,Vip,-50.87667127251625,-60.334049224853516,-60.334049224853516
20190501_sample_5,CT,-55.367356698215005,-66.39797973632812,-66.39797973632812
20190501_sample_6,Vip,-68.32364854812622,-58.988319396972656,-58.988319396972656
20190501_sample_7,Pvalb,-62.41239490807057,-62.72549819946289,-62.72549819946289
20190501_sample_8,Vip,-52.080545619130135,-59.23700714111328,-59.23700714111328
20190501_sample_9,Pvalb,-62.20121691077948,-60.38121032714844,-60.38121032714844
20190501_sample_11,Pvalb,-62.166978465020655,-61.077388763427734,-61.077388763427734
20190501_sample_12,IT,-72.31293444037438,-66.03205108642578,-66.03205108642578
20190501_sample_14,Pvalb,-67.22298531532287,-62.04193878173828,-62.04193878173828
20190503_sample_1,Vip,-55.6300079986453,-58.68907165527344,-58.68907165527344
20190503_sample_3,Vip,-64.53856252133846,-60.92665481567383,-60.92665481567383
20190506_sample_1,Vip,-52.518226735293865,-59.00058364868164,-59.00058364868164
20190506_sample_2,Vip,-45.05076007843017,-58.76517105102539,-58.76517105102539
20190506_sample_3,Vip,-50.30807710438967,-59.789527893066406,-59.789527893066406
20190506_sample_4,CT,-58.99161968678236,-65.69573974609375,-65.69573974609375
20190506_sample_5,Vip,-54.28695734962821,-59.115203857421875,-59.115203857421875
20190506_sample_6,CT,-63.56498709917068,-63.07725524902344,-63.07725524902344
20190506_sample_7,Vip,-48.13823510631919,-59.79695129394531,-59.79695129394531
20190507_sample_2,Vip,-53.93951720520854,-58.76179504394531,-58.76179504394531
20190507_sample_3,CT,-68.19740183502435,-65.82273864746094,-65.82273864746094
20190507_sample_4,Vip,-61.76766989678144,-58.53423309326172,-58.53423309326172
20190507_sample_5,Vip,-49.40717173516751,-59.239505767822266,-59.239505767822266
20190507_sample_6,Vip,-46.18592266216874,-57.987083435058594,-57.987083435058594
20190508_sample_1,Lamp5,-52.58516114428639,-60.7025032043457,-60.7025032043457
20190508_sample_2,Sst,-54.86054433658719,-60.088863372802734,-60.088863372802734
20190508_sample_3,Lamp5,-62.2195703946054,-60.6505126953125,-60.6505126953125
20190508_sample_4,Sst,-61.08044430986047,-60.395816802978516,-60.395816802978516
20190508_sample_5,low quality,-47.27169509952073,-61.165618896484375,-61.165618896484375
20190508_sample_6,Pvalb,-61.47163861989975,-61.293609619140625,-61.293609619140625
20190508_sample_7,Sst,-63.279167987406254,-60.511837005615234,-60.511837005615234
20190509_sample_2,Vip,-61.33841981440783,-58.48857879638672,-58.48857879638672
20190509_sample_3,Lamp5,-61.80104663223028,-61.27737045288086,-61.27737045288086
20190509_sample_4,Vip,-57.99362232834101,-59.0616340637207,-59.0616340637207
20190509_sample_5,Lamp5,-58.20524318218232,-61.126163482666016,-61.126163482666016
20190509_sample_9,Vip,-55.90474852323532,-60.27946472167969,-60.27946472167969
20190513_sample_1,Lamp5,-62.03879522681236,-60.35370635986328,-60.35370635986328
20190513_sample_2,Vip,-61.309339227527374,-60.36906433105469,-60.36906433105469
20190513_sample_3,Vip,-70.4786120325327,-59.28730392456055,-59.28730392456055
20190513_sample_4,Vip,-56.07183508723975,-60.2186393737793,-60.2186393737793
20190513_sample_5,Lamp5,-58.86339016333223,-59.93959426879883,-59.93959426879883
20190514_sample_2,Pvalb,-72.69218046814203,-61.53313064575195,-61.53313064575195
20190514_sample_4,Lamp5,-71.08048383295537,-60.105289459228516,-60.105289459228516
20190514_sample_7,Lamp5,-52.66368637681008,-60.684539794921875,-60.684539794921875
20190514_sample_8,Pvalb,-53.53508057519794,-61.42276382446289,-61.42276382446289
20190515_sample_1,Lamp5,-61.89669451564551,-59.993186950683594,-59.993186950683594
20190515_sample_2,low quality,-59.64791149124503,-60.25012969970703,-60.25012969970703
20190515_sample_3,low quality,-54.00732432231307,-64.1321029663086,-64.1321029663086
20190515_sample_4,Vip,-58.07840406149626,-59.721229553222656,-59.721229553222656
20190515_sample_5,Lamp5,-51.38013674542307,-60.21406555175781,-60.21406555175781
20190515_sample_6,Vip,-61.39245903640985,-59.9737663269043,-59.9737663269043
20190515_sample_7,Lamp5,-55.938581817597154,-58.402828216552734,-58.402828216552734
20190515_sample_8,Vip,-57.31510869413614,-64.4635238647461,-64.4635238647461
20190515_sample_9,Lamp5,-52.51104470044375,-60.62741470336914,-60.62741470336914
20190515_sample_10,Vip,-56.70866419821978,-66.29308319091797,-66.29308319091797
20190515_sample_11,Lamp5,-56.66042039766908,-60.259708404541016,-60.259708404541016
20190515_sample_12,Vip,-52.68189024925232,-60.19365310668945,-60.19365310668945
20190515_sample_13,Vip,-43.03289786204696,-58.78904724121094,-58.78904724121094
20190515_sample_14,Vip,-60.52369145751,-61.04716491699219,-61.04716491699219
20190515_sample_15,Lamp5,-56.96511649116874,-60.418270111083984,-60.418270111083984
20190516_sample_2,Sst,-45.20915312170983,-58.01334762573242,-58.01334762573242
20190516_sample_3,Lamp5,-56.935571236163376,-61.28006362915039,-61.28006362915039
20190516_sample_4,Sst,-57.635622260719536,-59.08808898925781,-59.08808898925781
20190516_sample_5,Lamp5,-52.63087795749307,-59.68355178833008,-59.68355178833008
20190516_sample_6,Sst,-43.57381844595075,-60.53777313232422,-60.53777313232422
20190522_sample_1,Lamp5,-55.8176016189158,-59.969608306884766,-59.969608306884766
20190528_sample_2,Vip,-65.94946974515915,-61.096107482910156,-61.096107482910156
20190528_sample_4,Vip,-52.15031018704176,-59.119873046875,-59.119873046875
20190528_sample_6,Vip,-64.71911286711693,-60.533817291259766,-60.533817291259766
20190528_sample_7,Lamp5,-57.347183258086446,-60.51361846923828,-60.51361846923828
20190528_sample_8,Vip,-48.16318091154098,-60.64203643798828,-60.64203643798828
20190528_sample_9,Vip,-45.57523891329765,-60.43861770629883,-60.43861770629883
20190529_sample_2,Vip,-56.396778750419614,-61.51838302612305,-61.51838302612305
20190529_sample_3,Sncg,-51.340308378636834,-60.75608825683594,-60.75608825683594
20190529_sample_6,Vip,-38.32322985976934,-59.253604888916016,-59.253604888916016
20190603_sample_1,Lamp5,-42.19886972382665,-60.09234619140625,-60.09234619140625
20190603_sample_2,Vip,-54.41104396134615,-59.536075592041016,-59.536075592041016
20190603_sample_3,Vip,-62.00077437907457,-61.58656692504883,-61.58656692504883
20190603_sample_4,Vip,-55.96462426781655,-60.04650115966797,-60.04650115966797
20190603_sample_5,Lamp5,-47.35859489068389,-60.5324592590332,-60.5324592590332
20190603_sample_6,Lamp5,-65.3843048080802,-60.391292572021484,-60.391292572021484
20190603_sample_7,Lamp5,-49.94606302306056,-60.412139892578125,-60.412139892578125
20190603_sample_9,Sncg,-47.44747810885311,-59.7932243347168,-59.7932243347168
20190603_sample_10,Vip,-64.6736935943365,-59.6064567565918,-59.6064567565918
20190604_sample_2,Pvalb,-66.43545178771018,-62.04962158203125,-62.04962158203125
20190604_sample_4,Lamp5,-54.2954463891685,-61.15830612182617,-61.15830612182617
20190604_sample_6,Lamp5,-67.45009120851755,-60.86921310424805,-60.86921310424805
20190604_sample_8,Pvalb,-52.32099165841937,-61.79804611206055,-61.79804611206055
20190604_sample_12,IT,-61.07996737211943,-68.2257080078125,-68.2257080078125
20190605_sample_1,low quality,-49.84601969793439,-61.605865478515625,-61.605865478515625
20190605_sample_2,Vip,-55.197228910774,-58.81754684448242,-58.81754684448242
20190605_sample_4,Vip,-57.29120949134231,-59.369102478027344,-59.369102478027344
20190605_sample_5,Lamp5,-57.0909195356071,-61.400856018066406,-61.400856018066406
20190605_sample_6,Vip,-45.00094182267785,-60.21274185180664,-60.21274185180664
20190606_sample_1,Pvalb,-56.54474489614368,-61.654083251953125,-61.654083251953125
20190606_sample_2,Pvalb,-66.9619405478239,-61.94045639038086,-61.94045639038086
20190606_sample_3,Pvalb,-63.83242132365704,-63.45650863647461,-63.45650863647461
20190606_sample_5,Pvalb,-62.08933569416404,-61.09569549560547,-61.09569549560547
20190606_sample_6,IT,-76.30656006485223,-68.67020416259766,-68.67020416259766
20190606_sample_7,low quality,-63.6639728859067,-61.76738739013672,-61.76738739013672
20190606_sample_9,Sst,-58.323270951211455,-60.65556335449219,-60.65556335449219
20190607_sample_2,Sst,-58.14202904105186,-59.837493896484375,-59.837493896484375
20190607_sample_3,Lamp5,-48.03402281478047,-61.921627044677734,-61.921627044677734
20190607_sample_5,low quality,-59.00620744451881,-61.93940353393555,-61.93940353393555
20190610_sample_1,Sst,-52.11049558073282,-60.97332763671875,-60.97332763671875
20190610_sample_2,Pvalb,-75.12346948683262,-59.99988555908203,-59.99988555908203
20190610_sample_3,Lamp5,-61.99613814651966,-61.071929931640625,-61.071929931640625
20190610_sample_4,Pvalb,-74.70982402712107,-59.74797821044922,-59.74797821044922
20190610_sample_5,low quality,-67.44315321147442,-61.89964294433594,-61.89964294433594
20190610_sample_7,low quality,-46.6274911865592,-61.08195877075195,-61.08195877075195
20190610_sample_8,Pvalb,-65.68682325929403,-60.58464050292969,-60.58464050292969
20190610_sample_9,Lamp5,-64.77016319036484,-60.592613220214844,-60.592613220214844
20190610_sample_10,Pvalb,-68.33967747837305,-62.11325454711914,-62.11325454711914
20190610_sample_12,Pvalb,-58.51909776702523,-60.77493667602539,-60.77493667602539
20190610_sample_16,Lamp5,-63.63510106652976,-60.720760345458984,-60.720760345458984
20190610_sample_18,Vip,-53.98194653764367,-58.620479583740234,-58.620479583740234
20190611_sample_1,IT,-67.18918937891722,-63.72563934326172,-63.72563934326172
20190611_sample_3,Lamp5,-68.50737936794758,-60.04349899291992,-60.04349899291992
20190611_sample_4,Sst,-71.27302180975676,-59.49516296386719,-59.49516296386719
20190611_sample_5,low quality,-68.49350263327361,-64.25005340576172,-64.25005340576172
20190611_sample_7,Lamp5,-73.57164163589476,-60.612548828125,-60.612548828125
20190611_sample_8,Sst,-61.42081727087498,-60.49040222167969,-60.49040222167969
20190611_sample_10,Sst,-65.00707080364228,-59.966705322265625,-59.966705322265625
20190611_sample_11,IT,-63.49360138624907,-63.08795166015625,-63.08795166015625
20190611_sample_14,Sncg,-55.1800519362092,-57.9627799987793,-57.9627799987793
20190611_sample_15,Lamp5,-60.290780146420005,-60.657676696777344,-60.657676696777344
20190612_sample_1,Lamp5,-58.4106767103076,-59.853858947753906,-59.853858947753906
20190612_sample_2,Pvalb,-75.51911815106868,-61.18198776245117,-61.18198776245117
20190612_sample_4,Vip,-66.46136056780816,-59.144229888916016,-59.144229888916016
20190612_sample_6,Pvalb,-67.37347048074008,-61.75799560546875,-61.75799560546875
20190612_sample_7,Lamp5,-59.60318622738123,-60.57328796386719,-60.57328796386719
20190612_sample_8,Lamp5,-64.08482873886824,-60.06340789794922,-60.06340789794922
20190613_sample_2,Sst,-62.15585154294968,-60.7475471496582,-60.7475471496582
20190613_sample_3,Sst,-76.7599150851369,-59.39994430541992,-59.39994430541992
20190613_sample_4,Sst,-48.69601302444935,-59.005653381347656,-59.005653381347656
20190613_sample_6,Pvalb,-64.64510944634677,-61.433998107910156,-61.433998107910156
20190613_sample_7,Sst,-62.12802024036646,-59.98319625854492,-59.98319625854492
20190613_sample_8,Pvalb,-55.00129100382328,-62.198570251464844,-62.198570251464844
20190613_sample_9,Sst,-67.07426502555609,-60.99553298950195,-60.99553298950195
20190613_sample_10,Sst,-69.43957593142986,-60.15364456176758,-60.15364456176758
20190614_sample_2,Vip,-37.60288166927639,-58.84961700439453,-58.84961700439453
20190614_sample_3,Lamp5,-60.72378275468945,-61.734352111816406,-61.734352111816406
20190614_sample_4,Vip,-60.14225122332573,-59.834815979003906,-59.834815979003906
20190614_sample_6,Vip,-51.51359111517668,-58.893699645996094,-58.893699645996094
20190614_sample_8,Vip,-61.863107866048814,-60.24271011352539,-60.24271011352539
20190617_sample_1,Lamp5,-68.5548751398921,-62.11742401123047,-62.11742401123047
20190617_sample_2,CT,-68.18791322559119,-64.02113342285156,-64.02113342285156
20190617_sample_3,Sst,-61.07723909392953,-60.16184997558594,-60.16184997558594
20190617_sample_4,Sst,-49.5988038405776,-59.7787971496582,-59.7787971496582
20190617_sample_5,Sncg,-54.9632177464664,-58.86802291870117,-58.86802291870117
20190617_sample_6,Sst,-67.424066413939,-61.04269027709961,-61.04269027709961
20190618_sample_1,low quality,-73.10099979639054,-60.60443115234375,-60.60443115234375
20190618_sample_2,Vip,-74.59895866513253,-59.15251922607422,-59.15251922607422
20190618_sample_4,Vip,-64.08760786354541,-60.15392303466797,-60.15392303466797
20190618_sample_5,Vip,-54.91983306258917,-59.3588981628418,-59.3588981628418
20190618_sample_7,Lamp5,-66.33256503343583,-60.86178207397461,-60.86178207397461
20190618_sample_8,Lamp5,-52.16395105570555,-59.72441482543945,-59.72441482543945
20190619_sample_1,Lamp5,-67.7469777315855,-60.97650909423828,-60.97650909423828
20190619_sample_3,Pvalb,-64.08564659953117,-62.088592529296875,-62.088592529296875
20190619_sample_4,Pvalb,-57.48575058057904,-63.87847900390625,-63.87847900390625
20190619_sample_5,Pvalb,-59.40225630849599,-61.790950775146484,-61.790950775146484
20190619_sample_6,Lamp5,-61.39986186847091,-62.02467727661133,-62.02467727661133
20190620_sample_1,Lamp5,-65.23487569391727,-59.85250473022461,-59.85250473022461
20190620_sample_2,Sst,-62.54651014059782,-60.37035369873047,-60.37035369873047
20190620_sample_5,Sst,-59.68538011908531,-59.91587829589844,-59.91587829589844
20190620_sample_6,Sst,-56.901043720543385,-61.553321838378906,-61.553321838378906
20190620_sample_8,Pvalb,-64.9920780390501,-62.87660598754883,-62.87660598754883
20190624_sample_1,Sst,-72.65605463236571,-58.55548095703125,-58.55548095703125
20190624_sample_2,Sst,-76.66108947396279,-60.662166595458984,-60.662166595458984
20190624_sample_3,Sst,-61.09856413677335,-59.76248550415039,-59.76248550415039
20190624_sample_4,Pvalb,-56.55107722654938,-61.05835723876953,-61.05835723876953
20190624_sample_5,Sst,-56.41918533220887,-60.19672393798828,-60.19672393798828
20190624_sample_6,Sst,-54.040808390080926,-61.67250061035156,-61.67250061035156
20190625_sample_1,Vip,-63.613689962029454,-59.29094314575195,-59.29094314575195
20190625_sample_2,low quality,-50.74318002909422,-62.534847259521484,-62.534847259521484
20190625_sample_3,Vip,-71.97440603226423,-59.759525299072266,-59.759525299072266
20190625_sample_4,Vip,-48.07640278339386,-58.10545349121094,-58.10545349121094
20190625_sample_5,Vip,-64.0958616644144,-59.371482849121094,-59.371482849121094
20190625_sample_6,Lamp5,-65.48649278730154,-59.75497817993164,-59.75497817993164
20190625_sample_7,Vip,-51.45664105191827,-59.832698822021484,-59.832698822021484
20190625_sample_8,Vip,-62.48224185183645,-59.09336853027344,-59.09336853027344
20190625_sample_10,Vip,-54.979254455119374,-59.04939270019531,-59.04939270019531
20190625_sample_11,Vip,-82.32797747701406,-59.5035514831543,-59.5035514831543
20190625_sample_12,Vip,-58.10408191084862,-60.087318420410156,-60.087318420410156
20190625_sample_13,Vip,-69.51531263440847,-62.09330749511719,-62.09330749511719
20190626_sample_1,Vip,-78.40048486292363,-60.40781021118164,-60.40781021118164
20190626_sample_4,low quality,-55.70679454281927,-60.691349029541016,-60.691349029541016
20190626_sample_5,Vip,-46.27101066336036,-59.659637451171875,-59.659637451171875
20190627_sample_1,CT,-94.6176511630416,-63.56538009643555,-63.56538009643555
20190627_sample_2,Lamp5,-81.54802128225565,-61.25376892089844,-61.25376892089844
20190627_sample_4,NP,-66.42406726628542,-61.92296600341797,-61.92296600341797
20190627_sample_6,Pvalb,-72.36984588354827,-60.58543395996094,-60.58543395996094
20190627_sample_8,IT,-85.2276925638318,-65.69580078125,-65.69580078125
20190628_sample_1,Sst,-60.84737917110324,-59.522926330566406,-59.522926330566406
20190628_sample_2,Pvalb,-61.32020179852843,-61.032623291015625,-61.032623291015625
20190628_sample_3,Sst,-55.61252054721117,-61.35623550415039,-61.35623550415039
20190628_sample_4,Sst,-52.57960885986685,-59.246578216552734,-59.246578216552734
20190628_sample_5,Sst,-51.9688213199377,-62.157657623291016,-62.157657623291016
20190628_sample_6,Pvalb,-52.366023749858144,-61.07552719116211,-61.07552719116211
20190628_sample_7,Sst,-49.519406570494176,-60.62411117553711,-60.62411117553711
20190703_sample_1,Pvalb,-63.56486105471849,-60.278987884521484,-60.278987884521484
20190703_sample_2,Pvalb,-69.8948931708932,-61.43709182739258,-61.43709182739258
20190703_sample_3,Pvalb,-68.36009967625141,-62.01716232299805,-62.01716232299805
20190703_sample_5,Pvalb,-71.15063616186382,-62.693119049072266,-62.693119049072266
20190703_sample_6,Pvalb,-73.96808633208275,-61.49797821044922,-61.49797821044922
20190703_sample_8,Pvalb,-53.82858471348882,-62.484275817871094,-62.484275817871094
20190703_sample_10,Pvalb,-60.536101332306856,-62.1170768737793,-62.1170768737793
20190703_sample_12,Pvalb,-65.27103732973336,-60.41154861450195,-60.41154861450195
20190703_sample_13,Sst,-74.95416725128888,-59.15141677856445,-59.15141677856445
20190703_sample_14,low quality,-91.88194833993911,-61.75933837890625,-61.75933837890625
20190703_sample_15,Sst,-73.9828951895237,-58.16212463378906,-58.16212463378906
20190704_sample_2,Sst,-58.75681670594495,-61.8792610168457,-61.8792610168457
20190704_sample_12,Vip,-75.73155023455621,-59.35245895385742,-59.35245895385742
20190704_sample_14,Vip,-70.21346485316754,-60.4667854309082,-60.4667854309082
20190705_sample_1,Vip,-76.80250635594129,-59.99384307861328,-59.99384307861328
20190705_sample_3,Vip,-71.03238259553909,-59.59464645385742,-59.59464645385742
20190705_sample_4,Vip,-86.46889251321554,-59.355247497558594,-59.355247497558594
20190705_sample_5,Vip,-72.82255467772484,-59.09526824951172,-59.09526824951172
20190705_sample_9,Vip,-56.75947871655225,-61.041107177734375,-61.041107177734375
20190708_sample_3,low quality,-70.38114147186279,-64.61872100830078,-64.61872100830078
20190708_sample_4,Pvalb,-69.35481533557177,-61.094242095947266,-61.094242095947266
20190708_sample_6,Vip,-58.57187677770853,-61.325721740722656,-61.325721740722656
20190708_sample_7,Vip,-43.127326394285774,-60.63749694824219,-60.63749694824219
20190708_sample_8,IT,-76.69939483851195,-67.10648345947266,-67.10648345947266
20190708_sample_12,Vip,-56.081929098814726,-60.743431091308594,-60.743431091308594
20190709_sample_1,Vip,-55.114650008827454,-59.340911865234375,-59.340911865234375
20190709_sample_2,Vip,-73.19489707648754,-60.34638977050781,-60.34638977050781
20190709_sample_3,Vip,-60.88588912785053,-60.160057067871094,-60.160057067871094
20190709_sample_8,Sncg,-58.92814431637525,-59.36860656738281,-59.36860656738281
20190709_sample_10,Vip,-65.1163288012147,-60.53803253173828,-60.53803253173828
20190709_sample_11,Vip,-70.24089949131013,-60.75116729736328,-60.75116729736328
20190709_sample_12,Vip,-54.75507424846292,-59.370567321777344,-59.370567321777344
20190709_sample_13,Vip,-71.2986160069704,-59.23186492919922,-59.23186492919922
20190709_sample_14,Vip,-49.71243091747165,-59.35355758666992,-59.35355758666992
20190710_sample_3,Sst,-56.95160509347916,-60.0438117980957,-60.0438117980957
20190710_sample_4,Sst,-56.28173233419657,-60.3220329284668,-60.3220329284668
20190710_sample_5,Sst,-56.21589479222894,-61.11848831176758,-61.11848831176758
20190710_sample_6,Sst,-60.08498541638255,-59.24873352050781,-59.24873352050781
20190710_sample_8,Vip,-67.6710297703743,-60.432918548583984,-60.432918548583984
20190710_sample_10,Vip,-44.55041870176792,-59.63328170776367,-59.63328170776367
20190712_sample_1,CT,-55.14852071851492,-65.86890411376953,-65.86890411376953
20190712_sample_3,Sst,-62.61887292712927,-60.509281158447266,-60.509281158447266
20190712_sample_4,low quality,-63.852629049122335,-60.57763671875,-60.57763671875
20190712_sample_5,Lamp5,-75.93607655763626,-61.02946853637695,-61.02946853637695
20190712_sample_6,Lamp5,-64.22894611656666,-60.93217849731445,-60.93217849731445
20190712_sample_7,Lamp5,-62.70703409686685,-62.2908935546875,-62.2908935546875
20190715_sample_1,Lamp5,-93.59451099932194,-61.48735809326172,-61.48735809326172
20190715_sample_4,Lamp5,-82.04790913015604,-61.08101272583008,-61.08101272583008
20190715_sample_5,Vip,-65.89206135123968,-59.261924743652344,-59.261924743652344
20190715_sample_6,Lamp5,-65.32805690914392,-61.6656608581543,-61.6656608581543
20190715_sample_7,Vip,-63.535715356469154,-58.765438079833984,-58.765438079833984
20190715_sample_8,Lamp5,-62.0051329664886,-60.086219787597656,-60.086219787597656
20190715_sample_9,Vip,-62.07489870339632,-59.69602966308594,-59.69602966308594
20190715_sample_10,Sncg,-59.41602079421282,-59.5007438659668,-59.5007438659668
20190715_sample_11,Lamp5,-64.83656187951564,-60.788509368896484,-60.788509368896484
20190716_sample_1,low quality,-77.29353285580873,-61.69084548950195,-61.69084548950195
20190716_sample_3,Sst,-43.38853856697679,-59.994876861572266,-59.994876861572266
20190716_sample_5,Sst,-66.45720632076264,-61.447166442871094,-61.447166442871094
20190716_sample_7,Vip,-70.60746287852527,-60.56543731689453,-60.56543731689453
20190716_sample_8,Lamp5,-60.281945714354514,-61.761070251464844,-61.761070251464844
20190716_sample_9,Vip,-69.45462127774954,-59.70426940917969,-59.70426940917969
20190717_sample_1,Sst,-68.5720355913043,-59.553070068359375,-59.553070068359375
20190717_sample_2,Sst,-62.86112942174077,-60.44601821899414,-60.44601821899414
20190717_sample_3,Sst,-56.944477912038565,-60.08487319946289,-60.08487319946289
20190718_sample_1,Vip,-78.26442755013704,-61.3154296875,-61.3154296875
20190718_sample_2,CT,-66.27364669144154,-63.24260330200195,-63.24260330200195
20190718_sample_3,CT,-57.34243733882904,-63.574676513671875,-63.574676513671875
20190718_sample_4,Vip,-62.33364350795746,-58.70673370361328,-58.70673370361328
20190718_sample_5,Vip,-56.473848493397234,-58.8696174621582,-58.8696174621582
20190718_sample_6,Vip,-59.333294954895976,-57.83070373535156,-57.83070373535156
20190718_sample_7,Vip,-62.404942494630816,-59.520652770996094,-59.520652770996094
20190718_sample_8,Vip,-68.30142360925674,-60.184383392333984,-60.184383392333984
20190718_sample_9,Vip,-56.89669307619333,-59.45075607299805,-59.45075607299805
20190719_sample_1,CT,-61.6227602750063,-64.756591796875,-64.756591796875
20190719_sample_2,IT,-69.16633153855801,-66.24304962158203,-66.24304962158203
20190719_sample_4,IT,-67.90196232944727,-66.23036193847656,-66.23036193847656
20190719_sample_5,IT,-71.1644169896841,-66.58604431152344,-66.58604431152344
20190719_sample_6,IT,-59.88797152116895,-68.19523620605469,-68.19523620605469
20190719_sample_9,IT,-64.08631618469954,-66.34373474121094,-66.34373474121094
20190719_sample_10,IT,-56.97694889381528,-68.92166137695312,-68.92166137695312
20190722_sample_1,CT,-69.60475263148547,-63.711727142333984,-63.711727142333984
20190722_sample_6,CT,-78.25964131355286,-65.94326782226562,-65.94326782226562
20190722_sample_7,low quality,-73.63691831529141,-63.30977249145508,-63.30977249145508
20190722_sample_8,low quality,-66.64318379163743,-61.907501220703125,-61.907501220703125
20190724_sample_1,Vip,-67.66507312953472,-62.16905975341797,-62.16905975341797
20190724_sample_2,CT,-57.773344963788986,-64.82377624511719,-64.82377624511719
20190724_sample_4,Vip,-65.03442497253418,-59.22349548339844,-59.22349548339844
20190724_sample_5,Vip,-51.017989026755096,-60.097774505615234,-60.097774505615234
20190724_sample_6,IT,-69.5905523777008,-62.241886138916016,-62.241886138916016
20190724_sample_9,Vip,-60.56139124855399,-59.12210464477539,-59.12210464477539
20190724_sample_10,Vip,-67.51831093281507,-59.41675567626953,-59.41675567626953
20190724_sample_12,Vip,-58.05328103527427,-61.903656005859375,-61.903656005859375
20190724_sample_16,low quality,-55.45330229252576,-62.851112365722656,-62.851112365722656
20190725_sample_1,Vip,-50.63820507600904,-58.95988845825195,-58.95988845825195
20190725_sample_3,Vip,-58.285446879267695,-59.822669982910156,-59.822669982910156
20190725_sample_4,Sst,-53.30790000408888,-60.56938934326172,-60.56938934326172
20190725_sample_5,CT,-58.12212525904178,-63.3074951171875,-63.3074951171875
20190725_sample_6,Vip,-59.76168609634042,-59.36136245727539,-59.36136245727539
20190725_sample_7,Vip,-57.84971327930688,-58.82728958129883,-58.82728958129883
20190725_sample_8,Vip,-56.186752717942,-60.68683624267578,-60.68683624267578
20190725_sample_9,Vip,-61.92765974625945,-59.56062698364258,-59.56062698364258
20190725_sample_10,low quality,-56.70108996331692,-62.238895416259766,-62.238895416259766
20190726_sample_1,Lamp5,-64.8445750683546,-60.60433578491211,-60.60433578491211
20190726_sample_2,Pvalb,-53.843107622861865,-61.277976989746094,-61.277976989746094
20190726_sample_3,Lamp5,-67.57061131447554,-59.94586181640625,-59.94586181640625
20190726_sample_4,IT,-65.72127025052905,-66.5099105834961,-66.5099105834961
20190726_sample_5,Lamp5,-59.40360905975104,-61.72560501098633,-61.72560501098633
20190726_sample_6,Sst,-50.13798540309071,-60.949222564697266,-60.949222564697266
20190726_sample_7,Lamp5,-51.32709611654282,-61.451324462890625,-61.451324462890625
20190729_sample_2,Sst,-77.75743452906609,-60.3408088684082,-60.3408088684082
20190729_sample_3,Sst,-60.48669870868325,-61.34267807006836,-61.34267807006836
20190729_sample_5,Pvalb,-65.38308877348899,-60.46715545654297,-60.46715545654297
20190730_sample_1,Vip,-51.42314505130052,-60.0267333984375,-60.0267333984375
20190730_sample_2,Vip,-64.59357457458972,-60.07019805908203,-60.07019805908203
20190730_sample_5,Vip,-46.71614461615681,-60.567623138427734,-60.567623138427734
20190730_sample_6,Vip,-46.20383629649878,-59.260169982910156,-59.260169982910156
20190730_sample_7,Vip,-57.05767393186689,-59.56765365600586,-59.56765365600586
20190730_sample_9,Lamp5,-58.86577780172229,-61.41298294067383,-61.41298294067383
20190731_sample_1,Pvalb,-61.383486945927146,-60.52729797363281,-60.52729797363281
20190731_sample_2,Lamp5,-59.076950481534006,-61.28889465332031,-61.28889465332031
20190731_sample_3,low quality,-44.07083081677556,-63.0394401550293,-63.0394401550293
20190731_sample_4,Vip,-59.205577205866575,-59.459739685058594,-59.459739685058594
20190731_sample_5,Pvalb,-53.999115612357855,-61.38791275024414,-61.38791275024414
20190731_sample_6,low quality,-65.7327586531639,-61.80704116821289,-61.80704116821289
20190731_sample_8,Pvalb,-53.999115612357855,-60.20905685424805,-60.20905685424805
20190801_sample_1,IT,-72.6247009679675,-67.49964141845703,-67.49964141845703
20190801_sample_2,Sst,-62.3425810456276,-60.01987838745117,-60.01987838745117
20190801_sample_3,Sst,-51.46574617773295,-60.322731018066406,-60.322731018066406
20190801_sample_4,Sst,-48.8950684286654,-63.000797271728516,-63.000797271728516
20190801_sample_7,Sst,-56.510968272387984,-61.77407455444336,-61.77407455444336
20190801_sample_8,low quality,-49.030651077628136,-62.041114807128906,-62.041114807128906
20190820_sample_1,Sst,-60.13861421570182,-59.668426513671875,-59.668426513671875
20190820_sample_2,CT,-66.02014655470848,-65.8932876586914,-65.8932876586914
20190820_sample_3,Pvalb,-56.14242135211825,-62.240821838378906,-62.240821838378906
20190820_sample_5,Sst,-39.78803825825453,-60.985355377197266,-60.985355377197266
20190820_sample_6,CT,-59.64984839111567,-67.09162902832031,-67.09162902832031
20190821_sample_1,IT,-52.88804889172316,-65.63005828857422,-65.63005828857422
20190821_sample_2,IT,-61.77911979556083,-66.86614227294922,-66.86614227294922
20190821_sample_3,CT,-57.25962773039937,-66.90483856201172,-66.90483856201172
20190821_sample_4,IT,-48.11483372747898,-66.69737243652344,-66.69737243652344
20190821_sample_5,IT,-59.25365142524242,-65.11261749267578,-65.11261749267578
20190821_sample_6,IT,-62.60060120001435,-66.71454620361328,-66.71454620361328
20190821_sample_7,IT,-45.33107631057501,-66.14274597167969,-66.14274597167969
20190823_sample_1,IT,-61.56257525905967,-66.75923919677734,-66.75923919677734
20190823_sample_3,Pvalb,-71.4260571449995,-61.13077163696289,-61.13077163696289
20190823_sample_5,low quality,-59.3317581474781,-63.29384231567383,-63.29384231567383
20190823_sample_6,IT,-66.57489360719919,-66.36457061767578,-66.36457061767578
20190823_sample_7,IT,-73.06981587409973,-67.25675964355469,-67.25675964355469
20190827_sample_1,Sst,-69.17436543852091,-60.11692428588867,-60.11692428588867
20190827_sample_2,low quality,-57.1602043516934,-63.76615905761719,-63.76615905761719
20190827_sample_3,Sst,-47.58052889034152,-60.1865348815918,-60.1865348815918
20190827_sample_4,Sst,-52.404762364923954,-60.42699432373047,-60.42699432373047
20190827_sample_5,CT,-60.10583921596408,-63.563682556152344,-63.563682556152344
20190827_sample_6,Sst,-62.27840927243233,-60.23598098754883,-60.23598098754883
20190827_sample_7,Pvalb,-49.16619069948793,-59.197669982910156,-59.197669982910156
20190827_sample_8,Sst,-52.0262101083994,-61.746620178222656,-61.746620178222656
20190827_sample_9,Sst,-54.77322984039783,-61.21207046508789,-61.21207046508789
20190828_sample_1,Vip,-65.85895097851753,-60.08427429199219,-60.08427429199219
20190828_sample_3,Vip,-74.06560186296701,-60.191932678222656,-60.191932678222656
20190828_sample_4,Vip,-74.05797148048877,-59.190101623535156,-59.190101623535156
20190828_sample_5,Vip,-72.0943618401885,-59.947113037109375,-59.947113037109375
20190828_sample_6,Vip,-70.37064299583434,-60.83815002441406,-60.83815002441406
20190828_sample_7,Vip,-55.010534988343714,-60.81924819946289,-60.81924819946289
20190829_sample_1,low quality,-63.58264621645212,-63.37531661987305,-63.37531661987305
20190829_sample_2,Lamp5,-71.52223160266877,-60.89225769042969,-60.89225769042969
20190829_sample_3,IT,-72.49303384870291,-64.28012084960938,-64.28012084960938
20190829_sample_4,Lamp5,-65.95336004793643,-60.554420471191406,-60.554420471191406
20190829_sample_6,Lamp5,-71.52223160266877,-62.1008186340332,-62.1008186340332
20190829_sample_9,Pvalb,-78.4578899949789,-61.21799087524414,-61.21799087524414
20190830_sample_1,IT,-73.29678755998611,-66.83783721923828,-66.83783721923828
20190830_sample_2,IT,-70.57797048687934,-65.85122680664062,-65.85122680664062
20190830_sample_3,low quality,-75.81922186613083,-66.47129821777344,-66.47129821777344
20190830_sample_4,low quality,-61.03044927120209,-62.052650451660156,-62.052650451660156
20190830_sample_6,IT,-69.77271601557732,-66.81597900390625,-66.81597900390625
20190830_sample_8,IT,-63.940988674759865,-65.73081970214844,-65.73081970214844
20190830_sample_9,NP,-51.40037884563208,-61.13863754272461,-61.13863754272461
20190904_sample_1,low quality,-70.39113495349883,-61.78709411621094,-61.78709411621094
20190904_sample_2,Vip,-77.9163450807333,-59.87881851196289,-59.87881851196289
20190904_sample_3,Vip,-52.69549527317285,-59.40236282348633,-59.40236282348633
20190904_sample_4,Vip,-55.6656985975802,-59.54967498779297,-59.54967498779297
20190904_sample_5,Vip,-51.47809067144991,-60.14564514160156,-60.14564514160156
20190904_sample_7,Vip,-71.24020440727472,-59.96980667114258,-59.96980667114258
20190905_sample_1,low quality,-60.42770086228848,-61.787986755371094,-61.787986755371094
20190905_sample_3,Sst,-59.54758564531804,-57.68203353881836,-57.68203353881836
20190906_sample_1,Lamp5,-68.35984903275966,-60.144195556640625,-60.144195556640625
20190906_sample_5,CT,-59.45800473615528,-65.21053314208984,-65.21053314208984
20190906_sample_6,Lamp5,-61.71889338716865,-61.90015411376953,-61.90015411376953
20190910_sample_1,Lamp5,-52.37931542471051,-60.610374450683594,-60.610374450683594
20190910_sample_2,Vip,-61.4591711550951,-59.21769332885742,-59.21769332885742
20190910_sample_3,Vip,-61.05610030144453,-60.34955978393555,-60.34955978393555
20190910_sample_4,Vip,-59.412985280156136,-57.921749114990234,-57.921749114990234
20190910_sample_6,Vip,-47.41496265232563,-59.43370056152344,-59.43370056152344
20190911_sample_3,NP,-58.9498673543334,-62.41980743408203,-62.41980743408203
20190911_sample_4,IT,-69.96530984342098,-65.83435821533203,-65.83435821533203
20190911_sample_6,low quality,-63.005990364402535,-63.45536422729492,-63.45536422729492
20190911_sample_7,low quality,-58.82656195536256,-63.49100112915039,-63.49100112915039
20190911_sample_9,CT,-71.19977313131093,-65.26456451416016,-65.26456451416016
20190912_sample_1,CT,-65.5306623339653,-65.7401351928711,-65.7401351928711
20190912_sample_2,CT,-52.38961565420031,-64.03893280029297,-64.03893280029297
20190912_sample_3,CT,-70.72570592314005,-64.32264709472656,-64.32264709472656
20190912_sample_4,Lamp5,-60.58954430446029,-59.29874801635742,-59.29874801635742
20190912_sample_6,NP,-64.68421986997127,-66.01441192626953,-66.01441192626953
20190912_sample_8,CT,-64.72679104506969,-64.0145034790039,-64.0145034790039
20190912_sample_10,Pvalb,-68.66161193549632,-61.21410369873047,-61.21410369873047
20190917_sample_1,CT,-67.24408948123455,-63.809200286865234,-63.809200286865234
20190917_sample_2,Lamp5,-63.50110073983669,-61.18928527832031,-61.18928527832031
20190917_sample_3,IT,-62.9184495344758,-63.524906158447266,-63.524906158447266
20190919_sample_1,low quality,-80.29811406135559,-61.97340774536133,-61.97340774536133
20190919_sample_4,Lamp5,-61.32439923807979,-60.05860137939453,-60.05860137939453
20190919_sample_5,CT,-66.98675457984208,-64.3425064086914,-64.3425064086914
20190924_sample_1,Sst,-64.18746532797813,-59.9080810546875,-59.9080810546875
20190924_sample_2,Sst,-56.13944109380245,-60.971622467041016,-60.971622467041016
20190924_sample_3,IT,-61.60271692350507,-65.71322631835938,-65.71322631835938
20190924_sample_4,Sst,-54.6322556078434,-61.39947509765625,-61.39947509765625
20190924_sample_5,Sst,-57.38868298605084,-61.125770568847656,-61.125770568847656
20190924_sample_6,Sst,-54.46077258512378,-61.38580322265625,-61.38580322265625
20190924_sample_7,Pvalb,-53.67688176631927,-60.65079879760742,-60.65079879760742
20190924_sample_8,CT,-62.03739663735033,-64.30280303955078,-64.30280303955078
20190925_sample_2,Pvalb,-59.50630403235554,-61.41270446777344,-61.41270446777344
20190925_sample_3,Sst,-54.19725338444114,-59.912662506103516,-59.912662506103516
20190925_sample_4,CT,-53.32683232128621,-61.90568542480469,-61.90568542480469
20190925_sample_5,Sst,-42.35436203032732,-61.613033294677734,-61.613033294677734
20190925_sample_6,Pvalb,-48.101483069360256,-61.729801177978516,-61.729801177978516
20190925_sample_7,Sst,-61.33679541349412,-59.84646987915039,-59.84646987915039
20190926_sample_2,ET,-71.47222823500633,-64.02971649169922,-64.02971649169922
20190926_sample_3,Sst,-51.4023703880608,-61.02956008911133,-61.02956008911133
20190926_sample_4,ET,-58.29710853621364,-64.11078643798828,-64.11078643798828
20190926_sample_5,Pvalb,-53.5658144325018,-60.89674377441406,-60.89674377441406
20190926_sample_6,Sst,-57.3575997889042,-59.73667907714844,-59.73667907714844
20190927_sample_1,IT,-67.68117462396621,-65.51538848876953,-65.51538848876953
20190927_sample_2,CT,-54.44285669997335,-65.71619415283203,-65.71619415283203
20190927_sample_3,Pvalb,-57.09301155731082,-62.23198318481445,-62.23198318481445
20190927_sample_4,IT,-50.77810349166393,-66.04853057861328,-66.04853057861328
20190927_sample_5,Pvalb,-62.03675455451011,-61.73170852661133,-61.73170852661133
20190927_sample_6,Vip,-57.66048738285899,-61.267127990722656,-61.267127990722656
20190927_sample_7,CT,-51.11429854854941,-67.54484558105469,-67.54484558105469
20191001_sample_1,Sst,-56.87222670093179,-59.29431915283203,-59.29431915283203
20191001_sample_2,low quality,-58.60909993723035,-61.74192810058594,-61.74192810058594
20191001_sample_3,Sst,-56.14634850174188,-59.486427307128906,-59.486427307128906
20191001_sample_4,Pvalb,-63.8528735473752,-60.194190979003906,-60.194190979003906
20191001_sample_5,Sst,-50.30258707478642,-58.83155059814453,-58.83155059814453
20191001_sample_6,Sst,-68.52159781306982,-59.704166412353516,-59.704166412353516
20191003_sample_2,low quality,-52.48225080370904,-62.60747146606445,-62.60747146606445
20191003_sample_3,Sst,-60.12526654675603,-60.898338317871094,-60.898338317871094
20191003_sample_4,Sst,-52.44959629550576,-61.14760971069336,-61.14760971069336
20191003_sample_5,Sst,-40.92785016000271,-58.68735885620117,-58.68735885620117
20191003_sample_6,CT,-67.0934778407216,-61.90064239501953,-61.90064239501953
20191010_sample_1,IT,-68.48811483383179,-64.27946472167969,-64.27946472167969
20191010_sample_2,Sst,-58.96978523731232,-60.18048095703125,-60.18048095703125
20191010_sample_3,IT,-66.4815823867917,-66.6142578125,-66.6142578125
20191010_sample_4,Pvalb,-59.86823406890035,-61.02063751220703,-61.02063751220703
20191010_sample_6,Pvalb,-53.090436699241394,-61.57758331298828,-61.57758331298828
20191010_sample_7,ET,-58.69177937731147,-63.16923904418945,-63.16923904418945
20191028_sample_1,Sst,-70.50672279298306,-61.9202995300293,-61.9202995300293
20191028_sample_2,Sst,-63.8737694978714,-59.605342864990234,-59.605342864990234
20191028_sample_3,Pvalb,-46.14544229730964,-61.28118896484375,-61.28118896484375
20191028_sample_4,low quality,-50.093226180225614,-62.47039031982422,-62.47039031982422
20191028_sample_5,low quality,-61.42656087428331,-60.93787384033203,-60.93787384033203
20191030_sample_2,Sst,-57.61542102694512,-61.12146759033203,-61.12146759033203
20191030_sample_3,ET,-53.112541395425794,-64.49305725097656,-64.49305725097656
20191030_sample_4,NP,-49.9818097256124,-62.6165771484375,-62.6165771484375
20191030_sample_5,Sst,-47.09474637359381,-60.5914192199707,-60.5914192199707
20191101_sample_1,Lamp5,-48.500226113200185,-60.85665512084961,-60.85665512084961
20191101_sample_2,CT,-59.61793923825026,-65.02009582519531,-65.02009582519531
20191101_sample_3,Lamp5,-44.8207507789135,-60.73545455932617,-60.73545455932617
20191101_sample_4,CT,-55.94971076026559,-65.44796752929688,-65.44796752929688
20191101_sample_5,CT,-57.36454711779952,-64.39488983154297,-64.39488983154297
20191101_sample_6,CT,-59.76281260624528,-63.43503952026367,-63.43503952026367
20191104_sample_1,Sst,-49.71839755550028,-60.438232421875,-60.438232421875
20191104_sample_2,Lamp5,-59.08990367501974,-60.98814010620117,-60.98814010620117
20191104_sample_3,low quality,-60.01063174754381,-61.431400299072266,-61.431400299072266
20191104_sample_4,Pvalb,-62.46895653903484,-61.170448303222656,-61.170448303222656
20191105_sample_1,Pvalb,-64.81723527163267,-60.719791412353516,-60.719791412353516
20191105_sample_2,IT,-57.789267887175086,-64.42296600341797,-64.42296600341797
20191105_sample_3,Sst,-56.12356211021543,-59.29148864746094,-59.29148864746094
20191105_sample_4,Pvalb,-52.56626890972257,-61.22595977783203,-61.22595977783203
20191105_sample_5,Sst,-55.1644754499197,-59.32261657714844,-59.32261657714844
20191106_sample_2,Lamp5,-63.1860597319901,-61.27284622192383,-61.27284622192383
20191106_sample_3,IT,-64.94072116762399,-66.41940307617188,-66.41940307617188
20191106_sample_5,Lamp5,-55.016251989454034,-61.000144958496094,-61.000144958496094
20191107_sample_1,low quality,-46.44884318634868,-62.95431137084961,-62.95431137084961
20191107_sample_2,Sst,-51.71548070535064,-61.01447296142578,-61.01447296142578
20191107_sample_3,Sst,-46.19274642765522,-59.30731201171875,-59.30731201171875
20191107_sample_4,Sst,-56.41908720955253,-60.27257537841797,-60.27257537841797
20191108_sample_1,CT,-65.15649135559798,-64.01446533203125,-64.01446533203125
20191108_sample_4,CT,-61.97172389999032,-63.93452835083008,-63.93452835083008
20191108_sample_5,IT,-54.54231714978814,-65.31602478027344,-65.31602478027344
20191114_sample_1,Lamp5,-58.483497731387615,-60.709861755371094,-60.709861755371094
20191114_sample_2,CT,-56.73510102406144,-63.45967483520508,-63.45967483520508
20191114_sample_3,IT,-60.61340215131641,-64.50720977783203,-64.50720977783203
20191114_sample_4,Sst,-54.331219471246,-59.996089935302734,-59.996089935302734
20191114_sample_5,low quality,-65.13632497936487,-63.062618255615234,-63.062618255615234
20191114_sample_7,IT,-58.50612924918532,-64.70767211914062,-64.70767211914062
20191114_sample_8,IT,-65.55366049855948,-64.68682861328125,-64.68682861328125
20191114_sample_9,ET,-50.14879392609001,-63.50132369995117,-63.50132369995117
20200106_sample_1,Lamp5,-58.23599185571074,-61.710968017578125,-61.710968017578125
20200106_sample_4,IT,-69.44572423547507,-66.20315551757812,-66.20315551757812
20200106_sample_5,IT,-54.64540743678808,-66.42191314697266,-66.42191314697266
20200106_sample_6,IT,-75.94042058289051,-66.21228790283203,-66.21228790283203
20200225_sample_2,IT,-55.261235401779416,-65.92657470703125,-65.92657470703125
20200225_sample_5,Sncg,-50.02822257652879,-59.42162322998047,-59.42162322998047
20200316_sample_1,ET,-72.22869543284179,-66.06603240966797,-66.06603240966797
20200316_sample_2,low quality,-65.30821864008902,-62.64785385131836,-62.64785385131836
20200316_sample_3,Pvalb,-60.47764774262905,-60.774471282958984,-60.774471282958984
