cell_id,RNA_family,y_true,y_pred,y_pred_train_space
20171204_sample_2,ET,1.132151315147014,1.117077746788586,0.7500367164611816
20171204_sample_4,IT,1.0332652008862764,1.1087074004597832,0.7460751533508301
20171204_sample_5,IT,1.0812973097764378,1.0933591155614397,0.7387700080871582
20171204_sample_6,ET,1.1379550909813023,1.107603011288142,0.7455512881278992
20171207_sample_1,ET,1.3339215138438318,1.1114406383329671,0.7473704814910889
20171207_sample_2,ET,1.168524677678389,1.1130331363446972,0.7481244206428528
20171207_sample_6,IT,1.0598989194074615,1.108848302261995,0.7461419701576233
20171207_sample_7,IT,1.0564523234399672,1.0991704022192417,0.7415422201156616
20171219_sample_1,IT,1.0889342853857384,1.0646266674730174,0.7249494194984436
20171219_sample_2,IT,1.122138737387285,1.0928381244868721,0.7385210990905762
20171219_sample_3,IT,1.097184560985686,1.0921418008921893,0.7381883263587952
20171219_sample_4,ET,1.2091658109654264,1.117914157638447,0.7504317164421082
20171219_sample_6,ET,1.3439782416200057,1.1111232642781081,0.7472201585769653
20171219_sample_7,IT,1.0842915367134334,1.0851788659059203,0.7348546385765076
20171219_sample_8,ET,1.202653778358502,1.1105226241797894,0.7469356060028076
20180102_sample_1,ET,1.442181044094763,1.1193460487117608,0.7511075735092163
20180102_sample_2,IT,1.0954241868650738,1.097303937040829,0.7406526803970337
20180102_sample_3,ET,1.0496848229762132,1.1001481948281522,0.7420079112052917
20180102_sample_4,ET,1.2785167753444335,1.1109036975442192,0.7471161484718323
20180102_sample_5,IT,1.1537969869456253,1.1179181972429726,0.750433623790741
20180103_sample_1,ET,1.252044976709227,1.1213216480197614,0.7520393133163452
20180103_sample_2,ET,1.407133387622319,1.1143483019064382,0.7487466335296631
20180103_sample_3,ET,1.181623023433002,1.120817715560893,0.7518017292022705
20180103_sample_4,low quality,1.095662265620811,1.1294565910097056,0.7558668255805969
20180103_sample_5,IT,1.028272715984893,1.10592221895003,0.7447534799575806
20180103_sample_6,IT,1.0603579892817183,1.093882732432755,0.7390201091766357
20180103_sample_7,IT,1.1241689689396066,1.1045877075636044,0.7441195845603943
20180103_sample_8,IT,1.102257222644471,1.0922656330160845,0.7382475137710571
20180104_sample_1,low quality,1.1103420053795972,1.1082289576523936,0.7458482384681702
20180104_sample_2,IT,1.145978908254748,1.0956363544919638,0.7398572564125061
20180104_sample_3,IT,1.0700144067300563,1.0893185979560966,0.7368379831314087
20180104_sample_4,low quality,1.0898479341606588,1.1152190617194826,0.7491583824157715
20180104_sample_6,ET,1.1333788036306236,1.118734481638132,0.7508189678192139
20180105_sample_4,IT,1.1082875092555102,1.1069055425964929,0.7452203035354614
20180105_sample_5,IT,1.075439732476865,1.1085310665088552,0.7459915280342102
20180105_sample_6,IT,1.0952954012095533,1.0767367003323063,0.7307977676391602
20180108_sample_1,IT,1.1475507613643543,1.0811205211723045,0.7329064607620239
20180108_sample_2,low quality,1.1070489679151925,1.1103392201941333,0.7468487024307251
20180108_sample_3,IT,1.0922684665613964,1.1245425103355389,0.753556489944458
20180108_sample_4,ET,1.403069777338827,1.1091092656989536,0.746265709400177
20180108_sample_5,ET,1.683640569290069,1.1043373378246475,0.7440006136894226
20180108_sample_7,IT,1.15338691370614,1.0929881955433822,0.738592803478241
20180108_sample_8,ET,1.2417805805908844,1.105855943983139,0.7447220087051392
20180108_sample_9,IT,1.037761708611152,1.0983263852368268,0.7411400675773621
20180108_sample_10,ET,1.0053450229813434,1.115867700627601,0.7494649887084961
20180109_sample_1,IT,1.1614311286304682,1.0919598695058002,0.7381013631820679
20180109_sample_2,IT,1.1313515086172266,1.0951974679091696,0.7396478056907654
20180109_sample_5,IT,1.0634412289279795,1.0780180035089584,0.7314145565032959
20180110_sample_1,IT,1.0379427727129766,1.0799617725471609,0.7323495149612427
20180110_sample_2,IT,1.0548054817568688,1.0959021791075478,0.7399840950965881
20180110_sample_3,IT,1.1650106020254103,1.0737408353313556,0.7293541431427002
20180110_sample_4,IT,1.0673016945542286,1.1218817274644346,0.7523033022880554
20180110_sample_5,IT,1.0858136153945666,1.087952169750397,0.736183762550354
20180110_sample_7,IT,1.0704080237518303,1.096526274904285,0.7402818202972412
20180110_sample_8,ET,1.5707806452247366,1.1132433516585092,0.7482239007949829
20180111_sample_5,IT,0.9940440200257942,1.0863483553951983,0.7354153394699097
20180115_sample_2,IT,1.1916442329823669,1.1223336672125985,0.7525162696838379
20180115_sample_5,IT,1.0149560326759242,1.0925260410898752,0.7383719682693481
20180115_sample_6,low quality,1.1909919173761274,1.099642033627103,0.7417668700218201
20180115_sample_7,IT,1.2401807125783717,1.089194566677285,0.7367786169052124
20180115_sample_8,IT,1.112146278725781,1.0918153581790413,0.7380322813987732
20180115_sample_9,IT,1.1042196669017732,1.081048452595089,0.7328718304634094
20180118_sample_1,IT,1.1145704634545572,1.0939848255232214,0.739068865776062
20180118_sample_2,IT,1.159516488896375,1.1010750963927585,0.742449164390564
20180118_sample_4,IT,1.160315678699336,1.0956768256127478,0.7398765683174133
20180118_sample_6,IT,1.1387084406848316,1.0844166328124132,0.7344890236854553
20180118_sample_7,ET,1.3253409641575475,1.1099717054499243,0.7466745376586914
20180118_sample_10,ET,1.5207141195828828,1.1098575147245089,0.7466204166412354
20180123_sample_1,ET,1.038863309739946,1.1044129724363976,0.7440365552902222
20180123_sample_3,ET,1.3487375391476526,1.1157169979212453,0.7493937611579895
20180123_sample_5,ET,1.331279612898556,1.1181956860200764,0.7505646347999573
20180123_sample_6,ET,1.163907477921757,1.1253139695435093,0.7539195418357849
20180123_sample_7,ET,1.5593046075753976,1.1230830645810665,0.7528693079948425
20180208_sample_1,low quality,1.3777167626066478,1.1128074521093834,0.7480176091194153
20180208_sample_2,ET,1.4071016449205689,1.1150994181434473,0.7491018176078796
20180208_sample_3,ET,1.4335066781928472,1.11077423307916,0.7470548152923584
20180208_sample_4,IT,1.2086398998019685,1.0880045645513299,0.7362088561058044
20180208_sample_5,IT,1.5579651416537776,1.1018602087196792,0.7428227663040161
20180213_sample_3,ET,1.4250974620357844,1.1070672975925393,0.7452970743179321
20180213_sample_5,Pvalb,1.1159236069196836,1.0877774469484012,0.7361000776290894
20180215_sample_1,Pvalb,1.057948378333715,1.0817130417955851,0.7331911325454712
20180220_sample_1,Sst,1.3180926527658,1.1241799921294482,0.7533858418464661
20180220_sample_2,IT,1.0537369252797453,1.1102863907271796,0.7468236684799194
20180225_sample_1,IT,1.0633433577582054,1.0899472110221393,0.7371388077735901
20180225_sample_2,IT,1.046815208436435,1.0939517508106855,0.7390530705451965
20180225_sample_3,IT,1.0690450945894594,1.0824121004685503,0.733526885509491
20180225_sample_4,IT,1.0890658507437945,1.072580760080431,0.7287945747375488
20180225_sample_5,ET,1.3415138326992375,1.1117078383321801,0.747497022151947
20180225_sample_7,Pvalb,1.0725892580544654,1.110453059612196,0.7469026446342468
20180228_sample_3,IT,1.034405856500212,1.1000067477882094,0.7419405579566956
20180306_sample_1,Pvalb,1.2745731421395992,1.0903509832095324,0.7373319864273071
20180306_sample_2,IT,1.0448594309509114,1.0982119493085072,0.7410855293273926
20180306_sample_3,IT,1.051548539554394,1.0991620191754687,0.7415382266044617
20180306_sample_5,IT,1.0084600939021104,1.0975102121266522,0.7407510280609131
20180309_sample_4,IT,1.0396626032611047,1.1123215320175797,0.747787594795227
20180309_sample_6,IT,1.152350033416008,1.115227634964751,0.7491624355316162
20180309_sample_7,IT,1.062804235417405,1.0968289564204743,0.7404261827468872
20180309_sample_8,IT,1.1170347359176946,1.0992671224440391,0.741588294506073
20180313_sample_1,low quality,1.0086377266472957,1.113008576902473,0.7481127977371216
20180313_sample_2,ET,1.026026102904627,1.1144443351216289,0.7487920522689819
20180313_sample_3,ET,1.1523290708006997,1.1125921174180486,0.7479156851768494
20180313_sample_7,IT,1.0682814243045295,1.1048374798004943,0.7442382574081421
20180313_sample_8,low quality,1.0029112797823792,1.114625322957313,0.7488776445388794
20180313_sample_9,Pvalb,1.0953854554106714,1.11815099246889,0.7505435347557068
20180315_sample_1,ET,1.251174763143867,1.1151894338599961,0.7491443753242493
20180315_sample_2,low quality,1.0670184238673934,1.1202469221769258,0.7515325546264648
20180315_sample_5,IT,1.0115160028594168,1.0793128626642976,0.7320374846458435
20180315_sample_6,IT,1.2957063530764568,1.101783413095784,0.7427862286567688
20180321_sample_2,IT,1.1189332989038543,1.0860403481906655,0.735267698764801
20180321_sample_3,IT,1.0122181883455903,1.1071956555017637,0.7453579902648926
20180321_sample_4,IT,1.1876515746270948,1.065743874348203,0.725490391254425
20180321_sample_8,ET,1.2957664978803995,1.1115774435291743,0.7474352717399597
20180321_sample_9,ET,1.2206947204233634,1.1110550640280266,0.7471878528594971
20180322_sample_1,IT,1.0133299681030452,1.0955289349371307,0.7398059964179993
20180322_sample_2,IT,1.0274066118577705,1.0981743056296422,0.7410675883293152
20180322_sample_3,IT,1.0643970490995582,1.098066630928262,0.7410162687301636
20180322_sample_4,IT,1.1951405503402397,1.1051247984355463,0.7443747520446777
20180322_sample_5,IT,1.1200236565961208,1.1015719577548022,0.7426856160163879
20180322_sample_6,ET,1.227452325096025,1.1052007123098664,0.7444108128547668
20180322_sample_7,ET,1.2886182742264525,1.1118427727054843,0.7475609183311462
20180327_sample_1,Pvalb,1.1893143010441758,1.115275670996459,0.7491851449012756
20180327_sample_2,Pvalb,1.1263651689668963,1.1183186612792944,0.7506226897239685
20180327_sample_3,IT,1.1204050074404712,1.10902843397632,0.7462273836135864
20180327_sample_4,Pvalb,1.1157746499954857,1.1194824818008793,0.7511719465255737
20180327_sample_5,Pvalb,1.0966118475124005,1.1288842339212357,0.7555980086326599
20180327_sample_6,IT,1.1393765401365774,1.0972439335522364,0.7406240701675415
20180329_sample_1,IT,1.1143550822007149,1.1052510302871965,0.7444347143173218
20180329_sample_2,IT,1.041644873263944,1.108940314585942,0.7461856007575989
20180329_sample_3,IT,1.084590954886124,1.1023950997831058,0.7430772185325623
20180329_sample_4,ET,1.1387698195452427,1.1182120991428517,0.7505723834037781
20180329_sample_5,IT,1.1116429687243674,1.0976027299668185,0.7407951354980469
20180329_sample_6,IT,1.067898205248462,1.081242088283204,0.7329648733139038
20180329_sample_7,low quality,1.2339357037267709,1.0781258879555986,0.7314664721488953
20180329_sample_8,IT,1.066464701188672,1.0911495380774754,0.7377139329910278
20180403_sample_5,IT,1.098333912325652,1.1009553762577025,0.7423921823501587
20180403_sample_6,ET,1.3675524591057615,1.1245604922410697,0.7535649538040161
20180403_sample_7,IT,1.0216452454299676,1.09896821754199,0.7414458990097046
20180404_sample_1,Pvalb,1.101675593167004,1.1102145699302042,0.7467896342277527
20180404_sample_2,Pvalb,1.1832637291642167,1.1311611208051144,0.7566669583320618
20180404_sample_3,IT,1.0402710135315831,1.0860226923128444,0.7352592349052429
20180404_sample_4,Pvalb,1.0593021082781768,1.1201252250378817,0.7514751553535461
20180404_sample_5,Pvalb,1.2891045593880186,1.1136729159087038,0.748427152633667
20180404_sample_7,IT,1.0545578111348812,1.1082397644605702,0.7458533644676208
20180405_sample_1,ET,1.3189014254036246,1.114088706386355,0.7486238479614258
20180405_sample_2,IT,1.1066590636051443,1.0854953229529194,0.7350063920021057
20180405_sample_3,IT,1.0710973539489403,1.0971930569391248,0.7405998110771179
20180410_sample_1,Pvalb,1.0969228905817712,1.1135308099180274,0.7483599185943604
20180410_sample_3,IT,1.0307407057588465,1.0975140877921172,0.7407528758049011
20180410_sample_4,IT,1.0408839701154826,1.0906912788340397,0.7374947667121887
20180410_sample_5,IT,1.0127246890555734,1.0851134923129402,0.7348232865333557
20180410_sample_6,IT,1.0677006070956216,1.0973065622326514,0.740653932094574
20180410_sample_9,Pvalb,1.0878605985316647,1.1125418758146972,0.747891902923584
20180411_sample_1,IT,1.0537240418174358,1.078447221084509,0.7316210865974426
20180411_sample_3,IT,1.095967407767969,1.0914506953775474,0.7378579378128052
20180411_sample_4,Pvalb,1.0613950681329951,1.1359190159789958,0.7588970065116882
20180411_sample_5,Pvalb,1.2206298437274774,1.1061858332141008,0.7448786497116089
20180412_sample_1,IT,1.0320760830753974,1.0916157519630203,0.7379368543624878
20180412_sample_2,Pvalb,1.037341295919039,1.1226634807985534,0.7526716589927673
20180412_sample_3,IT,1.0462302539186177,1.0821643688239526,0.7334079146385193
20180412_sample_4,IT,1.05666222683595,1.0780038835710877,0.7314077615737915
20180412_sample_7,IT,1.033417047582836,1.0846517098745432,0.7346017956733704
20180413_sample_2,Pvalb,1.0629385886466542,1.111600476002478,0.7474461793899536
20180413_sample_3,Pvalb,1.065152243629235,1.1070377839147594,0.7452830672264099
20180413_sample_4,IT,1.026175994541184,1.1150627321645068,0.74908447265625
20180417_sample_1,Vip,1.039628743261445,1.1121276484872786,0.747695803642273
20180417_sample_2,Pvalb,1.0450073896819552,1.122938554410636,0.752801239490509
20180417_sample_3,IT,1.0555790959518183,1.0864106587077953,0.7354452013969421
20180417_sample_4,Pvalb,1.0216022979741168,1.1086471964053155,0.7460466027259827
20180417_sample_5,IT,1.0826371349461184,1.113202667254611,0.7482046484947205
20180417_sample_6,IT,1.061137133237727,1.1143225929669291,0.7487344741821289
20180417_sample_7,Pvalb,1.053622529168865,1.115164345060937,0.749132513999939
20180417_sample_8,Sst,1.240210991257331,1.1199939313893372,0.7514132261276245
20180417_sample_9,IT,1.0239522305335058,1.0838416009584475,0.73421311378479
20180418_sample_1,Pvalb,1.1401973915268264,1.1148837238009057,0.748999834060669
20180418_sample_2,Pvalb,1.0443390472966836,1.1085425032601866,0.7459969520568848
20180418_sample_3,Pvalb,1.0632690206847812,1.1177769418982557,0.7503669261932373
20180418_sample_5,IT,1.055799236005365,1.1100290546652678,0.746701717376709
20180418_sample_6,IT,1.0704746902017863,1.1036057164539954,0.743652880191803
20180420_sample_2,low quality,1.0362428474479202,1.1059016333203353,0.7447437047958374
20180420_sample_3,IT,1.013445399875386,1.098435324033584,0.7411919832229614
20180420_sample_4,IT,1.0435334111071886,1.1018283876802568,0.7428076267242432
20180424_sample_1,IT,1.018212797977242,1.0953395901531178,0.7397156357765198
20180424_sample_2,IT,1.0225454244978571,1.0988974074640983,0.7414121627807617
20180424_sample_3,IT,1.0530467983711953,1.0945249533284733,0.7393267750740051
20180424_sample_6,IT,0.99378156776699,1.1047460228396688,0.7441948056221008
20180425_sample_2,IT,1.0091146138081122,1.0958550827213642,0.7399616241455078
20180425_sample_3,Pvalb,1.039885256523314,1.1174486448277223,0.7502118945121765
20180425_sample_4,IT,1.048863435897718,1.0974296999217958,0.7407126426696777
20180425_sample_5,Sncg,1.0661870830900635,1.1249176292140421,0.7537330389022827
20180425_sample_7,Pvalb,1.0289758536068765,1.0998167480867576,0.7418500781059265
20180425_sample_8,Vip,1.0474061408541868,1.1283918253978984,0.7553666830062866
20180425_sample_9,IT,1.0281835861374191,1.1234124883633598,0.7530244588851929
20180426_sample_1,ET,1.0300058237498997,1.11980010173243,0.7513217926025391
20180426_sample_3,IT,1.0361143056210989,1.0866615074346928,0.7355654239654541
20180426_sample_4,IT,1.092592872153103,1.088723663558441,0.7365531921386719
20180426_sample_5,Pvalb,1.097161977415224,1.1029811427589737,0.743355929851532
20180426_sample_7,IT,1.15489439701592,1.0873653382630355,0.7359026670455933
20180426_sample_9,Pvalb,1.045283454075904,1.106906547247584,0.7452207803726196
20180501_sample_2,IT,1.015368382063305,1.0957120511133078,0.73989337682724
20180501_sample_3,IT,1.0579458891463684,1.1020312237379677,0.7429041266441345
20180501_sample_4,IT,1.103692210815871,1.096812833966339,0.7404184937477112
20180501_sample_5,IT,1.077468883613253,1.1113788460675909,0.7473412156105042
20180501_sample_6,low quality,1.0637959689225862,1.1105724403604202,0.7469592094421387
20180501_sample_7,low quality,1.073998114851358,1.1105456451474303,0.7469465136528015
20180501_sample_8,Lamp5,1.0970433229578165,1.1110419778851184,0.7471816539764404
20180502_sample_1,low quality,1.112605972584475,1.1198327002655504,0.7513371706008911
20180502_sample_2,low quality,1.0692051544309,1.1226069268425185,0.7526450157165527
20180502_sample_3,IT,1.0821172898509317,1.0969903127704745,0.7405031323432922
20180502_sample_4,IT,1.0151320524958305,1.1058221796978356,0.7447059750556946
20180508_sample_1,Pvalb,1.0270153702158011,1.1129236915928786,0.748072624206543
20180508_sample_2,IT,1.074272795451952,1.1060053166471748,0.7447929382324219
20180508_sample_3,IT,1.02690464597806,1.101557176719681,0.7426785826683044
20180508_sample_4,IT,1.0129965705431012,1.0991792857797755,0.7415464520454407
20180509_sample_1,low quality,1.0398090178775523,1.1147792252183033,0.7489504218101501
20180509_sample_2,IT,1.025523282651621,1.0988010795681455,0.7413662672042847
20180509_sample_3,IT,1.060876287982896,1.0898724700219533,0.7371030449867249
20180509_sample_4,IT,1.0364922988177527,1.0970088114257455,0.740511953830719
20180509_sample_5,IT,1.0280860213309282,1.1004750615532475,0.7421635389328003
20180509_sample_7,IT,1.084629391798022,1.0978835591041194,0.7409290075302124
20180509_sample_9,IT,1.0243877260779897,1.0930009202674906,0.7385988831520081
20180510_sample_2,Pvalb,1.0312764368988985,1.1219715259092256,0.752345621585846
20180510_sample_3,IT,1.043761067471452,1.1049136342389285,0.7442744374275208
20180510_sample_4,IT,1.025668270057982,1.0879195636733778,0.7361681461334229
20180510_sample_5,IT,1.0373609305924796,1.1079257613020783,0.7457044124603271
20180510_sample_9,IT,1.0826430386971622,1.1020614190435205,0.7429184913635254
20180515_sample_1,Pvalb,1.182204545080895,1.1099540985474277,0.7466661930084229
20180515_sample_6,Pvalb,1.0831294998047971,1.1120322240383465,0.7476506233215332
20180522_sample_1,IT,1.0140410227330774,1.1013999780751977,0.7426037788391113
20180522_sample_2,IT,1.065306895553623,1.1033081996697354,0.743511438369751
20180522_sample_3,IT,1.1965120316314108,1.085585819107673,0.7350497841835022
20180522_sample_4,IT,1.1314383200251383,1.0950950659410161,0.7395989298820496
20180522_sample_5,Pvalb,1.033352290220394,1.0899306432031817,0.737130880355835
20180522_sample_6,ET,1.2809430533481374,1.122822396624026,0.7527465224266052
20180522_sample_7,IT,1.0674255853395538,1.1023122698436523,0.7430378198623657
20180524_sample_5,low quality,1.0017375630599854,1.1093092841021173,0.7463605403900146
20180524_sample_8,IT,1.0207930878498854,1.0901598637879661,0.7372405529022217
20180524_sample_9,Pvalb,1.03943063100494,1.1150667663303646,0.7490863800048828
20180529_sample_3,IT,1.1054082283462745,1.0736313245599376,0.7293013334274292
20180608_sample_1,Lamp5,1.1916067818147955,1.1017954396313505,0.7427919507026672
20180608_sample_2,Pvalb,1.066834049388428,1.1156887502403554,0.7493804097175598
20180608_sample_3,IT,1.2909075030939752,1.1194089584338924,0.7511372566223145
20180608_sample_5,Pvalb,1.164940397968559,1.1112771633433849,0.7472930550575256
20180619_sample_3,Pvalb,1.0385770446967817,1.117139074883044,0.7500656843185425
20180619_sample_5,IT,1.0459789467907563,1.101343364391775,0.7425768375396729
20180619_sample_7,Lamp5,1.052089445432134,1.1160085763783711,0.7495315670967102
20180621_sample_1,IT,1.0865876382283526,1.101472876701562,0.7426384687423706
20180621_sample_2,IT,1.062969768277239,1.1039242176288078,0.7438042759895325
20180621_sample_3,Sncg,1.0659960874534815,1.1191352263309138,0.7510080933570862
20180621_sample_4,IT,1.047217330286169,1.099769063113458,0.7418273687362671
20180621_sample_5,Vip,1.2581895531819016,1.1062188500874512,0.7448943257331848
20180621_sample_7,Pvalb,1.0503192584213132,1.1118381153120032,0.7475587129592896
20180621_sample_8,Pvalb,1.0076164332190376,1.0939873217491431,0.7390700578689575
20180628_sample_2,Pvalb,1.088993477232593,1.1186121136347136,0.7507612109184265
20180628_sample_3,Pvalb,1.0204503381679029,1.1103546919312557,0.7468560338020325
20180628_sample_4,low quality,1.027608206923943,1.1156118276641593,0.7493440508842468
20180628_sample_6,Pvalb,1.0581726464495826,1.1136103024286317,0.7483975291252136
20180628_sample_7,Lamp5,1.0757198227875262,1.1201657899747512,0.751494288444519
20180703_sample_1,Pvalb,1.0779833238804752,1.1062271357718898,0.74489825963974
20180703_sample_2,IT,1.0311855451720158,1.103497010752654,0.7436012029647827
20180703_sample_3,low quality,1.0636248673477025,1.1213249354785142,0.7520408630371094
20180704_sample_1,Pvalb,1.1059427693498085,1.1231335568806198,0.7528930902481079
20180704_sample_2,Pvalb,1.094903990454424,1.1204811108837194,0.7516430020332336
20180704_sample_3,Pvalb,1.0478441870991118,1.137212756977355,0.7595025300979614
20180704_sample_4,IT,1.0562449768092077,1.0880206192784285,0.7362165451049805
20180704_sample_5,Pvalb,1.0978591726422415,1.106361594389114,0.7449620962142944
20180705_sample_1,Pvalb,1.1605772002695496,1.1133803996240292,0.7482887506484985
20180705_sample_4,Pvalb,1.0884656512104305,1.1196244826020314,0.7512389421463013
20180709_sample_2,IT,0.9989581876067662,1.0643554580962153,0.7248180508613586
20180709_sample_3,Lamp5,1.0787975520530797,1.1051451255186475,0.7443844079971313
20180709_sample_4,IT,1.0179574270030716,1.0972808104929477,0.7406416535377502
20180709_sample_6,IT,1.14975231165302,1.0977673968118462,0.7408736348152161
20180710_sample_1,Pvalb,1.0994660938919318,1.130957506088772,0.7565714120864868
20180710_sample_2,Pvalb,1.0080681769091082,1.1006755132272654,0.7422589659690857
20180710_sample_3,Pvalb,1.0632220977210851,1.1157721072057307,0.7494198083877563
20180710_sample_5,Pvalb,1.026822020699656,1.1137855492522502,0.7484804391860962
20180711_sample_1,Pvalb,1.0543281288556776,1.1238210802869932,0.7532168626785278
20180711_sample_2,Sst,1.138062995083933,1.119925570928026,0.751380980014801
20180711_sample_3,Sst,1.5684436588673054,1.136976720405687,0.7593920826911926
20180711_sample_4,Sst,1.3114652728373866,1.1552443461279769,0.7679041028022766
20180712_sample_2,low quality,1.0806746895749029,1.105767580605065,0.7446800470352173
20180712_sample_3,Sncg,1.0610487827781978,1.1229217250565537,0.7527933120727539
20180712_sample_5,Pvalb,1.174281187166674,1.102925614574399,0.7433295249938965
20180712_sample_11,Pvalb,1.0187843193932755,1.126379350017918,0.7544206976890564
20180712_sample_12,Pvalb,1.0940085337427805,1.0970059366240141,0.7405105829238892
20180712_sample_13,IT,1.046524231770229,1.0785571100804212,0.7316739559173584
20180712_sample_14,Pvalb,1.052817204923356,1.1019433967049097,0.742862343788147
20180712_sample_15,Pvalb,1.1295101577832452,1.1110432361645652,0.7471822500228882
20180717_sample_1,Pvalb,1.0357286535638102,1.1204593718251348,0.7516327500343323
20180717_sample_2,Lamp5,1.500978822826104,1.1153161431454826,0.7492042779922485
20180717_sample_3,Pvalb,1.0602436234928885,1.1147448136668698,0.7489341497421265
20180717_sample_4,Pvalb,1.0707922473660985,1.1178102667068248,0.750382661819458
20180717_sample_6,Pvalb,1.077904767395261,1.125485625956849,0.7540003061294556
20180717_sample_7,ET,1.493689455332864,1.1079168407271527,0.7457001805305481
20180718_sample_2,Pvalb,1.0710313078062297,1.1092437825866226,0.7463294863700867
20180718_sample_3,Pvalb,1.0133299423437243,1.111243689656604,0.7472772002220154
20180718_sample_4,Pvalb,1.128765009084861,1.1072672479475762,0.7453919649124146
20180719_sample_1,Pvalb,1.154170975834706,1.1230672464385072,0.7528618574142456
20180719_sample_4,Pvalb,1.0671840978123528,1.1266085120566969,0.7545284628868103
20180720_sample_2,Sncg,1.0519747916857378,1.1201563121162779,0.7514898180961609
20180720_sample_3,Pvalb,1.035856615890166,1.1193474382637687,0.7511082291603088
20180720_sample_5,Lamp5,1.062746534792134,1.1015639409092923,0.7426818013191223
20180725_sample_3,IT,1.0062556471783637,1.0953543274576347,0.7397226691246033
20180725_sample_4,low quality,1.032209149226871,1.112511152214941,0.7478773593902588
20180725_sample_6,Pvalb,1.0910113878817822,1.1089057466437158,0.7461692094802856
20180725_sample_7,IT,1.0362484505179983,1.0780245680741487,0.731417715549469
20180725_sample_9,Lamp5,1.1087101779168131,1.1240922525227957,0.7533445358276367
20180726_sample_3,Pvalb,1.051447096369562,1.1200090948217905,0.7514203786849976
20180726_sample_4,Pvalb,1.1409569461233555,1.115952199728431,0.7495049238204956
20180726_sample_5,Pvalb,1.1063988878224145,1.1194556997979985,0.7511593103408813
20180726_sample_6,Pvalb,1.1223305204603211,1.1214439196261703,0.752096951007843
20180726_sample_7,Pvalb,1.0897650885862749,1.1200553439606384,0.7514421939849854
20180817_sample_2,Pvalb,1.11276790241593,1.1200854190786314,0.7514563798904419
20180817_sample_3,Pvalb,1.0912584041339606,1.107981547162046,0.7457308769226074
20180817_sample_4,Pvalb,1.074544275405725,1.1138908807176948,0.7485302686691284
20180817_sample_5,Pvalb,1.054018672464225,1.116320756154772,0.7496790885925293
20180817_sample_6,IT,1.0796584535363567,1.089811807208681,0.7370740175247192
20180817_sample_7,Pvalb,1.0210022031959742,1.111148934315631,0.7472323179244995
20180820_sample_1,Sst,1.2715769835449302,1.131183477692256,0.7566774487495422
20180820_sample_2,IT,1.0715853004584115,1.11238952136601,0.7478197813034058
20180820_sample_3,Sst,1.2458542737101226,1.1246906756457307,0.7536262273788452
20180820_sample_4,Sst,1.2058543011455665,1.1251115468063284,0.7538242936134338
20180820_sample_5,Sst,1.0378856310833775,1.117994193739027,0.7504695057868958
20180820_sample_6,IT,1.0580319614629214,1.1106506893615176,0.746996283531189
20180820_sample_7,Sst,1.2604364298074775,1.1094957419700255,0.7464489340782166
20180822_sample_1,Pvalb,1.1193662129368296,1.1263746605659137,0.7544184923171997
20180822_sample_2,Pvalb,1.0895012875180274,1.1106089226526923,0.7469764947891235
20180822_sample_3,Pvalb,1.0714763815804436,1.1225784606562281,0.7526316046714783
20180822_sample_4,Pvalb,1.0804068392264905,1.1233642675517563,0.7530017495155334
20180822_sample_6,Pvalb,1.0244684202594103,1.1215873164036758,0.7521645426750183
20180822_sample_7,Pvalb,1.058998277105799,1.1116496883036777,0.7474694848060608
20180828_sample_2,Pvalb,1.0471177316339493,1.1131278503026456,0.7481692433357239
20180828_sample_3,Pvalb,1.0478765407514097,1.120863097447012,0.7518231272697449
20180828_sample_4,IT,1.0129990791224643,1.0986048095244392,0.7412727475166321
20180828_sample_5,Pvalb,1.072350281188778,1.1258055392896686,0.7541508078575134
20180828_sample_6,Pvalb,1.055405174759121,1.1062646728415306,0.7449160814285278
20180828_sample_7,low quality,1.07417576131051,1.0978866851965565,0.7409304976463318
20180828_sample_8,IT,1.003161726514173,1.0904727157053378,0.7373902201652527
20180829_sample_1,Sst,1.37990167906718,1.1290943764315609,0.755696713924408
20180829_sample_2,Sst,1.5691000615249744,1.1180893825658262,0.7505144476890564
20180829_sample_3,Sst,1.391577333181521,1.1229882840334602,0.7528246641159058
20180829_sample_4,Sst,1.2548923790095656,1.1319649728409595,0.7570440769195557
20180829_sample_5,Sst,1.3127362048275522,1.1082302142551492,0.7458488345146179
20180829_sample_6,Sst,1.2244038448831418,1.1232604889421338,0.7529528737068176
20180829_sample_7,Sst,1.140588685274837,1.132651796829637,0.7573661804199219
20180829_sample_8,IT,1.0191902483415685,1.1094972507994973,0.7464496493339539
20180830_sample_1,Pvalb,1.0404484742137248,1.1193298794462878,0.7510999441146851
20180830_sample_2,Pvalb,1.0258254265695517,1.112956436263783,0.7480881214141846
20180830_sample_5,Pvalb,1.052277655241331,1.1138765170269804,0.748523473739624
20180830_sample_6,Pvalb,1.0587309436459134,1.1105731951600788,0.7469595670700073
20180904_sample_1,Pvalb,1.0743996279998538,1.1137020185801436,0.7484409213066101
20180904_sample_2,Pvalb,1.044042759092935,1.117169487210198,0.7500800490379333
20180904_sample_3,Pvalb,1.0259465034089503,1.0986325789320757,0.7412859797477722
20180904_sample_4,Pvalb,1.0787780430584244,1.1080233875258825,0.7457507252693176
20180904_sample_5,Pvalb,1.0321985927902269,1.1292677342353812,0.7557781338691711
20180904_sample_6,Pvalb,1.0859294704141005,1.107073325969057,0.7452999353408813
20180904_sample_7,Pvalb,1.0605915801345105,1.1221698548119508,0.7524390816688538
20180904_sample_9,Pvalb,1.0572953605566302,1.1156354085500813,0.7493551969528198
20180905_sample_1,Sst,1.235550644646693,1.1297424464286832,0.7560010552406311
20180905_sample_2,Sst,1.3439722984657858,1.1617610647533765,0.7709231972694397
20180910_sample_2,Sst,1.044185820233425,1.1258577435788801,0.7541753649711609
20180910_sample_3,Sst,1.3809220646571585,1.1386072164726195,0.7601547837257385
20180911_sample_1,Sst,1.1288627720629445,1.1419098587158192,0.7616978883743286
20180911_sample_2,Sst,1.1317907201997437,1.1349615995801101,0.7584486603736877
20180911_sample_3,Sst,1.2836452823310087,1.1326868811211872,0.7573826313018799
20180911_sample_5,Sst,1.1552507345470584,1.1046357528586424,0.7441424131393433
20180911_sample_6,Sst,1.4785381118443994,1.1226639868810246,0.7526718974113464
20180912_sample_2,Pvalb,1.05052713112538,1.1177285966119703,0.7503440976142883
20180912_sample_3,Pvalb,1.044993021160629,1.1198468517227953,0.751343846321106
20180912_sample_6,Pvalb,1.0441514594200954,1.105454698625039,0.7445314526557922
20180913_sample_2,low quality,1.0330335767790226,1.1132158927489002,0.7482109069824219
20180917_sample_1,Sst,1.2446470671941865,1.1304778245618758,0.7563462853431702
20180917_sample_2,Pvalb,1.1557444504083787,1.114990118494821,0.7490501403808594
20180917_sample_3,IT,1.012950944573708,1.0956739526370436,0.7398751974105835
20180917_sample_4,Pvalb,1.0341091124334525,1.121402950898522,0.7520776391029358
20180917_sample_5,Sst,1.13893909090567,1.123448306630376,0.7530413269996643
20180918_sample_1,Vip,1.16147138480376,1.125532247952344,0.7540222406387329
20180918_sample_2,Vip,1.532719357002318,1.122957788121523,0.7528102993965149
20180918_sample_3,Vip,1.0202734163902156,1.1315609125882016,0.7568545341491699
20180920_sample_1,low quality,1.0682189532796955,1.1171229224553811,0.7500580549240112
20180920_sample_2,Pvalb,1.041102185483011,1.1180068180058056,0.7504754662513733
20180920_sample_3,Pvalb,1.0440783946213676,1.1220838425524133,0.7523985505104065
20180920_sample_4,Pvalb,1.089360184629897,1.1083343892283861,0.7458982467651367
20180921_sample_1,low quality,1.109883516359524,1.1143687180516801,0.7487562894821167
20180921_sample_2,Pvalb,1.0621217586648408,1.118609461774802,0.7507599592208862
20180921_sample_3,Pvalb,1.109397798562015,1.1174771684288305,0.7502253651618958
20180925_sample_9,Pvalb,1.068650872386409,1.1169549697488186,0.7499787211418152
20180926_sample_1,Pvalb,1.0444320211652116,1.1214727499458328,0.7521105408668518
20180926_sample_3,Pvalb,1.139320317988239,1.1284386380049762,0.7553886771202087
20180926_sample_4,low quality,1.1064503538150574,1.120068359610597,0.7514483332633972
20180926_sample_7,Pvalb,1.0388125180307255,1.115707413844385,0.7493892312049866
20180926_sample_9,IT,1.0210847795971023,1.0797313150790688,0.7322387099266052
20180927_sample_1,Pvalb,1.027024334216072,1.0993092903535142,0.7416083812713623
20180927_sample_2,Pvalb,1.1160646123681222,1.1213072338376788,0.7520325183868408
20180927_sample_3,low quality,1.060250629157651,1.1030634976421794,0.7433950901031494
20180927_sample_4,Pvalb,1.0735726446862686,1.1092913055565614,0.7463520169258118
20180927_sample_5,Pvalb,1.077241677330479,1.1103280252680847,0.7468433976173401
20180927_sample_7,Pvalb,1.0906935465683807,1.1242774848319528,0.7534317374229431
20180927_sample_9,IT,1.0079757239689475,1.107291991867254,0.7454037070274353
20180927_sample_10,low quality,1.0429461925173762,1.1201905589782732,0.751505970954895
20181002_sample_1,low quality,1.0533221000852802,1.1160522157114408,0.7495521903038025
20181002_sample_2,Pvalb,1.0434017572527283,1.1127996442692754,0.7480139136314392
20181002_sample_3,Pvalb,1.0400695624948428,1.1094876948977355,0.7464451193809509
20181002_sample_4,Pvalb,1.0759226169143354,1.1008356629443496,0.7423352003097534
20181002_sample_5,Pvalb,1.0805801599657865,1.1057658234163974,0.7446792125701904
20181002_sample_6,Pvalb,1.2025970968157051,1.1083822687170513,0.7459209561347961
20181002_sample_7,IT,1.0766605216297238,1.091023653219048,0.7376537322998047
20181002_sample_8,Pvalb,1.0575868957548915,1.119970807363659,0.7514023184776306
20181002_sample_9,Sst,1.2832310135824283,1.1124526023296162,0.7478496432304382
20181002_sample_10,Pvalb,1.0583556651310078,1.1089342808679348,0.7461827397346497
20181003_sample_1,low quality,1.1744505376232004,1.114979529209614,0.7490451335906982
20181003_sample_2,Sst,1.0480625647272668,1.1361695781206391,0.7590143084526062
20181003_sample_3,Sst,1.4112905447229085,1.1255389626174637,0.754025399684906
20181003_sample_4,Sst,1.1541716894884733,1.1194617636180697,0.7511621713638306
20181003_sample_5,Sst,1.1613715275108971,1.1322610781865343,0.7571829557418823
20181003_sample_6,Sst,1.0148580757661718,1.1355985989975153,0.7587469816207886
20181003_sample_7,Sst,1.0388580193614398,1.1164247001659628,0.7497282028198242
20181003_sample_8,Sst,1.112848958408321,1.1145149134934818,0.7488254308700562
20181003_sample_9,Sst,1.0813339454934467,1.102349987762391,0.7430557608604431
20181003_sample_10,Sst,1.1888871784480666,1.1331005633525182,0.757576584815979
20181004_sample_1,low quality,1.340586365706402,1.092231213684246,0.7382310628890991
20181004_sample_3,Sst,1.094167590446313,1.1366737197654102,0.759250283241272
20181004_sample_5,Sst,1.1833224168484588,1.1347141056205248,0.7583327293395996
20181004_sample_6,Sst,1.3339213370753729,1.104079222256791,0.7438779473304749
20181004_sample_8,Sst,1.104683924955541,1.1211958433301559,0.7519800066947937
20181009_sample_2,Sst,1.355885562370587,1.1258976579172133,0.7541941404342651
20181009_sample_3,Sst,1.2494825530563387,1.1264756761848862,0.7544659972190857
20181009_sample_4,Sst,1.1315169715993634,1.1257600516459771,0.7541294097900391
20181009_sample_5,Sst,1.4341058964478968,1.121176752014234,0.7519710063934326
20181009_sample_6,IT,1.1061279068922083,1.1000021164975358,0.7419383525848389
20181009_sample_7,Sst,1.4392067924505278,1.118637748451658,0.7507733106613159
20181010_sample_1,Sst,1.5201074412495392,1.1175372459429158,0.7502537369728088
20181010_sample_3,Sst,1.293894444364876,1.12577665008841,0.7541372179985046
20181010_sample_4,Sst,1.4634450000305526,1.1239348873874688,0.7532704472541809
20181010_sample_5,IT,1.034245765439613,1.0590390123842195,0.7222393751144409
20181010_sample_6,Sst,1.0937754606582348,1.1304780785346389,0.7563464045524597
20181010_sample_8,Sst,1.093637318581713,1.1311438451893219,0.7566588521003723
20181010_sample_10,Sst,1.182901027530554,1.1203328599824434,0.7515730857849121
20181011_sample_3,Sst,1.0702570927278632,1.1129216765527823,0.7480716705322266
20181011_sample_4,Sst,1.2374099931693787,1.1155333947367883,0.7493069767951965
20181011_sample_8,Sst,1.0909839971851223,1.1224361354510561,0.752564549446106
20181011_sample_9,Sst,1.1115682239219986,1.1296174116952968,0.7559423446655273
20181011_sample_10,Sst,1.1546143392702042,1.1139440524221567,0.7485554218292236
20181109_sample_1,Sst,1.19403997422097,1.1336664234147538,0.7578418254852295
20181109_sample_2,Sst,1.4292607040068843,1.1382151518545052,0.7599714398384094
20181109_sample_3,Sst,1.266754054791887,1.1178876479249418,0.7504191994667053
20181109_sample_5,Sst,1.040872260809715,1.1329462176973768,0.7575042247772217
20181109_sample_7,Sst,1.1669152885905874,1.134188419322396,0.7580864429473877
20181109_sample_8,Sst,1.0699096820234992,1.1315480804827944,0.7568485140800476
20181109_sample_9,Sst,1.269312263611248,1.1227424311228722,0.7527088522911072
20181109_sample_10,Sst,1.1081258249899912,1.1226860015853113,0.7526822686195374
20181112_sample_1,low quality,1.2995318385963075,1.0900884788126497,0.7372063994407654
20181112_sample_4,Sst,1.331014334455922,1.106213326315934,0.7448917031288147
20181112_sample_5,low quality,1.249933923003212,1.0994662074627597,0.7416831254959106
20181112_sample_6,Sst,1.2151823734253238,1.1321433936273113,0.7571277618408203
20181112_sample_8,Sst,1.4069748611173938,1.1252890140089393,0.7539077997207642
20181112_sample_11,Sst,1.1682427638580914,1.1096427321760967,0.746518611907959
20181114_sample_1,Pvalb,1.0631513505996204,1.1158375592275889,0.7494507431983948
20181114_sample_2,Pvalb,1.145032391430728,1.1078096711373397,0.7456493377685547
20181114_sample_4,Pvalb,1.0597074281943597,1.1056566295688224,0.7446273565292358
20181116_sample_2,Pvalb,1.0769530968787735,1.1198889275956476,0.7513636946678162
20181116_sample_3,Pvalb,1.034117894844119,1.1112926419569418,0.747300386428833
20181116_sample_4,Pvalb,1.0769530968787735,1.1089174368298607,0.7461747527122498
20181116_sample_5,Pvalb,1.2006403673122004,1.1074778945649326,0.7454919219017029
20181116_sample_7,low quality,1.0245877154612713,1.1103994725576272,0.7468772530555725
20181116_sample_10,low quality,1.0350308675373954,1.1071260749992988,0.745324969291687
20181116_sample_12,Pvalb,1.0725083939662463,1.121262853944711,0.7520115971565247
20181121_sample_1,Sst,1.5613661358441562,1.1180191898602532,0.7504813075065613
20181121_sample_2,Sst,1.0314826356921143,1.1156998474985835,0.7493856549263
20181121_sample_3,Pvalb,1.050733822277412,1.1019923839412356,0.7428856492042542
20181121_sample_4,low quality,1.3757359667622282,1.1051303193522821,0.7443773746490479
20181121_sample_5,Sst,1.2171613885479264,1.1219505304394959,0.7523357272148132
20181121_sample_6,Sst,1.0476081236735009,1.1176040147598258,0.750285267829895
20181121_sample_7,Sst,1.169100744522252,1.1383283282780987,0.76002436876297
20181126_sample_2,Sst,1.148741207679243,1.12240754504989,0.7525510787963867
20181126_sample_6,Sst,1.2464429629464573,1.126348678654358,0.7544062733650208
20181127_sample_1,Sst,1.4378755604326912,1.1268518970133101,0.754642903804779
20181127_sample_3,Sst,1.2874235384482031,1.1221979360397765,0.7524523138999939
20181127_sample_4,Sst,1.214271773336806,1.1469805597342146,0.7640624642372131
20181127_sample_5,Sst,1.151886001253514,1.1110288918233293,0.7471754550933838
20181127_sample_7,Sst,1.141428092360864,1.1241655585251846,0.7533790469169617
20181129_sample_1,Sst,1.1414600083818578,1.1219435741549804,0.7523324489593506
20181129_sample_2,low quality,1.2538579406582455,1.1217770095710262,0.7522539496421814
20181129_sample_3,Sst,1.0348383345136951,1.1247362670507441,0.7536476850509644
20181129_sample_4,Sst,1.5914184338118331,1.1230920493385224,0.7528735399246216
20181129_sample_5,Sst,1.217142526969993,1.1259830644473101,0.7542343139648438
20181129_sample_6,Sst,1.4570103451250858,1.1326714998933334,0.7573754191398621
20181203_sample_2,Sst,1.131770400906839,1.1279464593829611,0.7551574110984802
20181203_sample_3,Sst,1.2350069114493312,1.1251109134738284,0.75382399559021
20181203_sample_4,Sst,1.0575476844221252,1.1213050843627774,0.7520315051078796
20181203_sample_5,Sst,1.302335234514895,1.117143239200782,0.7500676512718201
20181203_sample_6,Pvalb,1.0744619127338697,1.1109532710743435,0.7471396327018738
20181203_sample_7,Sst,1.4692479441261757,1.120395419840359,0.7516025900840759
20181203_sample_8,Sst,1.5640910044742142,1.096982813362123,0.7404995560646057
20181203_sample_9,Sst,1.5938701480145494,1.126026022441068,0.7542545199394226
20181203_sample_10,low quality,1.2514420548000067,1.1132912166659066,0.7482465505599976
20181205_sample_1,Sst,1.3634094243749082,1.112675352377805,0.7479550838470459
20181205_sample_2,Sst,1.2592892213405316,1.1358302822683357,0.7588554620742798
20181207_sample_1,Pvalb,1.1088601418333006,1.1062359236546397,0.7449024319648743
20181207_sample_2,Pvalb,1.0607435993778491,1.1187322084838607,0.7508178949356079
20181207_sample_3,Pvalb,1.0314384685934932,1.1164281061847496,0.7497298121452332
20181207_sample_4,Pvalb,1.107544836240704,1.10774899018666,0.7456205487251282
20181207_sample_5,Pvalb,1.0628794125426744,1.1183735858009605,0.7506486177444458
20181207_sample_6,low quality,1.1228525927425497,1.0678961628615005,0.7265317440032959
20181207_sample_7,Pvalb,1.0635359142133816,1.0920286998078612,0.7381342649459839
20181208_sample_1,low quality,1.043718479572224,1.0990615503752308,0.741490364074707
20181208_sample_2,Sst,1.1008471972763123,1.1179780347873498,0.7504618763923645
20181208_sample_3,Sst,1.2698020739670102,1.1072053266198927,0.7453625798225403
20181208_sample_4,Sst,1.1823304539847586,1.1158515578997166,0.7494573593139648
20181208_sample_5,Sst,1.293350036454001,1.1187527932476045,0.7508276104927063
20181208_sample_6,Sst,1.099820663088904,1.1228044294294304,0.7527380585670471
20181208_sample_7,Sst,1.3479361506666143,1.1195342781439521,0.7511963844299316
20181208_sample_8,Sst,1.147343781597384,1.1192367822474092,0.7510560154914856
20181208_sample_9,Sst,1.0904780200712394,1.1197702833581875,0.7513077259063721
20181208_sample_10,Sst,1.1832462728790394,1.125076967128023,0.7538080215454102
20181211_sample_1,CT,1.1701582218677655,1.0985415166622357,0.7412425875663757
20181211_sample_2,Pvalb,1.0415134223975029,1.1089624383663272,0.7461960911750793
20181211_sample_4,Pvalb,1.079523843696498,1.114713175701569,0.7489191889762878
20181211_sample_5,low quality,1.0889722213383135,1.1204242359109602,0.7516161799430847
20181211_sample_6,Pvalb,1.063803524057352,1.1111004886728086,0.747209370136261
20181211_sample_7,Pvalb,1.049898813654128,1.1114093014998776,0.7473556399345398
20181211_sample_8,Pvalb,1.2960476557743346,1.1128787314676416,0.7480513453483582
20181211_sample_9,Pvalb,1.0519941581138186,1.1170700493548888,0.7500330805778503
20181213_sample_1,Sst,1.2329207150239456,1.1145353312475252,0.7488350868225098
20181213_sample_2,Sst,1.2811516124000448,1.1170795134166618,0.7500375509262085
20181213_sample_3,Sst,1.1056353375301218,1.1298334661762048,0.7560437917709351
20181213_sample_4,Sst,1.2360562307945824,1.1056393096857258,0.7446191310882568
20181213_sample_5,IT,1.1905125828950809,1.1029216035659284,0.7433276176452637
20181213_sample_6,Sst,1.1653468214957114,1.1108551317121997,0.747093141078949
20181213_sample_7,Sst,1.219188013258965,1.1163863512956973,0.7497100830078125
20181214_sample_1,low quality,1.0844201766906971,1.1032502809418032,0.7434839010238647
20181214_sample_2,Sst,1.0301954083277125,1.123254793921347,0.7529501914978027
20190108_sample_1,Pvalb,1.1101844969981942,1.1177354128518195,0.7503473162651062
20190108_sample_2,Vip,1.1591619542965856,1.1174790616017936,0.7502262592315674
20190108_sample_3,IT,1.0450937268785196,1.1219158757209997,0.7523193955421448
20190108_sample_5,Vip,1.028529682609198,1.1156243116298479,0.7493499517440796
20190108_sample_6,Lamp5,1.0476965454295026,1.0745565387746916,0.7297474145889282
20190109_sample_2,Sst,1.1104584062850853,1.121988474211018,0.7523536086082458
20190110_sample_1,Sst,1.0587785684586677,1.1217915534138407,0.7522608041763306
20190110_sample_3,Sst,1.130082539815484,1.1231622836120327,0.7529066205024719
20190110_sample_4,Sst,1.1302199142524834,1.108959924288686,0.7461948990821838
20190110_sample_6,IT,1.016762893852566,1.0892839780431116,0.7368214130401611
20190110_sample_7,IT,1.016945252930402,1.113765642698972,0.7484710216522217
20190117_sample_1,Vip,1.3638807763036636,1.1182329313664467,0.750582218170166
20190117_sample_2,IT,1.036030193727628,1.0825922084569224,0.7336133718490601
20190117_sample_3,Sst,1.1307098022228983,1.129746762479484,0.7560030817985535
20190117_sample_4,IT,1.048890063493144,1.097464454811254,0.7407292127609253
20190117_sample_5,Sst,1.2894814758025324,1.136146150333394,0.7590033411979675
20190122_sample_1,Pvalb,1.0560743077640815,1.1194822291388935,0.7511718273162842
20190122_sample_2,IT,1.0133128637883817,1.0987710561926176,0.7413519620895386
20190122_sample_3,Pvalb,1.0617658770372365,1.118976586529338,0.7509332299232483
20190122_sample_5,Pvalb,1.0672221667637638,1.1205946126112643,0.7516965270042419
20190122_sample_6,IT,1.065884782417801,1.092251291559006,0.738240659236908
20190122_sample_9,Pvalb,1.0571484352124023,1.1336272534340956,0.7578234672546387
20190122_sample_10,Pvalb,1.0204826780766834,1.1220184502702488,0.7523677349090576
20190122_sample_11,low quality,1.058983538432021,1.1323110261885432,0.757206380367279
20190122_sample_12,Pvalb,1.0354775046154772,1.1062709500087655,0.7449190616607666
20190122_sample_13,Pvalb,1.2000468931691246,1.1212106360573306,0.7519869804382324
20190122_sample_14,Pvalb,1.0566002111152788,1.1038106049844822,0.743750274181366
20190122_sample_16,Pvalb,1.0832408601394108,1.0901877706191738,0.7372539043426514
20190122_sample_17,Pvalb,1.1250315284834054,1.1196008572538645,0.7512277960777283
20190123_sample_5,Pvalb,1.1803642930664575,1.1204921068877627,0.7516481876373291
20190123_sample_7,Pvalb,1.045705488310203,1.1143254915081993,0.7487358450889587
20190123_sample_8,Pvalb,1.0529243807620066,1.1228740215222965,0.7527708411216736
20190124_sample_4,Pvalb,1.047178544258516,1.1195565130600207,0.7512068748474121
20190128_sample_2,Pvalb,1.050743486305706,1.10962462504499,0.7465100288391113
20190128_sample_3,low quality,1.1514313426109823,1.1078302754185039,0.7456591129302979
20190128_sample_4,Pvalb,1.0638523839855694,1.1080891024464057,0.7457818984985352
20190128_sample_6,Lamp5,1.250237163517345,1.1152853791983701,0.7491897344589233
20190128_sample_7,Pvalb,1.0690135581691422,1.1249415671364038,0.7537443041801453
20190128_sample_11,Pvalb,1.065227088492457,1.1070070147759565,0.7452684640884399
20190128_sample_12,Pvalb,1.1205405421196553,1.1027836044654704,0.743261992931366
20190130_sample_2,low quality,1.0244415183985114,1.1120589122362239,0.7476632595062256
20190130_sample_3,Lamp5,1.088269169933144,1.1130998890914967,0.7481560111045837
20190130_sample_6,Pvalb,1.0571058384637764,1.12344223140473,0.7530384659767151
20190130_sample_8,CT,1.0686914802955223,1.0972699348531858,0.7406364679336548
20190130_sample_9,Sst,1.0282003038813146,1.1264542559099575,0.7544559240341187
20190130_sample_10,Sst,1.2655282852637904,1.1242715338504585,0.7534289360046387
20190130_sample_15,Pvalb,1.0632576481925125,1.1287156019450213,0.7555187940597534
20190130_sample_17,Sst,1.244505571558674,1.1017092509804225,0.7427509427070618
20190130_sample_18,Sst,1.0389614776234408,1.1167427450403118,0.749878466129303
20190131_sample_1,Sst,1.062384177679719,1.1250517610504207,0.7537961602210999
20190131_sample_3,Pvalb,1.0371417831112335,1.1200242583627016,0.7514275312423706
20190131_sample_4,Sst,1.1494404742317292,1.131575650547149,0.7568614482879639
20190131_sample_5,Sst,1.069877427029141,1.1209336372367404,0.7518563866615295
20190131_sample_6,Sst,1.056013667994831,1.1086612731910168,0.7460532784461975
20190131_sample_10,Sst,1.1316779391701763,1.118168036508524,0.7505515813827515
20190201_sample_2,Pvalb,1.032200612214168,1.1341966878286833,0.7580903172492981
20190201_sample_3,Pvalb,1.0729471538658777,1.1252138958181364,0.7538724541664124
20190201_sample_4,Pvalb,1.1230915207171177,1.1182692935567156,0.7505993843078613
20190201_sample_7,Pvalb,1.0372169752770246,1.112753301554131,0.7479919791221619
20190201_sample_8,Pvalb,1.0574082485706482,1.1190937969567079,0.7509885430335999
20190201_sample_10,Pvalb,1.0610491783837472,1.1130034131586315,0.7481103539466858
20190204_sample_1,Sst,1.670415018127437,1.1271379099307692,0.7547773718833923
20190204_sample_2,CT,1.0989590625597403,1.1126159164893128,0.7479269504547119
20190204_sample_4,Sst,1.14826191518017,1.1292910865848718,0.7557891011238098
20190204_sample_5,Sst,1.2184359817291135,1.129516881477424,0.7558951377868652
20190204_sample_6,Sst,1.2058552825019344,1.1300505582633391,0.756145715713501
20190204_sample_7,Pvalb,1.102181467743226,1.1036180041876882,0.743658721446991
20190204_sample_8,Pvalb,1.0788693883818974,1.1164255832073442,0.7497286200523376
20190204_sample_9,Pvalb,1.0506053941368751,1.1227682424427416,0.7527210116386414
20190204_sample_10,Pvalb,1.0492140680189053,1.1134465334849661,0.7483200430870056
20190204_sample_11,Sst,1.1431553311020326,1.1202767472559487,0.7515466213226318
20190204_sample_14,Sst,1.1034040446858382,1.123254793921347,0.7529501914978027
20190204_sample_15,Sst,1.1288893037882404,1.110389660990785,0.74687260389328
20190204_sample_16,Sst,1.314955207524809,1.1078160785446602,0.7456523776054382
20190204_sample_17,Sst,1.2894388244104087,1.1072062058146508,0.7453629970550537
20190204_sample_18,Sst,1.143819101032803,1.125815295819128,0.7541553974151611
20190204_sample_19,low quality,1.373288272892936,1.1096614681906372,0.7465274930000305
20190204_sample_20,low quality,1.0363593086513123,1.115623428922783,0.7493495345115662
20190204_sample_21,Pvalb,1.0437262510419556,1.1160327923133266,0.7495430111885071
20190204_sample_22,IT,1.1923438332355791,1.102224055160943,0.7429958581924438
20190204_sample_24,CT,1.1090871729465,1.1043527655595804,0.74400794506073
20190205_sample_1,Pvalb,1.1565343380931656,1.1136176093387555,0.7484009861946106
20190205_sample_2,Sst,1.0517084738253168,1.1321225516826459,0.7571179866790771
20190205_sample_3,low quality,1.303715677652994,1.1115911622944936,0.7474417686462402
20190205_sample_4,Sst,1.1089096575769228,1.1345469202846155,0.7582544088363647
20190205_sample_5,Sst,1.097209224752946,1.1200957811928947,0.7514612674713135
20190205_sample_6,Sst,1.2123374746095354,1.1125980356805658,0.7479184865951538
20190205_sample_7,Pvalb,1.109864354548133,1.1010307640829595,0.7424280643463135
20190211_sample_1,Pvalb,1.0808206200988124,1.1027795937278622,0.7432600855827332
20190211_sample_2,IT,1.0792275108847602,1.0979438309871865,0.7409577369689941
20190211_sample_3,Pvalb,1.091847315459417,1.1118826756597973,0.74757981300354
20190211_sample_4,IT,1.067192863958739,1.100169099756246,0.7420178651809692
20190211_sample_6,Pvalb,1.1225947394674207,1.1251701942137995,0.7538518905639648
20190211_sample_8,Pvalb,1.0790589505187047,1.1126698116734588,0.7479524612426758
20190211_sample_9,Pvalb,1.0306046771766602,1.1086461909242185,0.7460461258888245
20190211_sample_11,Pvalb,1.1345369333501996,1.1130689054788567,0.748141348361969
20190211_sample_12,low quality,1.0612125893085975,1.1069175984412034,0.7452260255813599
20190212_sample_1,Sst,1.2824563315351205,1.1259060210163954,0.7541980743408203
20190212_sample_4,Sst,1.34496276461374,1.1303712856580814,0.7562962770462036
20190212_sample_5,Sst,1.15294576184909,1.1222436004513991,0.7524738311767578
20190212_sample_6,Sst,1.1387017526435017,1.1195144437849818,0.7511870265007019
20190212_sample_7,Sst,1.074968783287035,1.1423192007163854,0.7618889808654785
20190212_sample_8,Sst,1.063839312470879,1.115902004333285,0.749481201171875
20190213_sample_1,Pvalb,1.1553724284177065,1.1235446265925686,0.7530866861343384
20190213_sample_4,Pvalb,1.0643508884293384,1.1214255847582717,0.7520883083343506
20190213_sample_7,Pvalb,1.0801508321519524,1.1007116992340609,0.7422761917114258
20190213_sample_8,Pvalb,1.0880813019685731,1.1169009652483077,0.7499532103538513
20190214_sample_1,Pvalb,1.024975884737453,1.1048126392451971,0.7442264556884766
20190214_sample_2,Pvalb,1.02659274869322,1.1216147576326037,0.7521774768829346
20190214_sample_3,Pvalb,1.0520673436293522,1.120093885680403,0.7514603734016418
20190214_sample_6,Pvalb,1.1959865101285807,1.114759813505062,0.7489412426948547
20190214_sample_9,Pvalb,1.045719530926026,1.1148810766078072,0.7489985823631287
20190218_sample_3,Sst,1.1618549907148985,1.1158360458631766,0.7494500279426575
20190218_sample_4,Sst,1.2694094334858772,1.1346568488942177,0.7583059072494507
20190218_sample_5,Sst,1.2495621684059046,1.1467499701534576,0.7639550566673279
20190219_sample_1,Vip,1.0304474025944717,1.1007561500263268,0.742297351360321
20190219_sample_3,Sncg,1.1010159618296185,1.1231354551107904,0.7528939843177795
20190219_sample_4,Vip,1.038114981215672,1.1144137098824678,0.7487775683403015
20190219_sample_7,Vip,1.206756902607439,1.1132088391416455,0.7482075691223145
20190219_sample_8,IT,1.0444869061523008,1.0983702852656305,0.7411609888076782
20190221_sample_1,Sst,1.0514996806455186,1.1168533970047296,0.749930739402771
20190221_sample_2,Sst,1.0685034116004215,1.114491093029609,0.7488141655921936
20190221_sample_4,Sst,1.0896258578380549,1.1051448745658077,0.7443842887878418
20190221_sample_10,Sst,1.2108996087320936,1.1114640468731993,0.7473815679550171
20190221_sample_11,Pvalb,1.0823427253881488,1.0977595195157641,0.7408698797225952
20190222_sample_2,CT,1.140862253145633,1.095225317114933,0.7396610975265503
20190222_sample_3,IT,1.091382478531315,1.0889568606399382,0.7366648316383362
20190222_sample_4,CT,1.1492368258614774,1.1131618576797078,0.7481853365898132
20190222_sample_5,CT,1.1398838592578695,1.1035396397699215,0.7436214685440063
20190222_sample_7,Vip,1.1550490482782434,1.1205091697655472,0.7516562342643738
20190222_sample_8,IT,1.0803376009245318,1.0835898493108733,0.7340922951698303
20190226_sample_1,Pvalb,1.0617342154200111,1.1230867344069833,0.752871036529541
20190226_sample_2,Lamp5,1.0249309093846095,1.105501383237742,0.7445536255836487
20190226_sample_3,CT,1.1301054148848704,1.1090392448826223,0.7462325096130371
20190226_sample_5,IT,1.0511938044456182,1.0737360147581105,0.729351818561554
20190226_sample_6,IT,1.108924838010397,1.082692261388292,0.733661413192749
20190226_sample_7,Lamp5,1.0856263895531315,1.1090240342047373,0.7462252974510193
20190226_sample_9,Pvalb,1.1249924413134331,1.0840548746697238,0.7343154549598694
20190227_sample_1,Sst,1.4950840960662073,1.128183781822901,0.755268931388855
20190227_sample_2,Sst,1.1665283602998424,1.117762930487607,0.7503603100776672
20190227_sample_3,Sst,1.076101471789525,1.1265737812661907,0.7545121312141418
20190227_sample_4,Sst,1.0736460032205566,1.1327517123089863,0.7574130296707153
20190227_sample_5,Sst,1.228769839602687,1.1325318027460853,0.7573099136352539
20190227_sample_6,Sst,1.0463183375359404,1.116006684520124,0.7495306730270386
20190227_sample_7,Pvalb,1.0271903294059035,1.1217934504441662,0.7522616982460022
20190318_sample_3,Sst,1.1078632929077463,1.1091753916202498,0.7462970614433289
20190318_sample_4,Sst,1.1116938658631317,1.1126115092336661,0.7479248642921448
20190318_sample_5,Sst,1.3916457938783284,1.1321544501074927,0.7571329474449158
20190318_sample_6,Sst,1.2507070790600885,1.1409534576569025,0.7612512707710266
20190320_sample_4,IT,1.0778242110174876,1.1070522267267022,0.7452899217605591
20190320_sample_5,CT,1.1606456853746496,1.0927338420432504,0.738471269607544
20190320_sample_6,CT,1.08861407785579,1.1068014382240396,0.7451708912849426
20190320_sample_9,IT,1.0757308822415237,1.1273870615647301,0.754894495010376
20190321_sample_2,low quality,1.045970618567832,1.097041309458536,0.7405274510383606
20190321_sample_4,IT,1.0460591814660307,1.1045207219594024,0.7440877556800842
20190321_sample_6,CT,1.1013350508943258,1.0974408264244542,0.7407179474830627
20190322_sample_1,IT,1.073106063584791,1.0923215032819544,0.7382742166519165
20190322_sample_2,IT,1.0259571256704394,1.0939346520132098,0.7390449047088623
20190322_sample_3,CT,1.0763172095190767,1.0967044792932577,0.7403668165206909
20190322_sample_4,CT,1.0888563149059585,1.079018285985908,0.7318958044052124
20190325_sample_1,Lamp5,1.0618552237145256,1.1048840252666285,0.7442603707313538
20190325_sample_2,low quality,1.057895078154211,1.1031771952993938,0.7434491515159607
20190325_sample_3,IT,1.0638736880643052,1.1037527978152664,0.7437227964401245
20190325_sample_4,CT,1.0771677046651935,1.089849425419361,0.7370920181274414
20190325_sample_5,CT,1.0569414847856355,1.0977673968118462,0.7408736348152161
20190325_sample_6,CT,1.084372858007208,1.1058538101646969,0.744720995426178
20190325_sample_7,IT,1.0159895493174884,1.1015475315240022,0.7426739931106567
20190325_sample_9,CT,1.0859909524447666,1.123814750816372,0.7532138824462891
20190326_sample_1,CT,1.1063816724149949,1.1051284372199501,0.7443764805793762
20190326_sample_2,Vip,1.114849211213284,1.1129491316393763,0.7480846643447876
20190326_sample_3,Vip,1.0799380946674406,1.105043492065887,0.7443361282348633
20190326_sample_4,CT,1.167357399238831,1.1106208738855627,0.7469821572303772
20190327_sample_1,CT,1.005117139607489,1.1535702300885964,0.7671270370483398
20190327_sample_2,IT,1.086312948494967,1.0901613587873353,0.737241268157959
20190327_sample_4,CT,1.0842042911964471,1.0925819183094836,0.7383986711502075
20190327_sample_7,Vip,1.3307796739874926,1.0898049562829377,0.7370707392692566
20190328_sample_1,CT,1.1507007201315724,1.0987280234366663,0.7413314580917358
20190328_sample_2,CT,1.0321829121312234,1.0929288145204326,0.7385644316673279
20190328_sample_3,CT,1.1238082756583534,1.1110478918050404,0.7471844553947449
20190328_sample_4,CT,1.111259425852354,1.0975557203921291,0.7407727241516113
20190328_sample_5,CT,1.088776210718183,1.0834157399165407,0.7340087294578552
20190328_sample_6,CT,1.0198829527483249,1.0980304904843392,0.7409990429878235
20190328_sample_8,IT,1.0841774762955885,1.1114327096926933,0.747366726398468
20190328_sample_9,CT,1.0846592584085502,1.114060606453185,0.7486105561256409
20190329_sample_3,CT,1.1043570158576177,1.1106698117449978,0.7470053434371948
20190329_sample_4,CT,1.0674161175166406,1.1051178973099882,0.7443714737892151
20190329_sample_5,CT,1.0476852110151946,1.087154213852588,0.7358015179634094
20190402_sample_2,CT,1.1487330906531057,1.1011375890056525,0.7424789071083069
20190402_sample_3,IT,1.0721085759157472,1.1167997736086486,0.7499054074287415
20190402_sample_5,low quality,1.1116889305294968,1.123639811714375,0.7531315088272095
20190402_sample_6,Vip,1.029558756381968,1.1101479083305295,0.7467580437660217
20190403_sample_3,low quality,1.130156531456268,1.1080825685576219,0.7457787990570068
20190403_sample_5,IT,1.089824570268235,1.1021753131242966,0.7429726719856262
20190403_sample_6,Sst,1.1906345955910251,1.1067656496098857,0.7451539039611816
20190403_sample_7,Sst,1.3540883824373413,1.1397744036978252,0.7607004046440125
20190408_sample_1,Pvalb,1.0366557397755265,1.121785229991672,0.7522578239440918
20190408_sample_2,Sst,1.1281747344430606,1.1237722172630928,0.7531938552856445
20190408_sample_5,Sst,1.1541221573021878,1.1231073614775777,0.7528807520866394
20190408_sample_6,Sst,1.1310665618861568,1.129868631053408,0.7560603022575378
20190409_sample_2,low quality,1.2805207538103327,1.1144363952022165,0.7487882971763611
20190409_sample_3,low quality,1.1176284560950775,1.1074751310263764,0.7454906105995178
20190409_sample_4,Sst,1.103387259379872,1.1616318310630784,0.77086341381073
20190409_sample_5,CT,1.06568158007772,1.0908556523629795,0.7375733852386475
20190409_sample_7,Sst,1.1768861269665811,1.1176234525804383,0.7502944469451904
20190409_sample_8,CT,1.105608110098511,1.1231039447097044,0.7528791427612305
20190409_sample_9,IT,1.0924335366146456,1.0756927281404796,0.730294942855835
20190409_sample_10,CT,1.1020204665768922,1.1140570782368477,0.7486088871955872
20190409_sample_11,IT,1.0782687412859246,1.0890526122021775,0.7367106676101685
20190410_sample_3,CT,1.1581590386365388,1.1012007096837908,0.7425089478492737
20190410_sample_4,Sst,1.3425725409354756,1.1250436546367402,0.7537923455238342
20190410_sample_6,IT,1.0170208001821983,1.1036222672957399,0.7436607480049133
20190410_sample_7,CT,1.0788918855355254,1.0899534395594763,0.7371417880058289
20190410_sample_10,CT,1.0461757797461972,1.0964711670761504,0.7402555346488953
20190411_sample_1,CT,1.2157517721730822,1.1031526250535086,0.7434374690055847
20190411_sample_3,low quality,1.0678353748807938,1.1126387084438036,0.7479377388954163
20190411_sample_5,CT,1.0859828585713682,1.1004472677656163,0.7421503067016602
20190411_sample_6,Pvalb,1.0058442291050271,1.111642765787899,0.7474662065505981
20190411_sample_8,CT,1.103694984580886,1.1005097417049032,0.7421800494194031
20190412_sample_1,Pvalb,1.0856108061708962,1.1179001453199664,0.7504251003265381
20190412_sample_3,IT,1.0562239524119112,1.1122439764698375,0.7477508783340454
20190412_sample_6,Pvalb,1.061194422354515,1.1051092395662827,0.7443673610687256
20190415_sample_1,Pvalb,1.0824343831697143,1.1117935559044247,0.7475376129150391
20190415_sample_3,CT,1.1429225643630907,1.1118447867166572,0.7475618720054626
20190415_sample_4,IT,1.0460656275462858,1.085638900410171,0.7350752353668213
20190415_sample_6,CT,1.1592150811290105,1.0973686927315842,0.7406835556030273
20190415_sample_8,Sst,1.0954966004270177,1.1196722394575451,0.7512614727020264
20190415_sample_10,IT,1.054234362968134,1.0996111221955083,0.7417521476745605
20190416_sample_3,CT,1.0763751491422018,1.1076930848528048,0.7455940246582031
20190416_sample_4,Pvalb,1.088279656331796,1.1083499719347416,0.7459056377410889
20190416_sample_5,Sst,1.0462207848991345,1.1202770000126483,0.7515467405319214
20190416_sample_6,IT,1.062965859832432,1.0933090818148674,0.7387461066246033
20190416_sample_7,Sncg,1.086060154608749,1.1264698457928233,0.754463255405426
20190416_sample_8,Pvalb,1.0745729251239051,1.1138298987032444,0.7485014200210571
20190416_sample_9,IT,1.052171800334983,1.0958527091914518,0.7399604916572571
20190416_sample_10,CT,1.1480159278987472,1.1085808356813207,0.7460151314735413
20190417_sample_2,CT,1.1131628106519418,1.121663950401456,0.7522006630897522
20190417_sample_3,CT,1.361111928441352,1.0966918570253568,0.7403607964515686
20190417_sample_4,Sst,1.2871673815186415,1.1043030961829337,0.7439843416213989
20190417_sample_5,Sst,1.5046509598836424,1.1080491455202144,0.7457629442214966
20190417_sample_9,CT,1.1126628871195745,1.113074699127988,0.7481440901756287
20190417_sample_10,Sst,1.1724557106544455,1.1320333402951388,0.7570761442184448
20190418_sample_2,Sst,1.285234370208467,1.1066726020582542,0.7451097369194031
20190418_sample_4,CT,1.1058683109671192,1.0933379041014055,0.7387598752975464
20190418_sample_5,IT,1.090895843437318,1.0925281614035625,0.7383729815483093
20190418_sample_7,CT,1.1310563977764965,1.0934971200728836,0.7388359308242798
20190418_sample_8,Pvalb,1.0114957718992583,1.1057951937624073,0.7446931600570679
20190418_sample_9,CT,1.0025333573103072,1.1200392956478782,0.7514346241950989
20190418_sample_10,CT,1.1516093643454932,1.1048743648022217,0.744255781173706
20190422_sample_1,Pvalb,1.0160154007513875,1.1231238126591276,0.7528885006904602
20190422_sample_4,Pvalb,1.0592561370796103,1.1168831743477294,0.749944806098938
20190422_sample_5,Pvalb,1.1390578885727054,1.122552904671976,0.7526195645332336
20190422_sample_6,CT,1.087097807620813,1.1019159593398857,0.7428492903709412
20190422_sample_7,IT,1.046487000941407,1.0807120828854886,0.7327101826667786
20190422_sample_8,Pvalb,1.1803685269149735,1.1196836102960228,0.7512668371200562
20190422_sample_10,CT,1.097323347315088,1.1113306468390742,0.7473183870315552
20190423_sample_1,IT,1.1041182896380688,1.1009070393079863,0.7423691749572754
20190423_sample_3,CT,1.1141324621795834,1.1051195284830784,0.7443722486495972
20190423_sample_5,CT,1.0803772583784512,1.1205791921981223,0.7516892552375793
20190423_sample_7,CT,1.0467056050550332,1.108230339915466,0.7458488941192627
20190423_sample_8,Pvalb,1.0741836724999108,1.1308325270281403,0.7565127611160278
20190423_sample_10,Pvalb,1.0768295725992374,1.119494104284786,0.7511774301528931
20190424_sample_1,CT,1.1509883857464118,1.1007685463304853,0.7423032522201538
20190424_sample_2,Pvalb,1.0467278905379784,1.109094934498866,0.7462589144706726
20190424_sample_3,CT,1.0604885846646268,1.104441195002873,0.7440499663352966
20190424_sample_4,CT,1.056983836197137,1.0831065515361002,0.7338603138923645
20190424_sample_5,CT,1.077804798597925,1.1126895819805467,0.7479618191719055
20190424_sample_6,IT,1.054841644836088,1.102684842277053,0.743215024471283
20190424_sample_7,Lamp5,1.0014052255794768,1.0977545180732868,0.7408674955368042
20190425_sample_1,IT,1.0690292488271516,1.106599146367734,0.7450748682022095
20190425_sample_4,Lamp5,1.0165238535136891,1.0916703581419036,0.7379629611968994
20190425_sample_6,Sst,1.1323509221876291,1.1326845929976233,0.7573815584182739
20190425_sample_7,IT,1.0592777037140977,1.116714105166301,0.749864935874939
20190425_sample_8,CT,1.0294837286383574,1.0987399073944524,0.7413371205329895
20190425_sample_9,CT,1.0876324443431629,1.1209274427884803,0.7518534660339355
20190425_sample_12,CT,1.0084227049555692,1.1053509169176525,0.744482159614563
20190425_sample_13,CT,1.0074707211651357,1.107374013130523,0.7454426288604736
20190425_sample_14,CT,1.0945474452588673,1.103433444969723,0.7435709834098816
20190425_sample_16,IT,1.028780339509607,1.1011170501462608,0.7424691319465637
20190429_sample_1,Pvalb,1.107696447847848,1.1221878166355732,0.7524475455284119
20190429_sample_4,Pvalb,1.0616524864402623,1.111845164343966,0.747562050819397
20190429_sample_5,Pvalb,1.0705120282950795,1.1104998550544252,0.7469248175621033
20190429_sample_6,Pvalb,1.1259275350242777,1.1151339615368805,0.7491181492805481
20190429_sample_7,CT,1.090111219680131,1.099798224661418,0.7418412566184998
20190430_sample_1,Vip,1.1076905386567777,1.1119459932513542,0.7476097941398621
20190430_sample_3,Vip,1.1706292426171772,1.127932761193827,0.7551509737968445
20190430_sample_4,Vip,1.0979965280812465,1.1283630279099337,0.7553531527519226
20190430_sample_5,Vip,1.077536694555565,1.1115809676071713,0.7474369406700134
20190430_sample_6,Vip,1.0816399580415332,1.1043151371362836,0.7439900636672974
20190430_sample_7,IT,1.0242099572346677,1.0904899108359976,0.7373984456062317
20190430_sample_8,Vip,1.0413251214843988,1.0939755895131853,0.7390644550323486
20190430_sample_9,IT,1.0098495355586936,1.0926379217521307,0.7384254336357117
20190430_sample_10,IT,1.049122793378622,1.0836977746348484,0.7341440916061401
20190501_sample_1,Vip,1.2479375184987114,1.1327372204606863,0.7574062347412109
20190501_sample_3,Vip,1.545594906412224,1.1126983968267798,0.7479659914970398
20190501_sample_4,Vip,1.1073549398192906,1.1031518729076524,0.7434371113777161
20190501_sample_5,CT,1.0653205494532234,1.0903543472671904,0.7373335957527161
20190501_sample_6,Vip,1.1242063706251555,1.1088100906733913,0.7461238503456116
20190501_sample_7,Pvalb,1.042732287759551,1.117444101280722,0.7502097487449646
20190501_sample_8,Vip,1.1274674489758438,1.1095560959906832,0.7464775443077087
20190501_sample_9,Pvalb,1.0835844092831015,1.1118237655696377,0.7475519180297852
20190501_sample_11,Pvalb,0.996879681348712,1.1033651170297332,0.743538498878479
20190501_sample_12,IT,1.0781744403420268,1.1041041795708337,0.7438898086547852
20190501_sample_14,Pvalb,1.2297927014789651,1.1103406038408024,0.7468493580818176
20190503_sample_1,Vip,1.0549333709289084,1.1396394701106023,0.7606373429298401
20190503_sample_3,Vip,1.046755438827858,1.1041053083005763,0.7438903450965881
20190506_sample_1,Vip,1.166419175233293,1.1118862002472056,0.7475814819335938
20190506_sample_2,Vip,1.0597230987811042,1.1082911603878856,0.745877742767334
20190506_sample_3,Vip,1.2089837670206374,1.1178849969718414,0.750417947769165
20190506_sample_4,CT,1.155461432865014,1.1096214814616725,0.7465085387229919
20190506_sample_5,Vip,1.1032273197666371,1.112749271800853,0.747990071773529
20190506_sample_6,CT,1.1498032739149062,1.1257135513561722,0.7541075348854065
20190506_sample_7,Vip,1.2832575003687248,1.1213932146197274,0.7520730495452881
20190507_sample_2,Vip,1.3749402956408856,1.1219763321303113,0.7523478865623474
20190507_sample_3,CT,1.081659834690978,1.1158736280664099,0.7494677901268005
20190507_sample_4,Vip,1.1543990629918244,1.124783505843975,0.7536699175834656
20190507_sample_5,Vip,1.101182799724472,1.120589303931788,0.7516940236091614
20190507_sample_6,Vip,1.09758996293694,1.1303843646406724,0.7563024163246155
20190508_sample_1,Lamp5,1.0780260307610363,1.1111914667314833,0.7472524642944336
20190508_sample_2,Sst,1.2286561828713425,1.1181254897916457,0.7505314946174622
20190508_sample_3,Lamp5,1.0404311622712998,1.1043022181994469,0.7439839243888855
20190508_sample_4,Sst,1.1111694094987348,1.1259018394626918,0.7541961073875427
20190508_sample_5,low quality,1.021649047388566,1.1215803613098667,0.7521612644195557
20190508_sample_6,Pvalb,1.0897860306295932,1.1280707617962926,0.7552158236503601
20190508_sample_7,Sst,1.0766556754986327,1.133223513887981,0.7576342225074768
20190509_sample_2,Vip,1.0816015099040643,1.1187467314559107,0.7508247494697571
20190509_sample_3,Lamp5,1.1166290196246276,1.108474135032376,0.745964527130127
20190509_sample_4,Vip,1.0032291595684242,1.1105196050551176,0.746934175491333
20190509_sample_5,Lamp5,1.0775113281978017,1.0973870697107289,0.7406923174858093
20190509_sample_9,Vip,1.0481139480522292,1.106318154905674,0.7449414730072021
20190513_sample_1,Lamp5,1.505111449932491,1.1187438268535368,0.7508233785629272
20190513_sample_2,Vip,1.0158798162146971,1.1035297347153348,0.7436167597770691
20190513_sample_3,Vip,1.065408245659582,1.12812124587002,0.7552395462989807
20190513_sample_4,Vip,1.0832030493804097,1.0885473823507157,0.7364687919616699
20190513_sample_5,Lamp5,1.088392196359284,1.110383371548853,0.7468696236610413
20190514_sample_2,Pvalb,1.0667126428421276,1.1194180539699126,0.7511415481567383
20190514_sample_4,Lamp5,0.9997275036032351,1.1040135069262524,0.7438467144966125
20190514_sample_7,Lamp5,1.1769022857497746,1.1133662913348654,0.7482820749282837
20190514_sample_8,Pvalb,1.0472944415894954,1.117780350093241,0.7503685355186462
20190515_sample_1,Lamp5,1.1221340732760088,1.0944127221046125,0.739273190498352
20190515_sample_2,low quality,1.0296462846124346,1.1151751874199967,0.7491376399993896
20190515_sample_3,low quality,1.0650710015373377,1.1162771112835945,0.749658465385437
20190515_sample_4,Vip,1.044854720362048,1.1086595135876651,0.7460524439811707
20190515_sample_5,Lamp5,1.0880666184445638,1.0968880731462425,0.740454375743866
20190515_sample_6,Vip,1.305191427121584,1.1164336567456286,0.7497324347496033
20190515_sample_7,Lamp5,1.2683593946697524,1.1291381587320504,0.7557172775268555
20190515_sample_8,Vip,1.013688475063737,1.1202432572597187,0.7515308260917664
20190515_sample_9,Lamp5,1.239022412386012,1.10079258785614,0.7423146963119507
20190515_sample_10,Vip,1.0185162128234435,1.1192735406256742,0.7510733604431152
20190515_sample_11,Lamp5,1.0390858866578965,1.0969580655048503,0.7404877543449402
20190515_sample_12,Vip,1.026767487837586,1.1126986486800696,0.7479661107063293
20190515_sample_13,Vip,1.1309267073267324,1.1143407404211911,0.7487430572509766
20190515_sample_14,Vip,1.0109420299224758,1.103234861289565,0.7434765696525574
20190515_sample_15,Lamp5,1.082877215796336,1.1157868621090297,0.7494267821311951
20190516_sample_2,Sst,1.0989052806442183,1.1339179932212797,0.7579597234725952
20190516_sample_3,Lamp5,1.077089007279157,1.1113575778650584,0.7473311424255371
20190516_sample_4,Sst,1.0718673655152358,1.1345880156184376,0.7582736611366272
20190516_sample_5,Lamp5,1.045077180542586,1.1113938220310493,0.7473483085632324
20190516_sample_6,Sst,1.1391828819841774,1.1211016527435276,0.751935601234436
20190522_sample_1,Lamp5,1.0792982275813918,1.122523806648693,0.7526058554649353
20190528_sample_2,Vip,1.0228845955015984,1.104582062627053,0.7441169023513794
20190528_sample_4,Vip,1.2496744330360507,1.0984549611347207,0.7412013411521912
20190528_sample_6,Vip,1.0443248848972129,1.0998307659226596,0.7418567538261414
20190528_sample_7,Lamp5,1.070022421186038,1.1115424547881427,0.7474187016487122
20190528_sample_8,Vip,1.0663145265954956,1.1012328969500476,0.742524266242981
20190528_sample_9,Vip,1.006056147137969,1.1011238129192562,0.7424723505973816
20190529_sample_2,Vip,1.0674504637433415,1.1348293871548245,0.7583867311477661
20190529_sample_3,Sncg,1.1166143606662051,1.1120755295863944,0.7476711273193359
20190529_sample_6,Vip,1.1690673210174558,1.1076385628768401,0.7455681562423706
20190603_sample_1,Lamp5,1.190384934935306,1.1192212453926236,0.7510486841201782
20190603_sample_2,Vip,1.087234642314433,1.1179733638633493,0.7504596710205078
20190603_sample_3,Vip,1.1334047128009546,1.1052898048108721,0.7444531321525574
20190603_sample_4,Vip,1.034859057482323,1.1066397036374416,0.7450941205024719
20190603_sample_5,Lamp5,1.1577026805604516,1.1016141719614283,0.7427057027816772
20190603_sample_6,Lamp5,1.0119694650540627,1.1137505239230086,0.7484638690948486
20190603_sample_7,Lamp5,1.1393425695977233,1.1050355874474447,0.7443323731422424
20190603_sample_9,Sncg,1.2890474738248832,1.1055685255574517,0.7445855140686035
20190603_sample_10,Vip,1.0168532055137345,1.1114537269471325,0.7473766803741455
20190604_sample_2,Pvalb,1.056202222668258,1.1241986040270844,0.753394603729248
20190604_sample_4,Lamp5,1.097593368989473,1.1101071577482706,0.7467387318611145
20190604_sample_6,Lamp5,1.09102245510305,1.100058819218767,0.7419653534889221
20190604_sample_8,Pvalb,1.1872176431867307,1.1070796055462697,0.7453029155731201
20190604_sample_12,IT,1.1074254231752254,1.093109582582119,0.7386507987976074
20190605_sample_1,low quality,1.1722293240822148,1.108874698829525,0.7461544871330261
20190605_sample_2,Vip,1.1452538209279532,1.1250318750594772,0.7537868022918701
20190605_sample_4,Vip,1.0261322595618156,1.112844728646965,0.7480352520942688
20190605_sample_5,Lamp5,1.054851349057736,1.0689047678572166,0.7270193696022034
20190605_sample_6,Vip,1.2439099776167932,1.1240580692415274,0.7533284425735474
20190606_sample_1,Pvalb,1.01426163916139,1.1101891628080092,0.7467775940895081
20190606_sample_2,Pvalb,1.0193458421510264,1.0939820796781445,0.739067554473877
20190606_sample_3,Pvalb,1.0328708574032186,1.1266427363832197,0.7545445561408997
20190606_sample_5,Pvalb,1.0253434924575038,1.1081736678726373,0.745822012424469
20190606_sample_6,IT,1.00932127549142,1.0903369040640039,0.7373252511024475
20190606_sample_7,low quality,1.019131725383163,1.082532998254125,0.7335849404335022
20190606_sample_9,Sst,1.0938909554131746,1.10041233825675,0.7421336770057678
20190607_sample_2,Sst,1.3019057187626002,1.132055833412702,0.7570866942405701
20190607_sample_3,Lamp5,1.16335662987817,1.0859566706009727,0.7352275848388672
20190607_sample_5,low quality,1.069103869990032,1.1116308087686417,0.7474605441093445
20190610_sample_1,Sst,1.0559309782493624,1.1154115898779247,0.7492493987083435
20190610_sample_2,Pvalb,1.0076390604107712,1.1165032922917064,0.7497653365135193
20190610_sample_3,Lamp5,1.0828583967190015,1.1081604739349515,0.7458157539367676
20190610_sample_4,Pvalb,1.0013193111944911,1.1188780741589084,0.7508867383003235
20190610_sample_5,low quality,1.0089268357805334,1.111264956711914,0.7472872734069824
20190610_sample_7,low quality,1.188446825527548,1.106896626339052,0.7452160716056824
20190610_sample_8,Pvalb,1.0122560169222354,1.109776402820231,0.7465819716453552
20190610_sample_9,Lamp5,1.1323737764855817,1.1028491560424891,0.7432931661605835
20190610_sample_10,Pvalb,1.0215084769560072,1.1176966615581958,0.7503290176391602
20190610_sample_12,Pvalb,1.034016173702753,1.1177076431231499,0.7503342032432556
20190610_sample_16,Lamp5,1.0733248856039814,1.1161966355285544,0.7496204376220703
20190610_sample_18,Vip,1.00782946840562,1.129722389601493,0.7559916377067566
20190611_sample_1,IT,1.0956473704235552,1.1148233434110646,0.7489712834358215
20190611_sample_3,Lamp5,1.1105202896424813,1.115570467172864,0.7493245005607605
20190611_sample_4,Sst,1.1536989211316382,1.1291627787399785,0.7557288408279419
20190611_sample_5,low quality,1.242869041323854,1.1127156488465504,0.747974157333374
20190611_sample_7,Lamp5,1.111185742185615,1.0882415398806784,0.7363223433494568
20190611_sample_8,Sst,1.1731661538906175,1.127772701852282,0.7550757527351379
20190611_sample_10,Sst,1.3947702338833652,1.112480051321108,0.7478626370429993
20190611_sample_11,IT,1.055465845667604,1.117490294462856,0.7502315640449524
20190611_sample_14,Sncg,1.1781507339109696,1.1409167060704914,0.7612341046333313
20190611_sample_15,Lamp5,1.143254194530017,1.1048145210951834,0.7442273497581482
20190612_sample_1,Lamp5,1.1165278497368438,1.118195307257206,0.750564455986023
20190612_sample_2,Pvalb,1.0283428621577924,1.118747741753322,0.7508252263069153
20190612_sample_4,Vip,1.0168594610748016,1.1091839403697734,0.7463011145591736
20190612_sample_6,Pvalb,1.0329405473084408,1.1065371191125863,0.7450454235076904
20190612_sample_7,Lamp5,1.0661272818042276,1.1034187762156853,0.7435640096664429
20190612_sample_8,Lamp5,1.0966716805311074,1.0997780743640104,0.7418316602706909
20190613_sample_2,Sst,1.067051934272407,1.1227011842730201,0.7526894211769104
20190613_sample_3,Sst,1.0277168356985962,1.1324735877100298,0.7572826147079468
20190613_sample_4,Sst,1.252793286607598,1.1290901886065174,0.7556947469711304
20190613_sample_6,Pvalb,1.0960860239011427,1.1179627596416961,0.7504546642303467
20190613_sample_7,Sst,1.0223608171865617,1.1155840857819261,0.7493309378623962
20190613_sample_8,Pvalb,1.1733158667905532,1.103763205496382,0.7437277436256409
20190613_sample_9,Sst,1.0388516980997888,1.120186515039566,0.7515040636062622
20190613_sample_10,Sst,1.0079575503363487,1.1285410203842594,0.7554367780685425
20190614_sample_2,Vip,1.1278066908639766,1.1176131025498515,0.7502895593643188
20190614_sample_3,Lamp5,1.223073488708428,1.111596448448038,0.7474442720413208
20190614_sample_4,Vip,1.0492866360302089,1.1209161916940358,0.7518481612205505
20190614_sample_6,Vip,1.0298823544012474,1.1244672919017338,0.7535210847854614
20190614_sample_8,Vip,1.0334052098718869,1.1265420930835814,0.754497230052948
20190617_sample_1,Lamp5,1.0605042418486803,1.129872185658143,0.7560619711875916
20190617_sample_2,CT,1.082618783582581,1.114797628695396,0.7489591240882874
20190617_sample_3,Sst,1.1814783504812116,1.1263256120525778,0.7543954253196716
20190617_sample_4,Sst,1.09835120860473,1.127102663353526,0.7547608017921448
20190617_sample_5,Sncg,1.3147511378921055,1.125627522166689,0.754067063331604
20190617_sample_6,Sst,1.1024849454307435,1.1212304862892226,0.7519963383674622
20190618_sample_1,low quality,1.096515366278089,1.1029043061795343,0.7433193922042847
20190618_sample_2,Vip,1.0213044050121505,1.1253971990029554,0.7539587020874023
20190618_sample_4,Vip,1.004027308604648,1.1126204496761414,0.7479290962219238
20190618_sample_5,Vip,1.01724308704234,1.1254905668264046,0.7540026307106018
20190618_sample_7,Lamp5,1.0403896528066126,1.1075610536475644,0.7455313801765442
20190618_sample_8,Lamp5,1.3838401074482831,1.11733518528049,0.7501583099365234
20190619_sample_1,Lamp5,1.077512197768066,1.10904163334614,0.7462336421012878
20190619_sample_3,Pvalb,1.0277534859506785,1.1175834411570509,0.7502755522727966
20190619_sample_4,Pvalb,1.0325437737417476,1.1278685838153988,0.7551208138465881
20190619_sample_5,Pvalb,1.0354606008345566,1.1200245110893023,0.7514276504516602
20190619_sample_6,Lamp5,1.0518507771550845,1.081283894124412,0.7329849600791931
20190620_sample_1,Lamp5,1.0449106466256095,1.1122121241233747,0.7477357983589172
20190620_sample_2,Sst,1.113633708637681,1.1143387240296923,0.7487421035766602
20190620_sample_5,Sst,0.9948441490644322,1.1265055888825157,0.7544800639152527
20190620_sample_6,Sst,1.016063313007188,1.1176297635995254,0.7502974271774292
20190620_sample_8,Pvalb,1.164494246709577,1.1221923703614933,0.7524496912956238
20190624_sample_1,Sst,1.1483939399520882,1.1765004866165993,0.7777183055877686
20190624_sample_2,Sst,1.0396956045092345,1.142562851240594,0.76200270652771
20190624_sample_3,Sst,1.1420007280212203,1.1260114495730404,0.7542476654052734
20190624_sample_4,Pvalb,1.033450212535976,1.1202416143678549,0.7515300512313843
20190624_sample_5,Sst,1.1353494837078342,1.1156447400962388,0.7493596076965332
20190624_sample_6,Sst,1.0382668395569976,1.1123137259731801,0.747783899307251
20190625_sample_1,Vip,1.0317427375803168,1.1198252455180286,0.7513336539268494
20190625_sample_2,low quality,1.146531175698167,1.1171826113369379,0.75008624792099
20190625_sample_3,Vip,1.0040984230308987,1.128127588175016,0.7552425265312195
20190625_sample_4,Vip,1.1298898449127004,1.125079373754083,0.7538091540336609
20190625_sample_5,Vip,1.0021233628798356,1.1300896625815997,0.7561640739440918
20190625_sample_6,Lamp5,1.0941627326757484,1.1154214247925835,0.749254047870636
20190625_sample_7,Vip,1.2797720926206404,1.1154793004089179,0.7492814064025879
20190625_sample_8,Vip,1.005758158350676,1.1201321753613747,0.7514784336090088
20190625_sample_10,Vip,1.1367535603506855,1.1352149765871526,0.7585673332214355
20190625_sample_11,Vip,1.0086324338979078,1.1221636567531648,0.7524361610412598
20190625_sample_12,Vip,1.02499622842046,1.1115070890599494,0.7474019527435303
20190625_sample_13,Vip,1.1087456027884115,1.0818817971176191,0.7332721948623657
20190626_sample_1,Vip,1.0403893834477425,1.1182157605491283,0.7505741119384766
20190626_sample_4,low quality,1.080731574863586,1.111803499871511,0.7475423216819763
20190626_sample_5,Vip,1.2678549295493589,1.1114275497999362,0.7473642826080322
20190627_sample_1,CT,1.0063075894500355,1.1168713138304096,0.7499392032623291
20190627_sample_2,Lamp5,1.1086594041954243,1.0943133544277497,0.7392257452011108
20190627_sample_4,NP,1.0661803713989138,1.12772209922472,0.7550519704818726
20190627_sample_6,Pvalb,1.098868801230873,1.0951876021358335,0.7396430969238281
20190627_sample_8,IT,1.0535127855309048,1.0973224384627447,0.7406615018844604
20190628_sample_1,Sst,1.1595830861350984,1.1508836054134781,0.7658787369728088
20190628_sample_2,Pvalb,1.0391452645343986,1.1151761960143627,0.7491381168365479
20190628_sample_3,Sst,1.4120190565752713,1.113452706084244,0.7483229637145996
20190628_sample_4,Sst,1.1604079328599923,1.1346348372725725,0.7582955956459045
20190628_sample_5,Sst,1.0459350402383307,1.105639811709318,0.7446193695068359
20190628_sample_6,Pvalb,1.1479418491583218,1.1185869842383804,0.7507493495941162
20190628_sample_7,Sst,1.3215036752896794,1.124887738853602,0.7537189722061157
20190703_sample_1,Pvalb,1.1189831157363932,1.118505789281689,0.7507110238075256
20190703_sample_2,Pvalb,1.1275282762530845,1.121249957397788,0.7520055174827576
20190703_sample_3,Pvalb,1.0527437206936336,1.1261261344084914,0.7543016076087952
20190703_sample_5,Pvalb,1.0685982770780458,1.1114340940563099,0.7473673820495605
20190703_sample_6,Pvalb,1.1633361034455092,1.124463493061582,0.7535192966461182
20190703_sample_8,Pvalb,1.0770050739931818,1.113964212659779,0.7485649585723877
20190703_sample_10,Pvalb,1.178944755650832,1.114978772834128,0.7490447759628296
20190703_sample_12,Pvalb,1.1624048183225164,1.1270366092906565,0.7547297477722168
20190703_sample_13,Sst,1.018624063815571,1.1456640241413136,0.7634490728378296
20190703_sample_14,low quality,1.0132764110882613,1.1176110830375865,0.7502886056900024
20190703_sample_15,Sst,1.0854943340988532,1.1605173662428625,0.7703477144241333
20190704_sample_2,Sst,1.096362289925449,1.1213189927683342,0.7520380616188049
20190704_sample_12,Vip,1.0553922342201587,1.1165184307570741,0.7497724890708923
20190704_sample_14,Vip,1.0225462218662706,1.121006960651857,0.7518909573554993
20190705_sample_1,Vip,1.0257006556930457,1.1124324565077643,0.7478401064872742
20190705_sample_3,Vip,1.012307292656339,1.1226595586634915,0.7526698112487793
20190705_sample_4,Vip,1.1989735824752927,1.114848932384586,0.7489833831787109
20190705_sample_5,Vip,1.0949818543195529,1.1107887015028088,0.7470616698265076
20190705_sample_9,Vip,1.1261634910358005,1.1170318149760485,0.7500150203704834
20190708_sample_3,low quality,1.0227866788588411,1.1223622566185754,0.7525297403335571
20190708_sample_4,Pvalb,1.112108628756029,1.1178447281399246,0.7503989338874817
20190708_sample_6,Vip,1.064796410424098,1.1072241665878582,0.7453715205192566
20190708_sample_7,Vip,1.0184397814606114,1.1261077590739141,0.7542929649353027
20190708_sample_8,IT,1.0721478488112195,1.0822698621637172,0.7334585785865784
20190708_sample_12,Vip,1.0305793729675383,1.1002905277046464,0.7420756816864014
20190709_sample_1,Vip,1.0054947074899914,1.1257946424395706,0.7541456818580627
20190709_sample_2,Vip,1.0146346803016792,1.1374606680275474,0.7596185207366943
20190709_sample_3,Vip,1.0759664407102918,1.115316773558913,0.7492045760154724
20190709_sample_8,Sncg,1.1628784107038548,1.1099030393610314,0.746641993522644
20190709_sample_10,Vip,1.0090240231582577,1.10058949570622,0.742218017578125
20190709_sample_11,Vip,1.0045761969695866,1.1093883663772053,0.7463980317115784
20190709_sample_12,Vip,1.0340933015773417,1.1176494540999622,0.7503067255020142
20190709_sample_13,Vip,1.0202071872097471,1.1163686908654475,0.749701738357544
20190709_sample_14,Vip,1.070268512799801,1.109085128997019,0.7462542653083801
20190710_sample_3,Sst,1.235414419042778,1.127782340584454,0.7550802826881409
20190710_sample_4,Sst,1.1266303383483218,1.1247960439306106,0.7536758184432983
20190710_sample_5,Sst,1.148091292698595,1.1224921788149584,0.7525909543037415
20190710_sample_6,Sst,1.0534269921919668,1.1360253230540898,0.7589467763900757
20190710_sample_8,Vip,1.084095835958597,1.1160005044616368,0.7495277523994446
20190710_sample_10,Vip,1.1400781961148514,1.1166493830017516,0.7498343586921692
20190712_sample_1,CT,1.09447176837968,1.087238561526878,0.7358419299125671
20190712_sample_3,Sst,1.1369853312701526,1.1263553958986239,0.7544094324111938
20190712_sample_4,low quality,1.1048614852516214,1.1051185246841042,0.744371771812439
20190712_sample_5,Lamp5,1.067634927530159,1.099327058687711,0.7416168451309204
20190712_sample_6,Lamp5,1.0341486550723948,1.1039411471904301,0.7438123226165771
20190712_sample_7,Lamp5,1.0559971762798686,1.0661487586548075,0.7256863713264465
20190715_sample_1,Lamp5,1.0177139256325287,1.0885101610320704,0.7364509701728821
20190715_sample_4,Lamp5,1.155841872704055,1.1055980186550511,0.7445995211601257
20190715_sample_5,Vip,1.0208021252249837,1.1291926023267564,0.7557428479194641
20190715_sample_6,Lamp5,1.0914480846138166,1.0897325869663483,0.7370361089706421
20190715_sample_7,Vip,1.0316064303060957,1.125025668641808,0.7537838816642761
20190715_sample_8,Lamp5,1.0440314320303836,1.1086615245630442,0.7460533976554871
20190715_sample_9,Vip,1.0579617886896928,1.117912011601677,0.750430703163147
20190715_sample_10,Sncg,1.1165684017582904,1.1227348396179333,0.7527052760124207
20190715_sample_11,Lamp5,1.0885321853927543,1.0909532357867975,0.7376200556755066
20190716_sample_1,low quality,1.1384601653931383,1.1088187636376945,0.7461279630661011
20190716_sample_3,Sst,1.0557322936889662,1.1253438658996493,0.7539336085319519
20190716_sample_5,Sst,1.1322134948482314,1.1041917206306233,0.7439314126968384
20190716_sample_7,Vip,1.0468213957701469,1.1176007330674567,0.7502837181091309
20190716_sample_8,Lamp5,1.0634246370505889,1.1006677502205087,0.7422552704811096
20190716_sample_9,Vip,1.004982591239484,1.1154649259250404,0.7492746114730835
20190717_sample_1,Sst,1.1911679799030028,1.142620575445514,0.7620296478271484
20190717_sample_2,Sst,1.0692070083720673,1.1275566027948198,0.7549741864204407
20190717_sample_3,Sst,1.4676635761508516,1.1285452071291135,0.7554387450218201
20190718_sample_1,Vip,1.0141848976666996,1.0948737948786875,0.7394933104515076
20190718_sample_2,CT,1.0799716057257385,1.1042563127160148,0.7439621090888977
20190718_sample_3,CT,1.323258041830384,1.1242481099363213,0.7534179091453552
20190718_sample_4,Vip,1.013298875315604,1.1221388646990422,0.7524244785308838
20190718_sample_5,Vip,1.0260313327027106,1.127410773698948,0.754905641078949
20190718_sample_6,Vip,1.0523692367834878,1.1211877516256061,0.7519761919975281
20190718_sample_7,Vip,1.049533774331507,1.115322069039146,0.749207079410553
20190718_sample_8,Vip,1.0203604157390145,1.1199147042185653,0.7513758540153503
20190718_sample_9,Vip,1.060055884402488,1.1162926265537607,0.7496657967567444
20190719_sample_1,CT,1.1086247006814252,1.1131113506242925,0.7481614351272583
20190719_sample_2,IT,1.106932029333862,1.0844207327665731,0.7344909906387329
20190719_sample_4,IT,1.072226761467949,1.073786075103233,0.729375958442688
20190719_sample_5,IT,1.0902535045294175,1.1024022426084863,0.7430806159973145
20190719_sample_6,IT,1.0756967894397806,1.076359814833128,0.7306162714958191
20190719_sample_9,IT,1.0941072583610556,1.0683214405321648,0.726737380027771
20190719_sample_10,IT,1.015316914531059,1.0745252547495667,0.7297323346138
20190722_sample_1,CT,1.0352260835541147,1.1192334980247085,0.7510544657707214
20190722_sample_6,CT,1.0501454208797738,1.0949337305560989,0.7395219206809998
20190722_sample_7,low quality,1.0169095944529056,1.120181586499695,0.751501739025116
20190722_sample_8,low quality,1.0393056807806058,1.1127869251076603,0.7480078935623169
20190724_sample_1,Vip,1.0290331618636237,1.1291773732089736,0.7557356953620911
20190724_sample_2,CT,1.073551454562944,1.107763940403631,0.7456276416778564
20190724_sample_4,Vip,1.007372442358068,1.1235566510733102,0.753092348575592
20190724_sample_5,Vip,1.0742741038089312,1.1193764927417023,0.7511219382286072
20190724_sample_6,IT,1.020337833467598,1.1232363168479707,0.7529414892196655
20190724_sample_9,Vip,1.0576319743992944,1.1213430165927212,0.7520493865013123
20190724_sample_10,Vip,1.0331326817993582,1.1135995940715002,0.7483924627304077
20190724_sample_12,Vip,1.0196505491624728,1.1235824722936232,0.7531045079231262
20190724_sample_16,low quality,1.0926214094746722,1.1099185079003382,0.7466493248939514
20190725_sample_1,Vip,1.090542181399326,1.1208759916419453,0.751829206943512
20190725_sample_3,Vip,1.0886033720107504,1.117639735048018,0.7503021359443665
20190725_sample_4,Sst,1.15078847307807,1.1252178226729634,0.7538743019104004
20190725_sample_5,CT,1.013325249966541,1.1157012346599549,0.7493863105773926
20190725_sample_6,Vip,1.0116500992799802,1.1193839459111041,0.7511254549026489
20190725_sample_7,Vip,1.0844932784126349,1.1162339718619412,0.7496380805969238
20190725_sample_8,Vip,1.0522862250514582,1.1186569431974707,0.7507823705673218
20190725_sample_9,Vip,1.0935199734857954,1.1119577002903378,0.7476153373718262
20190725_sample_10,low quality,1.014303354157152,1.1174141898396648,0.7501956224441528
20190726_sample_1,Lamp5,1.0645312765187926,1.1023037489457488,0.743033766746521
20190726_sample_2,Pvalb,1.0709903952213131,1.1205924638584468,0.7516955137252808
20190726_sample_3,Lamp5,1.1051640880952478,1.1059480767944099,0.7447657585144043
20190726_sample_4,IT,1.0865989922635113,1.0919864287562,0.738114058971405
20190726_sample_5,Lamp5,1.1196525737750371,1.0826339172832915,0.7336333990097046
20190726_sample_6,Sst,1.2401177940290116,1.1210794016183838,0.7519251108169556
20190726_sample_7,Lamp5,1.0549122703185063,1.0890293276082754,0.7366995215415955
20190729_sample_2,Sst,1.0561313916030357,1.1304105228467423,0.7563146948814392
20190729_sample_3,Sst,1.1005960252979337,1.119844071964809,0.7513425350189209
20190729_sample_5,Pvalb,1.074218814570873,1.1242051878666552,0.7533977031707764
20190730_sample_1,Vip,1.4874185815819534,1.1231376064403689,0.7528949975967407
20190730_sample_2,Vip,1.018021123214785,1.1107905886958136,0.7470625638961792
20190730_sample_5,Vip,1.0208924238193298,1.1151569067304696,0.7491289973258972
20190730_sample_6,Vip,1.0881283801550388,1.1182205582634843,0.750576376914978
20190730_sample_7,Vip,1.0074293832725674,1.1167731516742578,0.7498928308486938
20190730_sample_9,Lamp5,1.1176912052982866,1.091645672980368,0.7379511594772339
20190731_sample_1,Pvalb,1.0256657066745525,1.1125015826603781,0.7478728294372559
20190731_sample_2,Lamp5,1.1688215001582505,1.1094343838191487,0.7464198470115662
20190731_sample_3,low quality,1.1150555870823242,1.1178783064859144,0.7504147887229919
20190731_sample_4,Vip,1.0430354714585242,1.1324758756072095,0.7572836875915527
20190731_sample_5,Pvalb,1.0623451161016195,1.1170268937695254,0.7500126957893372
20190731_sample_6,low quality,1.0729757562382818,1.1002606082078281,0.7420614361763
20190731_sample_8,Pvalb,1.0623451161016195,1.1127981330777483,0.7480131983757019
20190801_sample_1,IT,1.1174969974105198,1.0865596470269583,0.7355166077613831
20190801_sample_2,Sst,1.062382337949329,1.1175665280382154,0.7502675652503967
20190801_sample_3,Sst,1.097855157134758,1.1240427502458383,0.7533212304115295
20190801_sample_4,Sst,1.525540114121234,1.11880747644405,0.750853419303894
20190801_sample_7,Sst,1.074214038437239,1.0970444342959225,0.74052894115448
20190801_sample_8,low quality,1.2082527680203785,1.1106040163766862,0.7469741702079773
20190820_sample_1,Sst,1.2529784277067846,1.114481640538951,0.7488096952438354
20190820_sample_2,CT,1.10105488988975,1.104143810888835,0.7439086437225342
20190820_sample_3,Pvalb,1.091830835392335,1.1306413892899199,0.7564230561256409
20190820_sample_5,Sst,0.9998610839791354,1.1129095863525595,0.7480659484863281
20190820_sample_6,CT,1.1027741727622469,1.0962345072948487,0.7401426434516907
20190821_sample_1,IT,1.0941040848884245,1.1015327506606785,0.7426669597625732
20190821_sample_2,IT,1.0677152475784957,1.0820294692464423,0.7333431243896484
20190821_sample_3,CT,1.1016604473453988,1.090551839398809,0.7374280691146851
20190821_sample_4,IT,1.0555976610514255,1.0936970306249179,0.73893141746521
20190821_sample_5,IT,1.0717301404675603,1.1063171505351503,0.744940996170044
20190821_sample_6,IT,1.04557848643644,1.0903096182023817,0.7373121976852417
20190821_sample_7,IT,1.0564548310308897,1.0978210382335973,0.7408992052078247
20190823_sample_1,IT,1.0336251953385605,1.084683892148435,0.7346172332763672
20190823_sample_3,Pvalb,1.0908391997066742,1.1168589486809795,0.7499333620071411
20190823_sample_5,low quality,1.0882391887454494,1.106347156311118,0.7449552416801453
20190823_sample_6,IT,1.0344981037578267,1.0971454315475209,0.7405771017074585
20190823_sample_7,IT,1.033802847123476,1.0915501765636744,0.7379055023193359
20190827_sample_1,Sst,1.1414944067010788,1.1232620076169235,0.7529535889625549
20190827_sample_2,low quality,1.0488641849974134,1.10164348440193,0.7427196502685547
20190827_sample_3,Sst,1.002299491614295,1.1201953611655064,0.7515082359313965
20190827_sample_4,Sst,1.1550775829759168,1.1226985272948318,0.7526881694793701
20190827_sample_5,CT,1.095658154773918,1.1094247024706567,0.7464152574539185
20190827_sample_6,Sst,1.1310445815116108,1.127514628352294,0.75495445728302
20190827_sample_7,Pvalb,1.090663491873526,1.1275979439917803,0.7549936175346375
20190827_sample_8,Sst,1.114797566938127,1.109250571516774,0.7463327050209045
20190827_sample_9,Sst,1.1417996291964716,1.1083365255603481,0.7458992600440979
20190828_sample_1,Vip,1.0449738640357256,1.1117865070447233,0.7475342750549316
20190828_sample_3,Vip,1.0257260407964846,1.1251965417401433,0.7538642883300781
20190828_sample_4,Vip,1.0163646294375834,1.131189321008237,0.7566801905632019
20190828_sample_5,Vip,1.0092309942502402,1.118684346524097,0.750795304775238
20190828_sample_6,Vip,1.000199741086472,1.1138941566608243,0.7485318183898926
20190828_sample_7,Vip,1.1311370987620035,1.1063795479632754,0.7449706196784973
20190829_sample_1,low quality,1.075705302365367,1.106233663909859,0.7449013590812683
20190829_sample_2,Lamp5,0.999552134336053,1.0948967700190186,0.7395042777061462
20190829_sample_3,IT,1.095971473192535,1.1112379010277527,0.7472744584083557
20190829_sample_4,Lamp5,1.1182890954600573,1.1013312151938919,0.7425710558891296
20190829_sample_6,Lamp5,0.999552134336053,1.1226848628881108,0.7526817321777344
20190829_sample_9,Pvalb,1.0308478890234027,1.1193388483204942,0.7511041760444641
20190830_sample_1,IT,1.0911897349237107,1.0946531714408465,0.7393879890441895
20190830_sample_2,IT,1.0968352440451272,1.0955590368384585,0.7398203611373901
20190830_sample_3,low quality,1.058246912605976,1.0802635505185056,0.732494592666626
20190830_sample_4,low quality,1.0787802150093828,1.1119482591248024,0.747610867023468
20190830_sample_6,IT,1.04279875400027,1.0887632541806218,0.7365721464157104
20190830_sample_8,IT,1.0637634206184912,1.0956008804486332,0.7398403286933899
20190830_sample_9,NP,1.3045962291004685,1.1249885571756348,0.7537664175033569
20190904_sample_1,low quality,1.0242637056733122,1.1107333445919787,0.7470354437828064
20190904_sample_2,Vip,1.018058929073809,1.1407620500581301,0.7611618638038635
20190904_sample_3,Vip,1.0845199854196768,1.1182136142067503,0.7505730986595154
20190904_sample_4,Vip,1.002386738516642,1.1109004262354627,0.7471145987510681
20190904_sample_5,Vip,1.029318294925596,1.1145863764951858,0.7488592267036438
20190904_sample_7,Vip,1.0288971782521878,1.1263384127182694,0.754401445388794
20190905_sample_1,low quality,1.2435114574648318,1.1102301665329812,0.7467970252037048
20190905_sample_3,Sst,1.018565144745739,1.1481215875316766,0.764593780040741
20190906_sample_1,Lamp5,1.0846445102744642,1.1041954832219887,0.7439332008361816
20190906_sample_5,CT,1.1581098126286098,1.1028108024817054,0.7432749271392822
20190906_sample_6,Lamp5,1.0702630449045956,1.1018856408416549,0.7428348660469055
20190910_sample_1,Lamp5,1.1189008087151668,1.1000864826914107,0.7419785261154175
20190910_sample_2,Vip,1.032057400464766,1.1178103929381573,0.7503827214241028
20190910_sample_3,Vip,1.0431199776784823,1.110137217515209,0.7467529773712158
20190910_sample_4,Vip,1.0836541102647967,1.1229307091312304,0.752797544002533
20190910_sample_6,Vip,1.0760928907517184,1.1315074248173476,0.7568294405937195
20190911_sample_3,NP,1.1797820288352403,1.1365605035672144,0.7591972947120667
20190911_sample_4,IT,1.0363690033022717,1.0947483101077262,0.7394334077835083
20190911_sample_6,low quality,1.1788517666481682,1.1123483497769986,0.7478002905845642
20190911_sample_7,low quality,1.2672518159426682,1.0981681776528172,0.7410646677017212
20190911_sample_9,CT,1.1285833027893533,1.1029187206583155,0.7433262467384338
20190912_sample_1,CT,1.1240827102588424,1.102667922824407,0.7432069778442383
20190912_sample_2,CT,1.0286950880760466,1.105590990475152,0.7445961833000183
20190912_sample_3,CT,1.1341432898107409,1.0984404521760252,0.7411944270133972
20190912_sample_4,Lamp5,1.0668794948161693,1.1061284629199706,0.7448514103889465
20190912_sample_6,NP,1.1233288213880503,1.0932813828485088,0.7387328743934631
20190912_sample_8,CT,1.1427429023532325,1.103091326048598,0.7434083223342896
20190912_sample_10,Pvalb,1.0170891567506055,1.0882605837084776,0.7363314628601074
20190917_sample_1,CT,1.0488318617995165,1.1009372184648294,0.7423835396766663
20190917_sample_2,Lamp5,1.0500529059176564,1.09123230215292,0.7377535104751587
20190917_sample_3,IT,1.03892992657974,1.125021108836296,0.7537817358970642
20190919_sample_1,low quality,1.3039538717694446,1.1114158456996917,0.7473587393760681
20190919_sample_4,Lamp5,1.0813843328229689,1.1066999759450182,0.7451227307319641
20190919_sample_5,CT,1.066908652813993,1.1016973502089502,0.7427452802658081
20190924_sample_1,Sst,1.1359509271511914,1.1195701573285453,0.7512133121490479
20190924_sample_2,Sst,1.1933155536167943,1.1294006175982385,0.755840539932251
20190924_sample_3,IT,1.0404445095395267,1.1102803531580232,0.7468208074569702
20190924_sample_4,Sst,1.1955491480238394,1.1289045366402113,0.755607545375824
20190924_sample_5,Sst,1.1680808490617731,1.1169326359448608,0.7499681711196899
20190924_sample_6,Sst,1.1343234442459054,1.1496031140153804,0.7652832269668579
20190924_sample_7,Pvalb,1.1490372459166704,1.1203200954704857,0.7515670657157898
20190924_sample_8,CT,1.0657495584637675,1.117350582103885,0.750165581703186
20190925_sample_2,Pvalb,1.0546072646545863,1.0947582986698543,0.7394381761550903
20190925_sample_3,Sst,1.03610354231051,1.130173206030262,0.756203293800354
20190925_sample_4,CT,1.0613789709212251,1.1094058428284554,0.7464063167572021
20190925_sample_5,Sst,1.1577499566692495,1.1187861334119267,0.750843346118927
20190925_sample_6,Pvalb,1.0763316810565382,1.1160601616984203,0.7495559453964233
20190925_sample_7,Sst,1.2096233981759985,1.1294676335571563,0.7558720111846924
20190926_sample_2,ET,1.199782598756417,1.1127849101979945,0.7480069398880005
20190926_sample_3,Sst,1.422972001060967,1.1238728560649258,0.753241240978241
20190926_sample_4,ET,1.1600671191604277,1.1263325827025568,0.7543987035751343
20190926_sample_5,Pvalb,1.0374796331494252,1.1192321085474055,0.7510538101196289
20190926_sample_6,Sst,1.1718907069225406,1.1261418486136936,0.7543089985847473
20190927_sample_1,IT,1.0209146483755815,1.10650510170975,0.7450302243232727
20190927_sample_2,CT,1.1022498149867732,1.1042734957988267,0.7439702749252319
20190927_sample_3,Pvalb,1.013772914671062,1.1158134716391928,0.7494393587112427
20190927_sample_4,IT,1.00036972581263,1.101668538093928,0.7427315711975098
20190927_sample_5,Pvalb,1.0561611382165106,1.1234067929348794,0.753021776676178
20190927_sample_6,Vip,1.0445703371377386,1.1108270747588878,0.7470798492431641
20190927_sample_7,CT,1.0717948673631876,1.0932830048499496,0.7387336492538452
20191001_sample_1,Sst,1.0063065868640368,1.1277875404449411,0.7550827264785767
20191001_sample_2,low quality,1.224712467442535,1.1218399914527148,0.7522836327552795
20191001_sample_3,Sst,1.266226971289727,1.126232967947576,0.7543518543243408
20191001_sample_4,Pvalb,1.041094880416947,1.1146103240730527,0.7488705515861511
20191001_sample_5,Sst,1.1963115836825935,1.1383779085757495,0.7600475549697876
20191001_sample_6,Sst,1.1815916744844874,1.127461749342171,0.7549296021461487
20191003_sample_2,low quality,1.0602777688110776,1.1119152783177726,0.7475952506065369
20191003_sample_3,Sst,1.0546296344510893,1.1247277819096075,0.7536436915397644
20191003_sample_4,Sst,1.1405615794196775,1.1154386990482454,0.7492622137069702
20191003_sample_5,Sst,1.0447947965043916,1.1215490004427926,0.7521464824676514
20191003_sample_6,CT,1.026556808186665,1.1172303131751151,0.7501087784767151
20191010_sample_1,IT,1.0731810808801094,1.1093454931065136,0.74637770652771
20191010_sample_2,Sst,1.124895298495196,1.113285926269693,0.748244047164917
20191010_sample_3,IT,1.0960160176971592,1.0943520523343646,0.7392442226409912
20191010_sample_4,Pvalb,1.0589502039085894,1.1158468916653832,0.7494551539421082
20191010_sample_6,Pvalb,1.0699185636567812,1.1224027378521182,0.7525488138198853
20191010_sample_7,ET,1.353562535549915,1.1231060960073538,0.7528801560401917
20191028_sample_1,Sst,1.0707655766123405,1.1246364738037842,0.7536007165908813
20191028_sample_2,Sst,1.1190951566402283,1.1193209106100372,0.751095712184906
20191028_sample_3,Pvalb,1.0156662805587044,1.118874537902561,0.7508850693702698
20191028_sample_4,low quality,1.2507777040337542,1.1079678518479819,0.7457243800163269
20191028_sample_5,low quality,1.015227543997797,1.119976114494792,0.7514048218727112
20191030_sample_2,Sst,1.0268300977382478,1.1253686953964503,0.7539452910423279
20191030_sample_3,ET,1.1191572565970165,1.1180434288049854,0.7504927515983582
20191030_sample_4,NP,1.0959257124943371,1.113137800552628,0.7481739521026611
20191030_sample_5,Sst,1.335458726543516,1.1054434041161871,0.7445260882377625
20191101_sample_1,Lamp5,1.1032127675021723,1.0917325710281627,0.7379927039146423
20191101_sample_2,CT,1.075747211618015,1.1097489889592127,0.7465689778327942
20191101_sample_3,Lamp5,1.0945011224506995,1.1183451763878172,0.7506352066993713
20191101_sample_4,CT,1.0059722190303215,1.098220328558158,0.7410895228385925
20191101_sample_5,CT,1.1406062596079272,1.1057692122815692,0.7446808218955994
20191101_sample_6,CT,1.1123212495766637,1.1134253704243053,0.7483100295066833
20191104_sample_1,Sst,1.370726718571296,1.1210059492771662,0.7518904805183411
20191104_sample_2,Lamp5,1.101639239631687,1.1017996990458658,0.7427939772605896
20191104_sample_3,low quality,1.142845577011088,1.1032393743468114,0.7434787154197693
20191104_sample_4,Pvalb,1.0209714910676582,1.1189455167488278,0.7509185671806335
20191105_sample_1,Pvalb,1.0532032311842463,1.1070867642871205,0.7453063130378723
20191105_sample_2,IT,1.0741977062642405,1.10275665746913,0.7432491779327393
20191105_sample_3,Sst,1.1975632061945618,1.1276508263870821,0.7550184726715088
20191105_sample_4,Pvalb,1.0565556156371698,1.1188837574404022,0.7508894205093384
20191105_sample_5,Sst,1.4666002489122627,1.1186760118342518,0.7507913708686829
20191106_sample_2,Lamp5,1.0082899873770104,1.0951451423757312,0.7396228313446045
20191106_sample_3,IT,1.099155163011603,1.0965546416299694,0.7402953505516052
20191106_sample_5,Lamp5,1.0862789779065398,1.079263660374729,0.7320138216018677
20191107_sample_1,low quality,1.114286950804558,1.1113760774137118,0.7473399043083191
20191107_sample_2,Sst,1.158667229806219,1.1138089837893967,0.7484915256500244
20191107_sample_3,Sst,1.20245115307242,1.1230909104235012,0.7528730034828186
20191107_sample_4,Sst,1.0360969160965587,1.1296775797775884,0.7559705972671509
20191108_sample_1,CT,1.1214369029447522,1.1121362092026656,0.7476998567581177
20191108_sample_4,CT,1.1105171397525684,1.1205499948377797,0.7516754865646362
20191108_sample_5,IT,1.052184970374115,1.0993783624684632,0.7416412830352783
20191114_sample_1,Lamp5,1.351331740433063,1.098254221088448,0.7411056756973267
20191114_sample_2,CT,1.075915677247517,1.107550375938238,0.7455263137817383
20191114_sample_3,IT,1.0692102412663298,1.1073717521647055,0.7454415559768677
20191114_sample_4,Sst,1.1407560797557978,1.1183281309228101,0.7506271600723267
20191114_sample_5,low quality,1.0235837626204416,1.1080301725280022,0.7457539439201355
20191114_sample_7,IT,1.0172376972242425,1.1085255366733169,0.7459889054298401
20191114_sample_8,IT,1.0818884671252398,1.0940962849104863,0.7391220927238464
20191114_sample_9,ET,1.0206085796892803,1.116381810028129,0.7497079372406006
20200106_sample_1,Lamp5,1.052100192279824,1.0860893378173178,0.7352911829948425
20200106_sample_4,IT,1.1189666214881722,1.10536007761221,0.7444865107536316
20200106_sample_5,IT,1.2523703692725623,1.0941263662320506,0.7391364574432373
20200106_sample_6,IT,1.049269721909336,1.0769403336024312,0.7308958172798157
20200225_sample_2,IT,1.1246985509708078,1.0887676116848795,0.7365742325782776
20200225_sample_5,Sncg,1.0168992132057113,1.101856575584517,0.7428210377693176
20200316_sample_1,ET,1.1368658448726718,1.09343597771119,0.7388067245483398
20200316_sample_2,low quality,1.1252335652963228,1.1162058434144444,0.7496247887611389
20200316_sample_3,Pvalb,0.9901520314141108,1.1148571259637172,0.7489872574806213
