cell_id,RNA_family,y_true,y_pred,y_pred_train_space
20171204_sample_2,ET,1.132151315147014,1.117601111724009,0.7502838969230652
20171204_sample_4,IT,1.0332652008862764,1.1122784732287514,0.7477672100067139
20171204_sample_5,IT,1.0812973097764378,1.1245276943728086,0.7535495162010193
20171204_sample_6,ET,1.1379550909813023,1.1914697172463304,0.784572422504425
20171207_sample_1,ET,1.3339215138438318,1.1299076050793864,0.7560786008834839
20171207_sample_2,ET,1.168524677678389,1.2357516266911341,0.8045774698257446
20171207_sample_6,IT,1.0598989194074615,1.1136027435826719,0.7483939528465271
20171207_sample_7,IT,1.0564523234399672,1.1693559680136696,0.7744303345680237
20171219_sample_1,IT,1.0889342853857384,1.0687641920127964,0.7269514203071594
20171219_sample_2,IT,1.122138737387285,1.1014574700800863,0.7426311373710632
20171219_sample_3,IT,1.097184560985686,1.0916931734745035,0.7379738688468933
20171219_sample_4,ET,1.2091658109654264,1.213850848799346,0.794733464717865
20171219_sample_6,ET,1.3439782416200057,1.1534885929024539,0.7670891284942627
20171219_sample_7,IT,1.0842915367134334,1.0964311804433513,0.7402364611625671
20171219_sample_8,ET,1.202653778358502,1.1997592001882071,0.7883478999137878
20180102_sample_1,ET,1.442181044094763,1.2056260534570917,0.791011393070221
20180102_sample_2,IT,1.0954241868650738,1.1343090154799202,0.7581429481506348
20180102_sample_3,ET,1.0496848229762132,1.1950541639008532,0.7862067222595215
20180102_sample_4,ET,1.2785167753444335,1.130078870733735,0.7561590075492859
20180102_sample_5,IT,1.1537969869456253,1.160363869666582,0.770276665687561
20180103_sample_1,ET,1.252044976709227,1.1302284379207919,0.7562292218208313
20180103_sample_2,ET,1.407133387622319,1.2085163753508723,0.792320966720581
20180103_sample_3,ET,1.181623023433002,1.2774557100369637,0.8230589032173157
20180103_sample_4,low quality,1.095662265620811,1.0778751983838442,0.7313458323478699
20180103_sample_5,IT,1.028272715984893,1.149171627847414,0.7650824785232544
20180103_sample_6,IT,1.0603579892817183,1.1050102426805395,0.7443203330039978
20180103_sample_7,IT,1.1241689689396066,1.0870367796997205,0.7357452511787415
20180103_sample_8,IT,1.102257222644471,1.0811675345496448,0.7329290509223938
20180104_sample_1,low quality,1.1103420053795972,1.091380388220182,0.7378243207931519
20180104_sample_2,IT,1.145978908254748,1.0941767939811076,0.7391605377197266
20180104_sample_3,IT,1.0700144067300563,1.104406073644383,0.7440332770347595
20180104_sample_4,low quality,1.0898479341606588,1.1191436891380724,0.7510120868682861
20180104_sample_6,ET,1.1333788036306236,1.118610345727737,0.7507603764533997
20180105_sample_4,IT,1.1082875092555102,1.0983625307778002,0.7411572933197021
20180105_sample_5,IT,1.075439732476865,1.1122681493221196,0.7477623224258423
20180105_sample_6,IT,1.0952954012095533,1.0995525544152362,0.7417242527008057
20180108_sample_1,IT,1.1475507613643543,1.075426868894171,0.7301668524742126
20180108_sample_2,low quality,1.1070489679151925,1.1055951320783253,0.7445981502532959
20180108_sample_3,IT,1.0922684665613964,1.0862421580291486,0.7353644371032715
20180108_sample_4,ET,1.403069777338827,1.1118230103227404,0.7475515604019165
20180108_sample_5,ET,1.683640569290069,1.1257056958218175,0.7541038393974304
20180108_sample_7,IT,1.15338691370614,1.0580850210072614,0.7217759490013123
20180108_sample_8,ET,1.2417805805908844,1.1814627112175002,0.7799956202507019
20180108_sample_9,IT,1.037761708611152,1.0812959274153553,0.7329907417297363
20180108_sample_10,ET,1.0053450229813434,1.137604255562186,0.7596856951713562
20180109_sample_1,IT,1.1614311286304682,1.072922734387928,0.7289595603942871
20180109_sample_2,IT,1.1313515086172266,1.0948179813210672,0.739466667175293
20180109_sample_5,IT,1.0634412289279795,1.0813395951998048,0.7330117225646973
20180110_sample_1,IT,1.0379427727129766,1.0582535784494644,0.7218578457832336
20180110_sample_2,IT,1.0548054817568688,1.0993444517802227,0.7416251301765442
20180110_sample_3,IT,1.1650106020254103,1.0868885036408187,0.7356742024421692
20180110_sample_4,IT,1.0673016945542286,1.1054469179568929,0.7445277571678162
20180110_sample_5,IT,1.0858136153945666,1.091278671409956,0.7377756834030151
20180110_sample_7,IT,1.0704080237518303,1.0829876069447348,0.7338032126426697
20180110_sample_8,ET,1.5707806452247366,1.113002279655575,0.7481098175048828
20180111_sample_5,IT,0.9940440200257942,1.1104440025496751,0.746898353099823
20180115_sample_2,IT,1.1916442329823669,1.1508191204455624,0.7658487558364868
20180115_sample_5,IT,1.0149560326759242,1.0975954784211484,0.7407916784286499
20180115_sample_6,low quality,1.1909919173761274,1.1135075044396887,0.7483488917350769
20180115_sample_7,IT,1.2401807125783717,1.1246897891558847,0.7536258101463318
20180115_sample_8,IT,1.112146278725781,1.087259960004006,0.7358521819114685
20180115_sample_9,IT,1.1042196669017732,1.100512120508853,0.7421811819076538
20180118_sample_1,IT,1.1145704634545572,1.1190609571745875,0.7509730458259583
20180118_sample_2,IT,1.159516488896375,1.1075307793418712,0.7455170154571533
20180118_sample_4,IT,1.160315678699336,1.098797827015053,0.7413647174835205
20180118_sample_6,IT,1.1387084406848316,1.1311089133058507,0.7566424608230591
20180118_sample_7,ET,1.3253409641575475,1.1238981747532635,0.753253161907196
20180118_sample_10,ET,1.5207141195828828,1.1179510193153679,0.7504491209983826
20180123_sample_1,ET,1.038863309739946,1.103597190313614,0.7436488270759583
20180123_sample_3,ET,1.3487375391476526,1.1871687801950301,0.782607913017273
20180123_sample_5,ET,1.331279612898556,1.1202673952792397,0.7515422105789185
20180123_sample_6,ET,1.163907477921757,1.1930895030803625,0.7853112816810608
20180123_sample_7,ET,1.5593046075753976,1.2039547080610664,0.7902533411979675
20180208_sample_1,low quality,1.3777167626066478,1.1750673175477533,0.7770596146583557
20180208_sample_2,ET,1.4071016449205689,1.1180542859222649,0.7504978775978088
20180208_sample_3,ET,1.4335066781928472,1.1166597283220696,0.7498392462730408
20180208_sample_4,IT,1.2086398998019685,1.072263051282322,0.7286412715911865
20180208_sample_5,IT,1.5579651416537776,1.0702618157117096,0.7276750802993774
20180213_sample_3,ET,1.4250974620357844,1.1362203816506726,0.7590380907058716
20180213_sample_5,Pvalb,1.1159236069196836,1.0702392341435842,0.7276641726493835
20180215_sample_1,Pvalb,1.057948378333715,1.0783239590569167,0.7315617799758911
20180220_sample_1,Sst,1.3180926527658,1.1661163578961222,0.7729358673095703
20180220_sample_2,IT,1.0537369252797453,1.169679509975155,0.7745794653892517
20180225_sample_1,IT,1.0633433577582054,1.0907816265966235,0.7375379800796509
20180225_sample_2,IT,1.046815208436435,1.0883525690867255,0.7363755106925964
20180225_sample_3,IT,1.0690450945894594,1.133869533838992,0.7579370141029358
20180225_sample_4,IT,1.0890658507437945,1.0834116419391526,0.7340067625045776
20180225_sample_5,ET,1.3415138326992375,1.1204776983423343,0.7516413927078247
20180225_sample_7,Pvalb,1.0725892580544654,1.0641083981724029,0.7246983647346497
20180228_sample_3,IT,1.034405856500212,1.0995664453435336,0.7417308688163757
20180306_sample_1,Pvalb,1.2745731421395992,1.1004382536432036,0.7421460151672363
20180306_sample_2,IT,1.0448594309509114,1.0902242743135035,0.7372713685035706
20180306_sample_3,IT,1.051548539554394,1.0742423597720177,0.729595959186554
20180306_sample_5,IT,1.0084600939021104,1.01174703786851,0.6990035176277161
20180309_sample_4,IT,1.0396626032611047,1.1317206215913507,0.7569294571876526
20180309_sample_6,IT,1.152350033416008,1.1174784305439511,0.7502259612083435
20180309_sample_7,IT,1.062804235417405,1.0950218890642511,0.7395640015602112
20180309_sample_8,IT,1.1170347359176946,1.0865260677625865,0.7355005145072937
20180313_sample_1,low quality,1.0086377266472957,1.2212369643790355,0.7980642318725586
20180313_sample_2,ET,1.026026102904627,1.1543636582452366,0.7674953937530518
20180313_sample_3,ET,1.1523290708006997,1.1247138511543608,0.7536371350288391
20180313_sample_7,IT,1.0682814243045295,1.0555099200355071,0.7205239534378052
20180313_sample_8,low quality,1.0029112797823792,1.1488282175473683,0.7649226784706116
20180313_sample_9,Pvalb,1.0953854554106714,1.134908535476798,0.7584238052368164
20180315_sample_1,ET,1.251174763143867,1.12522960328098,0.7538798451423645
20180315_sample_2,low quality,1.0670184238673934,1.091899395475324,0.7380724549293518
20180315_sample_5,IT,1.0115160028594168,1.0363703937984956,0.7111690044403076
20180315_sample_6,IT,1.2957063530764568,1.0793738404170359,0.732066810131073
20180321_sample_2,IT,1.1189332989038543,1.1066526369247962,0.7451002597808838
20180321_sample_3,IT,1.0122181883455903,1.152775297726269,0.7667578458786011
20180321_sample_4,IT,1.1876515746270948,1.0627669411708092,0.7240482568740845
20180321_sample_8,ET,1.2957664978803995,1.1929719904584308,0.7852576971054077
20180321_sample_9,ET,1.2206947204233634,1.1135338333502656,0.748361349105835
20180322_sample_1,IT,1.0133299681030452,1.067900230320636,0.7265337109565735
20180322_sample_2,IT,1.0274066118577705,1.0505331500551718,0.71809983253479
20180322_sample_3,IT,1.0643970490995582,1.10744473234143,0.7454761862754822
20180322_sample_4,IT,1.1951405503402397,1.1520028492775836,0.7663989663124084
20180322_sample_5,IT,1.1200236565961208,1.1164095623710064,0.7497210502624512
20180322_sample_6,ET,1.227452325096025,1.1912903808888744,0.7844905853271484
20180322_sample_7,ET,1.2886182742264525,1.117345155341879,0.7501630187034607
20180327_sample_1,Pvalb,1.1893143010441758,1.117890930061949,0.7504207491874695
20180327_sample_2,Pvalb,1.1263651689668963,1.0482147014542629,0.7169685363769531
20180327_sample_3,IT,1.1204050074404712,1.1529192724270152,0.7668247222900391
20180327_sample_4,Pvalb,1.1157746499954857,1.120353839446262,0.7515829801559448
20180327_sample_5,Pvalb,1.0966118475124005,1.0787367607479978,0.7317603826522827
20180327_sample_6,IT,1.1393765401365774,1.0993045354726871,0.7416061162948608
20180329_sample_1,IT,1.1143550822007149,1.1255121040842562,0.7540127635002136
20180329_sample_2,IT,1.041644873263944,1.1045693929356988,0.7441108822822571
20180329_sample_3,IT,1.084590954886124,1.1279209656016207,0.7551454305648804
20180329_sample_4,ET,1.1387698195452427,1.1773281886854396,0.7780985236167908
20180329_sample_5,IT,1.1116429687243674,1.0825074279113525,0.7335726618766785
20180329_sample_6,IT,1.067898205248462,1.1099424026148423,0.7466606497764587
20180329_sample_7,low quality,1.2339357037267709,1.2547000556320347,0.813016951084137
20180329_sample_8,IT,1.066464701188672,1.1273059097365214,0.7548563480377197
20180403_sample_5,IT,1.098333912325652,1.105745490339896,0.7446695566177368
20180403_sample_6,ET,1.3675524591057615,1.135041261837273,0.7584859728813171
20180403_sample_7,IT,1.0216452454299676,1.165267234867957,0.7725437879562378
20180404_sample_1,Pvalb,1.101675593167004,1.0958834403655862,0.7399751543998718
20180404_sample_2,Pvalb,1.1832637291642167,1.0934862640537912,0.7388307452201843
20180404_sample_3,IT,1.0402710135315831,1.086434162835991,0.7354564666748047
20180404_sample_4,Pvalb,1.0593021082781768,1.1100300608057658,0.7467021942138672
20180404_sample_5,Pvalb,1.2891045593880186,1.1300858536878748,0.7561622858047485
20180404_sample_7,IT,1.0545578111348812,1.0821945269625752,0.7334223985671997
20180405_sample_1,ET,1.3189014254036246,1.129870916155771,0.7560613751411438
20180405_sample_2,IT,1.1066590636051443,1.1016309576679295,0.7427136898040771
20180405_sample_3,IT,1.0710973539489403,1.0766188621136654,0.730741024017334
20180410_sample_1,Pvalb,1.0969228905817712,1.1124660749551838,0.7478560209274292
20180410_sample_3,IT,1.0307407057588465,1.0941930209902833,0.7391682863235474
20180410_sample_4,IT,1.0408839701154826,1.0833114302735631,0.7339586615562439
20180410_sample_5,IT,1.0127246890555734,1.0817305371161623,0.7331995368003845
20180410_sample_6,IT,1.0677006070956216,1.0837659604885197,0.7341768145561218
20180410_sample_9,Pvalb,1.0878605985316647,1.1090521929014738,0.746238648891449
20180411_sample_1,IT,1.0537240418174358,0.9844499558599612,0.6853417754173279
20180411_sample_3,IT,1.095967407767969,1.073421589262116,0.7292001843452454
20180411_sample_4,Pvalb,1.0613950681329951,1.124048700586413,0.753324031829834
20180411_sample_5,Pvalb,1.2206298437274774,1.1109907665480616,0.7471573948860168
20180412_sample_1,IT,1.0320760830753974,1.069015385565683,0.7270728349685669
20180412_sample_2,Pvalb,1.037341295919039,1.1313733936627741,0.7567665576934814
20180412_sample_3,IT,1.0462302539186177,1.0540557791485434,0.719816267490387
20180412_sample_4,IT,1.05666222683595,1.036760780076382,0.7113606929779053
20180412_sample_7,IT,1.033417047582836,1.092211634824225,0.7382217049598694
20180413_sample_2,Pvalb,1.0629385886466542,1.1134131513726877,0.7483042478561401
20180413_sample_3,Pvalb,1.065152243629235,1.1120750260284078,0.7476708889007568
20180413_sample_4,IT,1.026175994541184,1.0877058944655256,0.7360658049583435
20180417_sample_1,Vip,1.039628743261445,1.1385699952868815,0.7601373791694641
20180417_sample_2,Pvalb,1.0450073896819552,1.1322017267384226,0.7571551203727722
20180417_sample_3,IT,1.0555790959518183,1.089156711207449,0.7367604970932007
20180417_sample_4,Pvalb,1.0216022979741168,1.1184598264865484,0.7506893277168274
20180417_sample_5,IT,1.0826371349461184,1.0630224481136765,0.7241721153259277
20180417_sample_6,IT,1.061137133237727,1.0992004313075012,0.7415565252304077
20180417_sample_7,Pvalb,1.053622529168865,1.0983475221730845,0.7411501407623291
20180417_sample_8,Sst,1.240210991257331,1.1550456236886109,0.7678118944168091
20180417_sample_9,IT,1.0239522305335058,1.0868111355847805,0.7356371283531189
20180418_sample_1,Pvalb,1.1401973915268264,1.1374718794843284,0.7596237659454346
20180418_sample_2,Pvalb,1.0443390472966836,1.082102068208903,0.733377993106842
20180418_sample_3,Pvalb,1.0632690206847812,1.0856897453601329,0.7350996136665344
20180418_sample_5,IT,1.055799236005365,1.1520859694315524,0.7664375901222229
20180418_sample_6,IT,1.0704746902017863,1.0867218300447892,0.7355943322181702
20180420_sample_2,low quality,1.0362428474479202,1.0534008763052927,0.7194973826408386
20180420_sample_3,IT,1.013445399875386,1.0814034857966281,0.7330424189567566
20180420_sample_4,IT,1.0435334111071886,1.1029589563784221,0.7433453798294067
20180424_sample_1,IT,1.018212797977242,1.092928315527378,0.7385641932487488
20180424_sample_2,IT,1.0225454244978571,1.1004690520544889,0.7421606779098511
20180424_sample_3,IT,1.0530467983711953,1.0734928993549138,0.7292345762252808
20180424_sample_6,IT,0.99378156776699,1.0663173607075638,0.725767970085144
20180425_sample_2,IT,1.0091146138081122,1.0894281899519473,0.736890435218811
20180425_sample_3,Pvalb,1.039885256523314,1.1360025334271842,0.7589361071586609
20180425_sample_4,IT,1.048863435897718,1.0978249144733898,0.7409010529518127
20180425_sample_5,Sncg,1.0661870830900635,1.1312701128452025,0.756718099117279
20180425_sample_7,Pvalb,1.0289758536068765,1.0969895628284325,0.7405027747154236
20180425_sample_8,Vip,1.0474061408541868,1.152150620659779,0.7664676308631897
20180425_sample_9,IT,1.0281835861374191,1.1212821989121085,0.7520207166671753
20180426_sample_1,ET,1.0300058237498997,1.12373348208963,0.7531756162643433
20180426_sample_3,IT,1.0361143056210989,1.0853690326856893,0.7349458336830139
20180426_sample_4,IT,1.092592872153103,1.0533313586955397,0.7194635272026062
20180426_sample_5,Pvalb,1.097161977415224,1.0898063264662896,0.7370713949203491
20180426_sample_7,IT,1.15489439701592,1.086295007330701,0.735389769077301
20180426_sample_9,Pvalb,1.045283454075904,1.100488582988318,0.742169976234436
20180501_sample_2,IT,1.015368382063305,1.087716844947449,0.7360710501670837
20180501_sample_3,IT,1.0579458891463684,1.077869129693065,0.7313429117202759
20180501_sample_4,IT,1.103692210815871,1.0902952901528273,0.7373053431510925
20180501_sample_5,IT,1.077468883613253,1.104623960961432,0.7441368103027344
20180501_sample_6,low quality,1.0637959689225862,1.1056393096857258,0.7446191310882568
20180501_sample_7,low quality,1.073998114851358,1.1076906979165015,0.7455928921699524
20180501_sample_8,Lamp5,1.0970433229578165,1.107558666860785,0.7455302476882935
20180502_sample_1,low quality,1.112605972584475,1.1059631397627232,0.7447729110717773
20180502_sample_2,low quality,1.0692051544309,1.0852342983528516,0.7348812222480774
20180502_sample_3,IT,1.0821172898509317,1.0796491301314943,0.7321991920471191
20180502_sample_4,IT,1.0151320524958305,1.0884555128732,0.7364248037338257
20180508_sample_1,Pvalb,1.0270153702158011,1.132232736710788,0.7571696639060974
20180508_sample_2,IT,1.074272795451952,1.0753984169205026,0.7301531434059143
20180508_sample_3,IT,1.02690464597806,1.0939135595283855,0.7390348315238953
20180508_sample_4,IT,1.0129965705431012,1.0946605376662333,0.7393915057182312
20180509_sample_1,low quality,1.0398090178775523,1.0976567422681416,0.7408208847045898
20180509_sample_2,IT,1.025523282651621,1.0878373040395624,0.7361287474632263
20180509_sample_3,IT,1.060876287982896,1.098212199434878,0.7410856485366821
20180509_sample_4,IT,1.0364922988177527,1.1442765938917494,0.762802243232727
20180509_sample_5,IT,1.0280860213309282,1.1007207145299776,0.7422804832458496
20180509_sample_7,IT,1.084629391798022,1.106560975533043,0.7450567483901978
20180509_sample_9,IT,1.0243877260779897,1.0865513143442769,0.7355126142501831
20180510_sample_2,Pvalb,1.0312764368988985,1.1258517881704264,0.7541725635528564
20180510_sample_3,IT,1.043761067471452,1.0710029486459365,0.7280330061912537
20180510_sample_4,IT,1.025668270057982,1.0576126675569313,0.7215464115142822
20180510_sample_5,IT,1.0373609305924796,1.1051151368660996,0.74437016248703
20180510_sample_9,IT,1.0826430386971622,1.0766030188295126,0.7307333946228027
20180515_sample_1,Pvalb,1.182204545080895,1.0703933613274197,0.727738618850708
20180515_sample_6,Pvalb,1.0831294998047971,1.106368750690543,0.7449654936790466
20180522_sample_1,IT,1.0140410227330774,1.1164363058820888,0.7497336864471436
20180522_sample_2,IT,1.065306895553623,1.0917436673085352,0.7379980087280273
20180522_sample_3,IT,1.1965120316314108,1.0785454642971761,0.7316683530807495
20180522_sample_4,IT,1.1314383200251383,1.0769066615562868,0.7308796048164368
20180522_sample_5,Pvalb,1.033352290220394,1.0707562039972314,0.7279138565063477
20180522_sample_6,ET,1.2809430533481374,1.122503185247631,0.7525961399078369
20180522_sample_7,IT,1.0674255853395538,1.0651863032154067,0.7252204418182373
20180524_sample_5,low quality,1.0017375630599854,1.1078713589461402,0.7456786036491394
20180524_sample_8,IT,1.0207930878498854,1.0874640030137015,0.7359499335289001
20180524_sample_9,Pvalb,1.03943063100494,1.1196795673242423,0.7512649297714233
20180529_sample_3,IT,1.1054082283462745,1.076462291212496,0.7306656241416931
20180608_sample_1,Lamp5,1.1916067818147955,1.1138069679050202,0.748490571975708
20180608_sample_2,Pvalb,1.066834049388428,1.079659914396502,0.7322043776512146
20180608_sample_3,IT,1.2909075030939752,1.0957938714933684,0.7399324178695679
20180608_sample_5,Pvalb,1.164940397968559,1.1209819292700056,0.7518791556358337
20180619_sample_3,Pvalb,1.0385770446967817,1.1226050290848886,0.7526441216468811
20180619_sample_5,IT,1.0459789467907563,1.0283170870155482,0.7072064280509949
20180619_sample_7,Lamp5,1.052089445432134,1.1004195995405168,0.7421371340751648
20180621_sample_1,IT,1.0865876382283526,1.0905661692068949,0.7374349236488342
20180621_sample_2,IT,1.062969768277239,1.0919275749091255,0.738085925579071
20180621_sample_3,Sncg,1.0659960874534815,1.1043013402163266,0.7439835071563721
20180621_sample_4,IT,1.047217330286169,1.0760777833783333,0.730480432510376
20180621_sample_5,Vip,1.2581895531819016,1.0967044792932577,0.7403668165206909
20180621_sample_7,Pvalb,1.0503192584213132,1.1037150547289407,0.7437048554420471
20180621_sample_8,Pvalb,1.0076164332190376,1.0961726602772088,0.7401131391525269
20180628_sample_2,Pvalb,1.088993477232593,1.1163531750376279,0.7496944069862366
20180628_sample_3,Pvalb,1.0204503381679029,1.110824181013618,0.7470784783363342
20180628_sample_4,low quality,1.027608206923943,1.095798993180645,0.7399348616600037
20180628_sample_6,Pvalb,1.0581726464495826,1.085203226171951,0.7348663210868835
20180628_sample_7,Lamp5,1.0757198227875262,1.1259638033278283,0.7542252540588379
20180703_sample_1,Pvalb,1.0779833238804752,1.1194052949651336,0.751135528087616
20180703_sample_2,IT,1.0311855451720158,1.1190070252520206,0.7509475946426392
20180703_sample_3,low quality,1.0636248673477025,1.048988243988107,0.7173461318016052
20180704_sample_1,Pvalb,1.1059427693498085,1.1018618373685145,0.7428235411643982
20180704_sample_2,Pvalb,1.094903990454424,1.0807626837034277,0.7327345013618469
20180704_sample_3,Pvalb,1.0478441870991118,1.4079424228555002,0.8787726163864136
20180704_sample_4,IT,1.0562449768092077,1.0451608738178708,0.7154764533042908
20180704_sample_5,Pvalb,1.0978591726422415,1.1275298455771565,0.7549616098403931
20180705_sample_1,Pvalb,1.1605772002695496,1.065888801005191,0.7255605459213257
20180705_sample_4,Pvalb,1.0884656512104305,1.069349124320059,0.7272341251373291
20180709_sample_2,IT,0.9989581876067662,1.0276030734348598,0.7068543434143066
20180709_sample_3,Lamp5,1.0787975520530797,1.0923417067364494,0.7382838726043701
20180709_sample_4,IT,1.0179574270030716,1.0590185168619775,0.7222294211387634
20180709_sample_6,IT,1.14975231165302,1.0868714625204277,0.735666036605835
20180710_sample_1,Pvalb,1.0994660938919318,1.2507576640473599,0.8112668991088867
20180710_sample_2,Pvalb,1.0080681769091082,1.0646531258304572,0.7249622344970703
20180710_sample_3,Pvalb,1.0632220977210851,1.092657005672964,0.7384345531463623
20180710_sample_5,Pvalb,1.026822020699656,1.0866074051337848,0.7355394959449768
20180711_sample_1,Pvalb,1.0543281288556776,1.100877862361046,0.7423552870750427
20180711_sample_2,Sst,1.138062995083933,1.15397550954199,0.7673152089118958
20180711_sample_3,Sst,1.5684436588673054,1.1873861101440573,0.7827072739601135
20180711_sample_4,Sst,1.3114652728373866,1.2411275724638655,0.8069791197776794
20180712_sample_2,low quality,1.0806746895749029,1.0897343307758351,0.737036943435669
20180712_sample_3,Sncg,1.0610487827781978,1.1153574986646124,0.7492238283157349
20180712_sample_5,Pvalb,1.174281187166674,1.0984809774498,0.7412137389183044
20180712_sample_11,Pvalb,1.0187843193932755,1.12344273767287,0.7530387043952942
20180712_sample_12,Pvalb,1.0940085337427805,1.0827871050809357,0.7337069511413574
20180712_sample_13,IT,1.046524231770229,1.087392212436645,0.7359155416488647
20180712_sample_14,Pvalb,1.052817204923356,1.1055015087354079,0.7445536851882935
20180712_sample_15,Pvalb,1.1295101577832452,1.090296909840462,0.7373061180114746
20180717_sample_1,Pvalb,1.0357286535638102,1.1256665452850878,0.7540854215621948
20180717_sample_2,Lamp5,1.500978822826104,1.1159752799203044,0.7495158314704895
20180717_sample_3,Pvalb,1.0602436234928885,1.1287431353732726,0.7555317282676697
20180717_sample_4,Pvalb,1.0707922473660985,1.1170297960181423,0.750014066696167
20180717_sample_6,Pvalb,1.077904767395261,1.1197394546326096,0.7512931823730469
20180717_sample_7,ET,1.493689455332864,1.0906264800845196,0.7374637722969055
20180718_sample_2,Pvalb,1.0710313078062297,1.0855521312066378,0.7350336313247681
20180718_sample_3,Pvalb,1.0133299423437243,1.113605767117812,0.7483953833580017
20180718_sample_4,Pvalb,1.128765009084861,1.130338525063858,0.7562808990478516
20180719_sample_1,Pvalb,1.154170975834706,1.0656591640693929,0.7254493832588196
20180719_sample_4,Pvalb,1.0671840978123528,1.1317395536825305,0.7569383382797241
20180720_sample_2,Sncg,1.0519747916857378,1.1207253114351954,0.7517581582069397
20180720_sample_3,Pvalb,1.035856615890166,1.1293843716227852,0.7558329105377197
20180720_sample_5,Lamp5,1.062746534792134,1.0932578015849117,0.7387216091156006
20180725_sample_3,IT,1.0062556471783637,1.074837250541393,0.7298827171325684
20180725_sample_4,low quality,1.032209149226871,1.0649398823368277,0.725101113319397
20180725_sample_6,Pvalb,1.0910113878817822,1.0676584152884687,0.7264167666435242
20180725_sample_7,IT,1.0362484505179983,1.0282525289811653,0.7071745991706848
20180725_sample_9,Lamp5,1.1087101779168131,1.1262175065337787,0.7543445825576782
20180726_sample_3,Pvalb,1.051447096369562,1.1104746960855527,0.7469128966331482
20180726_sample_4,Pvalb,1.1409569461233555,1.076607350965516,0.7307354807853699
20180726_sample_5,Pvalb,1.1063988878224145,1.0938833564585302,0.7390204071998596
20180726_sample_6,Pvalb,1.1223305204603211,1.1191698356363835,0.7510244250297546
20180726_sample_7,Pvalb,1.0897650885862749,1.1269743606021356,0.7547004818916321
20180817_sample_2,Pvalb,1.11276790241593,1.1552854545435856,0.7679231762886047
20180817_sample_3,Pvalb,1.0912584041339606,1.0761811120884421,0.7305302023887634
20180817_sample_4,Pvalb,1.074544275405725,1.0841404635596694,0.7343565225601196
20180817_sample_5,Pvalb,1.054018672464225,1.0972359332167971,0.7406202554702759
20180817_sample_6,IT,1.0796584535363567,1.086352583505271,0.735417366027832
20180817_sample_7,Pvalb,1.0210022031959742,1.0939871969377764,0.7390699982643127
20180820_sample_1,Sst,1.2715769835449302,1.1279085359085432,0.7551395893096924
20180820_sample_2,IT,1.0715853004584115,1.1067453068791564,0.745144248008728
20180820_sample_3,Sst,1.2458542737101226,1.1646220310936963,0.7722457647323608
20180820_sample_4,Sst,1.2058543011455665,1.1649168653606898,0.7723819613456726
20180820_sample_5,Sst,1.0378856310833775,1.1324725708676266,0.7572821378707886
20180820_sample_6,IT,1.0580319614629214,1.1027680628998509,0.7432546019554138
20180820_sample_7,Sst,1.2604364298074775,1.1472408665208205,0.7641837000846863
20180822_sample_1,Pvalb,1.1193662129368296,1.0797225138208073,0.7322344779968262
20180822_sample_2,Pvalb,1.0895012875180274,1.1162175740668312,0.749630331993103
20180822_sample_3,Pvalb,1.0714763815804436,1.0976931263384109,0.7408382296562195
20180822_sample_4,Pvalb,1.0804068392264905,1.1175840722461887,0.7502758502960205
20180822_sample_6,Pvalb,1.0244684202594103,1.1209130312849853,0.7518466711044312
20180822_sample_7,Pvalb,1.058998277105799,1.1105958392753537,0.7469702959060669
20180828_sample_2,Pvalb,1.0471177316339493,1.1032249576701059,0.7434718608856201
20180828_sample_3,Pvalb,1.0478765407514097,1.1282591318419524,0.7553043365478516
20180828_sample_4,IT,1.0129990791224643,1.0548318950956006,0.7201940417289734
20180828_sample_5,Pvalb,1.072350281188778,1.0590479715688015,0.7222437262535095
20180828_sample_6,Pvalb,1.055405174759121,1.1108927512617417,0.7471109628677368
20180828_sample_7,low quality,1.07417576131051,1.124238233985066,0.7534132599830627
20180828_sample_8,IT,1.003161726514173,1.0526790114557145,0.7191457748413086
20180829_sample_1,Sst,1.37990167906718,1.139138963790708,0.7604033946990967
20180829_sample_2,Sst,1.5691000615249744,1.1367154928361534,0.7592698335647583
20180829_sample_3,Sst,1.391577333181521,1.1188521838472236,0.7508745193481445
20180829_sample_4,Sst,1.2548923790095656,1.2044134856579243,0.7904614806175232
20180829_sample_5,Sst,1.3127362048275522,1.1364208063583534,0.759131908416748
20180829_sample_6,Sst,1.2244038448831418,1.1376313943077743,0.7596983909606934
20180829_sample_7,Sst,1.140588685274837,1.1543456809089647,0.7674870491027832
20180829_sample_8,IT,1.0191902483415685,1.0996053654609454,0.7417494058609009
20180830_sample_1,Pvalb,1.0404484742137248,1.121672423307123,0.7522046566009521
20180830_sample_2,Pvalb,1.0258254265695517,1.1031397132536354,0.7434313297271729
20180830_sample_5,Pvalb,1.052277655241331,1.0976876249264647,0.7408356070518494
20180830_sample_6,Pvalb,1.0587309436459134,1.0045614959807823,0.6954253315925598
20180904_sample_1,Pvalb,1.0743996279998538,1.0596333485194005,0.7225279808044434
20180904_sample_2,Pvalb,1.044042759092935,1.1044850975252678,0.744070827960968
20180904_sample_3,Pvalb,1.0259465034089503,1.1001649688258144,0.7420158982276917
20180904_sample_4,Pvalb,1.0787780430584244,1.109827961964176,0.7466064095497131
20180904_sample_5,Pvalb,1.0321985927902269,1.1154866137803086,0.7492848634719849
20180904_sample_6,Pvalb,1.0859294704141005,1.1219134726775621,0.752318263053894
20180904_sample_7,Pvalb,1.0605915801345105,1.1587247636308715,0.7695176601409912
20180904_sample_9,Pvalb,1.0572953605566302,1.1070539849888288,0.7452907562255859
20180905_sample_1,Sst,1.235550644646693,1.1659841526803865,0.7728748321533203
20180905_sample_2,Sst,1.3439722984657858,1.167670632169113,0.7736531496047974
20180910_sample_2,Sst,1.044185820233425,1.1915921132664484,0.7846282720565796
20180910_sample_3,Sst,1.3809220646571585,1.193637673496588,0.785561203956604
20180911_sample_1,Sst,1.1288627720629445,1.1701532717547114,0.774797797203064
20180911_sample_2,Sst,1.1317907201997437,1.182102139362692,0.7802886962890625
20180911_sample_3,Sst,1.2836452823310087,1.1489559172438235,0.7649821043014526
20180911_sample_5,Sst,1.1552507345470584,1.0770334297475104,0.7309406399726868
20180911_sample_6,Sst,1.4785381118443994,1.1286158755499895,0.75547194480896
20180912_sample_2,Pvalb,1.05052713112538,1.1174814596233098,0.7502273917198181
20180912_sample_3,Pvalb,1.044993021160629,1.043870470467658,0.7148452997207642
20180912_sample_6,Pvalb,1.0441514594200954,1.0898430726276522,0.7370889782905579
20180913_sample_2,low quality,1.0330335767790226,1.0847138382626476,0.7346315979957581
20180917_sample_1,Sst,1.2446470671941865,1.1601942892340373,0.7701981663703918
20180917_sample_2,Pvalb,1.1557444504083787,1.1254187353147256,0.7539688348770142
20180917_sample_3,IT,1.012950944573708,1.0713894797204477,0.7282196283340454
20180917_sample_4,Pvalb,1.0341091124334525,1.1031392118261132,0.7434310913085938
20180917_sample_5,Sst,1.13893909090567,1.1261436228054487,0.7543098330497742
20180918_sample_1,Vip,1.16147138480376,1.1280153321700972,0.7551897764205933
20180918_sample_2,Vip,1.532719357002318,1.1243111651690503,0.7534475922584534
20180918_sample_3,Vip,1.0202734163902156,1.1412204360332312,0.7613759636878967
20180920_sample_1,low quality,1.0682189532796955,1.1056255040838454,0.7446125745773315
20180920_sample_2,Pvalb,1.041102185483011,1.0809680761276739,0.732833206653595
20180920_sample_3,Pvalb,1.0440783946213676,1.0288910668396698,0.7074893712997437
20180920_sample_4,Pvalb,1.089360184629897,1.117655386530215,0.7503095269203186
20180921_sample_1,low quality,1.109883516359524,1.1189147000181832,0.7509040236473083
20180921_sample_2,Pvalb,1.0621217586648408,1.108189752022646,0.7458296418190002
20180921_sample_3,Pvalb,1.109397798562015,1.1214426551474348,0.7520963549613953
20180925_sample_9,Pvalb,1.068650872386409,1.1197903728099872,0.7513172030448914
20180926_sample_1,Pvalb,1.0444320211652116,1.0988391097937065,0.7413843870162964
20180926_sample_3,Pvalb,1.139320317988239,1.1159524519696045,0.7495050430297852
20180926_sample_4,low quality,1.1064503538150574,1.1072511708356885,0.7453843355178833
20180926_sample_7,Pvalb,1.0388125180307255,1.1242781179160715,0.753432035446167
20180926_sample_9,IT,1.0210847795971023,1.0476915200763155,0.7167130708694458
20180927_sample_1,Pvalb,1.027024334216072,1.1042452754813579,0.7439568638801575
20180927_sample_2,Pvalb,1.1160646123681222,1.101297022467612,0.742554783821106
20180927_sample_3,low quality,1.060250629157651,1.1034103762060172,0.7435600161552429
20180927_sample_4,Pvalb,1.0735726446862686,1.1110530507699914,0.7471868991851807
20180927_sample_5,Pvalb,1.077241677330479,1.0846932114324797,0.7346217036247253
20180927_sample_7,Pvalb,1.0906935465683807,1.0860417159057472,0.7352683544158936
20180927_sample_9,IT,1.0079757239689475,1.0745832480390278,0.7297602891921997
20180927_sample_10,low quality,1.0429461925173762,1.144981831236199,0.7631310820579529
20181002_sample_1,low quality,1.0533221000852802,1.0829380693949775,0.7337794303894043
20181002_sample_2,Pvalb,1.0434017572527283,1.092499100820684,0.7383590936660767
20181002_sample_3,Pvalb,1.0400695624948428,1.1093199707227896,0.7463656067848206
20181002_sample_4,Pvalb,1.0759226169143354,1.0923489401194348,0.7382873296737671
20181002_sample_5,Pvalb,1.0805801599657865,1.112449076796923,0.7478479743003845
20181002_sample_6,Pvalb,1.2025970968157051,1.1034545079749345,0.7435809969902039
20181002_sample_7,IT,1.0766605216297238,0.983759188411489,0.6849936246871948
20181002_sample_8,Pvalb,1.0575868957548915,1.1042698584922177,0.7439685463905334
20181002_sample_9,Sst,1.2832310135824283,1.1226825854955425,0.7526806592941284
20181002_sample_10,Pvalb,1.0583556651310078,1.1161610657155496,0.7496036291122437
20181003_sample_1,low quality,1.1744505376232004,1.1460178013085833,0.7636139392852783
20181003_sample_2,Sst,1.0480625647272668,1.1979781880673095,0.7875379323959351
20181003_sample_3,Sst,1.4112905447229085,1.1326128997028104,0.7573479413986206
20181003_sample_4,Sst,1.1541716894884733,1.1751872416599016,0.777114748954773
20181003_sample_5,Sst,1.1613715275108971,1.1506672102210138,0.765778124332428
20181003_sample_6,Sst,1.0148580757661718,1.2076303672231794,0.7919197082519531
20181003_sample_7,Sst,1.0388580193614398,1.1253633747655738,0.7539427876472473
20181003_sample_8,Sst,1.112848958408321,1.1123581704501238,0.7478049397468567
20181003_sample_9,Sst,1.0813339454934467,1.116559935938345,0.7497920989990234
20181003_sample_10,Sst,1.1888871784480666,1.1185496063912217,0.7507317066192627
20181004_sample_1,low quality,1.340586365706402,1.1122187967095416,0.7477389574050903
20181004_sample_3,Sst,1.094167590446313,1.2175966763615895,0.7964240312576294
20181004_sample_5,Sst,1.1833224168484588,1.1665577028692238,0.7731395959854126
20181004_sample_6,Sst,1.3339213370753729,1.129636071235175,0.7559511065483093
20181004_sample_8,Sst,1.104683924955541,1.1494452681724088,0.7652097940444946
20181009_sample_2,Sst,1.355885562370587,1.1512695300181,0.7660581469535828
20181009_sample_3,Sst,1.2494825530563387,1.1737504025273178,0.776453971862793
20181009_sample_4,Sst,1.1315169715993634,1.1691868453774394,0.7743523716926575
20181009_sample_5,Sst,1.4341058964478968,1.1169798274235077,0.7499904632568359
20181009_sample_6,IT,1.1061279068922083,1.072244153343525,0.7286321520805359
20181009_sample_7,Sst,1.4392067924505278,1.2239527420636116,0.7992861270904541
20181010_sample_1,Sst,1.5201074412495392,1.1209175822755097,0.7518488168716431
20181010_sample_3,Sst,1.293894444364876,1.1276191221553695,0.7550035715103149
20181010_sample_4,Sst,1.4634450000305526,1.1371377268759741,0.7594674229621887
20181010_sample_5,IT,1.034245765439613,1.0135367628462895,0.6998927593231201
20181010_sample_6,Sst,1.0937754606582348,1.115241629601536,0.7491690516471863
20181010_sample_8,Sst,1.093637318581713,1.1431953481473898,0.7622978687286377
20181010_sample_10,Sst,1.182901027530554,1.2135296916950724,0.7945883870124817
20181011_sample_3,Sst,1.0702570927278632,1.1149996993223599,0.7490546703338623
20181011_sample_4,Sst,1.2374099931693787,1.1174701005980574,0.7502220273017883
20181011_sample_8,Sst,1.0909839971851223,1.155457476075079,0.768002986907959
20181011_sample_9,Sst,1.1115682239219986,1.1413185832021422,0.761421799659729
20181011_sample_10,Sst,1.1546143392702042,1.1443095688272202,0.7628176212310791
20181109_sample_1,Sst,1.19403997422097,1.135086820821956,0.7585073113441467
20181109_sample_2,Sst,1.4292607040068843,1.1631634183001907,0.771571695804596
20181109_sample_3,Sst,1.266754054791887,1.093801610665512,0.7389813661575317
20181109_sample_5,Sst,1.040872260809715,1.1177857779706526,0.7503710985183716
20181109_sample_7,Sst,1.1669152885905874,1.1892967264858412,0.7835803627967834
20181109_sample_8,Sst,1.0699096820234992,1.19398157556596,0.7857179641723633
20181109_sample_9,Sst,1.269312263611248,1.1261818950165934,0.7543278336524963
20181109_sample_10,Sst,1.1081258249899912,1.1601592674471273,0.7701819539070129
20181112_sample_1,low quality,1.2995318385963075,1.2421029304182096,0.8074142336845398
20181112_sample_4,Sst,1.331014334455922,1.1097873433137526,0.7465871572494507
20181112_sample_5,low quality,1.249933923003212,1.180940722059674,0.7797563076019287
20181112_sample_6,Sst,1.2151823734253238,1.1441965870476176,0.7627649307250977
20181112_sample_8,Sst,1.4069748611173938,1.1454682311242166,0.7633578181266785
20181112_sample_11,Sst,1.1682427638580914,1.1332724672111263,0.7576571702957153
20181114_sample_1,Pvalb,1.0631513505996204,1.1446747554048002,0.7629879117012024
20181114_sample_2,Pvalb,1.145032391430728,1.12228205545488,0.7524919509887695
20181114_sample_4,Pvalb,1.0597074281943597,1.099501496657717,0.7416999340057373
20181116_sample_2,Pvalb,1.0769530968787735,1.076702536463005,0.7307813167572021
20181116_sample_3,Pvalb,1.034117894844119,1.0832744264409468,0.7339408993721008
20181116_sample_4,Pvalb,1.0769530968787735,1.0818047387624519,0.7332351803779602
20181116_sample_5,Pvalb,1.2006403673122004,1.0757271228433476,0.7303115129470825
20181116_sample_7,low quality,1.0245877154612713,1.096121934590497,0.740088939666748
20181116_sample_10,low quality,1.0350308675373954,1.0900214563953146,0.7371743321418762
20181116_sample_12,Pvalb,1.0725083939662463,1.07841872770491,0.7316073775291443
20181121_sample_1,Sst,1.5613661358441562,1.1170091018106159,0.7500042915344238
20181121_sample_2,Sst,1.0314826356921143,1.1467744099400285,0.76396644115448
20181121_sample_3,Pvalb,1.050733822277412,1.1261050978317273,0.7542917132377625
20181121_sample_4,low quality,1.3757359667622282,1.081757710990729,0.7332125902175903
20181121_sample_5,Sst,1.2171613885479264,1.141773003231976,0.7616339921951294
20181121_sample_6,Sst,1.0476081236735009,1.1445553631012844,0.7629322409629822
20181121_sample_7,Sst,1.169100744522252,1.2510344440896322,0.8113898634910583
20181126_sample_2,Sst,1.148741207679243,1.1032220743466232,0.7434704899787903
20181126_sample_6,Sst,1.2464429629464573,1.1432708464160157,0.7623330950737
20181127_sample_1,Sst,1.4378755604326912,1.1253576741044153,0.7539401054382324
20181127_sample_3,Sst,1.2874235384482031,1.1735190106454765,0.7763475179672241
20181127_sample_4,Sst,1.214271773336806,1.2005617756594167,0.7887126803398132
20181127_sample_5,Sst,1.151886001253514,1.1135571391189312,0.7483723759651184
20181127_sample_7,Sst,1.141428092360864,1.1387446345428704,0.7602190375328064
20181129_sample_1,Sst,1.1414600083818578,1.2814838934432393,0.8248260617256165
20181129_sample_2,low quality,1.2538579406582455,1.1101082896982624,0.7467392683029175
20181129_sample_3,Sst,1.0348383345136951,1.1576316026554014,0.7690111398696899
20181129_sample_4,Sst,1.5914184338118331,1.2333034942369479,0.8034818768501282
20181129_sample_5,Sst,1.217142526969993,1.1266703697598515,0.7545575499534607
20181129_sample_6,Sst,1.4570103451250858,1.1310099639150593,0.756596028804779
20181203_sample_2,Sst,1.131770400906839,1.1723536158339736,0.7758111953735352
20181203_sample_3,Sst,1.2350069114493312,1.1516605255713366,0.7662398815155029
20181203_sample_4,Sst,1.0575476844221252,1.211022864589577,0.7934552431106567
20181203_sample_5,Sst,1.302335234514895,1.1442906529107533,0.7628087997436523
20181203_sample_6,Pvalb,1.0744619127338697,1.1347517686600528,0.7583503723144531
20181203_sample_7,Sst,1.4692479441261757,1.1223493533876632,0.75252366065979
20181203_sample_8,Sst,1.5640910044742142,1.177101995859263,0.7779946327209473
20181203_sample_9,Sst,1.5938701480145494,1.2326293672014677,0.8031799793243408
20181203_sample_10,low quality,1.2514420548000067,1.1271580692069172,0.7547868490219116
20181205_sample_1,Sst,1.3634094243749082,1.1235137429751032,0.7530721426010132
20181205_sample_2,Sst,1.2592892213405316,1.1369209314365458,0.759365975856781
20181207_sample_1,Pvalb,1.1088601418333006,1.1147730487447627,0.7489475011825562
20181207_sample_2,Pvalb,1.0607435993778491,1.146912608732324,0.7640308141708374
20181207_sample_3,Pvalb,1.0314384685934932,1.1044472158660399,0.7440528273582458
20181207_sample_4,Pvalb,1.107544836240704,1.1022377131579773,0.7430023550987244
20181207_sample_5,Pvalb,1.0628794125426744,1.112029832188022,0.7476494908332825
20181207_sample_6,low quality,1.1228525927425497,1.1451213210817588,0.7631961107254028
20181207_sample_7,Pvalb,1.0635359142133816,1.1222016043357164,0.7524540424346924
20181208_sample_1,low quality,1.043718479572224,1.146122436389688,0.7636626958847046
20181208_sample_2,Sst,1.1008471972763123,1.1004512740546615,0.742152214050293
20181208_sample_3,Sst,1.2698020739670102,1.0955489195536698,0.7398155331611633
20181208_sample_4,Sst,1.1823304539847586,1.1383273086439385,0.7600238919258118
20181208_sample_5,Sst,1.293350036454001,1.1194015051765298,0.7511337399482727
20181208_sample_6,Sst,1.099820663088904,1.1528733329292864,0.7668033838272095
20181208_sample_7,Sst,1.3479361506666143,1.145750864255574,0.7634895443916321
20181208_sample_8,Sst,1.147343781597384,1.1971681733190016,0.787169337272644
20181208_sample_9,Sst,1.0904780200712394,1.1369022080678564,0.759357213973999
20181208_sample_10,Sst,1.1832462728790394,1.216803611652741,0.7960663437843323
20181211_sample_1,CT,1.1701582218677655,1.1006885351094724,0.7422651648521423
20181211_sample_2,Pvalb,1.0415134223975029,1.1159018782157015,0.7494811415672302
20181211_sample_4,Pvalb,1.079523843696498,1.1102223682171835,0.7467933297157288
20181211_sample_5,low quality,1.0889722213383135,1.1433688320601423,0.7623788118362427
20181211_sample_6,Pvalb,1.063803524057352,1.1212120268318577,0.751987636089325
20181211_sample_7,Pvalb,1.049898813654128,1.1185679164028708,0.7507403492927551
20181211_sample_8,Pvalb,1.2960476557743346,1.125402139666955,0.7539610266685486
20181211_sample_9,Pvalb,1.0519941581138186,1.092342829156308,0.7382844090461731
20181213_sample_1,Sst,1.2329207150239456,1.1680898079973339,0.7738465070724487
20181213_sample_2,Sst,1.2811516124000448,1.1165646037452077,0.7497943043708801
20181213_sample_3,Sst,1.1056353375301218,1.1799558484772608,0.7793046236038208
20181213_sample_4,Sst,1.2360562307945824,1.1343511239711657,0.7581626772880554
20181213_sample_5,IT,1.1905125828950809,1.107650999793272,0.7455740571022034
20181213_sample_6,Sst,1.1653468214957114,1.126605216409882,0.7545269131660461
20181213_sample_7,Sst,1.219188013258965,1.1605581888963628,0.7703666090965271
20181214_sample_1,low quality,1.0844201766906971,1.1365585933341207,0.759196400642395
20181214_sample_2,Sst,1.0301954083277125,1.1968697324938984,0.7870334982872009
20190108_sample_1,Pvalb,1.1101844969981942,1.0802721060786267,0.7324987053871155
20190108_sample_2,Vip,1.1591619542965856,1.1188518049669622,0.7508743405342102
20190108_sample_3,IT,1.0450937268785196,1.1132486419481415,0.7482264041900635
20190108_sample_5,Vip,1.028529682609198,1.1269052679589533,0.7546679973602295
20190108_sample_6,Lamp5,1.0476965454295026,1.0746318449436474,0.7297837138175964
20190109_sample_2,Sst,1.1104584062850853,1.183368544064177,0.7808688879013062
20190110_sample_1,Sst,1.0587785684586677,1.171294837667275,0.7753236889839172
20190110_sample_3,Sst,1.130082539815484,1.1265376567756968,0.7544951438903809
20190110_sample_4,Sst,1.1302199142524834,1.1969850968697215,0.787086009979248
20190110_sample_6,IT,1.016762893852566,1.0762119260764864,0.7305450439453125
20190110_sample_7,IT,1.016945252930402,1.0468247687403058,0.7162896990776062
20190117_sample_1,Vip,1.3638807763036636,1.1270196206694572,0.7547217607498169
20190117_sample_2,IT,1.036030193727628,1.096313724120167,0.7401804327964783
20190117_sample_3,Sst,1.1307098022228983,1.1301902198393192,0.7562112808227539
20190117_sample_4,IT,1.048890063493144,1.1001023799649976,0.741986095905304
20190117_sample_5,Sst,1.2894814758025324,1.1751435496231355,0.7770946621894836
20190122_sample_1,Pvalb,1.0560743077640815,1.0998730703162074,0.7418769001960754
20190122_sample_2,IT,1.0133128637883817,1.0677958347353864,0.7264832258224487
20190122_sample_3,Pvalb,1.0617658770372365,1.1096947910437458,0.746543288230896
20190122_sample_5,Pvalb,1.0672221667637638,1.116303096271889,0.7496707439422607
20190122_sample_6,IT,1.065884782417801,1.0665394339285783,0.7258754372596741
20190122_sample_9,Pvalb,1.0571484352124023,1.1616948363537125,0.7708925604820251
20190122_sample_10,Pvalb,1.0204826780766834,1.102068811321345,0.7429220080375671
20190122_sample_11,low quality,1.058983538432021,1.0902093239179258,0.7372642159461975
20190122_sample_12,Pvalb,1.0354775046154772,1.0902353625926222,0.7372766733169556
20190122_sample_13,Pvalb,1.2000468931691246,1.1158753936896904,0.7494686245918274
20190122_sample_14,Pvalb,1.0566002111152788,1.121637014373885,0.752187967300415
20190122_sample_16,Pvalb,1.0832408601394108,1.0901272232349455,0.7372249364852905
20190122_sample_17,Pvalb,1.1250315284834054,1.1201982677578,0.7515096068382263
20190123_sample_5,Pvalb,1.1803642930664575,1.0902693753213557,0.7372929453849792
20190123_sample_7,Pvalb,1.045705488310203,1.1016494972607715,0.7427225112915039
20190123_sample_8,Pvalb,1.0529243807620066,1.0508681860062241,0.7182632088661194
20190124_sample_4,Pvalb,1.047178544258516,1.1093055123665716,0.7463587522506714
20190128_sample_2,Pvalb,1.050743486305706,1.1115350291946606,0.7474151849746704
20190128_sample_3,low quality,1.1514313426109823,1.0676241542837133,0.7264001965522766
20190128_sample_4,Pvalb,1.0638523839855694,1.1139327123729843,0.7485500574111938
20190128_sample_6,Lamp5,1.250237163517345,1.1152488160726228,0.7491724491119385
20190128_sample_7,Pvalb,1.0690135581691422,1.1343064711868227,0.7581417560577393
20190128_sample_11,Pvalb,1.065227088492457,1.1009080410987675,0.7423696517944336
20190128_sample_12,Pvalb,1.1205405421196553,1.0841638178874944,0.7343677282333374
20190130_sample_2,low quality,1.0244415183985114,1.0827528416779586,0.7336905002593994
20190130_sample_3,Lamp5,1.088269169933144,1.105039853428314,0.7443343997001648
20190130_sample_6,Pvalb,1.0571058384637764,1.0826185246429751,0.7336260080337524
20190130_sample_8,CT,1.0686914802955223,1.0884624838571766,0.7364281415939331
20190130_sample_9,Sst,1.0282003038813146,1.1186289088245707,0.7507691383361816
20190130_sample_10,Sst,1.2655282852637904,1.1394670531846842,0.7605567574501038
20190130_sample_15,Pvalb,1.0632576481925125,1.1382253476831803,0.7599762082099915
20190130_sample_17,Sst,1.244505571558674,1.1258197306200486,0.7541574835777283
20190130_sample_18,Sst,1.0389614776234408,1.100780316626377,0.7423088550567627
20190131_sample_1,Sst,1.062384177679719,1.1608099671036476,0.770483136177063
20190131_sample_3,Pvalb,1.0371417831112335,1.1064516148987922,0.7450048327445984
20190131_sample_4,Sst,1.1494404742317292,1.1877054300825676,0.7828532457351685
20190131_sample_5,Sst,1.069877427029141,1.1089062494460873,0.7461694478988647
20190131_sample_6,Sst,1.056013667994831,1.126363380575072,0.7544131875038147
20190131_sample_10,Sst,1.1316779391701763,1.110155957921339,0.7467618584632874
20190201_sample_2,Pvalb,1.032200612214168,1.076461301078354,0.7306651473045349
20190201_sample_3,Pvalb,1.0729471538658777,1.1170957917018778,0.7500452399253845
20190201_sample_4,Pvalb,1.1230915207171177,1.09769200104843,0.7408376932144165
20190201_sample_7,Pvalb,1.0372169752770246,1.1025463574273022,0.7431491613388062
20190201_sample_8,Pvalb,1.0574082485706482,1.1192780880982298,0.7510755062103271
20190201_sample_10,Pvalb,1.0610491783837472,1.1069243798841684,0.7452292442321777
20190204_sample_1,Sst,1.670415018127437,1.1287997259338292,0.7555583119392395
20190204_sample_2,CT,1.0989590625597403,1.0982555968115717,0.7411063313484192
20190204_sample_4,Sst,1.14826191518017,1.1147740571473739,0.7489479780197144
20190204_sample_5,Sst,1.2184359817291135,1.1351851959119694,0.7585533857345581
20190204_sample_6,Sst,1.2058552825019344,1.1388572015629415,0.7602716684341431
20190204_sample_7,Pvalb,1.102181467743226,1.0953690648658045,0.7397297024726868
20190204_sample_8,Pvalb,1.0788693883818974,1.1193239423250867,0.7510971426963806
20190204_sample_9,Pvalb,1.0506053941368751,1.081736865247049,0.7332025766372681
20190204_sample_10,Pvalb,1.0492140680189053,1.0958032404430023,0.739936888217926
20190204_sample_11,Sst,1.1431553311020326,1.1153805723696595,0.7492347359657288
20190204_sample_14,Sst,1.1034040446858382,1.1191939614354802,0.7510358095169067
20190204_sample_15,Sst,1.1288893037882404,1.1199853388257563,0.7514091730117798
20190204_sample_16,Sst,1.314955207524809,1.1225875697943055,0.7526358962059021
20190204_sample_17,Sst,1.2894388244104087,1.1328728629283473,0.7574698328971863
20190204_sample_18,Sst,1.143819101032803,1.1327501868466334,0.757412314414978
20190204_sample_19,low quality,1.373288272892936,1.1130303655215452,0.7481231093406677
20190204_sample_20,low quality,1.0363593086513123,1.1299269019295033,0.7560876607894897
20190204_sample_21,Pvalb,1.0437262510419556,1.1267672161709334,0.7546030879020691
20190204_sample_22,IT,1.1923438332355791,1.1409701747330803,0.7612590789794922
20190204_sample_24,CT,1.1090871729465,1.0926684810555536,0.7384400367736816
20190205_sample_1,Pvalb,1.1565343380931656,1.1189355391517277,0.7509138584136963
20190205_sample_2,Sst,1.0517084738253168,1.1460474772436315,0.7636277675628662
20190205_sample_3,low quality,1.303715677652994,1.0938014858652145,0.738981306552887
20190205_sample_4,Sst,1.1089096575769228,1.1406671182380745,0.7611175179481506
20190205_sample_5,Sst,1.097209224752946,1.1249834908141503,0.7537640333175659
20190205_sample_6,Sst,1.2123374746095354,1.158963073665938,0.7696280479431152
20190205_sample_7,Pvalb,1.109864354548133,1.1094638053327135,0.7464337944984436
20190211_sample_1,Pvalb,1.0808206200988124,1.1114734858741324,0.7473860383033752
20190211_sample_2,IT,1.0792275108847602,1.0826367723823098,0.7336347699165344
20190211_sample_3,Pvalb,1.091847315459417,1.113850813824033,0.7485113143920898
20190211_sample_4,IT,1.067192863958739,1.1017760218216102,0.742782711982727
20190211_sample_6,Pvalb,1.1225947394674207,1.0952906330720553,0.7396922707557678
20190211_sample_8,Pvalb,1.0790589505187047,1.1020755771577324,0.742925226688385
20190211_sample_9,Pvalb,1.0306046771766602,1.0977198834113386,0.7408509850502014
20190211_sample_11,Pvalb,1.1345369333501996,1.0958053640774084,0.7399379014968872
20190211_sample_12,low quality,1.0612125893085975,1.1494852410236505,0.7652283906936646
20190212_sample_1,Sst,1.2824563315351205,1.1321433936273113,0.7571277618408203
20190212_sample_4,Sst,1.34496276461374,1.1308645331625058,0.7565277814865112
20190212_sample_5,Sst,1.15294576184909,1.1487476566478558,0.7648851871490479
20190212_sample_6,Sst,1.1387017526435017,1.1185174064097634,0.750716507434845
20190212_sample_7,Sst,1.074968783287035,1.1902890839290166,0.7840335369110107
20190212_sample_8,Sst,1.063839312470879,1.1413801029670005,0.7614505290985107
20190213_sample_1,Pvalb,1.1553724284177065,1.1199728291263336,0.751403272151947
20190213_sample_4,Pvalb,1.0643508884293384,1.128086744061936,0.7552233338356018
20190213_sample_7,Pvalb,1.0801508321519524,1.0901262265848577,0.7372244596481323
20190213_sample_8,Pvalb,1.0880813019685731,1.0954511216522878,0.7397688627243042
20190214_sample_1,Pvalb,1.024975884737453,1.1012967719735016,0.7425546646118164
20190214_sample_2,Pvalb,1.02659274869322,1.0906042994355147,0.7374531626701355
20190214_sample_3,Pvalb,1.0520673436293522,1.114963771442873,0.7490376830101013
20190214_sample_6,Pvalb,1.1959865101285807,1.123080660215802,0.7528681755065918
20190214_sample_9,Pvalb,1.045719530926026,1.0988279758734356,0.7413790822029114
20190218_sample_3,Sst,1.1618549907148985,1.125283060193733,0.7539049983024597
20190218_sample_4,Sst,1.2694094334858772,1.1611362277207458,0.770634114742279
20190218_sample_5,Sst,1.2495621684059046,1.176199924031143,0.777580201625824
20190219_sample_1,Vip,1.0304474025944717,1.104853413038267,0.7442458271980286
20190219_sample_3,Sncg,1.1010159618296185,1.1184830603023126,0.7507002949714661
20190219_sample_4,Vip,1.038114981215672,1.1099288203228794,0.746654212474823
20190219_sample_7,Vip,1.206756902607439,1.105096692174833,0.744361400604248
20190219_sample_8,IT,1.0444869061523008,1.0589955670282958,0.7222182750701904
20190221_sample_1,Sst,1.0514996806455186,1.1387787992183513,0.7602350115776062
20190221_sample_2,Sst,1.0685034116004215,1.1630099915828018,0.7715007662773132
20190221_sample_4,Sst,1.0896258578380549,1.1257274886659856,0.7541140913963318
20190221_sample_10,Sst,1.2108996087320936,1.1156082968589445,0.7493423819541931
20190221_sample_11,Pvalb,1.0823427253881488,1.0663197007890222,0.7257691025733948
20190222_sample_2,CT,1.140862253145633,1.092351184967515,0.738288402557373
20190222_sample_3,IT,1.091382478531315,1.0570209988526722,0.721258819103241
20190222_sample_4,CT,1.1492368258614774,1.1027689402432381,0.7432550191879272
20190222_sample_5,CT,1.1398838592578695,1.0959526496191847,0.7400081753730774
20190222_sample_7,Vip,1.1550490482782434,1.1150361320760194,0.7490718960762024
20190222_sample_8,IT,1.0803376009245318,1.0773030854793508,0.7310704588890076
20190226_sample_1,Pvalb,1.0617342154200111,1.1248781132338102,0.7537144422531128
20190226_sample_2,Lamp5,1.0249309093846095,1.0904000740693178,0.7373554706573486
20190226_sample_3,CT,1.1301054148848704,1.1281832744244082,0.7552686929702759
20190226_sample_5,IT,1.0511938044456182,1.0713770098501354,0.7282136082649231
20190226_sample_6,IT,1.108924838010397,1.084617167291679,0.7345852255821228
20190226_sample_7,Lamp5,1.0856263895531315,1.0645004103997169,0.724888265132904
20190226_sample_9,Pvalb,1.1249924413134331,1.1048332142297463,0.7442362308502197
20190227_sample_1,Sst,1.4950840960662073,1.1340570179762088,0.7580248713493347
20190227_sample_2,Sst,1.1665283602998424,1.1270414269840503,0.7547320127487183
20190227_sample_3,Sst,1.076101471789525,1.1788176509201198,0.7787823677062988
20190227_sample_4,Sst,1.0736460032205566,1.1435484627483616,0.7624626159667969
20190227_sample_5,Sst,1.228769839602687,1.1500640338328152,0.765497624874115
20190227_sample_6,Sst,1.0463183375359404,1.1036914813175722,0.7436936497688293
20190227_sample_7,Pvalb,1.0271903294059035,1.1261404546069247,0.7543083429336548
20190318_sample_3,Sst,1.1078632929077463,1.1166500138125186,0.7498346567153931
20190318_sample_4,Sst,1.1116938658631317,1.1092491885847857,0.746332049369812
20190318_sample_5,Sst,1.3916457938783284,1.1649710624613767,0.7724069952964783
20190318_sample_6,Sst,1.2507070790600885,1.160634813940602,0.7704020738601685
20190320_sample_4,IT,1.0778242110174876,1.0977935296408452,0.7408860921859741
20190320_sample_5,CT,1.1606456853746496,1.0792468054500697,0.7320057153701782
20190320_sample_6,CT,1.08861407785579,1.098966591135305,0.7414451241493225
20190320_sample_9,IT,1.0757308822415237,1.180948001746856,0.7797596454620361
20190321_sample_2,low quality,1.045970618567832,1.1077212257793319,0.7456073760986328
20190321_sample_4,IT,1.0460591814660307,1.1087627042374173,0.7461013793945312
20190321_sample_6,CT,1.1013350508943258,1.044053702237209,0.7149349451065063
20190322_sample_1,IT,1.073106063584791,1.0556368525389401,0.7205857038497925
20190322_sample_2,IT,1.0259571256704394,1.0768133235177164,0.7308346629142761
20190322_sample_3,CT,1.0763172095190767,1.0622078381235174,0.723777174949646
20190322_sample_4,CT,1.0888563149059585,1.088008920472836,0.7362109422683716
20190325_sample_1,Lamp5,1.0618552237145256,1.0803022368096522,0.7325131893157959
20190325_sample_2,low quality,1.057895078154211,1.1042884213641928,0.7439773678779602
20190325_sample_3,IT,1.0638736880643052,1.0739770571480134,0.729468047618866
20190325_sample_4,CT,1.0771677046651935,1.09088880279822,0.7375892400741577
20190325_sample_5,CT,1.0569414847856355,1.0924216494787675,0.7383220791816711
20190325_sample_6,CT,1.084372858007208,1.0924792700108237,0.7383496165275574
20190325_sample_7,IT,1.0159895493174884,1.0559830162320654,0.720754086971283
20190325_sample_9,CT,1.0859909524447666,1.1416471345462944,0.7615752220153809
20190326_sample_1,CT,1.1063816724149949,1.1018857661238055,0.7428349256515503
20190326_sample_2,Vip,1.114849211213284,1.1123324857091679,0.7477927803993225
20190326_sample_3,Vip,1.0799380946674406,1.0923393371853918,0.7382827401161194
20190326_sample_4,CT,1.167357399238831,1.0990711841613297,0.7414949536323547
20190327_sample_1,CT,1.005117139607489,1.182668508994468,0.7805482149124146
20190327_sample_2,IT,1.086312948494967,1.0833967402711446,0.7339996099472046
20190327_sample_4,CT,1.0842042911964471,1.0657127232168364,0.7254753112792969
20190327_sample_7,Vip,1.3307796739874926,1.1390985458426255,0.7603845000267029
20190328_sample_1,CT,1.1507007201315724,1.0872767554740228,0.7358602285385132
20190328_sample_2,CT,1.0321829121312234,1.0909863877692194,0.7376359105110168
20190328_sample_3,CT,1.1238082756583534,1.1009417265918637,0.7423856854438782
20190328_sample_4,CT,1.111259425852354,1.0945922450105292,0.7393589019775391
20190328_sample_5,CT,1.088776210718183,1.0425120952324887,0.7141804695129395
20190328_sample_6,CT,1.0198829527483249,1.0894824899340279,0.7369164228439331
20190328_sample_8,IT,1.0841774762955885,1.1026833383201937,0.7432143092155457
20190328_sample_9,CT,1.0846592584085502,1.1252981347794746,0.753912091255188
20190329_sample_3,CT,1.1043570158576177,1.1418936449696004,0.7616903185844421
20190329_sample_4,CT,1.0674161175166406,1.0998325181587272,0.7418575882911682
20190329_sample_5,CT,1.0476852110151946,1.0903263136187982,0.7373201847076416
20190402_sample_2,CT,1.1487330906531057,1.092876171408966,0.7385392785072327
20190402_sample_3,IT,1.0721085759157472,1.1155308728259614,0.749305784702301
20190402_sample_5,low quality,1.1116889305294968,1.0624288550302314,0.7238843441009521
20190402_sample_6,Vip,1.029558756381968,1.1000121301118246,0.7419431209564209
20190403_sample_3,low quality,1.130156531456268,1.1036487238359405,0.7436733245849609
20190403_sample_5,IT,1.089824570268235,1.0908593911075752,0.7375751733779907
20190403_sample_6,Sst,1.1906345955910251,1.1524696721236376,0.7666158676147461
20190403_sample_7,Sst,1.3540883824373413,1.1612093951733662,0.7706679701805115
20190408_sample_1,Pvalb,1.0366557397755265,1.123742722769459,0.7531799674034119
20190408_sample_2,Sst,1.1281747344430606,1.1231252046880313,0.7528891563415527
20190408_sample_5,Sst,1.1541221573021878,1.1030919528187486,0.7434086203575134
20190408_sample_6,Sst,1.1310665618861568,1.1347202130953078,0.7583355903625488
20190409_sample_2,low quality,1.2805207538103327,1.0602827481592116,0.7228432297706604
20190409_sample_3,low quality,1.1176284560950775,1.089135168762766,0.7367501854896545
20190409_sample_4,Sst,1.103387259379872,1.206937286136102,0.7916057109832764
20190409_sample_5,CT,1.06568158007772,1.0878633131649436,0.7361412048339844
20190409_sample_7,Sst,1.1768861269665811,1.109195129226649,0.7463064193725586
20190409_sample_8,CT,1.105608110098511,1.1070209550239882,0.74527508020401
20190409_sample_9,IT,1.0924335366146456,1.0547226480473533,0.7201408743858337
20190409_sample_10,CT,1.1020204665768922,1.102502370030845,0.74312824010849
20190409_sample_11,IT,1.0782687412859246,1.0706015561322033,0.7278391718864441
20190410_sample_3,CT,1.1581590386365388,1.1050636928923165,0.7443457245826721
20190410_sample_4,Sst,1.3425725409354756,1.1166097684622023,0.7498156428337097
20190410_sample_6,IT,1.0170208001821983,1.0829448978092744,0.7337827086448669
20190410_sample_7,CT,1.0788918855355254,1.143698720177397,0.7625327110290527
20190410_sample_10,CT,1.0461757797461972,1.0689579178797666,0.7270450592041016
20190411_sample_1,CT,1.2157517721730822,1.1016746762940175,0.7427344918251038
20190411_sample_3,low quality,1.0678353748807938,1.1131342738763879,0.7481722831726074
20190411_sample_5,CT,1.0859828585713682,1.0859376477836378,0.7352184653282166
20190411_sample_6,Pvalb,1.0058442291050271,1.0758595106512037,0.7303752899169922
20190411_sample_8,CT,1.103694984580886,1.112345202135018,0.7477988004684448
20190412_sample_1,Pvalb,1.0856108061708962,1.120495140278223,0.7516496181488037
20190412_sample_3,IT,1.0562239524119112,1.1471974798647933,0.7641634941101074
20190412_sample_6,Pvalb,1.061194422354515,1.107458424256825,0.7454826831817627
20190415_sample_1,Pvalb,1.0824343831697143,1.120528128679671,0.7516651749610901
20190415_sample_3,CT,1.1429225643630907,1.096711977706207,0.7403703927993774
20190415_sample_4,IT,1.0460656275462858,1.0500583752771417,0.7178682684898376
20190415_sample_6,CT,1.1592150811290105,1.1067061288400852,0.7451256513595581
20190415_sample_8,Sst,1.0954966004270177,1.1013924628966825,0.7426002025604248
20190415_sample_10,IT,1.054234362968134,1.096695481233116,0.7403625249862671
20190416_sample_3,CT,1.0763751491422018,1.1518508554474398,0.7663283348083496
20190416_sample_4,Pvalb,1.088279656331796,1.0962743652286768,0.740161657333374
20190416_sample_5,Sst,1.0462207848991345,1.1538839715952414,0.7672727108001709
20190416_sample_6,IT,1.062965859832432,1.0871783483847137,0.7358130812644958
20190416_sample_7,Sncg,1.086060154608749,1.1270396520431094,0.7547311782836914
20190416_sample_8,Pvalb,1.0745729251239051,1.0745506034293153,0.729744553565979
20190416_sample_9,IT,1.052171800334983,1.0956973112928048,0.7398863434791565
20190416_sample_10,CT,1.1480159278987472,1.1284335634178677,0.7553862929344177
20190417_sample_2,CT,1.1131628106519418,1.151748377903287,0.7662807106971741
20190417_sample_3,CT,1.361111928441352,1.0393012097088947,0.712607204914093
20190417_sample_4,Sst,1.2871673815186415,1.1809545014880873,0.7797626256942749
20190417_sample_5,Sst,1.5046509598836424,1.1048362252199653,0.7442376613616943
20190417_sample_9,CT,1.1126628871195745,1.0696377666463293,0.7273736000061035
20190417_sample_10,Sst,1.1724557106544455,1.1432108052752161,0.7623050808906555
20190418_sample_2,Sst,1.285234370208467,1.1005993869158737,0.7422227263450623
20190418_sample_4,CT,1.1058683109671192,1.0849542925735483,0.7347469329833984
20190418_sample_5,IT,1.090895843437318,1.0447329238805476,0.7152671813964844
20190418_sample_7,CT,1.1310563977764965,1.069621236469141,0.7273656129837036
20190418_sample_8,Pvalb,1.0114957718992583,1.1081103377248147,0.7457919716835022
20190418_sample_9,CT,1.0025333573103072,1.1369488257390572,0.7593790292739868
20190418_sample_10,CT,1.1516093643454932,1.0942895118799916,0.7392143607139587
20190422_sample_1,Pvalb,1.0160154007513875,1.1116898393427201,0.7474884986877441
20190422_sample_4,Pvalb,1.0592561370796103,1.100714704328401,0.7422776222229004
20190422_sample_5,Pvalb,1.1390578885727054,1.0858255037198745,0.7351647019386292
20190422_sample_6,CT,1.087097807620813,1.1043281815801635,0.743996262550354
20190422_sample_7,IT,1.046487000941407,1.0384185698747117,0.7121742963790894
20190422_sample_8,Pvalb,1.1803685269149735,1.1218442914887166,0.7522856593132019
20190422_sample_10,CT,1.097323347315088,1.1162912390046429,0.7496651411056519
20190423_sample_1,IT,1.1041182896380688,1.1001781127235732,0.7420221567153931
20190423_sample_3,CT,1.1141324621795834,1.1161949957722561,0.7496196627616882
20190423_sample_5,CT,1.0803772583784512,1.1201197911644758,0.7514725923538208
20190423_sample_7,CT,1.0467056050550332,1.0787569569317979,0.7317700982093811
20190423_sample_8,Pvalb,1.0741836724999108,1.1296766912070444,0.7559701800346375
20190423_sample_10,Pvalb,1.0768295725992374,1.1246302685409333,0.7535977959632874
20190424_sample_1,CT,1.1509883857464118,1.098022862304118,0.7409954071044922
20190424_sample_2,Pvalb,1.0467278905379784,1.1160756753780428,0.7495632767677307
20190424_sample_3,CT,1.0604885846646268,1.116212528616975,0.749627947807312
20190424_sample_4,CT,1.056983836197137,1.0730131792235993,0.7290031909942627
20190424_sample_5,CT,1.077804798597925,1.1045762922631164,0.7441141605377197
20190424_sample_6,IT,1.054841644836088,1.0971118069224006,0.7405610680580139
20190424_sample_7,Lamp5,1.0014052255794768,1.0917051422730906,0.7379795908927917
20190425_sample_1,IT,1.0690292488271516,1.100086232341608,0.7419784069061279
20190425_sample_4,Lamp5,1.0165238535136891,1.0782566945210517,0.7315294146537781
20190425_sample_6,Sst,1.1323509221876291,1.1412847608478807,0.7614060044288635
20190425_sample_7,IT,1.0592777037140977,1.086966869708374,0.7357117533683777
20190425_sample_8,CT,1.0294837286383574,1.1150550420571543,0.7490808367729187
20190425_sample_9,CT,1.0876324443431629,1.1098980089661812,0.746639609336853
20190425_sample_12,CT,1.0084227049555692,1.1067370191562853,0.7451403141021729
20190425_sample_13,CT,1.0074707211651357,1.1253059888076895,0.7539157867431641
20190425_sample_14,CT,1.0945474452588673,1.0849286925009582,0.7347346544265747
20190425_sample_16,IT,1.028780339509607,1.098245466507887,0.7411015033721924
20190429_sample_1,Pvalb,1.107696447847848,1.1119395732897857,0.7476067543029785
20190429_sample_4,Pvalb,1.0616524864402623,1.112066213783075,0.7476667165756226
20190429_sample_5,Pvalb,1.0705120282950795,1.1165131322818789,0.7497699856758118
20190429_sample_6,Pvalb,1.1259275350242777,1.0878039530993084,0.7361127734184265
20190429_sample_7,CT,1.090111219680131,1.0234855151720168,0.7048215270042419
20190430_sample_1,Vip,1.1076905386567777,1.10942382235027,0.746414840221405
20190430_sample_3,Vip,1.1706292426171772,1.117374434780878,0.7501768469810486
20190430_sample_4,Vip,1.0979965280812465,1.125196668411732,0.7538643479347229
20190430_sample_5,Vip,1.077536694555565,1.1052545438068435,0.7444363832473755
20190430_sample_6,Vip,1.0816399580415332,1.1278584373715044,0.7551160454750061
20190430_sample_7,IT,1.0242099572346677,1.0864383911199578,0.735458493232727
20190430_sample_8,Vip,1.0413251214843988,1.084214378419284,0.734391987323761
20190430_sample_9,IT,1.0098495355586936,1.0921735999829085,0.7382035255432129
20190430_sample_10,IT,1.049122793378622,1.0874396163362758,0.7359382510185242
20190501_sample_1,Vip,1.2479375184987114,1.1203591475362769,0.7515854835510254
20190501_sample_3,Vip,1.545594906412224,1.0624030398205475,0.7238718271255493
20190501_sample_4,Vip,1.1073549398192906,1.1201358400865724,0.7514801621437073
20190501_sample_5,CT,1.0653205494532234,1.0790812378653485,0.7319260835647583
20190501_sample_6,Vip,1.1242063706251555,1.0944500486183921,0.7392910122871399
20190501_sample_7,Pvalb,1.042732287759551,1.128931945617963,0.7556204199790955
20190501_sample_8,Vip,1.1274674489758438,1.1083803836772512,0.7459200620651245
20190501_sample_9,Pvalb,1.0835844092831015,1.1226331160710792,0.7526573538780212
20190501_sample_11,Pvalb,0.996879681348712,1.1043166422602968,0.7439907789230347
20190501_sample_12,IT,1.0781744403420268,1.0729743813654211,0.7289844751358032
20190501_sample_14,Pvalb,1.2297927014789651,1.11991925306691,0.7513779997825623
20190503_sample_1,Vip,1.0549333709289084,1.147729186832216,0.7644110918045044
20190503_sample_3,Vip,1.046755438827858,1.093003415320505,0.7386000752449036
20190506_sample_1,Vip,1.166419175233293,1.0998753232368077,0.7418779730796814
20190506_sample_2,Vip,1.0597230987811042,1.0998287633689443,0.741855800151825
20190506_sample_3,Vip,1.2089837670206374,1.0890504954101894,0.7367096543312073
20190506_sample_4,CT,1.155461432865014,1.1006986772082628,0.7422699928283691
20190506_sample_5,Vip,1.1032273197666371,1.1035008974802003,0.7436030507087708
20190506_sample_6,CT,1.1498032739149062,1.1781681497509888,0.7784842252731323
20190506_sample_7,Vip,1.2832575003687248,1.1185148809417194,0.7507153153419495
20190507_sample_2,Vip,1.3749402956408856,1.1443918805687234,0.7628560066223145
20190507_sample_3,CT,1.081659834690978,1.1119491402984667,0.7476112842559814
20190507_sample_4,Vip,1.1543990629918244,1.1275522911825,0.7549721598625183
20190507_sample_5,Vip,1.101182799724472,1.1206331641347074,0.7517147064208984
20190507_sample_6,Vip,1.09758996293694,1.128616256176203,0.7554721236228943
20190508_sample_1,Lamp5,1.0780260307610363,1.0824547986794233,0.7335473895072937
20190508_sample_2,Sst,1.2286561828713425,1.1216753319243322,0.752206027507782
20190508_sample_3,Lamp5,1.0404311622712998,1.075989060913089,0.730437695980072
20190508_sample_4,Sst,1.1111694094987348,1.1462314260304602,0.7637134790420532
20190508_sample_5,low quality,1.021649047388566,1.1095217694296722,0.7464612722396851
20190508_sample_6,Pvalb,1.0897860306295932,1.0906687236568149,0.7374839782714844
20190508_sample_7,Sst,1.0766556754986327,1.200086883140549,0.7884968519210815
20190509_sample_2,Vip,1.0816015099040643,1.1119233346505764,0.7475990653038025
20190509_sample_3,Lamp5,1.1166290196246276,1.086963759887718,0.7357102632522583
20190509_sample_4,Vip,1.0032291595684242,1.0978575501956473,0.7409166097640991
20190509_sample_5,Lamp5,1.0775113281978017,1.0395996412714164,0.7127535343170166
20190509_sample_9,Vip,1.0481139480522292,1.0855165792517973,0.7350165843963623
20190513_sample_1,Lamp5,1.505111449932491,1.1077670812189946,0.7456291317939758
20190513_sample_2,Vip,1.0158798162146971,1.0870653912255928,0.7357589602470398
20190513_sample_3,Vip,1.065408245659582,1.1321163245557813,0.7571150660514832
20190513_sample_4,Vip,1.0832030493804097,1.084508697362013,0.7345331907272339
20190513_sample_5,Lamp5,1.088392196359284,1.1011155473107734,0.7424684166908264
20190514_sample_2,Pvalb,1.0667126428421276,1.0772668074407719,0.7310529947280884
20190514_sample_4,Lamp5,0.9997275036032351,1.0811402443332183,0.7329159379005432
20190514_sample_7,Lamp5,1.1769022857497746,1.099271251608447,0.7415902614593506
20190514_sample_8,Pvalb,1.0472944415894954,1.0984091832095642,0.7411795258522034
20190515_sample_1,Lamp5,1.1221340732760088,1.0818164028069306,0.7332407832145691
20190515_sample_2,low quality,1.0296462846124346,1.095165123332122,0.7396323680877686
20190515_sample_3,low quality,1.0650710015373377,1.117794109158394,0.7503750324249268
20190515_sample_4,Vip,1.044854720362048,1.1014002285816111,0.7426038980484009
20190515_sample_5,Lamp5,1.0880666184445638,1.115020626017647,0.749064564704895
20190515_sample_6,Vip,1.305191427121584,1.098098395015837,0.7410314083099365
20190515_sample_7,Lamp5,1.2683593946697524,1.1367189315094548,0.7592714428901672
20190515_sample_8,Vip,1.013688475063737,1.1318002899824366,0.7569668292999268
20190515_sample_9,Lamp5,1.239022412386012,1.0884977125785438,0.7364450097084045
20190515_sample_10,Vip,1.0185162128234435,1.1358567619567772,0.7588678598403931
20190515_sample_11,Lamp5,1.0390858866578965,1.0830048646635826,0.7338114976882935
20190515_sample_12,Vip,1.026767487837586,1.1087165757588993,0.7460795044898987
20190515_sample_13,Vip,1.1309267073267324,1.10746759412146,0.7454870343208313
20190515_sample_14,Vip,1.0109420299224758,1.0896732983095994,0.737007737159729
20190515_sample_15,Lamp5,1.082877215796336,1.1090921688398832,0.7462576031684875
20190516_sample_2,Sst,1.0989052806442183,1.1530017863327922,0.7668630480766296
20190516_sample_3,Lamp5,1.077089007279157,1.0860864779851571,0.7352898120880127
20190516_sample_4,Sst,1.0718673655152358,1.1544638204364122,0.7675418853759766
20190516_sample_5,Lamp5,1.045077180542586,1.0996640598641274,0.7417773604393005
20190516_sample_6,Sst,1.1391828819841774,1.1446323154091698,0.762968122959137
20190522_sample_1,Lamp5,1.0792982275813918,1.1062594000355102,0.7449135780334473
20190528_sample_2,Vip,1.0228845955015984,1.0964545475392726,0.7402476072311401
20190528_sample_4,Vip,1.2496744330360507,1.1134044595129908,0.7483001351356506
20190528_sample_6,Vip,1.0443248848972129,1.0800869914526805,0.7324097156524658
20190528_sample_7,Lamp5,1.070022421186038,1.089975862447587,0.7371525168418884
20190528_sample_8,Vip,1.0663145265954956,1.0977667716285366,0.7408733367919922
20190528_sample_9,Vip,1.006056147137969,1.0799192494256107,0.7323290705680847
20190529_sample_2,Vip,1.0674504637433415,1.0737303289681734,0.7293490767478943
20190529_sample_3,Sncg,1.1166143606662051,1.0990761887429872,0.7414973378181458
20190529_sample_6,Vip,1.1690673210174558,1.1217954739450495,0.7522626519203186
20190603_sample_1,Lamp5,1.190384934935306,1.1083782473008488,0.7459190487861633
20190603_sample_2,Vip,1.087234642314433,1.0596016757246938,0.7225126028060913
20190603_sample_3,Vip,1.1334047128009546,1.086703546512815,0.7355855703353882
20190603_sample_4,Vip,1.034859057482323,1.091226443744676,0.7377507090568542
20190603_sample_5,Lamp5,1.1577026805604516,1.086271877824571,0.7353786826133728
20190603_sample_6,Lamp5,1.0119694650540627,1.0996138754219658,0.7417534589767456
20190603_sample_7,Lamp5,1.1393425695977233,1.0937333460135845,0.7389487624168396
20190603_sample_9,Sncg,1.2890474738248832,1.0979857222163474,0.7409777045249939
20190603_sample_10,Vip,1.0168532055137345,1.0865326592051874,0.7355036735534668
20190604_sample_2,Pvalb,1.056202222668258,1.1398297569878357,0.760726273059845
20190604_sample_4,Lamp5,1.097593368989473,1.0844329084355528,0.7344968318939209
20190604_sample_6,Lamp5,1.09102245510305,1.0578734236745806,0.7216731309890747
20190604_sample_8,Pvalb,1.1872176431867307,1.1113152937910848,0.7473111152648926
20190604_sample_12,IT,1.1074254231752254,1.0289425842408664,0.707514762878418
20190605_sample_1,low quality,1.1722293240822148,1.0987017538740278,0.741318941116333
20190605_sample_2,Vip,1.1452538209279532,1.1148181752323194,0.7489688396453857
20190605_sample_4,Vip,1.0261322595618156,1.0985584029110966,0.7412506341934204
20190605_sample_5,Lamp5,1.054851349057736,1.0637294991736619,0.7245147824287415
20190605_sample_6,Vip,1.2439099776167932,1.1807114243508294,0.7796511650085449
20190606_sample_1,Pvalb,1.01426163916139,1.1121272708094578,0.7476956248283386
20190606_sample_2,Pvalb,1.0193458421510264,1.0874105020026559,0.7359243035316467
20190606_sample_3,Pvalb,1.0328708574032186,1.081803373825348,0.7332345247268677
20190606_sample_5,Pvalb,1.0253434924575038,1.0929537643248506,0.738576352596283
20190606_sample_6,IT,1.00932127549142,1.0841190970634516,0.7343462705612183
20190606_sample_7,low quality,1.019131725383163,1.0998689399680515,0.7418749332427979
20190606_sample_9,Sst,1.0938909554131746,1.1435353029479554,0.762456476688385
20190607_sample_2,Sst,1.3019057187626002,1.146944344525807,0.7640455961227417
20190607_sample_3,Lamp5,1.16335662987817,1.0605154718905714,0.7229561805725098
20190607_sample_5,low quality,1.069103869990032,1.138617414170809,0.7601595520973206
20190610_sample_1,Sst,1.0559309782493624,1.15395085938958,0.7673037648200989
20190610_sample_2,Pvalb,1.0076390604107712,1.0971909318985993,0.7405987977981567
20190610_sample_3,Lamp5,1.0828583967190015,1.055828491360101,0.7206789255142212
20190610_sample_4,Pvalb,1.0013193111944911,1.121208613114192,0.751986026763916
20190610_sample_5,low quality,1.0089268357805334,1.0983900468319259,0.7411704063415527
20190610_sample_7,low quality,1.188446825527548,1.0942450730913333,0.7391931414604187
20190610_sample_8,Pvalb,1.0122560169222354,1.108286636490694,0.7458755970001221
20190610_sample_9,Lamp5,1.1323737764855817,1.0843736458997937,0.734468400478363
20190610_sample_10,Pvalb,1.0215084769560072,1.1126728338740282,0.7479538917541504
20190610_sample_12,Pvalb,1.034016173702753,1.1087454844966136,0.746093213558197
20190610_sample_16,Lamp5,1.0733248856039814,1.0951714923020213,0.7396354079246521
20190610_sample_18,Vip,1.00782946840562,1.13430112818119,0.7581392526626587
20190611_sample_1,IT,1.0956473704235552,1.0640664452160378,0.7246780395507812
20190611_sample_3,Lamp5,1.1105202896424813,1.1215118232412196,0.7521289587020874
20190611_sample_4,Sst,1.1536989211316382,1.1255849523091102,0.7540470361709595
20190611_sample_5,low quality,1.242869041323854,1.1116978948155407,0.7474923133850098
20190611_sample_7,Lamp5,1.111185742185615,1.0539431454729173,0.7197614312171936
20190611_sample_8,Sst,1.1731661538906175,1.1346550675984761,0.7583050727844238
20190611_sample_10,Sst,1.3947702338833652,1.1200061884888353,0.7514190077781677
20190611_sample_11,IT,1.055465845667604,1.125312322722553,0.7539187669754028
20190611_sample_14,Sncg,1.1781507339109696,1.1707729525311015,0.7750833034515381
20190611_sample_15,Lamp5,1.143254194530017,1.0633734221306195,0.7243422269821167
20190612_sample_1,Lamp5,1.1165278497368438,1.0740817648009828,0.7295185327529907
20190612_sample_2,Pvalb,1.0283428621577924,1.109746096691897,0.7465676069259644
20190612_sample_4,Vip,1.0168594610748016,1.0796100841225365,0.7321804165840149
20190612_sample_6,Pvalb,1.0329405473084408,1.0742549705272135,0.729602038860321
20190612_sample_7,Lamp5,1.0661272818042276,1.08551732509078,0.735016942024231
20190612_sample_8,Lamp5,1.0966716805311074,1.0923581689547217,0.7382917404174805
20190613_sample_2,Sst,1.067051934272407,1.1124717410383325,0.7478587031364441
20190613_sample_3,Sst,1.0277168356985962,1.1387248753714432,0.7602097988128662
20190613_sample_4,Sst,1.252793286607598,1.1662654857677386,0.7730047106742859
20190613_sample_6,Pvalb,1.0960860239011427,1.1287810737218784,0.7555495500564575
20190613_sample_7,Sst,1.0223608171865617,1.1783626421841191,0.7785735130310059
20190613_sample_8,Pvalb,1.1733158667905532,1.1070430586693847,0.7452855706214905
20190613_sample_9,Sst,1.0388516980997888,1.1085971743021412,0.7460228800773621
20190613_sample_10,Sst,1.0079575503363487,1.2377322315738508,0.8054629564285278
20190614_sample_2,Vip,1.1278066908639766,1.0984776003137602,0.7412121295928955
20190614_sample_3,Lamp5,1.223073488708428,1.1177106725304,0.7503356337547302
20190614_sample_4,Vip,1.0492866360302089,1.1032643216990867,0.7434905767440796
20190614_sample_6,Vip,1.0298823544012474,1.1418106631506881,0.7616515755653381
20190614_sample_8,Vip,1.0334052098718869,1.1453002035527684,0.7632794976234436
20190617_sample_1,Lamp5,1.0605042418486803,1.0691207060259267,0.7271237373352051
20190617_sample_2,CT,1.082618783582581,1.1695932532644855,0.7745397090911865
20190617_sample_3,Sst,1.1814783504812116,1.1618587360180377,0.7709683775901794
20190617_sample_4,Sst,1.09835120860473,1.168487738208976,0.7740300297737122
20190617_sample_5,Sncg,1.3147511378921055,1.1224939499611906,0.7525917887687683
20190617_sample_6,Sst,1.1024849454307435,1.178040661464154,0.7784256935119629
20190618_sample_1,low quality,1.096515366278089,1.0585204279509366,0.7219874858856201
20190618_sample_2,Vip,1.0213044050121505,1.133800471581799,0.7579046487808228
20190618_sample_4,Vip,1.004027308604648,1.1397708325669946,0.7606987357139587
20190618_sample_5,Vip,1.01724308704234,1.1286014118043135,0.7554651498794556
20190618_sample_7,Lamp5,1.0403896528066126,1.069534516881869,0.7273237109184265
20190618_sample_8,Lamp5,1.3838401074482831,1.0926078618115,0.7384110689163208
20190619_sample_1,Lamp5,1.077512197768066,1.0619390358025451,0.7236468195915222
20190619_sample_3,Pvalb,1.0277534859506785,1.092568447771835,0.7383922338485718
20190619_sample_4,Pvalb,1.0325437737417476,1.1379683001915888,0.7598559856414795
20190619_sample_5,Pvalb,1.0354606008345566,1.1320689227372325,0.7570928335189819
20190619_sample_6,Lamp5,1.0518507771550845,1.0741652132917763,0.7295587658882141
20190620_sample_1,Lamp5,1.0449106466256095,1.1083225766083784,0.7458926439285278
20190620_sample_2,Sst,1.113633708637681,1.121704797706086,0.7522199153900146
20190620_sample_5,Sst,0.9948441490644322,1.1655981699550522,0.7726966142654419
20190620_sample_6,Sst,1.016063313007188,1.1092786075153245,0.7463459968566895
20190620_sample_8,Pvalb,1.164494246709577,1.1191415418554445,0.751011073589325
20190624_sample_1,Sst,1.1483939399520882,1.2013366960634893,0.7890647649765015
20190624_sample_2,Sst,1.0396956045092345,1.127134486676437,0.7547757625579834
20190624_sample_3,Sst,1.1420007280212203,1.1623579849846937,0.7711992859840393
20190624_sample_4,Pvalb,1.033450212535976,1.0989077911246377,0.7414171099662781
20190624_sample_5,Sst,1.1353494837078342,1.1336023274571683,0.7578117847442627
20190624_sample_6,Sst,1.0382668395569976,1.1446145471061961,0.7629598379135132
20190625_sample_1,Vip,1.0317427375803168,1.125278119806543,0.7539026737213135
20190625_sample_2,low quality,1.146531175698167,1.1105456451474303,0.7469465136528015
20190625_sample_3,Vip,1.0040984230308987,1.1155255768230106,0.7493032813072205
20190625_sample_4,Vip,1.1298898449127004,1.1326978133009875,0.7573877573013306
20190625_sample_5,Vip,1.0021233628798356,1.133120524850029,0.7575859427452087
20190625_sample_6,Lamp5,1.0941627326757484,1.1075542701553722,0.7455281615257263
20190625_sample_7,Vip,1.2797720926206404,1.1243666249328144,0.753473699092865
20190625_sample_8,Vip,1.005758158350676,1.0664443447470189,0.7258294224739075
20190625_sample_10,Vip,1.1367535603506855,1.1335608695894805,0.7577923536300659
20190625_sample_11,Vip,1.0086324338979078,1.1182415168273026,0.7505862712860107
20190625_sample_12,Vip,1.02499622842046,1.091050948401328,0.7376667857170105
20190625_sample_13,Vip,1.1087456027884115,1.0831228169298124,0.7338681221008301
20190626_sample_1,Vip,1.0403893834477425,1.0755076498843072,0.730205774307251
20190626_sample_4,low quality,1.080731574863586,1.091590319434806,0.7379246950149536
20190626_sample_5,Vip,1.2678549295493589,1.1389822688124553,0.7603301405906677
20190627_sample_1,CT,1.0063075894500355,1.157240422120341,0.7688298225402832
20190627_sample_2,Lamp5,1.1086594041954243,1.0978137859332215,0.7408957481384277
20190627_sample_4,NP,1.0661803713989138,1.122702829070708,0.7526901960372925
20190627_sample_6,Pvalb,1.098868801230873,1.0468740574401025,0.7163137793540955
20190627_sample_8,IT,1.0535127855309048,1.0862174125810795,0.7353525757789612
20190628_sample_1,Sst,1.1595830861350984,1.1815871489881973,0.780052661895752
20190628_sample_2,Pvalb,1.0391452645343986,1.1230925555231726,0.7528737783432007
20190628_sample_3,Sst,1.4120190565752713,1.1207998917430848,0.7517933249473572
20190628_sample_4,Sst,1.1604079328599923,1.1595830345837843,0.7699151635169983
20190628_sample_5,Sst,1.0459350402383307,1.11341466300411,0.7483049631118774
20190628_sample_6,Pvalb,1.1479418491583218,1.1309864656976114,0.7565850019454956
20190628_sample_7,Sst,1.3215036752896794,1.1424379577305508,0.7619444131851196
20190703_sample_1,Pvalb,1.1189831157363932,1.1545769579475726,0.7675943970680237
20190703_sample_2,Pvalb,1.1275282762530845,1.1197788750501219,0.7513117790222168
20190703_sample_3,Pvalb,1.0527437206936336,1.1216647091677483,0.7522010207176208
20190703_sample_5,Pvalb,1.0685982770780458,1.1018302668621134,0.7428085207939148
20190703_sample_6,Pvalb,1.1633361034455092,1.0804422326380492,0.7325804829597473
20190703_sample_8,Pvalb,1.0770050739931818,1.1225208968683043,0.7526044845581055
20190703_sample_10,Pvalb,1.178944755650832,1.1344112985742025,0.7581908702850342
20190703_sample_12,Pvalb,1.1624048183225164,1.1247258822557864,0.7536427974700928
20190703_sample_13,Sst,1.018624063815571,1.158603173883804,0.7694613337516785
20190703_sample_14,low quality,1.0132764110882613,1.0939944360093456,0.7390734553337097
20190703_sample_15,Sst,1.0854943340988532,1.195664334271944,0.7864846587181091
20190704_sample_2,Sst,1.096362289925449,1.1148064523371037,0.7489632964134216
20190704_sample_12,Vip,1.0553922342201587,1.1151604367823453,0.7491306662559509
20190704_sample_14,Vip,1.0225462218662706,1.1176119665739654,0.7502890229225159
20190705_sample_1,Vip,1.0257006556930457,1.081862811460967,0.7332630753517151
20190705_sample_3,Vip,1.012307292656339,1.1104002272954274,0.7468776106834412
20190705_sample_4,Vip,1.1989735824752927,1.10025422376787,0.7420583963394165
20190705_sample_5,Vip,1.0949818543195529,1.117753589598675,0.7503558993339539
20190705_sample_9,Vip,1.1261634910358005,1.115999621597612,0.7495273351669312
20190708_sample_3,low quality,1.0227866788588411,1.1340163144570334,0.7580057978630066
20190708_sample_4,Pvalb,1.112108628756029,1.1282168898360327,0.7552844882011414
20190708_sample_6,Vip,1.064796410424098,1.0865893713452055,0.7355308532714844
20190708_sample_7,Vip,1.0184397814606114,1.112728997221289,0.7479804754257202
20190708_sample_8,IT,1.0721478488112195,1.0712872536915712,0.7281702756881714
20190708_sample_12,Vip,1.0305793729675383,1.0896152568423327,0.7369799613952637
20190709_sample_1,Vip,1.0054947074899914,1.1060050655917923,0.7447928190231323
20190709_sample_2,Vip,1.0146346803016792,1.1301434956746172,0.7561893463134766
20190709_sample_3,Vip,1.0759664407102918,1.11130610718461,0.747306764125824
20190709_sample_8,Sncg,1.1628784107038548,1.1037667165329514,0.7437294125556946
20190709_sample_10,Vip,1.0090240231582577,1.09698906286722,0.7405025362968445
20190709_sample_11,Vip,1.0045761969695866,1.1264129369359148,0.7544364929199219
20190709_sample_12,Vip,1.0340933015773417,1.125036308226053,0.7537888884544373
20190709_sample_13,Vip,1.0202071872097471,1.1126695598236065,0.7479523420333862
20190709_sample_14,Vip,1.070268512799801,1.0909511170689483,0.7376190423965454
20190710_sample_3,Sst,1.235414419042778,1.1248382180377208,0.7536956667900085
20190710_sample_4,Sst,1.1266303383483218,1.1338176415474617,0.7579126954078674
20190710_sample_5,Sst,1.148091292698595,1.1440755600034949,0.7627084851264954
20190710_sample_6,Sst,1.0534269921919668,1.1704426497141398,0.7749311327934265
20190710_sample_8,Vip,1.084095835958597,1.1213838577185777,0.7520686388015747
20190710_sample_10,Vip,1.1400781961148514,1.133687280451089,0.7578516006469727
20190712_sample_1,CT,1.09447176837968,1.0991667737334994,0.7415404915809631
20190712_sample_3,Sst,1.1369853312701526,1.1447674360255988,0.7630311250686646
20190712_sample_4,low quality,1.1048614852516214,1.1334293797190398,0.7577307224273682
20190712_sample_5,Lamp5,1.067634927530159,1.0980913918685904,0.7410280704498291
20190712_sample_6,Lamp5,1.0341486550723948,1.0879719576560978,0.7361932396888733
20190712_sample_7,Lamp5,1.0559971762798686,1.0133861482195532,0.699817955493927
20190715_sample_1,Lamp5,1.0177139256325287,1.051600052801555,0.7186200022697449
20190715_sample_4,Lamp5,1.155841872704055,1.0649430824195196,0.7251026630401611
20190715_sample_5,Vip,1.0208021252249837,1.1294334906933343,0.7558559775352478
20190715_sample_6,Lamp5,1.0914480846138166,1.0855240376536268,0.7350201606750488
20190715_sample_7,Vip,1.0316064303060957,1.1412353684072651,0.7613829374313354
20190715_sample_8,Lamp5,1.0440314320303836,1.1073529108772282,0.7454326152801514
20190715_sample_9,Vip,1.0579617886896928,1.107883294677673,0.7456842660903931
20190715_sample_10,Sncg,1.1165684017582904,1.1089132886918756,0.7461727857589722
20190715_sample_11,Lamp5,1.0885321853927543,1.1046309859135166,0.7441401481628418
20190716_sample_1,low quality,1.1384601653931383,1.0843614705769804,0.734462559223175
20190716_sample_3,Sst,1.0557322936889662,1.140980000861668,0.7612636685371399
20190716_sample_5,Sst,1.1322134948482314,1.137484619847507,0.7596297264099121
20190716_sample_7,Vip,1.0468213957701469,1.1208127855537469,0.7517994046211243
20190716_sample_8,Lamp5,1.0634246370505889,1.0773453074755972,0.731090784072876
20190716_sample_9,Vip,1.004982591239484,1.143291158586962,0.7623425722122192
20190717_sample_1,Sst,1.1911679799030028,1.1619677516380245,0.7710188031196594
20190717_sample_2,Sst,1.0692070083720673,1.1337347182502282,0.7578738331794739
20190717_sample_3,Sst,1.4676635761508516,1.1552473007691961,0.7679054737091064
20190718_sample_1,Vip,1.0141848976666996,1.087627749512033,0.7360283732414246
20190718_sample_2,CT,1.0799716057257385,1.1016962227709368,0.7427447438240051
20190718_sample_3,CT,1.323258041830384,1.1288572062270479,0.7555853128433228
20190718_sample_4,Vip,1.013298875315604,1.1165770933331112,0.7498002052307129
20190718_sample_5,Vip,1.0260313327027106,1.1619962306192828,0.7710319757461548
20190718_sample_6,Vip,1.0523692367834878,1.142213346518617,0.7618395686149597
20190718_sample_7,Vip,1.049533774331507,1.10035950691338,0.7421085238456726
20190718_sample_8,Vip,1.0203604157390145,1.1245270612143103,0.7535492181777954
20190718_sample_9,Vip,1.060055884402488,1.0749224608778625,0.7299237847328186
20190719_sample_1,CT,1.1086247006814252,1.12763548147994,0.755011260509491
20190719_sample_2,IT,1.106932029333862,1.0724895929308862,0.7287505865097046
20190719_sample_4,IT,1.072226761467949,1.0829340965096874,0.7337775230407715
20190719_sample_5,IT,1.0902535045294175,1.0936429954908644,0.7389056086540222
20190719_sample_6,IT,1.0756967894397806,1.0665228053233826,0.7258673906326294
20190719_sample_9,IT,1.0941072583610556,1.0399203671224744,0.7129107713699341
20190719_sample_10,IT,1.015316914531059,1.075187018601998,0.7300512790679932
20190722_sample_1,CT,1.0352260835541147,1.1311308885693783,0.7566527724266052
20190722_sample_6,CT,1.0501454208797738,1.0886478458766229,0.7365168929100037
20190722_sample_7,low quality,1.0169095944529056,1.1460341741875182,0.7636215686798096
20190722_sample_8,low quality,1.0393056807806058,1.125766640325171,0.7541325092315674
20190724_sample_1,Vip,1.0290331618636237,1.1183021210701654,0.7506148815155029
20190724_sample_2,CT,1.073551454562944,1.1084332911011345,0.745945155620575
20190724_sample_4,Vip,1.007372442358068,1.1514010935641144,0.7661193013191223
20190724_sample_5,Vip,1.0742741038089312,1.138591282666546,0.7601473331451416
20190724_sample_6,IT,1.020337833467598,1.1200830181081634,0.7514552474021912
20190724_sample_9,Vip,1.0576319743992944,1.1197447611845746,0.7512956857681274
20190724_sample_10,Vip,1.0331326817993582,1.1040387142817651,0.7438586950302124
20190724_sample_12,Vip,1.0196505491624728,1.1211360413051565,0.7519518136978149
20190724_sample_16,low quality,1.0926214094746722,1.0930701590925982,0.7386319637298584
20190725_sample_1,Vip,1.090542181399326,1.1090542042513412,0.7462396025657654
20190725_sample_3,Vip,1.0886033720107504,1.107707280898243,0.7456007599830627
20190725_sample_4,Sst,1.15078847307807,1.1610429685728147,0.7705909609794617
20190725_sample_5,CT,1.013325249966541,1.0881571516748971,0.7362819314002991
20190725_sample_6,Vip,1.0116500992799802,1.0928041947004643,0.7385048866271973
20190725_sample_7,Vip,1.0844932784126349,1.1103569560974218,0.7468571066856384
20190725_sample_8,Vip,1.0522862250514582,1.071209476397065,0.7281327247619629
20190725_sample_9,Vip,1.0935199734857954,1.0740136485958693,0.7294856905937195
20190725_sample_10,low quality,1.014303354157152,1.115733391837574,0.7494015097618103
20190726_sample_1,Lamp5,1.0645312765187926,1.0842982345850922,0.7344322204589844
20190726_sample_2,Pvalb,1.0709903952213131,1.0969031962972946,0.7404615879058838
20190726_sample_3,Lamp5,1.1051640880952478,1.0935671240306535,0.7388693690299988
20190726_sample_4,IT,1.0865989922635113,1.0630298260700803,0.7241756916046143
20190726_sample_5,Lamp5,1.1196525737750371,1.0510926332582788,0.718372642993927
20190726_sample_6,Sst,1.2401177940290116,1.121610331603931,0.7521753907203674
20190726_sample_7,Lamp5,1.0549122703185063,1.0845192583328032,0.7345382571220398
20190729_sample_2,Sst,1.0561313916030357,1.1692812317671664,0.7743958830833435
20190729_sample_3,Sst,1.1005960252979337,1.120433967742561,0.7516207695007324
20190729_sample_5,Pvalb,1.074218814570873,1.1216698940780079,0.7522034645080566
20190730_sample_1,Vip,1.4874185815819534,1.0829673696580129,0.7337934970855713
20190730_sample_2,Vip,1.018021123214785,1.1180921600228828,0.7505157589912415
20190730_sample_5,Vip,1.0208924238193298,1.088963708785403,0.7366681098937988
20190730_sample_6,Vip,1.0881283801550388,1.0707526246263743,0.7279121279716492
20190730_sample_7,Vip,1.0074293832725674,1.0709177758348012,0.7279918789863586
20190730_sample_9,Lamp5,1.1176912052982866,1.1023230463228126,0.7430429458618164
20190731_sample_1,Pvalb,1.0256657066745525,1.1204242359109602,0.7516161799430847
20190731_sample_2,Lamp5,1.1688215001582505,1.0912377866350864,0.7377561330795288
20190731_sample_3,low quality,1.1150555870823242,1.0943722753958394,0.7392538785934448
20190731_sample_4,Vip,1.0430354714585242,1.1436058302006678,0.762489378452301
20190731_sample_5,Pvalb,1.0623451161016195,1.0674899502757813,0.7263352870941162
20190731_sample_6,low quality,1.0729757562382818,1.1415765440891508,0.7615422606468201
20190731_sample_8,Pvalb,1.0623451161016195,1.1048061155116036,0.7442233562469482
20190801_sample_1,IT,1.1174969974105198,1.0641854166696252,0.724735677242279
20190801_sample_2,Sst,1.062382337949329,1.1172014143141367,0.7500951290130615
20190801_sample_3,Sst,1.097855157134758,1.131428402586116,0.7567923665046692
20190801_sample_4,Sst,1.525540114121234,1.06029416881605,0.7228487730026245
20190801_sample_7,Sst,1.074214038437239,1.2057892082480082,0.7910853624343872
20190801_sample_8,low quality,1.2082527680203785,1.1050187745481976,0.7443243861198425
20190820_sample_1,Sst,1.2529784277067846,1.1347857423096561,0.7583662867546082
20190820_sample_2,CT,1.10105488988975,1.0903207069342349,0.7373175024986267
20190820_sample_3,Pvalb,1.091830835392335,1.0931954185706523,0.7386918067932129
20190820_sample_5,Sst,0.9998610839791354,1.0745830007294475,0.7297601699829102
20190820_sample_6,CT,1.1027741727622469,1.0820817154238966,0.7333682179450989
20190821_sample_1,IT,1.0941040848884245,1.0916713555282909,0.7379634380340576
20190821_sample_2,IT,1.0677152475784957,1.0647353334950205,0.7250020503997803
20190821_sample_3,CT,1.1016604473453988,1.0728615751576638,0.7289300560951233
20190821_sample_4,IT,1.0555976610514255,1.0539338412280717,0.7197569012641907
20190821_sample_5,IT,1.0717301404675603,1.0977037541068928,0.7408432960510254
20190821_sample_6,IT,1.04557848643644,1.0629423989829052,0.724133312702179
20190821_sample_7,IT,1.0564548310308897,1.0767412803140293,0.7307999730110168
20190823_sample_1,IT,1.0336251953385605,1.1105747047602055,0.7469602823257446
20190823_sample_3,Pvalb,1.0908391997066742,1.1293890677123288,0.7558351159095764
20190823_sample_5,low quality,1.0882391887454494,1.0986272001442452,0.7412834167480469
20190823_sample_6,IT,1.0344981037578267,1.094750807243793,0.7394345998764038
20190823_sample_7,IT,1.033802847123476,1.054647329754495,0.7201042175292969
20190827_sample_1,Sst,1.1414944067010788,1.133764478694752,0.7578877806663513
20190827_sample_2,low quality,1.0488641849974134,1.1077515028207543,0.7456217408180237
20190827_sample_3,Sst,1.002299491614295,1.1202981053033767,0.7515566945075989
20190827_sample_4,Sst,1.1550775829759168,1.1141220991692649,0.7486396431922913
20190827_sample_5,CT,1.095658154773918,1.0766103215782847,0.7307369112968445
20190827_sample_6,Sst,1.1310445815116108,1.1674844582985042,0.773567259311676
20190827_sample_7,Pvalb,1.090663491873526,1.1431075895431677,0.762256920337677
20190827_sample_8,Sst,1.114797566938127,1.103942777451703,0.7438130974769592
20190827_sample_9,Sst,1.1417996291964716,1.1145091158955562,0.7488226890563965
20190828_sample_1,Vip,1.0449738640357256,1.0639722079597558,0.7246323823928833
20190828_sample_3,Vip,1.0257260407964846,1.0977794003675174,0.7408793568611145
20190828_sample_4,Vip,1.0163646294375834,1.163023786649107,0.7715071439743042
20190828_sample_5,Vip,1.0092309942502402,1.1092719442173362,0.7463428378105164
20190828_sample_6,Vip,1.000199741086472,1.1435263594403924,0.7624523043632507
20190828_sample_7,Vip,1.1311370987620035,1.1060999666589253,0.7448378801345825
20190829_sample_1,low quality,1.075705302365367,1.1089161798174885,0.746174156665802
20190829_sample_2,Lamp5,0.999552134336053,1.0742377853013376,0.7295937538146973
20190829_sample_3,IT,1.095971473192535,1.1114033865674973,0.7473528385162354
20190829_sample_4,Lamp5,1.1182890954600573,1.077369576225466,0.731102466583252
20190829_sample_6,Lamp5,0.999552134336053,1.107602885665217,0.7455512285232544
20190829_sample_9,Pvalb,1.0308478890234027,1.1278623691127718,0.7551178932189941
20190830_sample_1,IT,1.0911897349237107,1.0403586199712467,0.7131255865097046
20190830_sample_2,IT,1.0968352440451272,1.0983946745673823,0.7411726117134094
20190830_sample_3,low quality,1.058246912605976,1.0761840820914708,0.730531632900238
20190830_sample_4,low quality,1.0787802150093828,1.098853996813093,0.7413914799690247
20190830_sample_6,IT,1.04279875400027,1.078610136386496,0.7316994667053223
20190830_sample_8,IT,1.0637634206184912,1.097834542583864,0.7409056425094604
20190830_sample_9,NP,1.3045962291004685,1.1177376849366445,0.7503483891487122
20190904_sample_1,low quality,1.0242637056733122,1.087021976498999,0.7357381582260132
20190904_sample_2,Vip,1.018058929073809,1.118208690253042,0.7505707740783691
20190904_sample_3,Vip,1.0845199854196768,1.0977711479156151,0.7408754229545593
20190904_sample_4,Vip,1.002386738516642,1.1103262642738871,0.7468425631523132
20190904_sample_5,Vip,1.029318294925596,1.1181258685420319,0.7505316734313965
20190904_sample_7,Vip,1.0288971782521878,1.1192124033310022,0.751044511795044
20190905_sample_1,low quality,1.2435114574648318,1.1724553913573688,0.7758580446243286
20190905_sample_3,Sst,1.018565144745739,1.2193418619695304,0.797210693359375
20190906_sample_1,Lamp5,1.0846445102744642,1.0809833325332439,0.7328405380249023
20190906_sample_5,CT,1.1581098126286098,1.067410097479268,0.7262966632843018
20190906_sample_6,Lamp5,1.0702630449045956,1.0878177662972446,0.7361193895339966
20190910_sample_1,Lamp5,1.1189008087151668,1.0817578350731616,0.7332126498222351
20190910_sample_2,Vip,1.032057400464766,1.0994509406898911,0.741675853729248
20190910_sample_3,Vip,1.0431199776784823,1.0786744387920424,0.7317304015159607
20190910_sample_4,Vip,1.0836541102647967,1.1207613371886584,0.7517751455307007
20190910_sample_6,Vip,1.0760928907517184,1.1274939584628547,0.7549447417259216
20190911_sample_3,NP,1.1797820288352403,1.1439855929001566,0.7626665234565735
20190911_sample_4,IT,1.0363690033022717,1.0991316152826787,0.7415237426757812
20190911_sample_6,low quality,1.1788517666481682,1.1550427977744284,0.767810583114624
20190911_sample_7,low quality,1.2672518159426682,1.1077638147711137,0.7456275820732117
20190911_sample_9,CT,1.1285833027893533,1.0937201176547453,0.7389424443244934
20190912_sample_1,CT,1.1240827102588424,1.0502452168898408,0.7179594039916992
20190912_sample_2,CT,1.0286950880760466,1.1425652776692234,0.7620038390159607
20190912_sample_3,CT,1.1341432898107409,1.0951286582301591,0.7396149635314941
20190912_sample_4,Lamp5,1.0668794948161693,1.1016962227709368,0.7427447438240051
20190912_sample_6,NP,1.1233288213880503,1.094544304147313,0.7393360137939453
20190912_sample_8,CT,1.1427429023532325,1.0917941623614966,0.7380221486091614
20190912_sample_10,Pvalb,1.0170891567506055,1.0587692732749736,0.7221083641052246
20190917_sample_1,CT,1.0488318617995165,1.1424101194741674,0.7619314193725586
20190917_sample_2,Lamp5,1.0500529059176564,1.04287382633082,0.7143575549125671
20190917_sample_3,IT,1.03892992657974,1.0938162123516706,0.7389883399009705
20190919_sample_1,low quality,1.3039538717694446,1.1078211039757957,0.7456547617912292
20190919_sample_4,Lamp5,1.0813843328229689,1.1131600943207771,0.7481845021247864
20190919_sample_5,CT,1.066908652813993,1.0944419341022864,0.7392871379852295
20190924_sample_1,Sst,1.1359509271511914,1.1803190484357249,0.779471218585968
20190924_sample_2,Sst,1.1933155536167943,1.161775496113586,0.7709298729896545
20190924_sample_3,IT,1.0404445095395267,1.0837679477235453,0.7341777682304382
20190924_sample_4,Sst,1.1955491480238394,1.1100643956377958,0.7467184662818909
20190924_sample_5,Sst,1.1680808490617731,1.13358655811195,0.7578043937683105
20190924_sample_6,Sst,1.1343234442459054,1.0935892113266432,0.738879919052124
20190924_sample_7,Pvalb,1.1490372459166704,1.1282494909499434,0.7552998065948486
20190924_sample_8,CT,1.0657495584637675,1.1278973746133638,0.7551343441009521
20190925_sample_2,Pvalb,1.0546072646545863,1.0770416006190067,0.7309445738792419
20190925_sample_3,Sst,1.03610354231051,1.1312243812405722,0.7566966414451599
20190925_sample_4,CT,1.0613789709212251,1.0988322292742077,0.7413811087608337
20190925_sample_5,Sst,1.1577499566692495,1.116029008555222,0.7495412230491638
20190925_sample_6,Pvalb,1.0763316810565382,1.069563011821945,0.7273374795913696
20190925_sample_7,Sst,1.2096233981759985,1.189966384635561,0.783886194229126
20190926_sample_2,ET,1.199782598756417,1.108481424186382,0.7459679841995239
20190926_sample_3,Sst,1.422972001060967,1.1164986246200581,0.7497631311416626
20190926_sample_4,ET,1.1600671191604277,1.1006239273333536,0.7422344088554382
20190926_sample_5,Pvalb,1.0374796331494252,1.0954336359184789,0.7397605180740356
20190926_sample_6,Sst,1.1718907069225406,1.1382532590128924,0.7599892616271973
20190927_sample_1,IT,1.0209146483755815,1.102542597784801,0.7431473731994629
20190927_sample_2,CT,1.1022498149867732,1.1107659295069006,0.7470508813858032
20190927_sample_3,Pvalb,1.013772914671062,1.1148832195733933,0.7489995956420898
20190927_sample_4,IT,1.00036972581263,1.0927293515284067,0.738469123840332
20190927_sample_5,Pvalb,1.0561611382165106,1.1200523111993113,0.7514407634735107
20190927_sample_6,Vip,1.0445703371377386,1.05787330101577,0.7216730713844299
20190927_sample_7,CT,1.0717948673631876,1.1049325791812308,0.7442834377288818
20191001_sample_1,Sst,1.0063065868640368,1.1804011828967067,0.7795088887214661
20191001_sample_2,low quality,1.224712467442535,1.1001734810549766,0.7420199513435364
20191001_sample_3,Sst,1.266226971289727,1.1369148176654662,0.7593631148338318
20191001_sample_4,Pvalb,1.041094880416947,1.1176507163177731,0.7503073215484619
20191001_sample_5,Sst,1.1963115836825935,1.1489542521036655,0.7649813294410706
20191001_sample_6,Sst,1.1815916744844874,1.132625738218522,0.7573539614677429
20191003_sample_2,low quality,1.0602777688110776,1.0815595607827921,0.733117401599884
20191003_sample_3,Sst,1.0546296344510893,1.1639076277912281,0.7719156742095947
20191003_sample_4,Sst,1.1405615794196775,1.1261348785889889,0.7543057203292847
20191003_sample_5,Sst,1.0447947965043916,1.1295469638859514,0.755909264087677
20191003_sample_6,CT,1.026556808186665,1.138244337543688,0.759985089302063
20191010_sample_1,IT,1.0731810808801094,1.0886515806733494,0.7365186810493469
20191010_sample_2,Sst,1.124895298495196,1.1103917994053119,0.7468736171722412
20191010_sample_3,IT,1.0960160176971592,1.0514837631648257,0.7185633182525635
20191010_sample_4,Pvalb,1.0589502039085894,1.1065734060907642,0.7450626492500305
20191010_sample_6,Pvalb,1.0699185636567812,1.100321949894474,0.74209064245224
20191010_sample_7,ET,1.353562535549915,1.1065049761522654,0.7450301647186279
20191028_sample_1,Sst,1.0707655766123405,1.1212186014146928,0.7519907355308533
20191028_sample_2,Sst,1.1190951566402283,1.1123611922048864,0.7478063702583313
20191028_sample_3,Pvalb,1.0156662805587044,1.066486715551707,0.7258499264717102
20191028_sample_4,low quality,1.2507777040337542,1.0947810228261299,0.7394490242004395
20191028_sample_5,low quality,1.015227543997797,1.127044089398239,0.7547332644462585
20191030_sample_2,Sst,1.0268300977382478,1.130957633103741,0.7565714716911316
20191030_sample_3,ET,1.1191572565970165,1.1401534876191304,0.7608775496482849
20191030_sample_4,NP,1.0959257124943371,1.121252991872363,0.7520069479942322
20191030_sample_5,Sst,1.335458726543516,1.0987030047981259,0.7413195371627808
20191101_sample_1,Lamp5,1.1032127675021723,1.0718866071772857,0.7284595966339111
20191101_sample_2,CT,1.075747211618015,1.072653523731829,0.7288296818733215
20191101_sample_3,Lamp5,1.0945011224506995,1.106079253759617,0.7448280453681946
20191101_sample_4,CT,1.0059722190303215,1.0891446324683323,0.7367547154426575
20191101_sample_5,CT,1.1406062596079272,1.1738813973165698,0.7765142321586609
20191101_sample_6,CT,1.1123212495766637,1.1085869940696866,0.7460180521011353
20191104_sample_1,Sst,1.370726718571296,1.149921531526505,0.7654313445091248
20191104_sample_2,Lamp5,1.101639239631687,1.081749769730428,0.7332087755203247
20191104_sample_3,low quality,1.142845577011088,1.0438358726952557,0.714828372001648
20191104_sample_4,Pvalb,1.0209714910676582,1.114770653790488,0.7489463686943054
20191105_sample_1,Pvalb,1.0532032311842463,1.0968442041268156,0.7404334545135498
20191105_sample_2,IT,1.0741977062642405,1.0810531661262706,0.7328740954399109
20191105_sample_3,Sst,1.1975632061945618,1.138258484462141,0.7599917054176331
20191105_sample_4,Pvalb,1.0565556156371698,1.1285679171916545,0.7554494142532349
20191105_sample_5,Sst,1.4666002489122627,1.2321526100993396,0.8029664158821106
20191106_sample_2,Lamp5,1.0082899873770104,1.0729102552873444,0.7289535403251648
20191106_sample_3,IT,1.099155163011603,1.0659724124268817,0.7256010174751282
20191106_sample_5,Lamp5,1.0862789779065398,1.0625499449690161,0.7239430546760559
20191107_sample_1,low quality,1.114286950804558,1.0667168140431762,0.7259612679481506
20191107_sample_2,Sst,1.158667229806219,1.129944929407961,0.7560961246490479
20191107_sample_3,Sst,1.20245115307242,1.175529936940193,0.7772722840309143
20191107_sample_4,Sst,1.0360969160965587,1.1323853784349605,0.7572412490844727
20191108_sample_1,CT,1.1214369029447522,1.1052355959667757,0.7444273829460144
20191108_sample_4,CT,1.1105171397525684,1.1062276379356306,0.7448984980583191
20191108_sample_5,IT,1.052184970374115,1.068375315277599,0.7267634272575378
20191114_sample_1,Lamp5,1.351331740433063,1.0818744758308185,0.733268678188324
20191114_sample_2,CT,1.075915677247517,1.0919190961015086,0.7380818724632263
20191114_sample_3,IT,1.0692102412663298,1.0599827636853976,0.7226976156234741
20191114_sample_4,Sst,1.1407560797557978,1.1090109606519063,0.7462190985679626
20191114_sample_5,low quality,1.0235837626204416,1.089971004134748,0.7371501922607422
20191114_sample_7,IT,1.0172376972242425,1.0939245425708934,0.7390400767326355
20191114_sample_8,IT,1.0818884671252398,1.0993256822620827,0.7416161894798279
20191114_sample_9,ET,1.0206085796892803,1.092817167789137,0.7385110855102539
20200106_sample_1,Lamp5,1.052100192279824,1.0886467254389072,0.7365163564682007
20200106_sample_4,IT,1.1189666214881722,1.056340636959776,0.7209280133247375
20200106_sample_5,IT,1.2523703692725623,1.0867469546153523,0.7356063723564148
20200106_sample_6,IT,1.049269721909336,1.044792278149255,0.71529620885849
20200225_sample_2,IT,1.1246985509708078,1.0848285321310136,0.7346866130828857
20200225_sample_5,Sncg,1.0168992132057113,1.0985816686320988,0.7412617206573486
20200316_sample_1,ET,1.1368658448726718,1.0775399607374032,0.7311844825744629
20200316_sample_2,low quality,1.1252335652963228,1.0895706681405755,0.7369586229324341
20200316_sample_3,Pvalb,0.9901520314141108,1.098394424419259,0.7411724925041199
