cell_id,RNA_family,y_true,y_pred,y_pred_train_space
20171204_sample_2,ET,3.432580283560539,2.4245567321777344,2.4245567321777344
20171204_sample_4,IT,3.8930141401785625,3.936065435409546,3.936065435409546
20171204_sample_5,IT,3.9712888428191473,3.766104221343994,3.766104221343994
20171204_sample_6,ET,3.527453474336504,3.3128256797790527,3.3128256797790527
20171207_sample_1,ET,2.6018830419594106,3.1040256023406982,3.1040256023406982
20171207_sample_2,ET,2.7545239993605453,3.0326225757598877,3.0326225757598877
20171207_sample_6,IT,2.987844589691221,3.238938093185425,3.238938093185425
20171207_sample_7,IT,3.00397737700264,4.094478607177734,4.094478607177734
20171219_sample_1,IT,5.495025565906529,4.647160530090332,4.647160530090332
20171219_sample_2,IT,4.924787458652385,4.09433126449585,4.09433126449585
20171219_sample_3,IT,4.657879655513652,4.396374702453613,4.396374702453613
20171219_sample_4,ET,3.639069762597472,2.0799975395202637,2.0799975395202637
20171219_sample_6,ET,3.574747912472713,3.371967315673828,3.371967315673828
20171219_sample_7,IT,4.050946876520922,4.631559371948242,4.631559371948242
20171219_sample_8,ET,3.950514040456032,2.460754871368408,2.460754871368408
20180102_sample_1,ET,3.723063290001654,3.0703251361846924,3.0703251361846924
20180102_sample_2,IT,4.410931045299684,4.23665714263916,4.23665714263916
20180102_sample_3,ET,3.958119058628923,3.466250419616699,3.466250419616699
20180102_sample_4,ET,3.870729001044387,3.1795058250427246,3.1795058250427246
20180102_sample_5,IT,5.2691509153226574,2.932981014251709,2.932981014251709
20180103_sample_1,ET,3.762875211651512,2.873115301132202,2.873115301132202
20180103_sample_2,ET,3.4062181389439217,2.9386072158813477,2.9386072158813477
20180103_sample_3,ET,3.68348048816977,2.2319743633270264,2.2319743633270264
20180103_sample_4,low quality,3.582200088079147,2.801370859146118,2.801370859146118
20180103_sample_5,IT,3.75190753089347,3.595309257507324,3.595309257507324
20180103_sample_6,IT,3.719712831561497,4.39638090133667,4.39638090133667
20180103_sample_7,IT,3.859637506674663,4.072464942932129,4.072464942932129
20180103_sample_8,IT,3.2899648995609407,4.5714263916015625,4.5714263916015625
20180104_sample_1,low quality,3.81906793855056,3.370546579360962,3.370546579360962
20180104_sample_2,IT,3.8692550773064975,3.8192410469055176,3.8192410469055176
20180104_sample_3,IT,4.316944493772608,4.137845993041992,4.137845993041992
20180104_sample_4,low quality,4.2307864509306325,2.595439910888672,2.595439910888672
20180104_sample_6,ET,3.689367404467193,2.9052953720092773,2.9052953720092773
20180105_sample_4,IT,3.736730306998712,4.109243869781494,4.109243869781494
20180105_sample_5,IT,5.116970830621466,3.2819252014160156,3.2819252014160156
20180105_sample_6,IT,4.048083056875423,4.388978004455566,4.388978004455566
20180108_sample_1,IT,4.106889015042212,4.487573623657227,4.487573623657227
20180108_sample_2,low quality,4.09990695280901,3.2159829139709473,3.2159829139709473
20180108_sample_3,IT,4.209388826890848,3.2831039428710938,3.2831039428710938
20180108_sample_4,ET,2.7577906904061664,2.878178596496582,2.878178596496582
20180108_sample_5,ET,3.8605220212214473,3.3610551357269287,3.3610551357269287
20180108_sample_7,IT,4.13504064926288,4.185821056365967,4.185821056365967
20180108_sample_8,ET,3.0914464680812115,3.3723578453063965,3.3723578453063965
20180108_sample_9,IT,3.7546166880828022,4.028101444244385,4.028101444244385
20180108_sample_10,ET,4.254851774212783,2.0164666175842285,2.0164666175842285
20180109_sample_1,IT,4.755158171686043,4.0721893310546875,4.0721893310546875
20180109_sample_2,IT,3.7714267801209895,3.7981503009796143,3.7981503009796143
20180109_sample_5,IT,4.02611908364708,4.387322902679443,4.387322902679443
20180110_sample_1,IT,4.323296140273665,4.686587333679199,4.686587333679199
20180110_sample_2,IT,3.785099639550482,4.020612716674805,4.020612716674805
20180110_sample_3,IT,3.4676699996587086,4.293392181396484,4.293392181396484
20180110_sample_4,IT,3.999784754666468,3.365727186203003,3.365727186203003
20180110_sample_5,IT,3.4869784606891643,4.098996639251709,4.098996639251709
20180110_sample_7,IT,4.318939709683978,4.613898754119873,4.613898754119873
20180110_sample_8,ET,3.355017859200073,2.832429885864258,2.832429885864258
20180111_sample_5,IT,3.69447021504098,4.570151329040527,4.570151329040527
20180115_sample_2,IT,4.095273444063566,3.0253846645355225,3.0253846645355225
20180115_sample_5,IT,5.911038992356995,4.005441665649414,4.005441665649414
20180115_sample_6,low quality,3.223436439677569,3.243006944656372,3.243006944656372
20180115_sample_7,IT,3.18700833129924,4.179275989532471,4.179275989532471
20180115_sample_8,IT,4.600568990461002,4.083094596862793,4.083094596862793
20180115_sample_9,IT,4.107411825034289,4.211761474609375,4.211761474609375
20180118_sample_1,IT,4.602074433120564,4.14598274230957,4.14598274230957
20180118_sample_2,IT,3.859498902233045,3.834259033203125,3.834259033203125
20180118_sample_4,IT,3.6277095746023567,3.9642348289489746,3.9642348289489746
20180118_sample_6,IT,4.6972177801003205,3.904332160949707,3.904332160949707
20180118_sample_7,ET,3.0418634567238807,2.8081040382385254,2.8081040382385254
20180118_sample_10,ET,3.0290982536154742,3.076036214828491,3.076036214828491
20180123_sample_1,ET,3.85680086027588,3.2327537536621094,3.2327537536621094
20180123_sample_3,ET,2.380033144203504,2.77655291557312,2.77655291557312
20180123_sample_5,ET,3.697909408586006,2.4631335735321045,2.4631335735321045
20180123_sample_6,ET,3.8060822893463904,3.1294453144073486,3.1294453144073486
20180123_sample_7,ET,2.6386740454465705,2.390876293182373,2.390876293182373
20180208_sample_1,low quality,2.477194913792221,1.9336873292922974,1.9336873292922974
20180208_sample_2,ET,3.3943191560800643,2.772672653198242,2.772672653198242
20180208_sample_3,ET,3.0696502929788627,2.662698984146118,2.662698984146118
20180208_sample_4,IT,3.4703070875660296,4.315877914428711,4.315877914428711
20180208_sample_5,IT,2.400819697070184,4.06551456451416,4.06551456451416
20180213_sample_3,ET,3.4939674486199954,3.508847713470459,3.508847713470459
20180213_sample_5,Pvalb,0.9141641743761348,1.5842092037200928,1.5842092037200928
20180215_sample_1,Pvalb,1.4581883187083196,1.7475639581680298,1.7475639581680298
20180220_sample_1,Sst,1.7531408467449277,2.1898908615112305,2.1898908615112305
20180220_sample_2,IT,5.64589935892955,3.1788859367370605,3.1788859367370605
20180225_sample_1,IT,4.68206339444435,4.253425598144531,4.253425598144531
20180225_sample_2,IT,4.147357332203338,4.3267974853515625,4.3267974853515625
20180225_sample_3,IT,4.182886946255131,3.6862072944641113,3.6862072944641113
20180225_sample_4,IT,3.926499097182819,4.64253044128418,4.64253044128418
20180225_sample_5,ET,3.717900981316347,2.979663610458374,2.979663610458374
20180225_sample_7,Pvalb,1.1102502161285064,1.054419994354248,1.054419994354248
20180228_sample_3,IT,4.533463389188046,3.953839063644409,3.953839063644409
20180306_sample_1,Pvalb,1.0625662059614067,1.86403489112854,1.86403489112854
20180306_sample_2,IT,4.8478110137906665,4.296472549438477,4.296472549438477
20180306_sample_3,IT,3.953385308932634,3.835184097290039,3.835184097290039
20180306_sample_5,IT,4.882584925650122,4.323348045349121,4.323348045349121
20180309_sample_4,IT,3.616043412139415,3.418828248977661,3.418828248977661
20180309_sample_6,IT,3.252517458766593,3.3598685264587402,3.3598685264587402
20180309_sample_7,IT,5.287094485163411,4.175044536590576,4.175044536590576
20180309_sample_8,IT,3.997460806499455,3.5344643592834473,3.5344643592834473
20180313_sample_1,low quality,4.1382893436964014,2.65651798248291,2.65651798248291
20180313_sample_2,ET,5.504903106890346,2.9602878093719482,2.9602878093719482
20180313_sample_3,ET,4.0389287805602265,2.8879220485687256,2.8879220485687256
20180313_sample_7,IT,4.700631762046106,4.369545936584473,4.369545936584473
20180313_sample_8,low quality,6.230695527145817,2.69053053855896,2.69053053855896
20180313_sample_9,Pvalb,1.4166044694527435,1.70197594165802,1.70197594165802
20180315_sample_1,ET,3.239908209558328,3.328979253768921,3.328979253768921
20180315_sample_2,low quality,4.973527466330971,3.1814703941345215,3.1814703941345215
20180315_sample_5,IT,4.62419969657661,5.005566596984863,5.005566596984863
20180315_sample_6,IT,0.907352194493858,4.052332878112793,4.052332878112793
20180321_sample_2,IT,3.837370358626916,3.5503711700439453,3.5503711700439453
20180321_sample_3,IT,4.210254157888235,3.4431698322296143,3.4431698322296143
20180321_sample_4,IT,1.330764980093461,4.291238784790039,4.291238784790039
20180321_sample_8,ET,2.0813983646922427,2.4452261924743652,2.4452261924743652
20180321_sample_9,ET,2.7335052628992145,2.4185690879821777,2.4185690879821777
20180322_sample_1,IT,5.54098792305544,4.718684196472168,4.718684196472168
20180322_sample_2,IT,4.227385199857013,4.613991737365723,4.613991737365723
20180322_sample_3,IT,4.425848130542163,3.4933931827545166,3.4933931827545166
20180322_sample_4,IT,4.531826789735395,3.7564830780029297,3.7564830780029297
20180322_sample_5,IT,3.519833019890503,3.763347864151001,3.763347864151001
20180322_sample_6,ET,3.5532446649068152,3.025757074356079,3.025757074356079
20180322_sample_7,ET,2.961022500602122,3.110447645187378,3.110447645187378
20180327_sample_1,Pvalb,1.309778480687807,1.474325180053711,1.474325180053711
20180327_sample_2,Pvalb,1.273836540876214,1.1225842237472534,1.1225842237472534
20180327_sample_3,IT,3.6107368763866026,3.450502395629883,3.450502395629883
20180327_sample_4,Pvalb,1.2316818481843683,1.0287061929702759,1.0287061929702759
20180327_sample_5,Pvalb,1.1785161493672842,1.1016640663146973,1.1016640663146973
20180327_sample_6,IT,4.45345520342335,4.115621566772461,4.115621566772461
20180329_sample_1,IT,4.661945648331536,3.833465576171875,3.833465576171875
20180329_sample_2,IT,4.71655588745514,3.3955445289611816,3.3955445289611816
20180329_sample_3,IT,3.559161026812932,3.609102725982666,3.609102725982666
20180329_sample_4,ET,3.9269109533689512,2.238156795501709,2.238156795501709
20180329_sample_5,IT,4.196554481630042,4.579535484313965,4.579535484313965
20180329_sample_6,IT,3.644730481927283,4.194423675537109,4.194423675537109
20180329_sample_7,low quality,3.1470983978710616,3.7002158164978027,3.7002158164978027
20180329_sample_8,IT,4.932802453252482,3.6781368255615234,3.6781368255615234
20180403_sample_5,IT,3.291304030771332,3.8333938121795654,3.8333938121795654
20180403_sample_6,ET,3.558205694827882,2.146375894546509,2.146375894546509
20180403_sample_7,IT,4.013437751136859,3.829533338546753,3.829533338546753
20180404_sample_1,Pvalb,1.3786186101325495,1.8220171928405762,1.8220171928405762
20180404_sample_2,Pvalb,1.2076932640121452,2.598763942718506,2.598763942718506
20180404_sample_3,IT,5.049263113198074,4.892897129058838,4.892897129058838
20180404_sample_4,Pvalb,1.2903191714538396,1.6995658874511719,1.6995658874511719
20180404_sample_5,Pvalb,1.4101766996395593,1.958418846130371,1.958418846130371
20180404_sample_7,IT,4.856863292440687,3.997161865234375,3.997161865234375
20180405_sample_1,ET,2.9015971014275936,3.531616687774658,3.531616687774658
20180405_sample_2,IT,4.798909961529401,3.852825164794922,3.852825164794922
20180405_sample_3,IT,5.158007719074755,4.1316657066345215,4.1316657066345215
20180410_sample_1,Pvalb,1.2716392926526654,1.1639065742492676,1.1639065742492676
20180410_sample_3,IT,5.024512187577875,3.771139621734619,3.771139621734619
20180410_sample_4,IT,5.291641562034051,5.001032829284668,5.001032829284668
20180410_sample_5,IT,3.5575511876592416,4.652637958526611,4.652637958526611
20180410_sample_6,IT,3.963014464701145,4.296215534210205,4.296215534210205
20180410_sample_9,Pvalb,1.0318864602769873,0.7484487295150757,0.7484487295150757
20180411_sample_1,IT,3.059722285427529,5.09451150894165,5.09451150894165
20180411_sample_3,IT,2.222463488275164,4.483767509460449,4.483767509460449
20180411_sample_4,Pvalb,1.155147138821395,2.1625068187713623,2.1625068187713623
20180411_sample_5,Pvalb,1.0537642636682472,1.2934083938598633,1.2934083938598633
20180412_sample_1,IT,4.806964662074199,4.485342979431152,4.485342979431152
20180412_sample_2,Pvalb,1.2727831555611702,1.1995667219161987,1.1995667219161987
20180412_sample_3,IT,3.0329757026152646,4.158441543579102,4.158441543579102
20180412_sample_4,IT,5.3043837165086085,4.877889633178711,4.877889633178711
20180412_sample_7,IT,5.633717578453816,4.338267803192139,4.338267803192139
20180413_sample_2,Pvalb,1.1665289786575437,0.729851484298706,0.729851484298706
20180413_sample_3,Pvalb,1.2623946484632314,0.8528176546096802,0.8528176546096802
20180413_sample_4,IT,4.599377692788599,4.011736869812012,4.011736869812012
20180417_sample_1,Vip,2.5766064245843907,2.6391093730926514,2.6391093730926514
20180417_sample_2,Pvalb,1.1814215590222,1.2390137910842896,1.2390137910842896
20180417_sample_3,IT,2.4160604098152065,4.212014198303223,4.212014198303223
20180417_sample_4,Pvalb,1.2037845247709933,1.2787437438964844,1.2787437438964844
20180417_sample_5,IT,4.1367774393074,3.637402057647705,3.637402057647705
20180417_sample_6,IT,2.37535010114879,3.744203567504883,3.744203567504883
20180417_sample_7,Pvalb,1.264767659184186,1.4642717838287354,1.4642717838287354
20180417_sample_8,Sst,1.097545788400306,2.0777831077575684,2.0777831077575684
20180417_sample_9,IT,2.3676671246473835,4.579803466796875,4.579803466796875
20180418_sample_1,Pvalb,1.3693677124448822,1.9492988586425781,1.9492988586425781
20180418_sample_2,Pvalb,1.352553224066383,1.731347680091858,1.731347680091858
20180418_sample_3,Pvalb,1.410608065838954,1.4547059535980225,1.4547059535980225
20180418_sample_5,IT,4.429261193216969,3.400526762008667,3.400526762008667
20180418_sample_6,IT,4.970874425228512,4.334489822387695,4.334489822387695
20180420_sample_2,low quality,4.568295582357155,3.6179213523864746,3.6179213523864746
20180420_sample_3,IT,4.012990501245106,3.078920364379883,3.078920364379883
20180420_sample_4,IT,4.643670998243417,3.765132427215576,3.765132427215576
20180424_sample_1,IT,4.316462496939139,3.615187883377075,3.615187883377075
20180424_sample_2,IT,5.334682188335504,4.020531177520752,4.020531177520752
20180424_sample_3,IT,4.461224616741584,4.6628594398498535,4.6628594398498535
20180424_sample_6,IT,6.058460073680146,4.380402565002441,4.380402565002441
20180425_sample_2,IT,4.470799906917784,4.431204795837402,4.431204795837402
20180425_sample_3,Pvalb,1.2817258705791308,1.860706090927124,1.860706090927124
20180425_sample_4,IT,4.076520856224855,4.098957061767578,4.098957061767578
20180425_sample_5,Sncg,2.542067222245786,2.295966625213623,2.295966625213623
20180425_sample_7,Pvalb,1.2058903818630224,1.7353205680847168,1.7353205680847168
20180425_sample_8,Vip,2.557834691142694,2.4412484169006348,2.4412484169006348
20180425_sample_9,IT,3.6066623348850055,3.4456350803375244,3.4456350803375244
20180426_sample_1,ET,6.096094944867992,2.769961357116699,2.769961357116699
20180426_sample_3,IT,4.398523044748518,4.675820350646973,4.675820350646973
20180426_sample_4,IT,4.563815293297421,4.236711502075195,4.236711502075195
20180426_sample_5,Pvalb,1.177766014458923,1.9550135135650635,1.9550135135650635
20180426_sample_7,IT,4.288172088165047,4.249269485473633,4.249269485473633
20180426_sample_9,Pvalb,1.2614981698273011,2.2434492111206055,2.2434492111206055
20180501_sample_2,IT,5.5017402559523205,4.332405090332031,4.332405090332031
20180501_sample_3,IT,4.4808395617933074,4.02595329284668,4.02595329284668
20180501_sample_4,IT,4.9859369758251,4.1325531005859375,4.1325531005859375
20180501_sample_5,IT,5.136661617154367,3.5217602252960205,3.5217602252960205
20180501_sample_6,low quality,4.122110554297754,2.850079298019409,2.850079298019409
20180501_sample_7,low quality,1.2612895317194135,2.675032138824463,2.675032138824463
20180501_sample_8,Lamp5,4.643723489829595,2.4957334995269775,2.4957334995269775
20180502_sample_1,low quality,1.267527584434348,2.4320812225341797,2.4320812225341797
20180502_sample_2,low quality,5.636758116502742,2.8801424503326416,2.8801424503326416
20180502_sample_3,IT,4.847677204136853,4.335360527038574,4.335360527038574
20180502_sample_4,IT,4.423506636093839,4.017234802246094,4.017234802246094
20180508_sample_1,Pvalb,1.2507493196157358,1.829569697380066,1.829569697380066
20180508_sample_2,IT,3.867997185910652,3.2865326404571533,3.2865326404571533
20180508_sample_3,IT,3.447025676821231,4.2320332527160645,4.2320332527160645
20180508_sample_4,IT,5.662773026456241,4.132104873657227,4.132104873657227
20180509_sample_1,low quality,5.516952447845187,2.8662824630737305,2.8662824630737305
20180509_sample_2,IT,4.201875722492034,4.391147136688232,4.391147136688232
20180509_sample_3,IT,4.399161055840538,4.215732574462891,4.215732574462891
20180509_sample_4,IT,4.41797959651393,3.7882044315338135,3.7882044315338135
20180509_sample_5,IT,4.381881708632131,4.026010990142822,4.026010990142822
20180509_sample_7,IT,4.40631776132186,4.136170387268066,4.136170387268066
20180509_sample_9,IT,6.7843018157770425,4.591738700866699,4.591738700866699
20180510_sample_2,Pvalb,1.407475828545978,1.0230990648269653,1.0230990648269653
20180510_sample_3,IT,4.479923316717558,4.055799961090088,4.055799961090088
20180510_sample_4,IT,4.802050839053969,4.675522804260254,4.675522804260254
20180510_sample_5,IT,5.07126327962006,3.664951801300049,3.664951801300049
20180510_sample_9,IT,3.631926058614456,4.2173333168029785,4.2173333168029785
20180515_sample_1,Pvalb,1.1055181220009145,1.5925768613815308,1.5925768613815308
20180515_sample_6,Pvalb,1.0767102631049996,2.2949390411376953,2.2949390411376953
20180522_sample_1,IT,3.75756959139455,4.102841377258301,4.102841377258301
20180522_sample_2,IT,5.179400370385625,4.113175868988037,4.113175868988037
20180522_sample_3,IT,4.222724194575086,4.199511528015137,4.199511528015137
20180522_sample_4,IT,4.561466647654091,4.335535526275635,4.335535526275635
20180522_sample_5,Pvalb,1.2670419348223017,1.5139187574386597,1.5139187574386597
20180522_sample_6,ET,3.311207865147058,3.2064836025238037,3.2064836025238037
20180522_sample_7,IT,3.7509445382423583,4.1202826499938965,4.1202826499938965
20180524_sample_5,low quality,1.4431104669583164,2.857858896255493,2.857858896255493
20180524_sample_8,IT,4.468998585993531,4.101250648498535,4.101250648498535
20180524_sample_9,Pvalb,1.2283913447722363,1.9798505306243896,1.9798505306243896
20180529_sample_3,IT,3.406355427795154,4.240068435668945,4.240068435668945
20180608_sample_1,Lamp5,2.5393630113686543,2.042360782623291,2.042360782623291
20180608_sample_2,Pvalb,1.0626549662355582,1.2972553968429565,1.2972553968429565
20180608_sample_3,IT,3.609585290552712,3.1334004402160645,3.1334004402160645
20180608_sample_5,Pvalb,1.1202967881913088,0.570397138595581,0.570397138595581
20180619_sample_3,Pvalb,1.235853186903746,1.938246250152588,1.938246250152588
20180619_sample_5,IT,3.857092238507287,4.375570297241211,4.375570297241211
20180619_sample_7,Lamp5,2.683191139727615,2.7866899967193604,2.7866899967193604
20180621_sample_1,IT,4.706850363210803,4.133028507232666,4.133028507232666
20180621_sample_2,IT,5.108395154566173,4.121395111083984,4.121395111083984
20180621_sample_3,Sncg,2.1671294968885406,2.601665735244751,2.601665735244751
20180621_sample_4,IT,4.468702052105229,4.535228252410889,4.535228252410889
20180621_sample_5,Vip,1.4504662309429748,2.373263120651245,2.373263120651245
20180621_sample_7,Pvalb,1.1192129291073398,1.4036873579025269,1.4036873579025269
20180621_sample_8,Pvalb,1.0207212691344127,1.4652738571166992,1.4652738571166992
20180628_sample_2,Pvalb,1.2064097697185412,2.5975301265716553,2.5975301265716553
20180628_sample_3,Pvalb,1.2020395682808591,1.96958589553833,1.96958589553833
20180628_sample_4,low quality,1.1258159430461594,2.843322515487671,2.843322515487671
20180628_sample_6,Pvalb,1.1233782578726208,2.0142438411712646,2.0142438411712646
20180628_sample_7,Lamp5,3.13248917357621,2.4402530193328857,2.4402530193328857
20180703_sample_1,Pvalb,1.3516057772190262,2.022521734237671,2.022521734237671
20180703_sample_2,IT,4.062048465703178,3.887991189956665,3.887991189956665
20180703_sample_3,low quality,5.263560460050554,2.3935678005218506,2.3935678005218506
20180704_sample_1,Pvalb,1.2435912024396711,1.9739614725112915,1.9739614725112915
20180704_sample_2,Pvalb,1.132516020064862,1.5086687803268433,1.5086687803268433
20180704_sample_3,Pvalb,1.185689254365489,1.6001726388931274,1.6001726388931274
20180704_sample_4,IT,4.061201472827944,4.164899826049805,4.164899826049805
20180704_sample_5,Pvalb,1.061739408006606,1.61273193359375,1.61273193359375
20180705_sample_1,Pvalb,1.2229240966629082,1.9488811492919922,1.9488811492919922
20180705_sample_4,Pvalb,1.1039638260597338,0.8714064359664917,0.8714064359664917
20180709_sample_2,IT,4.178293272404319,5.129113674163818,5.129113674163818
20180709_sample_3,Lamp5,3.612882900959198,2.391065835952759,2.391065835952759
20180709_sample_4,IT,4.22169427244402,4.516047954559326,4.516047954559326
20180709_sample_6,IT,4.0301771816213785,3.723266363143921,3.723266363143921
20180710_sample_1,Pvalb,1.184525875930565,2.923229217529297,2.923229217529297
20180710_sample_2,Pvalb,1.5221850698076975,1.230753779411316,1.230753779411316
20180710_sample_3,Pvalb,1.2271874910706224,1.8809785842895508,1.8809785842895508
20180710_sample_5,Pvalb,1.208004743588668,1.2409471273422241,1.2409471273422241
20180711_sample_1,Pvalb,1.4299346584823929,1.8647842407226562,1.8647842407226562
20180711_sample_2,Sst,1.88356653617924,2.0106089115142822,2.0106089115142822
20180711_sample_3,Sst,2.178118648191356,2.1031248569488525,2.1031248569488525
20180711_sample_4,Sst,2.226599058467552,1.9809707403182983,1.9809707403182983
20180712_sample_2,low quality,4.094091761130352,3.2526090145111084,3.2526090145111084
20180712_sample_3,Sncg,2.3256317254095245,2.485307455062866,2.485307455062866
20180712_sample_5,Pvalb,1.0926400605230613,2.0736000537872314,2.0736000537872314
20180712_sample_11,Pvalb,1.5814549578841652,1.653544545173645,1.653544545173645
20180712_sample_12,Pvalb,1.3678857917198644,1.4363658428192139,1.4363658428192139
20180712_sample_13,IT,5.604821005986358,5.028966903686523,5.028966903686523
20180712_sample_14,Pvalb,1.2977450026449078,1.3225213289260864,1.3225213289260864
20180712_sample_15,Pvalb,1.4046923018302704,1.180077075958252,1.180077075958252
20180717_sample_1,Pvalb,1.2053270291290017,1.7673242092132568,1.7673242092132568
20180717_sample_2,Lamp5,2.4209191149977203,2.375608444213867,2.375608444213867
20180717_sample_3,Pvalb,1.114461773757949,1.7108349800109863,1.7108349800109863
20180717_sample_4,Pvalb,1.015701262423403,1.7189772129058838,1.7189772129058838
20180717_sample_6,Pvalb,1.461131503277216,1.6859245300292969,1.6859245300292969
20180717_sample_7,ET,3.4783790442436944,3.471897602081299,3.471897602081299
20180718_sample_2,Pvalb,1.2524199705034655,1.44086754322052,1.44086754322052
20180718_sample_3,Pvalb,1.383860238138651,1.7099833488464355,1.7099833488464355
20180718_sample_4,Pvalb,1.2059201040020897,1.1853525638580322,1.1853525638580322
20180719_sample_1,Pvalb,1.271855189971685,1.0837668180465698,1.0837668180465698
20180719_sample_4,Pvalb,1.3875863716563972,1.2046053409576416,1.2046053409576416
20180720_sample_2,Sncg,2.6726446130647874,2.512352705001831,2.512352705001831
20180720_sample_3,Pvalb,1.4684717917060148,1.4882354736328125,1.4882354736328125
20180720_sample_5,Lamp5,4.056615476508719,2.030893325805664,2.030893325805664
20180725_sample_3,IT,6.028811725245994,4.259337902069092,4.259337902069092
20180725_sample_4,low quality,4.8736222145543,3.174135208129883,3.174135208129883
20180725_sample_6,Pvalb,1.109973820424271,2.0942978858947754,2.0942978858947754
20180725_sample_7,IT,5.420721137572028,4.710916519165039,4.710916519165039
20180725_sample_9,Lamp5,3.601501994717514,2.847975254058838,2.847975254058838
20180726_sample_3,Pvalb,1.2441477686599176,1.762014389038086,1.762014389038086
20180726_sample_4,Pvalb,1.1801747885299148,1.8199429512023926,1.8199429512023926
20180726_sample_5,Pvalb,1.058228675970932,2.101815938949585,2.101815938949585
20180726_sample_6,Pvalb,1.119533395401732,2.1663029193878174,2.1663029193878174
20180726_sample_7,Pvalb,1.0286887307081796,1.8511393070220947,1.8511393070220947
20180817_sample_2,Pvalb,1.0525354992918818,1.2675036191940308,1.2675036191940308
20180817_sample_3,Pvalb,0.8268322153931287,1.217937707901001,1.217937707901001
20180817_sample_4,Pvalb,1.2541314413955915,1.8289175033569336,1.8289175033569336
20180817_sample_5,Pvalb,1.1386242467515646,1.8993642330169678,1.8993642330169678
20180817_sample_6,IT,4.253437396465765,4.072436332702637,4.072436332702637
20180817_sample_7,Pvalb,1.4880810607052586,0.8259987831115723,0.8259987831115723
20180820_sample_1,Sst,2.1277484082583435,2.0504229068756104,2.0504229068756104
20180820_sample_2,IT,4.516221158675579,4.008354187011719,4.008354187011719
20180820_sample_3,Sst,2.033311791002918,2.19405460357666,2.19405460357666
20180820_sample_4,Sst,2.33424097015465,2.4171302318573,2.4171302318573
20180820_sample_5,Sst,2.0144831344868384,1.8826425075531006,1.8826425075531006
20180820_sample_6,IT,4.278158883738317,4.25922155380249,4.25922155380249
20180820_sample_7,Sst,1.048965892422873,1.8626716136932373,1.8626716136932373
20180822_sample_1,Pvalb,1.2712327860898536,1.9846075773239136,1.9846075773239136
20180822_sample_2,Pvalb,1.2757089386175635,1.2850213050842285,1.2850213050842285
20180822_sample_3,Pvalb,0.7295049599108001,2.1458237171173096,2.1458237171173096
20180822_sample_4,Pvalb,1.3879739305870484,2.22806453704834,2.22806453704834
20180822_sample_6,Pvalb,1.4317998193068482,1.5212823152542114,1.5212823152542114
20180822_sample_7,Pvalb,1.2607148096621186,1.3122512102127075,1.3122512102127075
20180828_sample_2,Pvalb,1.4913955113985715,2.1082546710968018,2.1082546710968018
20180828_sample_3,Pvalb,1.1243900004185614,1.8778016567230225,1.8778016567230225
20180828_sample_4,IT,6.139241346856823,4.515571594238281,4.515571594238281
20180828_sample_5,Pvalb,1.1277183513559326,1.364492416381836,1.364492416381836
20180828_sample_6,Pvalb,1.3643043580749992,1.0663131475448608,1.0663131475448608
20180828_sample_7,low quality,3.3676541807148204,2.784968376159668,2.784968376159668
20180828_sample_8,IT,6.265659274545132,4.475268363952637,4.475268363952637
20180829_sample_1,Sst,1.722883678154431,2.2604618072509766,2.2604618072509766
20180829_sample_2,Sst,2.1408945831346684,2.0317611694335938,2.0317611694335938
20180829_sample_3,Sst,1.8398196199290264,2.550623893737793,2.550623893737793
20180829_sample_4,Sst,2.1416453222641216,2.124324083328247,2.124324083328247
20180829_sample_5,Sst,1.5477375290962438,2.468188762664795,2.468188762664795
20180829_sample_6,Sst,1.8276920192171733,1.9027223587036133,1.9027223587036133
20180829_sample_7,Sst,2.289850358636333,2.0431947708129883,2.0431947708129883
20180829_sample_8,IT,5.096425937565624,4.232315540313721,4.232315540313721
20180830_sample_1,Pvalb,1.344448097892365,2.6511712074279785,2.6511712074279785
20180830_sample_2,Pvalb,1.3151239548729432,1.6168982982635498,1.6168982982635498
20180830_sample_5,Pvalb,1.1253873873565716,1.5309619903564453,1.5309619903564453
20180830_sample_6,Pvalb,1.2715729798042577,1.5488544702529907,1.5488544702529907
20180904_sample_1,Pvalb,1.465424698247272,1.684073805809021,1.684073805809021
20180904_sample_2,Pvalb,1.4419390924441644,1.3898591995239258,1.3898591995239258
20180904_sample_3,Pvalb,1.2846677047973445,1.3468806743621826,1.3468806743621826
20180904_sample_4,Pvalb,1.1103799165022246,1.3825277090072632,1.3825277090072632
20180904_sample_5,Pvalb,1.1692210243233203,1.8622232675552368,1.8622232675552368
20180904_sample_6,Pvalb,1.1980228693105297,1.256730556488037,1.256730556488037
20180904_sample_7,Pvalb,0.8779761010679805,1.3015702962875366,1.3015702962875366
20180904_sample_9,Pvalb,1.1308505524718142,1.38168203830719,1.38168203830719
20180905_sample_1,Sst,1.9164336112518852,2.0939154624938965,2.0939154624938965
20180905_sample_2,Sst,1.9259750945617384,1.6095799207687378,1.6095799207687378
20180910_sample_2,Sst,2.356675921081476,1.5572190284729004,1.5572190284729004
20180910_sample_3,Sst,2.032196540361424,1.9299077987670898,1.9299077987670898
20180911_sample_1,Sst,3.505539684099102,1.5753952264785767,1.5753952264785767
20180911_sample_2,Sst,1.8673281771608088,1.9196404218673706,1.9196404218673706
20180911_sample_3,Sst,1.903663911380176,1.6937768459320068,1.6937768459320068
20180911_sample_5,Sst,1.5114825808444623,2.9296975135803223,2.9296975135803223
20180911_sample_6,Sst,2.12291019456296,1.639794111251831,1.639794111251831
20180912_sample_2,Pvalb,1.4760282232015065,1.718717098236084,1.718717098236084
20180912_sample_3,Pvalb,1.0770380617208568,1.5485767126083374,1.5485767126083374
20180912_sample_6,Pvalb,1.1099254898819608,1.4674596786499023,1.4674596786499023
20180913_sample_2,low quality,2.4216925289447784,2.7732105255126953,2.7732105255126953
20180917_sample_1,Sst,2.4357800518078365,2.17893385887146,2.17893385887146
20180917_sample_2,Pvalb,1.1656267782021026,1.3024619817733765,1.3024619817733765
20180917_sample_3,IT,4.054877291794227,4.504492282867432,4.504492282867432
20180917_sample_4,Pvalb,1.4652788762148663,1.5041331052780151,1.5041331052780151
20180917_sample_5,Sst,1.8959104827021809,2.460097551345825,2.460097551345825
20180918_sample_1,Vip,2.012710380112797,1.9830174446105957,1.9830174446105957
20180918_sample_2,Vip,2.0259887725261656,2.1394801139831543,2.1394801139831543
20180918_sample_3,Vip,2.2891493224311388,2.4281444549560547,2.4281444549560547
20180920_sample_1,low quality,1.3950809014639285,2.9163758754730225,2.9163758754730225
20180920_sample_2,Pvalb,1.3357175302550277,1.2975224256515503,1.2975224256515503
20180920_sample_3,Pvalb,1.1779024301246992,0.8935943841934204,0.8935943841934204
20180920_sample_4,Pvalb,1.1211177505216656,1.0690367221832275,1.0690367221832275
20180921_sample_1,low quality,2.592519456333696,2.634324312210083,2.634324312210083
20180921_sample_2,Pvalb,1.504771231629232,1.0805208683013916,1.0805208683013916
20180921_sample_3,Pvalb,1.169423497123308,1.5419977903366089,1.5419977903366089
20180925_sample_9,Pvalb,1.1568762756395805,1.900331974029541,1.900331974029541
20180926_sample_1,Pvalb,1.1616685808127971,1.0801546573638916,1.0801546573638916
20180926_sample_3,Pvalb,1.3224899278643514,2.0157687664031982,2.0157687664031982
20180926_sample_4,low quality,1.1794505727569953,1.8982212543487549,1.8982212543487549
20180926_sample_7,Pvalb,1.0672069378204592,0.9532877206802368,0.9532877206802368
20180926_sample_9,IT,3.5857056663224083,4.907279968261719,4.907279968261719
20180927_sample_1,Pvalb,1.2090417200914352,1.5015441179275513,1.5015441179275513
20180927_sample_2,Pvalb,1.4039922030648877,1.6407777070999146,1.6407777070999146
20180927_sample_3,low quality,1.2229422594217496,2.2408244609832764,2.2408244609832764
20180927_sample_4,Pvalb,1.4436634530169157,0.7767536640167236,0.7767536640167236
20180927_sample_5,Pvalb,1.0652240086721905,1.3252863883972168,1.3252863883972168
20180927_sample_7,Pvalb,1.0737577911362453,1.2175538539886475,1.2175538539886475
20180927_sample_9,IT,5.035918041788833,3.877513885498047,3.877513885498047
20180927_sample_10,low quality,1.2951612648792117,2.5711729526519775,2.5711729526519775
20181002_sample_1,low quality,1.4375946030484978,2.4509806632995605,2.4509806632995605
20181002_sample_2,Pvalb,1.2276868842706354,1.183289885520935,1.183289885520935
20181002_sample_3,Pvalb,1.2601247200381325,1.8098464012145996,1.8098464012145996
20181002_sample_4,Pvalb,1.330247309730709,1.9329197406768799,1.9329197406768799
20181002_sample_5,Pvalb,1.0861414514566443,0.8093260526657104,0.8093260526657104
20181002_sample_6,Pvalb,1.2296955518308184,1.795741081237793,1.795741081237793
20181002_sample_7,IT,4.315670987937768,5.0113677978515625,5.0113677978515625
20181002_sample_8,Pvalb,1.2249508964171691,1.6354182958602905,1.6354182958602905
20181002_sample_9,Sst,1.049270416098412,0.8212202787399292,0.8212202787399292
20181002_sample_10,Pvalb,1.0257536488562602,1.1466865539550781,1.1466865539550781
20181003_sample_1,low quality,2.15297706787894,2.4094645977020264,2.4094645977020264
20181003_sample_2,Sst,2.8987386097884,2.624328136444092,2.624328136444092
20181003_sample_3,Sst,1.8723954929167184,2.4498403072357178,2.4498403072357178
20181003_sample_4,Sst,2.069450647141636,1.3080737590789795,1.3080737590789795
20181003_sample_5,Sst,1.9696342545619272,2.093851327896118,2.093851327896118
20181003_sample_6,Sst,1.9824168632052792,1.8645131587982178,1.8645131587982178
20181003_sample_7,Sst,1.5593593519867617,1.8639413118362427,1.8639413118362427
20181003_sample_8,Sst,1.950544527054139,2.2050461769104004,2.2050461769104004
20181003_sample_9,Sst,1.457753322725548,1.175626277923584,1.175626277923584
20181003_sample_10,Sst,1.4996537010246964,1.7981903553009033,1.7981903553009033
20181004_sample_1,low quality,1.920808797378165,3.0669572353363037,3.0669572353363037
20181004_sample_3,Sst,1.543269473908618,1.599816083908081,1.599816083908081
20181004_sample_5,Sst,1.4866643411084584,1.5648099184036255,1.5648099184036255
20181004_sample_6,Sst,2.22173141565582,1.9659711122512817,1.9659711122512817
20181004_sample_8,Sst,1.3432286144683891,1.0351275205612183,1.0351275205612183
20181009_sample_2,Sst,1.867848486030273,1.9282832145690918,1.9282832145690918
20181009_sample_3,Sst,2.010307882360193,2.2389681339263916,2.2389681339263916
20181009_sample_4,Sst,1.8165581139218705,1.9713258743286133,1.9713258743286133
20181009_sample_5,Sst,1.630463348434597,2.295990228652954,2.295990228652954
20181009_sample_6,IT,4.674542136558125,4.672183990478516,4.672183990478516
20181009_sample_7,Sst,1.8359964564024616,1.6914705038070679,1.6914705038070679
20181010_sample_1,Sst,1.1731517089219516,1.7178523540496826,1.7178523540496826
20181010_sample_3,Sst,1.8103172120964373,2.3815321922302246,2.3815321922302246
20181010_sample_4,Sst,1.8081157777374537,1.3820390701293945,1.3820390701293945
20181010_sample_5,IT,4.563369843129433,5.295536041259766,5.295536041259766
20181010_sample_6,Sst,2.2399275203461326,1.9966182708740234,1.9966182708740234
20181010_sample_8,Sst,2.0122401401671763,1.9371187686920166,1.9371187686920166
20181010_sample_10,Sst,1.318102129649518,1.832093358039856,1.832093358039856
20181011_sample_3,Sst,1.312526730305405,1.9375638961791992,1.9375638961791992
20181011_sample_4,Sst,2.3490707467149248,2.343320369720459,2.343320369720459
20181011_sample_8,Sst,1.859600507072133,1.7950037717819214,1.7950037717819214
20181011_sample_9,Sst,1.876645147751922,1.8503599166870117,1.8503599166870117
20181011_sample_10,Sst,1.829011450323424,1.275577425956726,1.275577425956726
20181109_sample_1,Sst,2.4878371100473657,1.778571605682373,1.778571605682373
20181109_sample_2,Sst,1.7829486916660369,2.2571730613708496,2.2571730613708496
20181109_sample_3,Sst,1.8099042269305128,2.249060869216919,2.249060869216919
20181109_sample_5,Sst,2.154379382720141,2.2377352714538574,2.2377352714538574
20181109_sample_7,Sst,2.2804667125069247,2.191431999206543,2.191431999206543
20181109_sample_8,Sst,2.145203787254579,1.971069097518921,1.971069097518921
20181109_sample_9,Sst,1.9919244061144392,2.148314952850342,2.148314952850342
20181109_sample_10,Sst,1.9538413927421132,2.123354911804199,2.123354911804199
20181112_sample_1,low quality,2.111039842795666,2.5188400745391846,2.5188400745391846
20181112_sample_4,Sst,2.5094354980318707,1.633965253829956,1.633965253829956
20181112_sample_5,low quality,2.092503210838866,3.1851563453674316,3.1851563453674316
20181112_sample_6,Sst,1.5873157069343455,1.960395097732544,1.960395097732544
20181112_sample_8,Sst,1.7299445399518407,1.437907338142395,1.437907338142395
20181112_sample_11,Sst,1.6244836168137733,1.5038483142852783,1.5038483142852783
20181114_sample_1,Pvalb,1.3798672959042446,2.0100433826446533,2.0100433826446533
20181114_sample_2,Pvalb,1.1316249372422122,1.5965213775634766,1.5965213775634766
20181114_sample_4,Pvalb,1.397753249724096,2.141089677810669,2.141089677810669
20181116_sample_2,Pvalb,1.278224373535538,1.3627032041549683,1.3627032041549683
20181116_sample_3,Pvalb,0.8548271811787622,1.973809003829956,1.973809003829956
20181116_sample_4,Pvalb,1.278224373535538,1.5538074970245361,1.5538074970245361
20181116_sample_5,Pvalb,1.030583932000716,2.2928500175476074,2.2928500175476074
20181116_sample_7,low quality,1.1682731824186,3.025688648223877,3.025688648223877
20181116_sample_10,low quality,1.2028769953147564,3.0957233905792236,3.0957233905792236
20181116_sample_12,Pvalb,1.1376811628236168,1.2094393968582153,1.2094393968582153
20181121_sample_1,Sst,1.735472951853826,2.6272847652435303,2.6272847652435303
20181121_sample_2,Sst,2.680272047485581,2.410660743713379,2.410660743713379
20181121_sample_3,Pvalb,1.4832560353990734,1.3600012063980103,1.3600012063980103
20181121_sample_4,low quality,2.336950667137557,2.249328136444092,2.249328136444092
20181121_sample_5,Sst,1.542601292358725,1.5451208353042603,1.5451208353042603
20181121_sample_6,Sst,1.3530189034167217,1.550984501838684,1.550984501838684
20181121_sample_7,Sst,1.5959961399106075,2.220606803894043,2.220606803894043
20181126_sample_2,Sst,1.6306202590875452,1.623844861984253,1.623844861984253
20181126_sample_6,Sst,1.603492890006789,1.7004661560058594,1.7004661560058594
20181127_sample_1,Sst,1.9604619338539868,2.0017290115356445,2.0017290115356445
20181127_sample_3,Sst,2.271624939731121,2.177516460418701,2.177516460418701
20181127_sample_4,Sst,1.9195454379212915,1.677013874053955,1.677013874053955
20181127_sample_5,Sst,2.039488685043404,2.396481513977051,2.396481513977051
20181127_sample_7,Sst,2.833710139628017,1.88247549533844,1.88247549533844
20181129_sample_1,Sst,1.6983435480147564,1.4881303310394287,1.4881303310394287
20181129_sample_2,low quality,2.1697493459129142,2.8843202590942383,2.8843202590942383
20181129_sample_3,Sst,2.4559196450888185,2.2546262741088867,2.2546262741088867
20181129_sample_4,Sst,1.8226221803737608,2.255337715148926,2.255337715148926
20181129_sample_5,Sst,1.8592775493758984,1.8588870763778687,1.8588870763778687
20181129_sample_6,Sst,2.3989048073704717,2.1120848655700684,2.1120848655700684
20181203_sample_2,Sst,2.2161678117231274,2.2297439575195312,2.2297439575195312
20181203_sample_3,Sst,1.593449135068739,1.6591078042984009,1.6591078042984009
20181203_sample_4,Sst,1.5562455643931343,2.726658821105957,2.726658821105957
20181203_sample_5,Sst,2.010174598175212,2.208653211593628,2.208653211593628
20181203_sample_6,Pvalb,1.2471323800877527,1.9283580780029297,1.9283580780029297
20181203_sample_7,Sst,2.0715381806027726,2.368241310119629,2.368241310119629
20181203_sample_8,Sst,1.8075566827685916,1.7167820930480957,1.7167820930480957
20181203_sample_9,Sst,2.0816149308490544,2.0762734413146973,2.0762734413146973
20181203_sample_10,low quality,1.425145891386196,1.7948238849639893,1.7948238849639893
20181205_sample_1,Sst,2.097903699564456,2.1338555812835693,2.1338555812835693
20181205_sample_2,Sst,1.6222121260319071,2.0132029056549072,2.0132029056549072
20181207_sample_1,Pvalb,1.471270215540224,1.2577319145202637,1.2577319145202637
20181207_sample_2,Pvalb,1.345252203979119,1.5901176929473877,1.5901176929473877
20181207_sample_3,Pvalb,1.3697805350810932,1.8671081066131592,1.8671081066131592
20181207_sample_4,Pvalb,1.2292519322435185,1.607118010520935,1.607118010520935
20181207_sample_5,Pvalb,1.4450719731194577,1.407230019569397,1.407230019569397
20181207_sample_6,low quality,1.33297144003712,3.186758518218994,3.186758518218994
20181207_sample_7,Pvalb,1.1389625909106578,1.777634620666504,1.777634620666504
20181208_sample_1,low quality,2.074369808771639,3.256052017211914,3.256052017211914
20181208_sample_2,Sst,1.943363685480308,2.826079845428467,2.826079845428467
20181208_sample_3,Sst,2.0811417367487177,3.250697374343872,3.250697374343872
20181208_sample_4,Sst,2.252194319488955,2.1558570861816406,2.1558570861816406
20181208_sample_5,Sst,2.3938396803312085,2.6077399253845215,2.6077399253845215
20181208_sample_6,Sst,2.058282924716719,1.9660351276397705,1.9660351276397705
20181208_sample_7,Sst,1.7679399135092535,1.5880844593048096,1.5880844593048096
20181208_sample_8,Sst,1.7277431835877606,1.5937132835388184,1.5937132835388184
20181208_sample_9,Sst,2.0083522183920386,1.8264644145965576,1.8264644145965576
20181208_sample_10,Sst,2.323633409491309,1.6287611722946167,1.6287611722946167
20181211_sample_1,CT,3.2749808114730534,3.1048309803009033,3.1048309803009033
20181211_sample_2,Pvalb,1.7261262237759538,1.557234525680542,1.557234525680542
20181211_sample_4,Pvalb,1.1657481595619454,2.0228519439697266,2.0228519439697266
20181211_sample_5,low quality,1.2459629275085675,2.6034586429595947,2.6034586429595947
20181211_sample_6,Pvalb,1.308945185875824,1.6489543914794922,1.6489543914794922
20181211_sample_7,Pvalb,1.2958432017196329,2.1227176189422607,2.1227176189422607
20181211_sample_8,Pvalb,1.1483520589185434,1.4667822122573853,1.4667822122573853
20181211_sample_9,Pvalb,1.3212458757443206,1.6095528602600098,1.6095528602600098
20181213_sample_1,Sst,1.6490869669709018,2.05433988571167,2.05433988571167
20181213_sample_2,Sst,1.528434753266253,1.6683330535888672,1.6683330535888672
20181213_sample_3,Sst,2.0443521686018133,1.7766032218933105,1.7766032218933105
20181213_sample_4,Sst,2.3740489650805645,2.3960113525390625,2.3960113525390625
20181213_sample_5,IT,3.851194373705672,3.9273085594177246,3.9273085594177246
20181213_sample_6,Sst,1.801107976408252,1.0137430429458618,1.0137430429458618
20181213_sample_7,Sst,2.0232582579585063,2.1089119911193848,2.1089119911193848
20181214_sample_1,low quality,4.560280243520507,2.587390422821045,2.587390422821045
20181214_sample_2,Sst,1.9730863424878249,2.2712066173553467,2.2712066173553467
20190108_sample_1,Pvalb,1.3035802050057534,1.1353645324707031,1.1353645324707031
20190108_sample_2,Vip,2.4404827456889837,2.4754905700683594,2.4754905700683594
20190108_sample_3,IT,5.195586331246363,3.4059524536132812,3.4059524536132812
20190108_sample_5,Vip,2.8610512607567418,2.0410938262939453,2.0410938262939453
20190108_sample_6,Lamp5,3.8746692381636496,2.4562628269195557,2.4562628269195557
20190109_sample_2,Sst,1.577376591666044,1.6865030527114868,1.6865030527114868
20190110_sample_1,Sst,2.275996455433916,2.0466103553771973,2.0466103553771973
20190110_sample_3,Sst,1.8665360179641024,2.03971004486084,2.03971004486084
20190110_sample_4,Sst,1.2813504208415405,1.954871416091919,1.954871416091919
20190110_sample_6,IT,4.307294109455994,4.695014953613281,4.695014953613281
20190110_sample_7,IT,2.4704540223181604,3.928980827331543,3.928980827331543
20190117_sample_1,Vip,1.58200744158619,2.116208553314209,2.116208553314209
20190117_sample_2,IT,2.38648802798619,4.497097492218018,4.497097492218018
20190117_sample_3,Sst,2.072342114372654,1.998098611831665,1.998098611831665
20190117_sample_4,IT,3.5475514173833336,4.09621000289917,4.09621000289917
20190117_sample_5,Sst,1.6369369897301185,1.8083069324493408,1.8083069324493408
20190122_sample_1,Pvalb,1.034347356833165,1.419025182723999,1.419025182723999
20190122_sample_2,IT,3.766885088972413,4.417084693908691,4.417084693908691
20190122_sample_3,Pvalb,1.2231092491628788,1.8918325901031494,1.8918325901031494
20190122_sample_5,Pvalb,1.0570082580790272,1.771573543548584,1.771573543548584
20190122_sample_6,IT,3.815796624761812,4.55946683883667,4.55946683883667
20190122_sample_9,Pvalb,1.08286739771046,2.779176712036133,2.779176712036133
20190122_sample_10,Pvalb,1.1931267185022858,2.460355520248413,2.460355520248413
20190122_sample_11,low quality,1.171253645143398,2.7733154296875,2.7733154296875
20190122_sample_12,Pvalb,1.1105712605668756,1.7490885257720947,1.7490885257720947
20190122_sample_13,Pvalb,1.1348809874731258,0.9685213565826416,0.9685213565826416
20190122_sample_14,Pvalb,1.32278697752563,1.7060205936431885,1.7060205936431885
20190122_sample_16,Pvalb,1.3458828579237818,1.6474649906158447,1.6474649906158447
20190122_sample_17,Pvalb,1.1909215924950738,1.6772940158843994,1.6772940158843994
20190123_sample_5,Pvalb,1.009621823837776,1.6671867370605469,1.6671867370605469
20190123_sample_7,Pvalb,1.2131550830437836,1.7602417469024658,1.7602417469024658
20190123_sample_8,Pvalb,1.2326724244458112,1.340314507484436,1.340314507484436
20190124_sample_4,Pvalb,1.303444426803626,2.3457553386688232,2.3457553386688232
20190128_sample_2,Pvalb,1.054274298910692,1.0258418321609497,1.0258418321609497
20190128_sample_3,low quality,1.193269702558719,2.6294214725494385,2.6294214725494385
20190128_sample_4,Pvalb,1.218493577584057,2.028188705444336,2.028188705444336
20190128_sample_6,Lamp5,2.808068615242166,2.1230363845825195,2.1230363845825195
20190128_sample_7,Pvalb,1.0618037566348486,1.716956377029419,1.716956377029419
20190128_sample_11,Pvalb,1.542990590324103,2.418795347213745,2.418795347213745
20190128_sample_12,Pvalb,1.2750172204408683,1.3458067178726196,1.3458067178726196
20190130_sample_2,low quality,1.3326683643488866,2.700355052947998,2.700355052947998
20190130_sample_3,Lamp5,2.5262967748056417,2.2427473068237305,2.2427473068237305
20190130_sample_6,Pvalb,1.3824942219851488,1.8538978099822998,1.8538978099822998
20190130_sample_8,CT,3.02373783727164,4.170565605163574,4.170565605163574
20190130_sample_9,Sst,2.1218314086158547,2.041161060333252,2.041161060333252
20190130_sample_10,Sst,1.5573659870733478,2.3918533325195312,2.3918533325195312
20190130_sample_15,Pvalb,1.1203827432846163,1.2084847688674927,1.2084847688674927
20190130_sample_17,Sst,2.40490745092998,1.812709093093872,1.812709093093872
20190130_sample_18,Sst,1.904189744601606,1.973250150680542,1.973250150680542
20190131_sample_1,Sst,2.1451990899583584,2.1741294860839844,2.1741294860839844
20190131_sample_3,Pvalb,1.0362343990645535,2.557400941848755,2.557400941848755
20190131_sample_4,Sst,1.6943390490456425,1.5380098819732666,1.5380098819732666
20190131_sample_5,Sst,1.0705676861359652,1.1593114137649536,1.1593114137649536
20190131_sample_6,Sst,1.7176258880207471,1.9415775537490845,1.9415775537490845
20190131_sample_10,Sst,1.7241892327173542,2.118638515472412,2.118638515472412
20190201_sample_2,Pvalb,1.3389452222878786,1.758213996887207,1.758213996887207
20190201_sample_3,Pvalb,1.1971845056761032,1.3651803731918335,1.3651803731918335
20190201_sample_4,Pvalb,1.043985055595259,1.2010982036590576,1.2010982036590576
20190201_sample_7,Pvalb,1.4030543256209196,1.8999786376953125,1.8999786376953125
20190201_sample_8,Pvalb,1.335663748918687,1.5644925832748413,1.5644925832748413
20190201_sample_10,Pvalb,1.319820289509997,1.9798758029937744,1.9798758029937744
20190204_sample_1,Sst,1.8916721657212263,2.0796093940734863,2.0796093940734863
20190204_sample_2,CT,3.126239542885344,3.529783248901367,3.529783248901367
20190204_sample_4,Sst,1.9838092053010965,2.2314133644104004,2.2314133644104004
20190204_sample_5,Sst,2.037553157642604,1.9904381036758423,1.9904381036758423
20190204_sample_6,Sst,2.028566613423468,1.7816475629806519,1.7816475629806519
20190204_sample_7,Pvalb,1.1782681323172044,1.3233630657196045,1.3233630657196045
20190204_sample_8,Pvalb,1.209980070258559,1.6898618936538696,1.6898618936538696
20190204_sample_9,Pvalb,1.2493790818515809,1.5501692295074463,1.5501692295074463
20190204_sample_10,Pvalb,1.2877113369702682,1.1734620332717896,1.1734620332717896
20190204_sample_11,Sst,1.6731862836464932,1.7842189073562622,1.7842189073562622
20190204_sample_14,Sst,1.906176887886436,1.4694292545318604,1.4694292545318604
20190204_sample_15,Sst,1.7147461782305462,2.2600834369659424,2.2600834369659424
20190204_sample_16,Sst,1.4693790010940522,1.7827306985855103,1.7827306985855103
20190204_sample_17,Sst,1.4308216514112553,2.1461145877838135,2.1461145877838135
20190204_sample_18,Sst,1.9443559792605545,2.151115894317627,2.151115894317627
20190204_sample_19,low quality,1.332198572904462,2.4377050399780273,2.4377050399780273
20190204_sample_20,low quality,1.4034691541174962,2.3073394298553467,2.3073394298553467
20190204_sample_21,Pvalb,1.0996594374987785,1.5844192504882812,1.5844192504882812
20190204_sample_22,IT,3.7105751621636,3.76857852935791,3.76857852935791
20190204_sample_24,CT,3.880378211948976,4.070888519287109,4.070888519287109
20190205_sample_1,Pvalb,1.240388730815271,2.031670570373535,2.031670570373535
20190205_sample_2,Sst,2.386109891162853,1.731412410736084,1.731412410736084
20190205_sample_3,low quality,1.5615183238758723,2.389519691467285,2.389519691467285
20190205_sample_4,Sst,2.302847817312872,1.7923681735992432,1.7923681735992432
20190205_sample_5,Sst,1.7696288186610354,2.6613080501556396,2.6613080501556396
20190205_sample_6,Sst,1.332123436451527,1.6405155658721924,1.6405155658721924
20190205_sample_7,Pvalb,0.9963454983123792,1.0252195596694946,1.0252195596694946
20190211_sample_1,Pvalb,1.2102631473851049,1.179102897644043,1.179102897644043
20190211_sample_2,IT,3.283423153176737,4.43719482421875,4.43719482421875
20190211_sample_3,Pvalb,1.1213243222198768,1.447035789489746,1.447035789489746
20190211_sample_4,IT,4.119821133567738,4.029008865356445,4.029008865356445
20190211_sample_6,Pvalb,1.0134725510421778,1.105891466140747,1.105891466140747
20190211_sample_8,Pvalb,1.329280496647978,2.406141519546509,2.406141519546509
20190211_sample_9,Pvalb,1.360533541205403,1.201279878616333,1.201279878616333
20190211_sample_11,Pvalb,1.2201198881176938,2.162431240081787,2.162431240081787
20190211_sample_12,low quality,1.1761255573565463,2.438586711883545,2.438586711883545
20190212_sample_1,Sst,1.8344655562370853,1.7114306688308716,1.7114306688308716
20190212_sample_4,Sst,1.8529733534488944,2.7943220138549805,2.7943220138549805
20190212_sample_5,Sst,2.1011024881930966,2.752823829650879,2.752823829650879
20190212_sample_6,Sst,2.089811916444284,2.4154632091522217,2.4154632091522217
20190212_sample_7,Sst,1.910285461622886,2.2614328861236572,2.2614328861236572
20190212_sample_8,Sst,2.096277556880506,1.8622729778289795,1.8622729778289795
20190213_sample_1,Pvalb,1.2405578845786476,1.1897696256637573,1.1897696256637573
20190213_sample_4,Pvalb,1.1762587551016743,1.3659559488296509,1.3659559488296509
20190213_sample_7,Pvalb,1.2470575199063372,0.9824999570846558,0.9824999570846558
20190213_sample_8,Pvalb,1.3141486029931075,1.4628045558929443,1.4628045558929443
20190214_sample_1,Pvalb,1.1897255775086946,1.9195133447647095,1.9195133447647095
20190214_sample_2,Pvalb,1.0783179349991976,1.915681004524231,1.915681004524231
20190214_sample_3,Pvalb,1.17392824904022,1.611424446105957,1.611424446105957
20190214_sample_6,Pvalb,0.8891804480593378,2.3179287910461426,2.3179287910461426
20190214_sample_9,Pvalb,1.1277398560099006,1.9109761714935303,1.9109761714935303
20190218_sample_3,Sst,1.792534265195967,2.0753955841064453,2.0753955841064453
20190218_sample_4,Sst,2.12840375279482,2.051377058029175,2.051377058029175
20190218_sample_5,Sst,1.68963388072011,1.778562307357788,1.778562307357788
20190219_sample_1,Vip,2.3583411509262158,2.7713966369628906,2.7713966369628906
20190219_sample_3,Sncg,2.036717701362116,2.1898751258850098,2.1898751258850098
20190219_sample_4,Vip,2.986292890973706,2.8216142654418945,2.8216142654418945
20190219_sample_7,Vip,1.8617749053034296,3.00449800491333,3.00449800491333
20190219_sample_8,IT,3.82091422028704,3.40708327293396,3.40708327293396
20190221_sample_1,Sst,1.977570528061518,2.2491471767425537,2.2491471767425537
20190221_sample_2,Sst,1.6185953146910703,2.2989165782928467,2.2989165782928467
20190221_sample_4,Sst,1.3851869473246714,2.054670572280884,2.054670572280884
20190221_sample_10,Sst,1.761730247874361,1.5960079431533813,1.5960079431533813
20190221_sample_11,Pvalb,1.3685602337139573,1.5321160554885864,1.5321160554885864
20190222_sample_2,CT,2.9042636484697293,4.187389850616455,4.187389850616455
20190222_sample_3,IT,3.576026370992576,4.816007614135742,4.816007614135742
20190222_sample_4,CT,4.325669379582697,2.718709945678711,2.718709945678711
20190222_sample_5,CT,3.136182449044568,4.222494125366211,4.222494125366211
20190222_sample_7,Vip,2.0636363605373997,2.1602840423583984,2.1602840423583984
20190222_sample_8,IT,4.147861008539868,4.821014881134033,4.821014881134033
20190226_sample_1,Pvalb,1.3189190728576288,1.7844274044036865,1.7844274044036865
20190226_sample_2,Lamp5,2.825929510074576,2.261766195297241,2.261766195297241
20190226_sample_3,CT,4.171800073642619,3.408367872238159,3.408367872238159
20190226_sample_5,IT,3.987880741732994,5.006649971008301,5.006649971008301
20190226_sample_6,IT,4.371668793284406,4.065509796142578,4.065509796142578
20190226_sample_7,Lamp5,2.6904076830945964,2.5264832973480225,2.5264832973480225
20190226_sample_9,Pvalb,1.1392185139617412,1.4598273038864136,1.4598273038864136
20190227_sample_1,Sst,1.8533133680501448,2.0259673595428467,2.0259673595428467
20190227_sample_2,Sst,1.911882971019058,1.6639535427093506,1.6639535427093506
20190227_sample_3,Sst,1.836705793290561,1.5835620164871216,1.5835620164871216
20190227_sample_4,Sst,2.1117479030423003,2.1494126319885254,2.1494126319885254
20190227_sample_5,Sst,1.8113896575362165,1.9533567428588867,1.9533567428588867
20190227_sample_6,Sst,2.629039336235504,2.0774428844451904,2.0774428844451904
20190227_sample_7,Pvalb,1.0708337296571375,1.3190665245056152,1.3190665245056152
20190318_sample_3,Sst,1.9307536168762915,1.736019253730774,1.736019253730774
20190318_sample_4,Sst,1.4217639575791143,1.5337220430374146,1.5337220430374146
20190318_sample_5,Sst,2.0436647969404143,1.7551465034484863,1.7551465034484863
20190318_sample_6,Sst,2.2343432407573145,1.742637276649475,1.742637276649475
20190320_sample_4,IT,3.909176925898679,4.467533588409424,4.467533588409424
20190320_sample_5,CT,2.3393713142658465,4.768047332763672,4.768047332763672
20190320_sample_6,CT,2.705694104197203,3.4912095069885254,3.4912095069885254
20190320_sample_9,IT,3.57818283344005,3.5121383666992188,3.5121383666992188
20190321_sample_2,low quality,3.450576677115971,3.7657217979431152,3.7657217979431152
20190321_sample_4,IT,5.140495796146911,4.5901594161987305,4.5901594161987305
20190321_sample_6,CT,3.519084887314777,4.1727142333984375,4.1727142333984375
20190322_sample_1,IT,5.920795582540461,4.718807220458984,4.718807220458984
20190322_sample_2,IT,5.343425815693218,4.550936222076416,4.550936222076416
20190322_sample_3,CT,3.6983968691388034,3.7772679328918457,3.7772679328918457
20190322_sample_4,CT,3.3857025869110613,4.947017669677734,4.947017669677734
20190325_sample_1,Lamp5,3.4464867729432958,2.5298755168914795,2.5298755168914795
20190325_sample_2,low quality,1.0981475066291415,2.214067220687866,2.214067220687866
20190325_sample_3,IT,4.6484034845826185,4.443343639373779,4.443343639373779
20190325_sample_4,CT,2.682387175782341,4.695727348327637,4.695727348327637
20190325_sample_5,CT,3.426593734058378,4.077614784240723,4.077614784240723
20190325_sample_6,CT,3.536160803063737,3.7274346351623535,3.7274346351623535
20190325_sample_7,IT,4.394728351088144,4.161426067352295,4.161426067352295
20190325_sample_9,CT,3.037040046340469,3.3123316764831543,3.3123316764831543
20190326_sample_1,CT,3.0752303244525647,3.8904354572296143,3.8904354572296143
20190326_sample_2,Vip,2.500546739071696,2.3738560676574707,2.3738560676574707
20190326_sample_3,Vip,2.1309220698109885,2.78342342376709,2.78342342376709
20190326_sample_4,CT,2.6733151834267863,3.3372302055358887,3.3372302055358887
20190327_sample_1,CT,5.212198703926924,2.8243331909179688,2.8243331909179688
20190327_sample_2,IT,6.330771116152644,4.264217376708984,4.264217376708984
20190327_sample_4,CT,3.296260467198078,4.356457710266113,4.356457710266113
20190327_sample_7,Vip,1.3612657249013318,2.525686740875244,2.525686740875244
20190328_sample_1,CT,4.8227440004348034,2.8679416179656982,2.8679416179656982
20190328_sample_2,CT,3.1800027395650194,3.095675468444824,3.095675468444824
20190328_sample_3,CT,3.284326863585115,3.954653263092041,3.954653263092041
20190328_sample_4,CT,3.851041529516539,4.128173351287842,4.128173351287842
20190328_sample_5,CT,2.745803889363909,4.956567764282227,4.956567764282227
20190328_sample_6,CT,3.370048894552447,3.7760066986083984,3.7760066986083984
20190328_sample_8,IT,4.436108060707284,4.038753032684326,4.038753032684326
20190328_sample_9,CT,4.311914362448782,2.915360450744629,2.915360450744629
20190329_sample_3,CT,3.032312523975365,3.4762938022613525,3.4762938022613525
20190329_sample_4,CT,2.9537310235129297,4.055373191833496,4.055373191833496
20190329_sample_5,CT,2.8429540881557784,4.13972806930542,4.13972806930542
20190402_sample_2,CT,2.85406678597721,3.9045467376708984,3.9045467376708984
20190402_sample_3,IT,4.012505404766074,2.9802026748657227,2.9802026748657227
20190402_sample_5,low quality,3.1429473196451374,3.0156919956207275,3.0156919956207275
20190402_sample_6,Vip,2.60319446308718,2.5701863765716553,2.5701863765716553
20190403_sample_3,low quality,2.668536712981703,2.8151421546936035,2.8151421546936035
20190403_sample_5,IT,3.7956291841145418,4.650211334228516,4.650211334228516
20190403_sample_6,Sst,2.230184099637851,1.6911277770996094,1.6911277770996094
20190403_sample_7,Sst,1.792949137145352,2.1476011276245117,2.1476011276245117
20190408_sample_1,Pvalb,1.2132717498958754,1.1201924085617065,1.1201924085617065
20190408_sample_2,Sst,1.7792210372734174,2.2818849086761475,2.2818849086761475
20190408_sample_5,Sst,1.851901783951528,2.6938958168029785,2.6938958168029785
20190408_sample_6,Sst,2.0554212619822367,2.4631381034851074,2.4631381034851074
20190409_sample_2,low quality,1.927436351403743,2.7672247886657715,2.7672247886657715
20190409_sample_3,low quality,3.3087845681692363,2.559485912322998,2.559485912322998
20190409_sample_4,Sst,2.1279797619404954,1.853153944015503,1.853153944015503
20190409_sample_5,CT,3.188810948569294,3.827333927154541,3.827333927154541
20190409_sample_7,Sst,1.5906869814502735,2.4756064414978027,2.4756064414978027
20190409_sample_8,CT,3.8553550855328935,3.493250846862793,3.493250846862793
20190409_sample_9,IT,3.548831638877456,4.862752914428711,4.862752914428711
20190409_sample_10,CT,4.232686946449873,3.6201345920562744,3.6201345920562744
20190409_sample_11,IT,4.449496716300538,4.312257289886475,4.312257289886475
20190410_sample_3,CT,2.596984178647185,3.3218607902526855,3.3218607902526855
20190410_sample_4,Sst,2.612768884868516,2.531874656677246,2.531874656677246
20190410_sample_6,IT,5.276536366940562,4.491995811462402,4.491995811462402
20190410_sample_7,CT,3.791345273118705,4.2468719482421875,4.2468719482421875
20190410_sample_10,CT,5.257379652773906,2.665983200073242,2.665983200073242
20190411_sample_1,CT,2.960447558921709,3.094120502471924,3.094120502471924
20190411_sample_3,low quality,1.120043776353154,2.2828588485717773,2.2828588485717773
20190411_sample_5,CT,2.659988416117473,3.3620119094848633,3.3620119094848633
20190411_sample_6,Pvalb,1.5907692355143008,1.156825304031372,1.156825304031372
20190411_sample_8,CT,3.675296797920162,3.526165723800659,3.526165723800659
20190412_sample_1,Pvalb,1.1277288218043522,1.3857460021972656,1.3857460021972656
20190412_sample_3,IT,3.5316334190229863,3.699195623397827,3.699195623397827
20190412_sample_6,Pvalb,1.2950056746532477,1.8474559783935547,1.8474559783935547
20190415_sample_1,Pvalb,1.2780373604295223,0.8312075138092041,0.8312075138092041
20190415_sample_3,CT,3.627409369547269,3.7272706031799316,3.7272706031799316
20190415_sample_4,IT,5.267914154690378,4.8706955909729,4.8706955909729
20190415_sample_6,CT,3.281242474188442,3.835582733154297,3.835582733154297
20190415_sample_8,Sst,3.8359849288114174,1.6916768550872803,1.6916768550872803
20190415_sample_10,IT,4.767039805200567,4.708342552185059,4.708342552185059
20190416_sample_3,CT,3.148604670728915,3.7482142448425293,3.7482142448425293
20190416_sample_4,Pvalb,1.1946505609075644,1.8095146417617798,1.8095146417617798
20190416_sample_5,Sst,1.5579787616688026,1.9557156562805176,1.9557156562805176
20190416_sample_6,IT,4.290266443339646,4.038266181945801,4.038266181945801
20190416_sample_7,Sncg,2.239591392865318,2.1445119380950928,2.1445119380950928
20190416_sample_8,Pvalb,1.2049450272153592,0.8838481903076172,0.8838481903076172
20190416_sample_9,IT,4.367668496590984,4.756026268005371,4.756026268005371
20190416_sample_10,CT,4.2276843431857625,2.853875160217285,2.853875160217285
20190417_sample_2,CT,4.00128362666622,3.4155945777893066,3.4155945777893066
20190417_sample_3,CT,3.260116658538235,2.5133020877838135,2.5133020877838135
20190417_sample_4,Sst,2.3743449082799595,1.7338907718658447,1.7338907718658447
20190417_sample_5,Sst,1.2381598954073536,2.455580234527588,2.455580234527588
20190417_sample_9,CT,4.03015872419408,3.7943859100341797,3.7943859100341797
20190417_sample_10,Sst,2.3298238104597417,2.2161457538604736,2.2161457538604736
20190418_sample_2,Sst,1.9705624313410035,2.486600399017334,2.486600399017334
20190418_sample_4,CT,4.283534676757942,4.003478527069092,4.003478527069092
20190418_sample_5,IT,5.322649163344671,4.5334153175354,4.5334153175354
20190418_sample_7,CT,3.7289586357096542,4.202359199523926,4.202359199523926
20190418_sample_8,Pvalb,1.420592629623986,2.0488510131835938,2.0488510131835938
20190418_sample_9,CT,4.933932974971733,2.670969247817993,2.670969247817993
20190418_sample_10,CT,3.3782987409129426,2.8891003131866455,2.8891003131866455
20190422_sample_1,Pvalb,1.3592482237820047,1.4708728790283203,1.4708728790283203
20190422_sample_4,Pvalb,1.2672251541065396,2.246091842651367,2.246091842651367
20190422_sample_5,Pvalb,1.5818704892229325,1.6968886852264404,1.6968886852264404
20190422_sample_6,CT,3.6806069142010993,3.9624366760253906,3.9624366760253906
20190422_sample_7,IT,3.922999865858891,4.4917097091674805,4.4917097091674805
20190422_sample_8,Pvalb,1.2982744157272783,1.4018945693969727,1.4018945693969727
20190422_sample_10,CT,4.118053519703647,3.8438758850097656,3.8438758850097656
20190423_sample_1,IT,4.743251508248846,4.00588321685791,4.00588321685791
20190423_sample_3,CT,3.645175633944876,2.546673536300659,2.546673536300659
20190423_sample_5,CT,4.36317990702564,2.897268295288086,2.897268295288086
20190423_sample_7,CT,2.847746247727808,3.9940905570983887,3.9940905570983887
20190423_sample_8,Pvalb,1.1919025411360062,2.0702226161956787,2.0702226161956787
20190423_sample_10,Pvalb,1.2115981520422363,1.2270255088806152,1.2270255088806152
20190424_sample_1,CT,3.0982316368952905,3.35050106048584,3.35050106048584
20190424_sample_2,Pvalb,1.3518609931696492,1.3698207139968872,1.3698207139968872
20190424_sample_3,CT,3.1847223164359786,3.817561626434326,3.817561626434326
20190424_sample_4,CT,2.912790627050633,4.414166450500488,4.414166450500488
20190424_sample_5,CT,3.32520900612037,3.2344696521759033,3.2344696521759033
20190424_sample_6,IT,5.64108496880863,4.358294486999512,4.358294486999512
20190424_sample_7,Lamp5,2.563984134713919,2.1481618881225586,2.1481618881225586
20190425_sample_1,IT,4.249177962766354,4.234527587890625,4.234527587890625
20190425_sample_4,Lamp5,3.2397003885010505,2.2424213886260986,2.2424213886260986
20190425_sample_6,Sst,1.9513397598444515,1.5778391361236572,1.5778391361236572
20190425_sample_7,IT,3.2331766882309845,3.9588866233825684,3.9588866233825684
20190425_sample_8,CT,3.514933312837691,3.7724618911743164,3.7724618911743164
20190425_sample_9,CT,4.0126365057974605,2.6828250885009766,2.6828250885009766
20190425_sample_12,CT,3.206868819616031,3.4430737495422363,3.4430737495422363
20190425_sample_13,CT,3.581474476187088,4.023319721221924,4.023319721221924
20190425_sample_14,CT,3.3805184409510005,3.69185471534729,3.69185471534729
20190425_sample_16,IT,4.226497392127849,4.720425128936768,4.720425128936768
20190429_sample_1,Pvalb,1.0937042666589023,1.5348302125930786,1.5348302125930786
20190429_sample_4,Pvalb,1.24332142338378,1.2397643327713013,1.2397643327713013
20190429_sample_5,Pvalb,0.9482281019081904,1.8283921480178833,1.8283921480178833
20190429_sample_6,Pvalb,1.4001268971544698,1.76318359375,1.76318359375
20190429_sample_7,CT,2.954642995212999,4.53693151473999,4.53693151473999
20190430_sample_1,Vip,2.1077208428383143,1.9675219058990479,1.9675219058990479
20190430_sample_3,Vip,1.7276158431476625,2.3447303771972656,2.3447303771972656
20190430_sample_4,Vip,2.627677779359012,2.4364113807678223,2.4364113807678223
20190430_sample_5,Vip,2.151648611013391,2.6857283115386963,2.6857283115386963
20190430_sample_6,Vip,1.8070791828255264,2.1315066814422607,2.1315066814422607
20190430_sample_7,IT,3.6908804872702974,4.3076066970825195,4.3076066970825195
20190430_sample_8,Vip,3.0891788556525053,3.2255334854125977,3.2255334854125977
20190430_sample_9,IT,4.542999197395679,4.590543270111084,4.590543270111084
20190430_sample_10,IT,5.148036866303592,4.493520736694336,4.493520736694336
20190501_sample_1,Vip,1.8839325215403369,2.3106563091278076,2.3106563091278076
20190501_sample_3,Vip,1.8802396104606265,2.601940393447876,2.601940393447876
20190501_sample_4,Vip,1.5492486343083502,2.717275381088257,2.717275381088257
20190501_sample_5,CT,3.147055927307856,3.8494439125061035,3.8494439125061035
20190501_sample_6,Vip,2.883405208027778,2.744839668273926,2.744839668273926
20190501_sample_7,Pvalb,0.9719446637730288,1.1353421211242676,1.1353421211242676
20190501_sample_8,Vip,2.1371161179713343,2.4832918643951416,2.4832918643951416
20190501_sample_9,Pvalb,1.0620673380476404,0.9475716352462769,0.9475716352462769
20190501_sample_11,Pvalb,0.9296905749361886,2.0148582458496094,2.0148582458496094
20190501_sample_12,IT,4.07340571418086,4.183265686035156,4.183265686035156
20190501_sample_14,Pvalb,1.215954516617605,0.9789072275161743,0.9789072275161743
20190503_sample_1,Vip,2.164231065621393,2.1491122245788574,2.1491122245788574
20190503_sample_3,Vip,2.2358307076036232,2.422145128250122,2.422145128250122
20190506_sample_1,Vip,1.975348038222755,2.285919189453125,2.285919189453125
20190506_sample_2,Vip,1.7865786021598171,2.595311403274536,2.595311403274536
20190506_sample_3,Vip,1.6251803482789278,2.584446907043457,2.584446907043457
20190506_sample_4,CT,2.136146365105956,3.878688335418701,3.878688335418701
20190506_sample_5,Vip,1.6623161314758168,2.5635881423950195,2.5635881423950195
20190506_sample_6,CT,2.357790793318847,3.0995988845825195,3.0995988845825195
20190506_sample_7,Vip,1.1956065645791218,1.9883408546447754,1.9883408546447754
20190507_sample_2,Vip,1.7579549277809263,2.0749313831329346,2.0749313831329346
20190507_sample_3,CT,1.9649307708304224,3.6323866844177246,3.6323866844177246
20190507_sample_4,Vip,2.613593188845246,2.344294786453247,2.344294786453247
20190507_sample_5,Vip,2.027068251545494,2.046469211578369,2.046469211578369
20190507_sample_6,Vip,1.6505504428677495,2.0955848693847656,2.0955848693847656
20190508_sample_1,Lamp5,2.279819433338874,2.638819932937622,2.638819932937622
20190508_sample_2,Sst,2.0353413006940824,2.1059188842773438,2.1059188842773438
20190508_sample_3,Lamp5,2.802155280733732,2.3854916095733643,2.3854916095733643
20190508_sample_4,Sst,1.6957890811782064,2.2392659187316895,2.2392659187316895
20190508_sample_5,low quality,1.83902430020156,2.4647252559661865,2.4647252559661865
20190508_sample_6,Pvalb,1.2215039534626462,1.8063764572143555,1.8063764572143555
20190508_sample_7,Sst,2.0104801299436166,1.9415481090545654,1.9415481090545654
20190509_sample_2,Vip,3.2869024024875326,2.738109827041626,2.738109827041626
20190509_sample_3,Lamp5,2.104973913809544,2.642094135284424,2.642094135284424
20190509_sample_4,Vip,2.236879784668221,2.35899019241333,2.35899019241333
20190509_sample_5,Lamp5,2.2004470603748745,2.3625237941741943,2.3625237941741943
20190509_sample_9,Vip,2.68443398256584,2.4891037940979004,2.4891037940979004
20190513_sample_1,Lamp5,1.6735161890175936,2.4347636699676514,2.4347636699676514
20190513_sample_2,Vip,3.005340145447934,2.6897482872009277,2.6897482872009277
20190513_sample_3,Vip,1.2725834292589997,2.5944817066192627,2.5944817066192627
20190513_sample_4,Vip,1.7113271579281792,2.6687350273132324,2.6687350273132324
20190513_sample_5,Lamp5,1.449450757393937,2.2046117782592773,2.2046117782592773
20190514_sample_2,Pvalb,1.3765610258306655,0.9869812726974487,0.9869812726974487
20190514_sample_4,Lamp5,2.667694648081616,2.492884874343872,2.492884874343872
20190514_sample_7,Lamp5,3.221154599515902,2.144105911254883,2.144105911254883
20190514_sample_8,Pvalb,1.3516582259014946,0.9990744590759277,0.9990744590759277
20190515_sample_1,Lamp5,2.255186630782649,2.21508526802063,2.21508526802063
20190515_sample_2,low quality,2.278299767232487,2.5238773822784424,2.5238773822784424
20190515_sample_3,low quality,1.6264183250882935,2.9603500366210938,2.9603500366210938
20190515_sample_4,Vip,2.829099604651508,2.352585792541504,2.352585792541504
20190515_sample_5,Lamp5,2.123908713137129,2.385049343109131,2.385049343109131
20190515_sample_6,Vip,1.9185576121121168,2.4299967288970947,2.4299967288970947
20190515_sample_7,Lamp5,1.888634135637524,1.9891374111175537,1.9891374111175537
20190515_sample_8,Vip,2.804011638773255,3.0944650173187256,3.0944650173187256
20190515_sample_9,Lamp5,1.949780712329715,2.475783109664917,2.475783109664917
20190515_sample_10,Vip,2.745369209234192,3.2513084411621094,3.2513084411621094
20190515_sample_11,Lamp5,2.4793031954866613,2.4029364585876465,2.4029364585876465
20190515_sample_12,Vip,2.546978389035536,2.4868664741516113,2.4868664741516113
20190515_sample_13,Vip,1.594923601731471,2.313796281814575,2.313796281814575
20190515_sample_14,Vip,2.749495305554144,2.4227757453918457,2.4227757453918457
20190515_sample_15,Lamp5,3.4038712779532765,2.0982778072357178,2.0982778072357178
20190516_sample_2,Sst,2.52427040840536,2.034472703933716,2.034472703933716
20190516_sample_3,Lamp5,1.7625514677502163,2.242116928100586,2.242116928100586
20190516_sample_4,Sst,1.9101444630137048,1.7926757335662842,1.7926757335662842
20190516_sample_5,Lamp5,2.6351856577667747,2.347323417663574,2.347323417663574
20190516_sample_6,Sst,2.253689551821392,2.099470853805542,2.099470853805542
20190522_sample_1,Lamp5,2.8700493079313127,2.1210241317749023,2.1210241317749023
20190528_sample_2,Vip,2.9190634065602943,2.596097946166992,2.596097946166992
20190528_sample_4,Vip,1.5946424979132845,2.1859846115112305,2.1859846115112305
20190528_sample_6,Vip,2.368473613685754,2.8072779178619385,2.8072779178619385
20190528_sample_7,Lamp5,1.3775376786045523,2.58614444732666,2.58614444732666
20190528_sample_8,Vip,1.856922734354298,2.4417362213134766,2.4417362213134766
20190528_sample_9,Vip,2.534989934023053,2.755913734436035,2.755913734436035
20190529_sample_2,Vip,1.9070569643732431,2.541914224624634,2.541914224624634
20190529_sample_3,Sncg,2.871523865905084,2.4985790252685547,2.4985790252685547
20190529_sample_6,Vip,1.6295298080125729,2.391749620437622,2.391749620437622
20190603_sample_1,Lamp5,1.807432684873856,2.400265693664551,2.400265693664551
20190603_sample_2,Vip,2.870337610093191,2.518519639968872,2.518519639968872
20190603_sample_3,Vip,1.952504548193729,2.486361265182495,2.486361265182495
20190603_sample_4,Vip,2.640039181109324,2.6786105632781982,2.6786105632781982
20190603_sample_5,Lamp5,4.51440626985084,2.355195999145508,2.355195999145508
20190603_sample_6,Lamp5,4.387705314548717,2.4175028800964355,2.4175028800964355
20190603_sample_7,Lamp5,2.426748705588716,2.3329195976257324,2.3329195976257324
20190603_sample_9,Sncg,2.3682808080351427,2.197997570037842,2.197997570037842
20190603_sample_10,Vip,2.8893144348528743,2.894050121307373,2.894050121307373
20190604_sample_2,Pvalb,1.231846921243576,1.380082368850708,1.380082368850708
20190604_sample_4,Lamp5,2.8059047179153564,2.1642112731933594,2.1642112731933594
20190604_sample_6,Lamp5,4.704557975439842,2.2781870365142822,2.2781870365142822
20190604_sample_8,Pvalb,1.2175734697392202,1.5337527990341187,1.5337527990341187
20190604_sample_12,IT,4.621508466510461,4.846954345703125,4.846954345703125
20190605_sample_1,low quality,2.7242188600228263,2.667180061340332,2.667180061340332
20190605_sample_2,Vip,2.37653723302039,2.1878743171691895,2.1878743171691895
20190605_sample_4,Vip,2.5610806420734105,2.3229422569274902,2.3229422569274902
20190605_sample_5,Lamp5,2.671977560059534,2.521580934524536,2.521580934524536
20190605_sample_6,Vip,2.3490725146206124,2.115845203399658,2.115845203399658
20190606_sample_1,Pvalb,1.201608400174632,1.5424903631210327,1.5424903631210327
20190606_sample_2,Pvalb,1.2622604967477613,1.6782664060592651,1.6782664060592651
20190606_sample_3,Pvalb,1.2839040061607463,2.7541143894195557,2.7541143894195557
20190606_sample_5,Pvalb,1.351389151169682,1.9243667125701904,1.9243667125701904
20190606_sample_6,IT,5.296260728792995,5.078299522399902,5.078299522399902
20190606_sample_7,low quality,1.2668181795825462,2.0219969749450684,2.0219969749450684
20190606_sample_9,Sst,1.7280374763497897,2.209508180618286,2.209508180618286
20190607_sample_2,Sst,2.396962823801352,1.866779088973999,1.866779088973999
20190607_sample_3,Lamp5,2.5555706266998066,2.317152261734009,2.317152261734009
20190607_sample_5,low quality,1.168579852810271,2.3407163619995117,2.3407163619995117
20190610_sample_1,Sst,1.6808582575017832,1.7009185552597046,1.7009185552597046
20190610_sample_2,Pvalb,1.6177222084616176,1.9008595943450928,1.9008595943450928
20190610_sample_3,Lamp5,3.177208319159548,2.2142038345336914,2.2142038345336914
20190610_sample_4,Pvalb,1.6632071746569417,1.6298918724060059,1.6298918724060059
20190610_sample_5,low quality,1.2404726911413206,2.7535877227783203,2.7535877227783203
20190610_sample_7,low quality,2.684972259133097,2.3328373432159424,2.3328373432159424
20190610_sample_8,Pvalb,1.592812123484947,2.215611219406128,2.215611219406128
20190610_sample_9,Lamp5,3.159109330885616,2.466359853744507,2.466359853744507
20190610_sample_10,Pvalb,1.659447873885377,2.4533214569091797,2.4533214569091797
20190610_sample_12,Pvalb,1.4049512405934954,1.6253972053527832,1.6253972053527832
20190610_sample_16,Lamp5,3.168391927732946,2.1260454654693604,2.1260454654693604
20190610_sample_18,Vip,2.1404222965415007,2.614179849624634,2.614179849624634
20190611_sample_1,IT,3.079796257137469,3.4241273403167725,3.4241273403167725
20190611_sample_3,Lamp5,3.196957905585073,2.2337145805358887,2.2337145805358887
20190611_sample_4,Sst,1.5131871125446816,1.8027851581573486,1.8027851581573486
20190611_sample_5,low quality,1.9870977498183195,3.1350409984588623,3.1350409984588623
20190611_sample_7,Lamp5,2.661237507801608,2.626516819000244,2.626516819000244
20190611_sample_8,Sst,2.1696841827829623,2.2040510177612305,2.2040510177612305
20190611_sample_10,Sst,1.6920144151413046,1.6898175477981567,1.6898175477981567
20190611_sample_11,IT,0.9641663107650776,1.4693341255187988,1.4693341255187988
20190611_sample_14,Sncg,1.833177917236565,2.1139049530029297,2.1139049530029297
20190611_sample_15,Lamp5,2.665009900599914,2.033146381378174,2.033146381378174
20190612_sample_1,Lamp5,5.2015575340927205,2.30556583404541,2.30556583404541
20190612_sample_2,Pvalb,1.2902286851062803,1.6904808282852173,1.6904808282852173
20190612_sample_4,Vip,2.9393317339547385,2.496534824371338,2.496534824371338
20190612_sample_6,Pvalb,1.5325205483567923,1.9494872093200684,1.9494872093200684
20190612_sample_7,Lamp5,3.04764051780685,1.983316421508789,1.983316421508789
20190612_sample_8,Lamp5,3.454962862802512,2.2211508750915527,2.2211508750915527
20190613_sample_2,Sst,2.2941373515822674,2.171748399734497,2.171748399734497
20190613_sample_3,Sst,2.009674014981407,1.7816481590270996,1.7816481590270996
20190613_sample_4,Sst,1.965987427597668,2.030524730682373,2.030524730682373
20190613_sample_6,Pvalb,1.289522533288032,1.346604347229004,1.346604347229004
20190613_sample_7,Sst,2.305097239248368,1.669309377670288,1.669309377670288
20190613_sample_8,Pvalb,1.136996490694807,1.0886505842208862,1.0886505842208862
20190613_sample_9,Sst,1.5614303109736094,2.4058616161346436,2.4058616161346436
20190613_sample_10,Sst,2.302360968365167,1.7858061790466309,1.7858061790466309
20190614_sample_2,Vip,2.241501699309242,2.3456532955169678,2.3456532955169678
20190614_sample_3,Lamp5,2.184011005467875,2.4960451126098633,2.4960451126098633
20190614_sample_4,Vip,2.393373537646011,2.4475457668304443,2.4475457668304443
20190614_sample_6,Vip,2.704594258015702,2.618499279022217,2.618499279022217
20190614_sample_8,Vip,2.105294388175324,2.3731677532196045,2.3731677532196045
20190617_sample_1,Lamp5,4.040794888457831,2.5157265663146973,2.5157265663146973
20190617_sample_2,CT,3.5515716438268545,3.527050733566284,3.527050733566284
20190617_sample_3,Sst,1.2158309026794205,2.086625099182129,2.086625099182129
20190617_sample_4,Sst,1.969464527801748,1.829573392868042,1.829573392868042
20190617_sample_5,Sncg,2.4056494657118823,2.2315428256988525,2.2315428256988525
20190617_sample_6,Sst,1.931236844906656,2.2200794219970703,2.2200794219970703
20190618_sample_1,low quality,2.593991960717859,2.632805585861206,2.632805585861206
20190618_sample_2,Vip,2.668439218711564,2.5203487873077393,2.5203487873077393
20190618_sample_4,Vip,2.4559706120204265,2.524747848510742,2.524747848510742
20190618_sample_5,Vip,2.4442854394221296,2.5061070919036865,2.5061070919036865
20190618_sample_7,Lamp5,3.0991056440491485,1.830902099609375,1.830902099609375
20190618_sample_8,Lamp5,2.8932949408116397,2.3700530529022217,2.3700530529022217
20190619_sample_1,Lamp5,3.909208053538992,2.292163848876953,2.292163848876953
20190619_sample_3,Pvalb,1.333323066470051,1.3092135190963745,1.3092135190963745
20190619_sample_4,Pvalb,1.3663112940248523,2.9058492183685303,2.9058492183685303
20190619_sample_5,Pvalb,1.3685747461648663,1.4837521314620972,1.4837521314620972
20190619_sample_6,Lamp5,4.151259485980186,2.2340052127838135,2.2340052127838135
20190620_sample_1,Lamp5,3.5595129173455846,2.1709940433502197,2.1709940433502197
20190620_sample_2,Sst,2.1878133888933493,2.029972553253174,2.029972553253174
20190620_sample_5,Sst,2.081382456404808,2.0748915672302246,2.0748915672302246
20190620_sample_6,Sst,3.16545207263588,2.355292797088623,2.355292797088623
20190620_sample_8,Pvalb,1.193021169926987,1.597113013267517,1.597113013267517
20190624_sample_1,Sst,1.4767902043468497,1.2639851570129395,1.2639851570129395
20190624_sample_2,Sst,2.5617317185860347,2.0871694087982178,2.0871694087982178
20190624_sample_3,Sst,1.829494290015938,2.0910491943359375,2.0910491943359375
20190624_sample_4,Pvalb,1.4593941864245177,1.2616918087005615,1.2616918087005615
20190624_sample_5,Sst,1.5120195305732742,1.9035691022872925,1.9035691022872925
20190624_sample_6,Sst,2.102144712751944,1.810868263244629,1.810868263244629
20190625_sample_1,Vip,2.345776256547449,2.436399221420288,2.436399221420288
20190625_sample_2,low quality,2.6358253102933684,2.686030387878418,2.686030387878418
20190625_sample_3,Vip,2.3132519766737585,2.3366708755493164,2.3366708755493164
20190625_sample_4,Vip,2.344860166822704,2.5897271633148193,2.5897271633148193
20190625_sample_5,Vip,2.122231078026858,2.245394468307495,2.245394468307495
20190625_sample_6,Lamp5,3.5180378908195995,2.1447877883911133,2.1447877883911133
20190625_sample_7,Vip,2.028552745997938,2.284350872039795,2.284350872039795
20190625_sample_8,Vip,2.580042005284094,2.6802866458892822,2.6802866458892822
20190625_sample_10,Vip,2.0209076459536472,1.8697364330291748,1.8697364330291748
20190625_sample_11,Vip,2.1913323275083885,2.292306900024414,2.292306900024414
20190625_sample_12,Vip,2.512867576354413,2.8895604610443115,2.8895604610443115
20190625_sample_13,Vip,4.010853566566993,3.067260265350342,3.067260265350342
20190626_sample_1,Vip,2.369876926722365,2.668645143508911,2.668645143508911
20190626_sample_4,low quality,2.2000968055681698,2.6581103801727295,2.6581103801727295
20190626_sample_5,Vip,2.8296420207859345,2.709803581237793,2.709803581237793
20190627_sample_1,CT,3.411620471182785,3.3884036540985107,3.3884036540985107
20190627_sample_2,Lamp5,3.025283747785356,2.262005090713501,2.262005090713501
20190627_sample_4,NP,3.186570081676133,2.7258834838867188,2.7258834838867188
20190627_sample_6,Pvalb,1.1889536250688997,1.987771987915039,1.987771987915039
20190627_sample_8,IT,3.7944906698236887,3.8141050338745117,3.8141050338745117
20190628_sample_1,Sst,2.263600968802665,2.0027971267700195,2.0027971267700195
20190628_sample_2,Pvalb,1.2257738088204069,1.617568016052246,1.617568016052246
20190628_sample_3,Sst,1.9699407758739027,2.2162628173828125,2.2162628173828125
20190628_sample_4,Sst,2.3246524633369083,2.078421115875244,2.078421115875244
20190628_sample_5,Sst,2.50579223633755,2.552581548690796,2.552581548690796
20190628_sample_6,Pvalb,1.2122129050538442,1.603270173072815,1.603270173072815
20190628_sample_7,Sst,1.7082715399238422,2.0612740516662598,2.0612740516662598
20190703_sample_1,Pvalb,1.122747662012341,1.2906568050384521,1.2906568050384521
20190703_sample_2,Pvalb,1.1257816014929012,1.4648733139038086,1.4648733139038086
20190703_sample_3,Pvalb,1.0933379502714915,1.8158842325210571,1.8158842325210571
20190703_sample_5,Pvalb,1.1005917369320528,1.8945107460021973,1.8945107460021973
20190703_sample_6,Pvalb,1.1704603594425285,1.4940413236618042,1.4940413236618042
20190703_sample_8,Pvalb,1.2560132455611372,1.381482481956482,1.381482481956482
20190703_sample_10,Pvalb,1.1787932696802603,0.9811002016067505,0.9811002016067505
20190703_sample_12,Pvalb,1.374532176505311,1.2932310104370117,1.2932310104370117
20190703_sample_13,Sst,2.1139380843744204,2.0378310680389404,2.0378310680389404
20190703_sample_14,low quality,2.100856975147294,2.607501268386841,2.607501268386841
20190703_sample_15,Sst,1.7483232887946645,1.7438465356826782,1.7438465356826782
20190704_sample_2,Sst,1.4715579729042425,2.06937837600708,2.06937837600708
20190704_sample_12,Vip,2.472147253470112,2.4871065616607666,2.4871065616607666
20190704_sample_14,Vip,2.356164754684454,2.4625327587127686,2.4625327587127686
20190705_sample_1,Vip,2.3829173914361603,2.415388584136963,2.415388584136963
20190705_sample_3,Vip,2.6132325661870537,2.4371352195739746,2.4371352195739746
20190705_sample_4,Vip,2.1965276697648317,2.2896926403045654,2.2896926403045654
20190705_sample_5,Vip,2.374208822344257,2.8936853408813477,2.8936853408813477
20190705_sample_9,Vip,2.0409028353377594,2.507607936859131,2.507607936859131
20190708_sample_3,low quality,1.4665269723358785,3.2199385166168213,3.2199385166168213
20190708_sample_4,Pvalb,1.3186207822560387,1.565172553062439,1.565172553062439
20190708_sample_6,Vip,2.763374112952285,2.695228099822998,2.695228099822998
20190708_sample_7,Vip,2.7690564361859207,2.782654047012329,2.782654047012329
20190708_sample_8,IT,4.302194760468873,4.561907768249512,4.561907768249512
20190708_sample_12,Vip,2.2637971887273136,2.8138656616210938,2.8138656616210938
20190709_sample_1,Vip,2.3315891061971388,2.305755376815796,2.305755376815796
20190709_sample_2,Vip,2.926062090762231,2.4473519325256348,2.4473519325256348
20190709_sample_3,Vip,2.920797262956353,2.7064385414123535,2.7064385414123535
20190709_sample_8,Sncg,2.908565997719561,2.6842544078826904,2.6842544078826904
20190709_sample_10,Vip,2.759281920324504,2.7915520668029785,2.7915520668029785
20190709_sample_11,Vip,3.725568595304881,2.5010106563568115,2.5010106563568115
20190709_sample_12,Vip,2.4780703511697144,2.7837324142456055,2.7837324142456055
20190709_sample_13,Vip,2.6759483060614926,2.644528865814209,2.644528865814209
20190709_sample_14,Vip,2.195805188380011,2.3942551612854004,2.3942551612854004
20190710_sample_3,Sst,2.0487163820578718,2.1102347373962402,2.1102347373962402
20190710_sample_4,Sst,2.3408730984161505,2.3404734134674072,2.3404734134674072
20190710_sample_5,Sst,1.7955921567260642,1.6452224254608154,1.6452224254608154
20190710_sample_6,Sst,2.1994182344142543,1.8155467510223389,1.8155467510223389
20190710_sample_8,Vip,1.7614145687611291,2.2045083045959473,2.2045083045959473
20190710_sample_10,Vip,1.6209605803388087,2.5027103424072266,2.5027103424072266
20190712_sample_1,CT,5.332885997217535,4.224308490753174,4.224308490753174
20190712_sample_3,Sst,1.8122368990692816,1.6589603424072266,1.6589603424072266
20190712_sample_4,low quality,1.9509633180747776,2.3315398693084717,2.3315398693084717
20190712_sample_5,Lamp5,2.765457325534212,2.046393394470215,2.046393394470215
20190712_sample_6,Lamp5,3.5850145359109145,2.521052360534668,2.521052360534668
20190712_sample_7,Lamp5,3.2408147387464803,2.4105589389801025,2.4105589389801025
20190715_sample_1,Lamp5,4.10703951654883,3.0119075775146484,3.0119075775146484
20190715_sample_4,Lamp5,4.82919859148066,2.344788074493408,2.344788074493408
20190715_sample_5,Vip,2.1232401426296192,2.214524745941162,2.214524745941162
20190715_sample_6,Lamp5,4.873229104264636,2.5395829677581787,2.5395829677581787
20190715_sample_7,Vip,2.3988627090667207,2.134692907333374,2.134692907333374
20190715_sample_8,Lamp5,4.353889707001219,1.9389927387237549,1.9389927387237549
20190715_sample_9,Vip,2.3261237145321445,2.3119590282440186,2.3119590282440186
20190715_sample_10,Sncg,2.690365793055688,2.5401198863983154,2.5401198863983154
20190715_sample_11,Lamp5,3.47866676778777,1.9620497226715088,1.9620497226715088
20190716_sample_1,low quality,1.6792075372622883,2.1520769596099854,2.1520769596099854
20190716_sample_3,Sst,2.304740432023699,2.1913933753967285,2.1913933753967285
20190716_sample_5,Sst,1.7568567636963612,1.9352413415908813,1.9352413415908813
20190716_sample_7,Vip,2.229943930400737,2.5684664249420166,2.5684664249420166
20190716_sample_8,Lamp5,2.5597698990169198,2.2618653774261475,2.2618653774261475
20190716_sample_9,Vip,2.513915302923091,2.579244375228882,2.579244375228882
20190717_sample_1,Sst,2.0808088864148773,2.0036559104919434,2.0036559104919434
20190717_sample_2,Sst,2.106834845237251,1.6988437175750732,1.6988437175750732
20190717_sample_3,Sst,1.6723195709637964,1.9009101390838623,1.9009101390838623
20190718_sample_1,Vip,2.6805831932213637,2.5589234828948975,2.5589234828948975
20190718_sample_2,CT,4.116027243224136,3.2012622356414795,3.2012622356414795
20190718_sample_3,CT,5.839497222842361,2.527897834777832,2.527897834777832
20190718_sample_4,Vip,1.8733573807755568,2.620940923690796,2.620940923690796
20190718_sample_5,Vip,2.295000701569996,2.319892168045044,2.319892168045044
20190718_sample_6,Vip,2.137105778177854,2.2587180137634277,2.2587180137634277
20190718_sample_7,Vip,2.314973853494669,2.7915778160095215,2.7915778160095215
20190718_sample_8,Vip,2.659663689799423,2.3008344173431396,2.3008344173431396
20190718_sample_9,Vip,2.076386636054386,2.68757963180542,2.68757963180542
20190719_sample_1,CT,3.4039478270857657,3.2987923622131348,3.2987923622131348
20190719_sample_2,IT,4.328880994153711,4.182969093322754,4.182969093322754
20190719_sample_4,IT,5.141385217376466,4.193490982055664,4.193490982055664
20190719_sample_5,IT,5.22179250594506,4.158792495727539,4.158792495727539
20190719_sample_6,IT,4.535909446990023,4.62997579574585,4.62997579574585
20190719_sample_9,IT,4.636247662443691,4.530972480773926,4.530972480773926
20190719_sample_10,IT,4.8462917174701845,4.946033477783203,4.946033477783203
20190722_sample_1,CT,5.5958630469171,3.309964895248413,3.309964895248413
20190722_sample_6,CT,4.013657687552155,3.9026107788085938,3.9026107788085938
20190722_sample_7,low quality,4.577248055167791,2.967426300048828,2.967426300048828
20190722_sample_8,low quality,5.031193687052504,2.351553201675415,2.351553201675415
20190724_sample_1,Vip,2.7578622633208125,2.90685772895813,2.90685772895813
20190724_sample_2,CT,3.6685767374531086,3.625649929046631,3.625649929046631
20190724_sample_4,Vip,2.5483231432351574,2.304097890853882,2.304097890853882
20190724_sample_5,Vip,2.052337325882904,2.3261027336120605,2.3261027336120605
20190724_sample_6,IT,2.358416004208476,3.0063016414642334,3.0063016414642334
20190724_sample_9,Vip,2.1170898130883704,2.675203800201416,2.675203800201416
20190724_sample_10,Vip,2.2202775190753896,2.408153533935547,2.408153533935547
20190724_sample_12,Vip,2.5473427039585763,2.6759026050567627,2.6759026050567627
20190724_sample_16,low quality,3.8105837475720814,2.9428536891937256,2.9428536891937256
20190725_sample_1,Vip,2.011859408930293,2.3216609954833984,2.3216609954833984
20190725_sample_3,Vip,2.7860190222136545,2.8894686698913574,2.8894686698913574
20190725_sample_4,Sst,1.9693545246376685,2.217282295227051,2.217282295227051
20190725_sample_5,CT,5.230539482031575,3.4447336196899414,3.4447336196899414
20190725_sample_6,Vip,2.2612533297391133,2.673999547958374,2.673999547958374
20190725_sample_7,Vip,2.1527822997839148,2.48522686958313,2.48522686958313
20190725_sample_8,Vip,2.290525546041464,2.6983754634857178,2.6983754634857178
20190725_sample_9,Vip,2.0246363372276086,2.249581813812256,2.249581813812256
20190725_sample_10,low quality,2.5151669547165483,2.5197055339813232,2.5197055339813232
20190726_sample_1,Lamp5,4.642519059057326,2.3126132488250732,2.3126132488250732
20190726_sample_2,Pvalb,1.1904569655743509,1.349749207496643,1.349749207496643
20190726_sample_3,Lamp5,4.4682126585311055,2.2800707817077637,2.2800707817077637
20190726_sample_4,IT,3.698107796745141,3.940962553024292,3.940962553024292
20190726_sample_5,Lamp5,3.489037869492124,2.4922935962677,2.4922935962677
20190726_sample_6,Sst,1.5197641096089165,2.3220601081848145,2.3220601081848145
20190726_sample_7,Lamp5,3.738767188280175,2.350097417831421,2.350097417831421
20190729_sample_2,Sst,2.516762381959235,2.3034045696258545,2.3034045696258545
20190729_sample_3,Sst,1.947729383595656,2.219590187072754,2.219590187072754
20190729_sample_5,Pvalb,1.3265586616534082,1.8899712562561035,1.8899712562561035
20190730_sample_1,Vip,1.8180239851139204,2.431340217590332,2.431340217590332
20190730_sample_2,Vip,2.4278115251038384,2.6911816596984863,2.6911816596984863
20190730_sample_5,Vip,2.387614850039325,2.5919744968414307,2.5919744968414307
20190730_sample_6,Vip,2.141288648458349,2.5612452030181885,2.5612452030181885
20190730_sample_7,Vip,2.7937315457526464,2.669990301132202,2.669990301132202
20190730_sample_9,Lamp5,2.3929675559375814,2.3576571941375732,2.3576571941375732
20190731_sample_1,Pvalb,1.6572807996361258,1.3984999656677246,1.3984999656677246
20190731_sample_2,Lamp5,3.253150805203096,2.5275087356567383,2.5275087356567383
20190731_sample_3,low quality,2.317765557608775,2.7671010494232178,2.7671010494232178
20190731_sample_4,Vip,2.4267279797257832,2.108651876449585,2.108651876449585
20190731_sample_5,Pvalb,1.2435092282290994,1.9618462324142456,1.9618462324142456
20190731_sample_6,low quality,3.868858942264382,2.805077075958252,2.805077075958252
20190731_sample_8,Pvalb,1.2435092282290994,1.4605284929275513,1.4605284929275513
20190801_sample_1,IT,4.455610812975968,4.415261268615723,4.415261268615723
20190801_sample_2,Sst,2.0178344952907654,1.85923171043396,1.85923171043396
20190801_sample_3,Sst,1.4750632283898288,2.051111936569214,2.051111936569214
20190801_sample_4,Sst,2.350480528466448,2.583397150039673,2.583397150039673
20190801_sample_7,Sst,1.9002140306823283,2.020770311355591,2.020770311355591
20190801_sample_8,low quality,3.0499740957041124,2.869229555130005,2.869229555130005
20190820_sample_1,Sst,2.4047883543685837,1.6592910289764404,1.6592910289764404
20190820_sample_2,CT,4.249216981760372,4.010066509246826,4.010066509246826
20190820_sample_3,Pvalb,1.3751119342368012,1.9463688135147095,1.9463688135147095
20190820_sample_5,Sst,1.849692949157184,2.232555627822876,2.232555627822876
20190820_sample_6,CT,3.8974998930892073,4.337402820587158,4.337402820587158
20190821_sample_1,IT,4.846179216530551,3.562014579772949,3.562014579772949
20190821_sample_2,IT,4.812751363158129,4.0795488357543945,4.0795488357543945
20190821_sample_3,CT,4.087110135544315,3.5163369178771973,3.5163369178771973
20190821_sample_4,IT,4.733678802713952,4.452211380004883,4.452211380004883
20190821_sample_5,IT,5.695175655002678,4.05832576751709,4.05832576751709
20190821_sample_6,IT,4.177652680587535,4.365876197814941,4.365876197814941
20190821_sample_7,IT,4.29943908233174,4.192278861999512,4.192278861999512
20190823_sample_1,IT,4.582820257927909,4.282071113586426,4.282071113586426
20190823_sample_3,Pvalb,1.2849707767230794,1.7674846649169922,1.7674846649169922
20190823_sample_5,low quality,3.7433740916699656,2.7204132080078125,2.7204132080078125
20190823_sample_6,IT,5.664976810495534,4.119698524475098,4.119698524475098
20190823_sample_7,IT,4.308062847021492,4.579433441162109,4.579433441162109
20190827_sample_1,Sst,1.4951070453176698,2.196497917175293,2.196497917175293
20190827_sample_2,low quality,4.787353492502187,2.7750589847564697,2.7750589847564697
20190827_sample_3,Sst,2.696281366790476,2.1088194847106934,2.1088194847106934
20190827_sample_4,Sst,2.082778819152189,2.208897352218628,2.208897352218628
20190827_sample_5,CT,4.23550418255131,3.1557822227478027,3.1557822227478027
20190827_sample_6,Sst,1.8931300352421536,1.9762945175170898,1.9762945175170898
20190827_sample_7,Pvalb,2.216542346983299,1.60454523563385,1.60454523563385
20190827_sample_8,Sst,1.7886361713234034,2.5478036403656006,2.5478036403656006
20190827_sample_9,Sst,2.0194422292949668,2.2677676677703857,2.2677676677703857
20190828_sample_1,Vip,2.767467506735529,2.7237629890441895,2.7237629890441895
20190828_sample_3,Vip,2.1019329959224784,2.5443484783172607,2.5443484783172607
20190828_sample_4,Vip,2.544782568019246,2.563770294189453,2.563770294189453
20190828_sample_5,Vip,2.19938445581582,2.7073311805725098,2.7073311805725098
20190828_sample_6,Vip,2.7691679186914686,2.666944742202759,2.666944742202759
20190828_sample_7,Vip,1.6646401195221192,2.120062828063965,2.120062828063965
20190829_sample_1,low quality,3.783758539838552,2.682607650756836,2.682607650756836
20190829_sample_2,Lamp5,3.097225441061847,2.7176992893218994,2.7176992893218994
20190829_sample_3,IT,3.932535077416432,4.067370891571045,4.067370891571045
20190829_sample_4,Lamp5,4.018462198013989,2.117943286895752,2.117943286895752
20190829_sample_6,Lamp5,3.097225441061847,2.836141347885132,2.836141347885132
20190829_sample_9,Pvalb,1.2109252704312568,1.6890647411346436,1.6890647411346436
20190830_sample_1,IT,6.43217103569912,4.45955228805542,4.45955228805542
20190830_sample_2,IT,5.453874790783953,4.175651550292969,4.175651550292969
20190830_sample_3,low quality,5.004337902691009,3.733522415161133,3.733522415161133
20190830_sample_4,low quality,3.129764035792676,2.8110523223876953,2.8110523223876953
20190830_sample_6,IT,4.473076388816756,4.623093605041504,4.623093605041504
20190830_sample_8,IT,3.211113533952928,4.38514518737793,4.38514518737793
20190830_sample_9,NP,3.4418305954327684,2.5158331394195557,2.5158331394195557
20190904_sample_1,low quality,2.5144689837927725,2.422502040863037,2.422502040863037
20190904_sample_2,Vip,2.032714200328297,2.4246022701263428,2.4246022701263428
20190904_sample_3,Vip,2.253669227709593,2.738107442855835,2.738107442855835
20190904_sample_4,Vip,2.15910296980023,2.554697036743164,2.554697036743164
20190904_sample_5,Vip,2.234356101351162,2.5110585689544678,2.5110585689544678
20190904_sample_7,Vip,2.192603313507647,2.7711758613586426,2.7711758613586426
20190905_sample_1,low quality,1.951580358933884,2.6647982597351074,2.6647982597351074
20190905_sample_3,Sst,2.201899231417235,1.7267966270446777,1.7267966270446777
20190906_sample_1,Lamp5,3.870559818915687,2.5054805278778076,2.5054805278778076
20190906_sample_5,CT,3.6552482966130353,3.9680356979370117,3.9680356979370117
20190906_sample_6,Lamp5,2.9556385166615877,2.3927934169769287,2.3927934169769287
20190910_sample_1,Lamp5,3.8746907834693753,2.1938977241516113,2.1938977241516113
20190910_sample_2,Vip,3.087912350465524,2.5587573051452637,2.5587573051452637
20190910_sample_3,Vip,2.360137630611377,2.7581048011779785,2.7581048011779785
20190910_sample_4,Vip,2.7796189810404663,2.5590059757232666,2.5590059757232666
20190910_sample_6,Vip,2.541937783778085,2.0143792629241943,2.0143792629241943
20190911_sample_3,NP,3.704477121547301,2.6317138671875,2.6317138671875
20190911_sample_4,IT,4.255700033076045,3.6632864475250244,3.6632864475250244
20190911_sample_6,low quality,3.8734543313232,2.790980339050293,2.790980339050293
20190911_sample_7,low quality,5.288547723090425,2.8908581733703613,2.8908581733703613
20190911_sample_9,CT,2.653561349514263,3.804694652557373,3.804694652557373
20190912_sample_1,CT,3.0932390157820224,3.4186758995056152,3.4186758995056152
20190912_sample_2,CT,5.673871325419109,3.5436666011810303,3.5436666011810303
20190912_sample_3,CT,3.19029503988305,3.5781989097595215,3.5781989097595215
20190912_sample_4,Lamp5,3.0838344539732185,2.0945372581481934,2.0945372581481934
20190912_sample_6,NP,4.095296666936595,3.528493642807007,3.528493642807007
20190912_sample_8,CT,3.290479420986182,3.2014386653900146,3.2014386653900146
20190912_sample_10,Pvalb,1.314973142404296,2.4704535007476807,2.4704535007476807
20190917_sample_1,CT,4.334347645432308,2.900550365447998,2.900550365447998
20190917_sample_2,Lamp5,4.598195575376753,2.5433857440948486,2.5433857440948486
20190917_sample_3,IT,4.065700834054715,2.9957916736602783,2.9957916736602783
20190919_sample_1,low quality,2.9948046197161617,2.6196091175079346,2.6196091175079346
20190919_sample_4,Lamp5,2.350806727732846,2.2303318977355957,2.2303318977355957
20190919_sample_5,CT,5.144337936750892,3.8265204429626465,3.8265204429626465
20190924_sample_1,Sst,1.7422531893745457,2.1444334983825684,2.1444334983825684
20190924_sample_2,Sst,1.8052512241255032,2.3084330558776855,2.3084330558776855
20190924_sample_3,IT,4.053432912630886,4.246957778930664,4.246957778930664
20190924_sample_4,Sst,2.0134057803331107,2.4929184913635254,2.4929184913635254
20190924_sample_5,Sst,1.632325329118671,2.29348087310791,2.29348087310791
20190924_sample_6,Sst,1.6060405822122783,2.053865909576416,2.053865909576416
20190924_sample_7,Pvalb,1.5069948330692884,1.7455947399139404,1.7455947399139404
20190924_sample_8,CT,5.2444655657454495,3.141923189163208,3.141923189163208
20190925_sample_2,Pvalb,1.350595662835341,2.345839023590088,2.345839023590088
20190925_sample_3,Sst,1.9017569062392496,1.8617463111877441,1.8617463111877441
20190925_sample_4,CT,4.440993720774451,2.6653945446014404,2.6653945446014404
20190925_sample_5,Sst,1.4138137709963394,2.284494161605835,2.284494161605835
20190925_sample_6,Pvalb,1.0615672004493182,1.5150408744812012,1.5150408744812012
20190925_sample_7,Sst,2.042294204547694,2.05334210395813,2.05334210395813
20190926_sample_2,ET,5.054923978059944,3.4602997303009033,3.4602997303009033
20190926_sample_3,Sst,2.250480500776344,2.4737281799316406,2.4737281799316406
20190926_sample_4,ET,3.8802197853230735,2.280829668045044,2.280829668045044
20190926_sample_5,Pvalb,1.289735985973978,1.818915843963623,1.818915843963623
20190926_sample_6,Sst,1.686817125706474,2.329404830932617,2.329404830932617
20190927_sample_1,IT,5.664582846209807,4.076035022735596,4.076035022735596
20190927_sample_2,CT,3.8351824764404903,3.7483367919921875,3.7483367919921875
20190927_sample_3,Pvalb,1.3747614933863603,1.5429595708847046,1.5429595708847046
20190927_sample_4,IT,4.582032865297721,4.026113986968994,4.026113986968994
20190927_sample_5,Pvalb,1.1726382034647025,1.231379747390747,1.231379747390747
20190927_sample_6,Vip,2.3085949433736674,2.8307437896728516,2.8307437896728516
20190927_sample_7,CT,3.509251147411858,4.169148921966553,4.169148921966553
20191001_sample_1,Sst,2.239838192525899,1.938294768333435,1.938294768333435
20191001_sample_2,low quality,3.5901876070154866,2.6612393856048584,2.6612393856048584
20191001_sample_3,Sst,1.6519248122011625,2.2190709114074707,2.2190709114074707
20191001_sample_4,Pvalb,1.5089259457815063,2.1643729209899902,2.1643729209899902
20191001_sample_5,Sst,1.480981146152084,2.366901397705078,2.366901397705078
20191001_sample_6,Sst,1.885940972185324,1.9106500148773193,1.9106500148773193
20191003_sample_2,low quality,2.155034066793712,2.6550958156585693,2.6550958156585693
20191003_sample_3,Sst,2.0472354459686257,2.0102009773254395,2.0102009773254395
20191003_sample_4,Sst,1.942734858837807,2.02628755569458,2.02628755569458
20191003_sample_5,Sst,1.9871028372879749,1.7561177015304565,1.7561177015304565
20191003_sample_6,CT,4.532171625576612,2.791548728942871,2.791548728942871
20191010_sample_1,IT,4.245267421869288,3.7900753021240234,3.7900753021240234
20191010_sample_2,Sst,1.3437286630555971,1.1464273929595947,1.1464273929595947
20191010_sample_3,IT,4.385700513300284,4.472287178039551,4.472287178039551
20191010_sample_4,Pvalb,1.1017516087491992,1.7980016469955444,1.7980016469955444
20191010_sample_6,Pvalb,1.013044729887921,1.2570542097091675,1.2570542097091675
20191010_sample_7,ET,3.7907501048153143,3.058720350265503,3.058720350265503
20191028_sample_1,Sst,1.9440550622795203,2.417179822921753,2.417179822921753
20191028_sample_2,Sst,2.056318530933995,2.3326079845428467,2.3326079845428467
20191028_sample_3,Pvalb,1.027469019511393,2.2976436614990234,2.2976436614990234
20191028_sample_4,low quality,3.185917773803181,2.5728063583374023,2.5728063583374023
20191028_sample_5,low quality,1.4892752928585429,2.455049753189087,2.455049753189087
20191030_sample_2,Sst,2.058947102564223,2.1954116821289062,2.1954116821289062
20191030_sample_3,ET,3.461990934694952,2.8486227989196777,2.8486227989196777
20191030_sample_4,NP,3.3579658463789577,2.7724480628967285,2.7724480628967285
20191030_sample_5,Sst,2.65337219996732,1.9200674295425415,1.9200674295425415
20191101_sample_1,Lamp5,4.42402930829284,2.2610244750976562,2.2610244750976562
20191101_sample_2,CT,4.293200462051129,3.8831958770751953,3.8831958770751953
20191101_sample_3,Lamp5,2.4325802370875014,2.464890241622925,2.464890241622925
20191101_sample_4,CT,3.639531213462263,3.9848294258117676,3.9848294258117676
20191101_sample_5,CT,3.344802912858677,3.3134219646453857,3.3134219646453857
20191101_sample_6,CT,2.921114965158998,3.5980663299560547,3.5980663299560547
20191104_sample_1,Sst,2.061085301825357,1.753823161125183,1.753823161125183
20191104_sample_2,Lamp5,2.234657744097364,2.4494593143463135,2.4494593143463135
20191104_sample_3,low quality,2.9708699744029308,2.111610174179077,2.111610174179077
20191104_sample_4,Pvalb,1.3436730962841217,1.475599765777588,1.475599765777588
20191105_sample_1,Pvalb,1.153829783427138,1.9113198518753052,1.9113198518753052
20191105_sample_2,IT,3.488814458719631,3.183915615081787,3.183915615081787
20191105_sample_3,Sst,2.2848806031382924,2.1994566917419434,2.1994566917419434
20191105_sample_4,Pvalb,1.4658988844583796,2.1088132858276367,2.1088132858276367
20191105_sample_5,Sst,1.4473369014374922,1.312050461769104,1.312050461769104
20191106_sample_2,Lamp5,2.660322601224449,2.567646026611328,2.567646026611328
20191106_sample_3,IT,4.170393327183777,4.281789302825928,4.281789302825928
20191106_sample_5,Lamp5,2.6033417994801678,2.3910341262817383,2.3910341262817383
20191107_sample_1,low quality,4.291516886873431,3.0489542484283447,3.0489542484283447
20191107_sample_2,Sst,1.9525047500984196,1.9560279846191406,1.9560279846191406
20191107_sample_3,Sst,2.122716456997324,2.1434333324432373,2.1434333324432373
20191107_sample_4,Sst,2.167890862532552,2.0129685401916504,2.0129685401916504
20191108_sample_1,CT,3.103447250607492,2.732794761657715,2.732794761657715
20191108_sample_4,CT,4.775042500408527,3.413024425506592,3.413024425506592
20191108_sample_5,IT,4.030894430862826,4.073706150054932,4.073706150054932
20191114_sample_1,Lamp5,3.1454392818955443,2.6620023250579834,2.6620023250579834
20191114_sample_2,CT,4.015662402100348,3.022467851638794,3.022467851638794
20191114_sample_3,IT,4.560373284778692,3.8689279556274414,3.8689279556274414
20191114_sample_4,Sst,2.1284686588232837,2.239572048187256,2.239572048187256
20191114_sample_5,low quality,3.891665738519891,2.2779369354248047,2.2779369354248047
20191114_sample_7,IT,3.3039207550653398,3.399733304977417,3.399733304977417
20191114_sample_8,IT,4.085185665217242,4.0074005126953125,4.0074005126953125
20191114_sample_9,ET,3.5022823604558866,2.9737067222595215,2.9737067222595215
20200106_sample_1,Lamp5,2.7410163765779654,2.3513736724853516,2.3513736724853516
20200106_sample_4,IT,4.2568733837203485,4.317646026611328,4.317646026611328
20200106_sample_5,IT,3.220322922691168,3.2697434425354004,3.2697434425354004
20200106_sample_6,IT,4.0855343744,4.581943988800049,4.581943988800049
20200225_sample_2,IT,4.813190092991055,3.9546689987182617,3.9546689987182617
20200225_sample_5,Sncg,2.23394805104536,2.246321201324463,2.246321201324463
20200316_sample_1,ET,3.5610892705319834,3.6584582328796387,3.6584582328796387
20200316_sample_2,low quality,4.5355186539543695,2.726388692855835,2.726388692855835
20200316_sample_3,Pvalb,1.2045210259868466,1.3832563161849976,1.3832563161849976
