cell_id,RNA_family,y_true,y_pred,y_pred_train_space
20171204_sample_2,ET,3.432580283560539,2.4790232181549072,2.4790232181549072
20171204_sample_4,IT,3.8930141401785625,4.102766036987305,4.102766036987305
20171204_sample_5,IT,3.9712888428191473,3.5477635860443115,3.5477635860443115
20171204_sample_6,ET,3.527453474336504,3.5376548767089844,3.5376548767089844
20171207_sample_1,ET,2.6018830419594106,3.3156962394714355,3.3156962394714355
20171207_sample_2,ET,2.7545239993605453,3.406674385070801,3.406674385070801
20171207_sample_6,IT,2.987844589691221,3.345540761947632,3.345540761947632
20171207_sample_7,IT,3.00397737700264,4.4440598487854,4.4440598487854
20171219_sample_1,IT,5.495025565906529,4.80411434173584,4.80411434173584
20171219_sample_2,IT,4.924787458652385,4.086758613586426,4.086758613586426
20171219_sample_3,IT,4.657879655513652,4.591094493865967,4.591094493865967
20171219_sample_4,ET,3.639069762597472,2.7159409523010254,2.7159409523010254
20171219_sample_6,ET,3.574747912472713,3.73146653175354,3.73146653175354
20171219_sample_7,IT,4.050946876520922,4.492622375488281,4.492622375488281
20171219_sample_8,ET,3.950514040456032,2.6407012939453125,2.6407012939453125
20180102_sample_1,ET,3.723063290001654,3.5241780281066895,3.5241780281066895
20180102_sample_2,IT,4.410931045299684,4.2985382080078125,4.2985382080078125
20180102_sample_3,ET,3.958119058628923,3.7740674018859863,3.7740674018859863
20180102_sample_4,ET,3.870729001044387,3.482086658477783,3.482086658477783
20180102_sample_5,IT,5.2691509153226574,2.9391939640045166,2.9391939640045166
20180103_sample_1,ET,3.762875211651512,3.2658841609954834,3.2658841609954834
20180103_sample_2,ET,3.4062181389439217,3.4327688217163086,3.4327688217163086
20180103_sample_3,ET,3.68348048816977,2.5917677879333496,2.5917677879333496
20180103_sample_4,low quality,3.582200088079147,2.5568106174468994,2.5568106174468994
20180103_sample_5,IT,3.75190753089347,3.906986713409424,3.906986713409424
20180103_sample_6,IT,3.719712831561497,4.36311149597168,4.36311149597168
20180103_sample_7,IT,3.859637506674663,4.109817981719971,4.109817981719971
20180103_sample_8,IT,3.2899648995609407,4.3251848220825195,4.3251848220825195
20180104_sample_1,low quality,3.81906793855056,3.294703960418701,3.294703960418701
20180104_sample_2,IT,3.8692550773064975,3.62776517868042,3.62776517868042
20180104_sample_3,IT,4.316944493772608,3.9072623252868652,3.9072623252868652
20180104_sample_4,low quality,4.2307864509306325,2.9523558616638184,2.9523558616638184
20180104_sample_6,ET,3.689367404467193,2.664585590362549,2.664585590362549
20180105_sample_4,IT,3.736730306998712,4.601473808288574,4.601473808288574
20180105_sample_5,IT,5.116970830621466,3.5051326751708984,3.5051326751708984
20180105_sample_6,IT,4.048083056875423,4.379945278167725,4.379945278167725
20180108_sample_1,IT,4.106889015042212,4.3807291984558105,4.3807291984558105
20180108_sample_2,low quality,4.09990695280901,2.8981423377990723,2.8981423377990723
20180108_sample_3,IT,4.209388826890848,3.2143354415893555,3.2143354415893555
20180108_sample_4,ET,2.7577906904061664,2.7249302864074707,2.7249302864074707
20180108_sample_5,ET,3.8605220212214473,3.265390634536743,3.265390634536743
20180108_sample_7,IT,4.13504064926288,4.517492294311523,4.517492294311523
20180108_sample_8,ET,3.0914464680812115,3.47044038772583,3.47044038772583
20180108_sample_9,IT,3.7546166880828022,3.821120023727417,3.821120023727417
20180108_sample_10,ET,4.254851774212783,2.723783254623413,2.723783254623413
20180109_sample_1,IT,4.755158171686043,4.121481895446777,4.121481895446777
20180109_sample_2,IT,3.7714267801209895,3.7097411155700684,3.7097411155700684
20180109_sample_5,IT,4.02611908364708,4.620511531829834,4.620511531829834
20180110_sample_1,IT,4.323296140273665,4.771370887756348,4.771370887756348
20180110_sample_2,IT,3.785099639550482,4.2739481925964355,4.2739481925964355
20180110_sample_3,IT,3.4676699996587086,3.965440511703491,3.965440511703491
20180110_sample_4,IT,3.999784754666468,3.4307971000671387,3.4307971000671387
20180110_sample_5,IT,3.4869784606891643,4.26364803314209,4.26364803314209
20180110_sample_7,IT,4.318939709683978,4.645461082458496,4.645461082458496
20180110_sample_8,ET,3.355017859200073,3.148953914642334,3.148953914642334
20180111_sample_5,IT,3.69447021504098,4.523701190948486,4.523701190948486
20180115_sample_2,IT,4.095273444063566,3.052518367767334,3.052518367767334
20180115_sample_5,IT,5.911038992356995,4.21688175201416,4.21688175201416
20180115_sample_6,low quality,3.223436439677569,3.113234519958496,3.113234519958496
20180115_sample_7,IT,3.18700833129924,4.2823166847229,4.2823166847229
20180115_sample_8,IT,4.600568990461002,3.9923529624938965,3.9923529624938965
20180115_sample_9,IT,4.107411825034289,4.521234512329102,4.521234512329102
20180118_sample_1,IT,4.602074433120564,3.829444169998169,3.829444169998169
20180118_sample_2,IT,3.859498902233045,4.415300369262695,4.415300369262695
20180118_sample_4,IT,3.6277095746023567,3.9843063354492188,3.9843063354492188
20180118_sample_6,IT,4.6972177801003205,4.129746913909912,4.129746913909912
20180118_sample_7,ET,3.0418634567238807,3.0937957763671875,3.0937957763671875
20180118_sample_10,ET,3.0290982536154742,2.983957529067993,2.983957529067993
20180123_sample_1,ET,3.85680086027588,3.369678258895874,3.369678258895874
20180123_sample_3,ET,2.380033144203504,3.0659079551696777,3.0659079551696777
20180123_sample_5,ET,3.697909408586006,2.392481803894043,2.392481803894043
20180123_sample_6,ET,3.8060822893463904,3.690737247467041,3.690737247467041
20180123_sample_7,ET,2.6386740454465705,2.6578824520111084,2.6578824520111084
20180208_sample_1,low quality,2.477194913792221,1.4775018692016602,1.4775018692016602
20180208_sample_2,ET,3.3943191560800643,3.0551083087921143,3.0551083087921143
20180208_sample_3,ET,3.0696502929788627,3.4800429344177246,3.4800429344177246
20180208_sample_4,IT,3.4703070875660296,4.3760786056518555,4.3760786056518555
20180208_sample_5,IT,2.400819697070184,4.027281284332275,4.027281284332275
20180213_sample_3,ET,3.4939674486199954,3.7727723121643066,3.7727723121643066
20180213_sample_5,Pvalb,0.9141641743761348,1.340617299079895,1.340617299079895
20180215_sample_1,Pvalb,1.4581883187083196,1.9623531103134155,1.9623531103134155
20180220_sample_1,Sst,1.7531408467449277,2.5147314071655273,2.5147314071655273
20180220_sample_2,IT,5.64589935892955,3.7877535820007324,3.7877535820007324
20180225_sample_1,IT,4.68206339444435,4.2550249099731445,4.2550249099731445
20180225_sample_2,IT,4.147357332203338,4.533649444580078,4.533649444580078
20180225_sample_3,IT,4.182886946255131,3.699737548828125,3.699737548828125
20180225_sample_4,IT,3.926499097182819,4.321253299713135,4.321253299713135
20180225_sample_5,ET,3.717900981316347,3.6240859031677246,3.6240859031677246
20180225_sample_7,Pvalb,1.1102502161285064,1.224496603012085,1.224496603012085
20180228_sample_3,IT,4.533463389188046,4.4012250900268555,4.4012250900268555
20180306_sample_1,Pvalb,1.0625662059614067,2.297731399536133,2.297731399536133
20180306_sample_2,IT,4.8478110137906665,4.407752513885498,4.407752513885498
20180306_sample_3,IT,3.953385308932634,3.811460256576538,3.811460256576538
20180306_sample_5,IT,4.882584925650122,4.540372848510742,4.540372848510742
20180309_sample_4,IT,3.616043412139415,4.40947961807251,4.40947961807251
20180309_sample_6,IT,3.252517458766593,3.959533929824829,3.959533929824829
20180309_sample_7,IT,5.287094485163411,4.218881607055664,4.218881607055664
20180309_sample_8,IT,3.997460806499455,4.367749214172363,4.367749214172363
20180313_sample_1,low quality,4.1382893436964014,2.7421698570251465,2.7421698570251465
20180313_sample_2,ET,5.504903106890346,3.2095372676849365,3.2095372676849365
20180313_sample_3,ET,4.0389287805602265,3.5668673515319824,3.5668673515319824
20180313_sample_7,IT,4.700631762046106,4.4642534255981445,4.4642534255981445
20180313_sample_8,low quality,6.230695527145817,3.019183397293091,3.019183397293091
20180313_sample_9,Pvalb,1.4166044694527435,1.6165753602981567,1.6165753602981567
20180315_sample_1,ET,3.239908209558328,3.457777976989746,3.457777976989746
20180315_sample_2,low quality,4.973527466330971,3.298856496810913,3.298856496810913
20180315_sample_5,IT,4.62419969657661,4.918091773986816,4.918091773986816
20180315_sample_6,IT,0.907352194493858,3.650576591491699,3.650576591491699
20180321_sample_2,IT,3.837370358626916,3.337665557861328,3.337665557861328
20180321_sample_3,IT,4.210254157888235,3.843410015106201,3.843410015106201
20180321_sample_4,IT,1.330764980093461,4.706146717071533,4.706146717071533
20180321_sample_8,ET,2.0813983646922427,2.855316162109375,2.855316162109375
20180321_sample_9,ET,2.7335052628992145,2.6885573863983154,2.6885573863983154
20180322_sample_1,IT,5.54098792305544,5.087479591369629,5.087479591369629
20180322_sample_2,IT,4.227385199857013,4.938266754150391,4.938266754150391
20180322_sample_3,IT,4.425848130542163,3.68947172164917,3.68947172164917
20180322_sample_4,IT,4.531826789735395,4.014279842376709,4.014279842376709
20180322_sample_5,IT,3.519833019890503,3.768446445465088,3.768446445465088
20180322_sample_6,ET,3.5532446649068152,3.22798490524292,3.22798490524292
20180322_sample_7,ET,2.961022500602122,3.3679819107055664,3.3679819107055664
20180327_sample_1,Pvalb,1.309778480687807,1.3759762048721313,1.3759762048721313
20180327_sample_2,Pvalb,1.273836540876214,1.1290464401245117,1.1290464401245117
20180327_sample_3,IT,3.6107368763866026,3.883403778076172,3.883403778076172
20180327_sample_4,Pvalb,1.2316818481843683,1.2071534395217896,1.2071534395217896
20180327_sample_5,Pvalb,1.1785161493672842,0.9595774412155151,0.9595774412155151
20180327_sample_6,IT,4.45345520342335,4.113666534423828,4.113666534423828
20180329_sample_1,IT,4.661945648331536,4.1413469314575195,4.1413469314575195
20180329_sample_2,IT,4.71655588745514,3.548201084136963,3.548201084136963
20180329_sample_3,IT,3.559161026812932,3.7467997074127197,3.7467997074127197
20180329_sample_4,ET,3.9269109533689512,2.7272024154663086,2.7272024154663086
20180329_sample_5,IT,4.196554481630042,4.953313827514648,4.953313827514648
20180329_sample_6,IT,3.644730481927283,4.295919418334961,4.295919418334961
20180329_sample_7,low quality,3.1470983978710616,3.3537957668304443,3.3537957668304443
20180329_sample_8,IT,4.932802453252482,4.3725972175598145,4.3725972175598145
20180403_sample_5,IT,3.291304030771332,3.938767433166504,3.938767433166504
20180403_sample_6,ET,3.558205694827882,2.9364230632781982,2.9364230632781982
20180403_sample_7,IT,4.013437751136859,4.138449668884277,4.138449668884277
20180404_sample_1,Pvalb,1.3786186101325495,1.7974439859390259,1.7974439859390259
20180404_sample_2,Pvalb,1.2076932640121452,2.3675239086151123,2.3675239086151123
20180404_sample_3,IT,5.049263113198074,4.602949619293213,4.602949619293213
20180404_sample_4,Pvalb,1.2903191714538396,1.4493319988250732,1.4493319988250732
20180404_sample_5,Pvalb,1.4101766996395593,1.4482088088989258,1.4482088088989258
20180404_sample_7,IT,4.856863292440687,3.968916416168213,3.968916416168213
20180405_sample_1,ET,2.9015971014275936,3.9784607887268066,3.9784607887268066
20180405_sample_2,IT,4.798909961529401,4.572116851806641,4.572116851806641
20180405_sample_3,IT,5.158007719074755,4.405801296234131,4.405801296234131
20180410_sample_1,Pvalb,1.2716392926526654,1.2518359422683716,1.2518359422683716
20180410_sample_3,IT,5.024512187577875,4.080488681793213,4.080488681793213
20180410_sample_4,IT,5.291641562034051,4.772799491882324,4.772799491882324
20180410_sample_5,IT,3.5575511876592416,4.509685516357422,4.509685516357422
20180410_sample_6,IT,3.963014464701145,4.757564544677734,4.757564544677734
20180410_sample_9,Pvalb,1.0318864602769873,0.685206413269043,0.685206413269043
20180411_sample_1,IT,3.059722285427529,5.309079647064209,5.309079647064209
20180411_sample_3,IT,2.222463488275164,4.702643871307373,4.702643871307373
20180411_sample_4,Pvalb,1.155147138821395,1.9145677089691162,1.9145677089691162
20180411_sample_5,Pvalb,1.0537642636682472,1.1893671751022339,1.1893671751022339
20180412_sample_1,IT,4.806964662074199,4.301219940185547,4.301219940185547
20180412_sample_2,Pvalb,1.2727831555611702,1.258284568786621,1.258284568786621
20180412_sample_3,IT,3.0329757026152646,4.201292514801025,4.201292514801025
20180412_sample_4,IT,5.3043837165086085,4.536587238311768,4.536587238311768
20180412_sample_7,IT,5.633717578453816,3.2428054809570312,3.2428054809570312
20180413_sample_2,Pvalb,1.1665289786575437,0.9977809190750122,0.9977809190750122
20180413_sample_3,Pvalb,1.2623946484632314,1.2401350736618042,1.2401350736618042
20180413_sample_4,IT,4.599377692788599,4.160296440124512,4.160296440124512
20180417_sample_1,Vip,2.5766064245843907,2.7334184646606445,2.7334184646606445
20180417_sample_2,Pvalb,1.1814215590222,1.2992000579833984,1.2992000579833984
20180417_sample_3,IT,2.4160604098152065,4.605463027954102,4.605463027954102
20180417_sample_4,Pvalb,1.2037845247709933,1.268439769744873,1.268439769744873
20180417_sample_5,IT,4.1367774393074,3.956645965576172,3.956645965576172
20180417_sample_6,IT,2.37535010114879,3.8452422618865967,3.8452422618865967
20180417_sample_7,Pvalb,1.264767659184186,1.215221881866455,1.215221881866455
20180417_sample_8,Sst,1.097545788400306,1.9548377990722656,1.9548377990722656
20180417_sample_9,IT,2.3676671246473835,4.615015029907227,4.615015029907227
20180418_sample_1,Pvalb,1.3693677124448822,1.737365961074829,1.737365961074829
20180418_sample_2,Pvalb,1.352553224066383,1.6571485996246338,1.6571485996246338
20180418_sample_3,Pvalb,1.410608065838954,1.2684751749038696,1.2684751749038696
20180418_sample_5,IT,4.429261193216969,3.816657066345215,3.816657066345215
20180418_sample_6,IT,4.970874425228512,4.238842487335205,4.238842487335205
20180420_sample_2,low quality,4.568295582357155,4.226448059082031,4.226448059082031
20180420_sample_3,IT,4.012990501245106,3.0892701148986816,3.0892701148986816
20180420_sample_4,IT,4.643670998243417,4.322180271148682,4.322180271148682
20180424_sample_1,IT,4.316462496939139,3.7890195846557617,3.7890195846557617
20180424_sample_2,IT,5.334682188335504,3.9129374027252197,3.9129374027252197
20180424_sample_3,IT,4.461224616741584,4.456928253173828,4.456928253173828
20180424_sample_6,IT,6.058460073680146,4.376131534576416,4.376131534576416
20180425_sample_2,IT,4.470799906917784,4.200960159301758,4.200960159301758
20180425_sample_3,Pvalb,1.2817258705791308,1.595421314239502,1.595421314239502
20180425_sample_4,IT,4.076520856224855,4.450222015380859,4.450222015380859
20180425_sample_5,Sncg,2.542067222245786,2.3405911922454834,2.3405911922454834
20180425_sample_7,Pvalb,1.2058903818630224,1.910731315612793,1.910731315612793
20180425_sample_8,Vip,2.557834691142694,2.580122470855713,2.580122470855713
20180425_sample_9,IT,3.6066623348850055,3.6599156856536865,3.6599156856536865
20180426_sample_1,ET,6.096094944867992,2.539435386657715,2.539435386657715
20180426_sample_3,IT,4.398523044748518,4.6837968826293945,4.6837968826293945
20180426_sample_4,IT,4.563815293297421,4.07960844039917,4.07960844039917
20180426_sample_5,Pvalb,1.177766014458923,1.792661190032959,1.792661190032959
20180426_sample_7,IT,4.288172088165047,4.525338649749756,4.525338649749756
20180426_sample_9,Pvalb,1.2614981698273011,2.148502826690674,2.148502826690674
20180501_sample_2,IT,5.5017402559523205,4.13259220123291,4.13259220123291
20180501_sample_3,IT,4.4808395617933074,3.9889745712280273,3.9889745712280273
20180501_sample_4,IT,4.9859369758251,4.423461437225342,4.423461437225342
20180501_sample_5,IT,5.136661617154367,3.412477970123291,3.412477970123291
20180501_sample_6,low quality,4.122110554297754,2.8464906215667725,2.8464906215667725
20180501_sample_7,low quality,1.2612895317194135,2.704827070236206,2.704827070236206
20180501_sample_8,Lamp5,4.643723489829595,2.439013957977295,2.439013957977295
20180502_sample_1,low quality,1.267527584434348,2.335747003555298,2.335747003555298
20180502_sample_2,low quality,5.636758116502742,2.8328518867492676,2.8328518867492676
20180502_sample_3,IT,4.847677204136853,4.225127220153809,4.225127220153809
20180502_sample_4,IT,4.423506636093839,4.202105522155762,4.202105522155762
20180508_sample_1,Pvalb,1.2507493196157358,1.3177121877670288,1.3177121877670288
20180508_sample_2,IT,3.867997185910652,3.458733081817627,3.458733081817627
20180508_sample_3,IT,3.447025676821231,4.396888256072998,4.396888256072998
20180508_sample_4,IT,5.662773026456241,3.7844619750976562,3.7844619750976562
20180509_sample_1,low quality,5.516952447845187,2.9449517726898193,2.9449517726898193
20180509_sample_2,IT,4.201875722492034,4.477630615234375,4.477630615234375
20180509_sample_3,IT,4.399161055840538,4.316648483276367,4.316648483276367
20180509_sample_4,IT,4.41797959651393,4.170825004577637,4.170825004577637
20180509_sample_5,IT,4.381881708632131,3.8795905113220215,3.8795905113220215
20180509_sample_7,IT,4.40631776132186,4.086426734924316,4.086426734924316
20180509_sample_9,IT,6.7843018157770425,4.596858024597168,4.596858024597168
20180510_sample_2,Pvalb,1.407475828545978,1.0694448947906494,1.0694448947906494
20180510_sample_3,IT,4.479923316717558,4.246692180633545,4.246692180633545
20180510_sample_4,IT,4.802050839053969,4.809472560882568,4.809472560882568
20180510_sample_5,IT,5.07126327962006,3.6769022941589355,3.6769022941589355
20180510_sample_9,IT,3.631926058614456,4.233896255493164,4.233896255493164
20180515_sample_1,Pvalb,1.1055181220009145,1.531614065170288,1.531614065170288
20180515_sample_6,Pvalb,1.0767102631049996,1.7548412084579468,1.7548412084579468
20180522_sample_1,IT,3.75756959139455,4.3190202713012695,4.3190202713012695
20180522_sample_2,IT,5.179400370385625,4.028639793395996,4.028639793395996
20180522_sample_3,IT,4.222724194575086,3.8918967247009277,3.8918967247009277
20180522_sample_4,IT,4.561466647654091,4.0214009284973145,4.0214009284973145
20180522_sample_5,Pvalb,1.2670419348223017,1.065155267715454,1.065155267715454
20180522_sample_6,ET,3.311207865147058,3.3609228134155273,3.3609228134155273
20180522_sample_7,IT,3.7509445382423583,3.905545711517334,3.905545711517334
20180524_sample_5,low quality,1.4431104669583164,2.638308525085449,2.638308525085449
20180524_sample_8,IT,4.468998585993531,4.369612216949463,4.369612216949463
20180524_sample_9,Pvalb,1.2283913447722363,1.6085798740386963,1.6085798740386963
20180529_sample_3,IT,3.406355427795154,4.222452640533447,4.222452640533447
20180608_sample_1,Lamp5,2.5393630113686543,2.4011709690093994,2.4011709690093994
20180608_sample_2,Pvalb,1.0626549662355582,1.1860276460647583,1.1860276460647583
20180608_sample_3,IT,3.609585290552712,2.265502691268921,2.265502691268921
20180608_sample_5,Pvalb,1.1202967881913088,0.9724711179733276,0.9724711179733276
20180619_sample_3,Pvalb,1.235853186903746,1.816619873046875,1.816619873046875
20180619_sample_5,IT,3.857092238507287,4.224656105041504,4.224656105041504
20180619_sample_7,Lamp5,2.683191139727615,2.61989164352417,2.61989164352417
20180621_sample_1,IT,4.706850363210803,4.10360050201416,4.10360050201416
20180621_sample_2,IT,5.108395154566173,4.368494033813477,4.368494033813477
20180621_sample_3,Sncg,2.1671294968885406,2.5180983543395996,2.5180983543395996
20180621_sample_4,IT,4.468702052105229,4.758575439453125,4.758575439453125
20180621_sample_5,Vip,1.4504662309429748,1.9698567390441895,1.9698567390441895
20180621_sample_7,Pvalb,1.1192129291073398,1.5169001817703247,1.5169001817703247
20180621_sample_8,Pvalb,1.0207212691344127,1.6388450860977173,1.6388450860977173
20180628_sample_2,Pvalb,1.2064097697185412,1.9488303661346436,1.9488303661346436
20180628_sample_3,Pvalb,1.2020395682808591,1.8766250610351562,1.8766250610351562
20180628_sample_4,low quality,1.1258159430461594,2.950019121170044,2.950019121170044
20180628_sample_6,Pvalb,1.1233782578726208,1.5746580362319946,1.5746580362319946
20180628_sample_7,Lamp5,3.13248917357621,2.6938247680664062,2.6938247680664062
20180703_sample_1,Pvalb,1.3516057772190262,1.9879873991012573,1.9879873991012573
20180703_sample_2,IT,4.062048465703178,3.8505430221557617,3.8505430221557617
20180703_sample_3,low quality,5.263560460050554,2.364241361618042,2.364241361618042
20180704_sample_1,Pvalb,1.2435912024396711,1.4655576944351196,1.4655576944351196
20180704_sample_2,Pvalb,1.132516020064862,1.3955960273742676,1.3955960273742676
20180704_sample_3,Pvalb,1.185689254365489,1.9804229736328125,1.9804229736328125
20180704_sample_4,IT,4.061201472827944,4.046712398529053,4.046712398529053
20180704_sample_5,Pvalb,1.061739408006606,1.513558030128479,1.513558030128479
20180705_sample_1,Pvalb,1.2229240966629082,2.114408493041992,2.114408493041992
20180705_sample_4,Pvalb,1.1039638260597338,0.7751142978668213,0.7751142978668213
20180709_sample_2,IT,4.178293272404319,4.655958652496338,4.655958652496338
20180709_sample_3,Lamp5,3.612882900959198,2.5343852043151855,2.5343852043151855
20180709_sample_4,IT,4.22169427244402,4.364752292633057,4.364752292633057
20180709_sample_6,IT,4.0301771816213785,3.492868661880493,3.492868661880493
20180710_sample_1,Pvalb,1.184525875930565,2.071094036102295,2.071094036102295
20180710_sample_2,Pvalb,1.5221850698076975,1.2117260694503784,1.2117260694503784
20180710_sample_3,Pvalb,1.2271874910706224,1.4409730434417725,1.4409730434417725
20180710_sample_5,Pvalb,1.208004743588668,1.2498795986175537,1.2498795986175537
20180711_sample_1,Pvalb,1.4299346584823929,1.8487286567687988,1.8487286567687988
20180711_sample_2,Sst,1.88356653617924,1.8490521907806396,1.8490521907806396
20180711_sample_3,Sst,2.178118648191356,2.0753886699676514,2.0753886699676514
20180711_sample_4,Sst,2.226599058467552,2.002938985824585,2.002938985824585
20180712_sample_2,low quality,4.094091761130352,2.782397508621216,2.782397508621216
20180712_sample_3,Sncg,2.3256317254095245,2.6745107173919678,2.6745107173919678
20180712_sample_5,Pvalb,1.0926400605230613,2.297797679901123,2.297797679901123
20180712_sample_11,Pvalb,1.5814549578841652,1.1803076267242432,1.1803076267242432
20180712_sample_12,Pvalb,1.3678857917198644,1.2171659469604492,1.2171659469604492
20180712_sample_13,IT,5.604821005986358,4.607426643371582,4.607426643371582
20180712_sample_14,Pvalb,1.2977450026449078,1.295929193496704,1.295929193496704
20180712_sample_15,Pvalb,1.4046923018302704,1.135212779045105,1.135212779045105
20180717_sample_1,Pvalb,1.2053270291290017,1.5218631029129028,1.5218631029129028
20180717_sample_2,Lamp5,2.4209191149977203,2.472470283508301,2.472470283508301
20180717_sample_3,Pvalb,1.114461773757949,1.422417402267456,1.422417402267456
20180717_sample_4,Pvalb,1.015701262423403,1.182539939880371,1.182539939880371
20180717_sample_6,Pvalb,1.461131503277216,1.3949494361877441,1.3949494361877441
20180717_sample_7,ET,3.4783790442436944,3.6552858352661133,3.6552858352661133
20180718_sample_2,Pvalb,1.2524199705034655,1.5900988578796387,1.5900988578796387
20180718_sample_3,Pvalb,1.383860238138651,1.6236625909805298,1.6236625909805298
20180718_sample_4,Pvalb,1.2059201040020897,0.9022517204284668,0.9022517204284668
20180719_sample_1,Pvalb,1.271855189971685,0.8668158054351807,0.8668158054351807
20180719_sample_4,Pvalb,1.3875863716563972,1.0599006414413452,1.0599006414413452
20180720_sample_2,Sncg,2.6726446130647874,2.4364311695098877,2.4364311695098877
20180720_sample_3,Pvalb,1.4684717917060148,1.2510507106781006,1.2510507106781006
20180720_sample_5,Lamp5,4.056615476508719,2.4204704761505127,2.4204704761505127
20180725_sample_3,IT,6.028811725245994,4.173510551452637,4.173510551452637
20180725_sample_4,low quality,4.8736222145543,2.8142833709716797,2.8142833709716797
20180725_sample_6,Pvalb,1.109973820424271,1.8005625009536743,1.8005625009536743
20180725_sample_7,IT,5.420721137572028,5.01894998550415,5.01894998550415
20180725_sample_9,Lamp5,3.601501994717514,2.7142140865325928,2.7142140865325928
20180726_sample_3,Pvalb,1.2441477686599176,1.3706053495407104,1.3706053495407104
20180726_sample_4,Pvalb,1.1801747885299148,1.7089499235153198,1.7089499235153198
20180726_sample_5,Pvalb,1.058228675970932,1.5243375301361084,1.5243375301361084
20180726_sample_6,Pvalb,1.119533395401732,1.759458065032959,1.759458065032959
20180726_sample_7,Pvalb,1.0286887307081796,1.5794918537139893,1.5794918537139893
20180817_sample_2,Pvalb,1.0525354992918818,0.7954549789428711,0.7954549789428711
20180817_sample_3,Pvalb,0.8268322153931287,1.1089653968811035,1.1089653968811035
20180817_sample_4,Pvalb,1.2541314413955915,1.9085133075714111,1.9085133075714111
20180817_sample_5,Pvalb,1.1386242467515646,1.6058521270751953,1.6058521270751953
20180817_sample_6,IT,4.253437396465765,3.8815510272979736,3.8815510272979736
20180817_sample_7,Pvalb,1.4880810607052586,0.9054996967315674,0.9054996967315674
20180820_sample_1,Sst,2.1277484082583435,1.8840346336364746,1.8840346336364746
20180820_sample_2,IT,4.516221158675579,4.319409370422363,4.319409370422363
20180820_sample_3,Sst,2.033311791002918,2.3736703395843506,2.3736703395843506
20180820_sample_4,Sst,2.33424097015465,2.2875077724456787,2.2875077724456787
20180820_sample_5,Sst,2.0144831344868384,1.6418733596801758,1.6418733596801758
20180820_sample_6,IT,4.278158883738317,4.59296989440918,4.59296989440918
20180820_sample_7,Sst,1.048965892422873,1.917858362197876,1.917858362197876
20180822_sample_1,Pvalb,1.2712327860898536,1.6559926271438599,1.6559926271438599
20180822_sample_2,Pvalb,1.2757089386175635,1.2418800592422485,1.2418800592422485
20180822_sample_3,Pvalb,0.7295049599108001,1.7503843307495117,1.7503843307495117
20180822_sample_4,Pvalb,1.3879739305870484,1.5484607219696045,1.5484607219696045
20180822_sample_6,Pvalb,1.4317998193068482,1.399116039276123,1.399116039276123
20180822_sample_7,Pvalb,1.2607148096621186,1.1683647632598877,1.1683647632598877
20180828_sample_2,Pvalb,1.4913955113985715,1.6834343671798706,1.6834343671798706
20180828_sample_3,Pvalb,1.1243900004185614,1.447930932044983,1.447930932044983
20180828_sample_4,IT,6.139241346856823,4.260175704956055,4.260175704956055
20180828_sample_5,Pvalb,1.1277183513559326,1.1511224508285522,1.1511224508285522
20180828_sample_6,Pvalb,1.3643043580749992,1.116605520248413,1.116605520248413
20180828_sample_7,low quality,3.3676541807148204,2.8810155391693115,2.8810155391693115
20180828_sample_8,IT,6.265659274545132,4.597527503967285,4.597527503967285
20180829_sample_1,Sst,1.722883678154431,2.350994110107422,2.350994110107422
20180829_sample_2,Sst,2.1408945831346684,2.037402629852295,2.037402629852295
20180829_sample_3,Sst,1.8398196199290264,2.157174825668335,2.157174825668335
20180829_sample_4,Sst,2.1416453222641216,2.197751522064209,2.197751522064209
20180829_sample_5,Sst,1.5477375290962438,2.105191230773926,2.105191230773926
20180829_sample_6,Sst,1.8276920192171733,1.5914376974105835,1.5914376974105835
20180829_sample_7,Sst,2.289850358636333,1.9049986600875854,1.9049986600875854
20180829_sample_8,IT,5.096425937565624,4.521975517272949,4.521975517272949
20180830_sample_1,Pvalb,1.344448097892365,2.4446451663970947,2.4446451663970947
20180830_sample_2,Pvalb,1.3151239548729432,1.3484467267990112,1.3484467267990112
20180830_sample_5,Pvalb,1.1253873873565716,1.6505231857299805,1.6505231857299805
20180830_sample_6,Pvalb,1.2715729798042577,1.5702600479125977,1.5702600479125977
20180904_sample_1,Pvalb,1.465424698247272,1.48704195022583,1.48704195022583
20180904_sample_2,Pvalb,1.4419390924441644,1.2437312602996826,1.2437312602996826
20180904_sample_3,Pvalb,1.2846677047973445,1.66835355758667,1.66835355758667
20180904_sample_4,Pvalb,1.1103799165022246,1.3097474575042725,1.3097474575042725
20180904_sample_5,Pvalb,1.1692210243233203,1.7344777584075928,1.7344777584075928
20180904_sample_6,Pvalb,1.1980228693105297,1.5091127157211304,1.5091127157211304
20180904_sample_7,Pvalb,0.8779761010679805,0.7671750783920288,0.7671750783920288
20180904_sample_9,Pvalb,1.1308505524718142,1.361393928527832,1.361393928527832
20180905_sample_1,Sst,1.9164336112518852,2.3002660274505615,2.3002660274505615
20180905_sample_2,Sst,1.9259750945617384,1.705535650253296,1.705535650253296
20180910_sample_2,Sst,2.356675921081476,2.0516202449798584,2.0516202449798584
20180910_sample_3,Sst,2.032196540361424,1.9174573421478271,1.9174573421478271
20180911_sample_1,Sst,3.505539684099102,1.8365517854690552,1.8365517854690552
20180911_sample_2,Sst,1.8673281771608088,2.204465627670288,2.204465627670288
20180911_sample_3,Sst,1.903663911380176,1.7886300086975098,1.7886300086975098
20180911_sample_5,Sst,1.5114825808444623,2.797985792160034,2.797985792160034
20180911_sample_6,Sst,2.12291019456296,1.8212659358978271,1.8212659358978271
20180912_sample_2,Pvalb,1.4760282232015065,1.5627562999725342,1.5627562999725342
20180912_sample_3,Pvalb,1.0770380617208568,1.184499979019165,1.184499979019165
20180912_sample_6,Pvalb,1.1099254898819608,1.348695993423462,1.348695993423462
20180913_sample_2,low quality,2.4216925289447784,2.8492846488952637,2.8492846488952637
20180917_sample_1,Sst,2.4357800518078365,2.3740668296813965,2.3740668296813965
20180917_sample_2,Pvalb,1.1656267782021026,1.3423506021499634,1.3423506021499634
20180917_sample_3,IT,4.054877291794227,4.309403896331787,4.309403896331787
20180917_sample_4,Pvalb,1.4652788762148663,1.2131086587905884,1.2131086587905884
20180917_sample_5,Sst,1.8959104827021809,2.2750020027160645,2.2750020027160645
20180918_sample_1,Vip,2.012710380112797,1.8740631341934204,1.8740631341934204
20180918_sample_2,Vip,2.0259887725261656,1.8992078304290771,1.8992078304290771
20180918_sample_3,Vip,2.2891493224311388,2.432485342025757,2.432485342025757
20180920_sample_1,low quality,1.3950809014639285,2.8808228969573975,2.8808228969573975
20180920_sample_2,Pvalb,1.3357175302550277,1.4691333770751953,1.4691333770751953
20180920_sample_3,Pvalb,1.1779024301246992,0.6298798322677612,0.6298798322677612
20180920_sample_4,Pvalb,1.1211177505216656,1.3132721185684204,1.3132721185684204
20180921_sample_1,low quality,2.592519456333696,2.5895588397979736,2.5895588397979736
20180921_sample_2,Pvalb,1.504771231629232,1.1931535005569458,1.1931535005569458
20180921_sample_3,Pvalb,1.169423497123308,1.159870982170105,1.159870982170105
20180925_sample_9,Pvalb,1.1568762756395805,1.4844143390655518,1.4844143390655518
20180926_sample_1,Pvalb,1.1616685808127971,1.1776068210601807,1.1776068210601807
20180926_sample_3,Pvalb,1.3224899278643514,1.3298262357711792,1.3298262357711792
20180926_sample_4,low quality,1.1794505727569953,1.8910605907440186,1.8910605907440186
20180926_sample_7,Pvalb,1.0672069378204592,0.8284543752670288,0.8284543752670288
20180926_sample_9,IT,3.5857056663224083,4.598735809326172,4.598735809326172
20180927_sample_1,Pvalb,1.2090417200914352,1.6926796436309814,1.6926796436309814
20180927_sample_2,Pvalb,1.4039922030648877,1.5036704540252686,1.5036704540252686
20180927_sample_3,low quality,1.2229422594217496,2.2008700370788574,2.2008700370788574
20180927_sample_4,Pvalb,1.4436634530169157,0.8562169075012207,0.8562169075012207
20180927_sample_5,Pvalb,1.0652240086721905,1.236916422843933,1.236916422843933
20180927_sample_7,Pvalb,1.0737577911362453,1.1209042072296143,1.1209042072296143
20180927_sample_9,IT,5.035918041788833,4.175048351287842,4.175048351287842
20180927_sample_10,low quality,1.2951612648792117,2.8140017986297607,2.8140017986297607
20181002_sample_1,low quality,1.4375946030484978,2.548729658126831,2.548729658126831
20181002_sample_2,Pvalb,1.2276868842706354,1.0853798389434814,1.0853798389434814
20181002_sample_3,Pvalb,1.2601247200381325,1.5092709064483643,1.5092709064483643
20181002_sample_4,Pvalb,1.330247309730709,2.260075807571411,2.260075807571411
20181002_sample_5,Pvalb,1.0861414514566443,0.9888873100280762,0.9888873100280762
20181002_sample_6,Pvalb,1.2296955518308184,1.554003357887268,1.554003357887268
20181002_sample_7,IT,4.315670987937768,4.990100860595703,4.990100860595703
20181002_sample_8,Pvalb,1.2249508964171691,1.1549415588378906,1.1549415588378906
20181002_sample_9,Sst,1.049270416098412,0.8991653919219971,0.8991653919219971
20181002_sample_10,Pvalb,1.0257536488562602,1.2242745161056519,1.2242745161056519
20181003_sample_1,low quality,2.15297706787894,2.1483020782470703,2.1483020782470703
20181003_sample_2,Sst,2.8987386097884,3.184434413909912,3.184434413909912
20181003_sample_3,Sst,1.8723954929167184,2.240652561187744,2.240652561187744
20181003_sample_4,Sst,2.069450647141636,1.4673415422439575,1.4673415422439575
20181003_sample_5,Sst,1.9696342545619272,2.376103639602661,2.376103639602661
20181003_sample_6,Sst,1.9824168632052792,1.9810822010040283,1.9810822010040283
20181003_sample_7,Sst,1.5593593519867617,1.8500328063964844,1.8500328063964844
20181003_sample_8,Sst,1.950544527054139,1.75,1.75
20181003_sample_9,Sst,1.457753322725548,1.1823216676712036,1.1823216676712036
20181003_sample_10,Sst,1.4996537010246964,1.3799349069595337,1.3799349069595337
20181004_sample_1,low quality,1.920808797378165,3.182915210723877,3.182915210723877
20181004_sample_3,Sst,1.543269473908618,0.9713575839996338,0.9713575839996338
20181004_sample_5,Sst,1.4866643411084584,1.6270034313201904,1.6270034313201904
20181004_sample_6,Sst,2.22173141565582,2.3190393447875977,2.3190393447875977
20181004_sample_8,Sst,1.3432286144683891,0.9402832984924316,0.9402832984924316
20181009_sample_2,Sst,1.867848486030273,1.8005623817443848,1.8005623817443848
20181009_sample_3,Sst,2.010307882360193,2.1646852493286133,2.1646852493286133
20181009_sample_4,Sst,1.8165581139218705,1.9708973169326782,1.9708973169326782
20181009_sample_5,Sst,1.630463348434597,2.010749340057373,2.010749340057373
20181009_sample_6,IT,4.674542136558125,4.75319766998291,4.75319766998291
20181009_sample_7,Sst,1.8359964564024616,1.6876221895217896,1.6876221895217896
20181010_sample_1,Sst,1.1731517089219516,1.6984059810638428,1.6984059810638428
20181010_sample_3,Sst,1.8103172120964373,1.9258826971054077,1.9258826971054077
20181010_sample_4,Sst,1.8081157777374537,1.891420602798462,1.891420602798462
20181010_sample_5,IT,4.563369843129433,4.949193000793457,4.949193000793457
20181010_sample_6,Sst,2.2399275203461326,2.028261184692383,2.028261184692383
20181010_sample_8,Sst,2.0122401401671763,1.9039299488067627,1.9039299488067627
20181010_sample_10,Sst,1.318102129649518,1.8134233951568604,1.8134233951568604
20181011_sample_3,Sst,1.312526730305405,2.0137503147125244,2.0137503147125244
20181011_sample_4,Sst,2.3490707467149248,2.5078656673431396,2.5078656673431396
20181011_sample_8,Sst,1.859600507072133,1.643820881843567,1.643820881843567
20181011_sample_9,Sst,1.876645147751922,2.089344024658203,2.089344024658203
20181011_sample_10,Sst,1.829011450323424,1.4362096786499023,1.4362096786499023
20181109_sample_1,Sst,2.4878371100473657,1.9372050762176514,1.9372050762176514
20181109_sample_2,Sst,1.7829486916660369,1.868925929069519,1.868925929069519
20181109_sample_3,Sst,1.8099042269305128,2.4036033153533936,2.4036033153533936
20181109_sample_5,Sst,2.154379382720141,2.041980504989624,2.041980504989624
20181109_sample_7,Sst,2.2804667125069247,2.397953510284424,2.397953510284424
20181109_sample_8,Sst,2.145203787254579,1.923764705657959,1.923764705657959
20181109_sample_9,Sst,1.9919244061144392,1.9068249464035034,1.9068249464035034
20181109_sample_10,Sst,1.9538413927421132,1.8794914484024048,1.8794914484024048
20181112_sample_1,low quality,2.111039842795666,2.869455337524414,2.869455337524414
20181112_sample_4,Sst,2.5094354980318707,1.7843060493469238,1.7843060493469238
20181112_sample_5,low quality,2.092503210838866,2.591184616088867,2.591184616088867
20181112_sample_6,Sst,1.5873157069343455,2.0441455841064453,2.0441455841064453
20181112_sample_8,Sst,1.7299445399518407,1.4557855129241943,1.4557855129241943
20181112_sample_11,Sst,1.6244836168137733,1.2888039350509644,1.2888039350509644
20181114_sample_1,Pvalb,1.3798672959042446,2.29465913772583,2.29465913772583
20181114_sample_2,Pvalb,1.1316249372422122,1.7628968954086304,1.7628968954086304
20181114_sample_4,Pvalb,1.397753249724096,2.020806312561035,2.020806312561035
20181116_sample_2,Pvalb,1.278224373535538,1.27384614944458,1.27384614944458
20181116_sample_3,Pvalb,0.8548271811787622,1.738358497619629,1.738358497619629
20181116_sample_4,Pvalb,1.278224373535538,1.4255807399749756,1.4255807399749756
20181116_sample_5,Pvalb,1.030583932000716,2.0343098640441895,2.0343098640441895
20181116_sample_7,low quality,1.1682731824186,2.740523099899292,2.740523099899292
20181116_sample_10,low quality,1.2028769953147564,2.976713180541992,2.976713180541992
20181116_sample_12,Pvalb,1.1376811628236168,1.2209336757659912,1.2209336757659912
20181121_sample_1,Sst,1.735472951853826,2.3816699981689453,2.3816699981689453
20181121_sample_2,Sst,2.680272047485581,2.260814666748047,2.260814666748047
20181121_sample_3,Pvalb,1.4832560353990734,1.257455587387085,1.257455587387085
20181121_sample_4,low quality,2.336950667137557,2.441431760787964,2.441431760787964
20181121_sample_5,Sst,1.542601292358725,1.592942714691162,1.592942714691162
20181121_sample_6,Sst,1.3530189034167217,1.3019516468048096,1.3019516468048096
20181121_sample_7,Sst,1.5959961399106075,2.203651189804077,2.203651189804077
20181126_sample_2,Sst,1.6306202590875452,1.4135563373565674,1.4135563373565674
20181126_sample_6,Sst,1.603492890006789,1.843662977218628,1.843662977218628
20181127_sample_1,Sst,1.9604619338539868,2.1647844314575195,2.1647844314575195
20181127_sample_3,Sst,2.271624939731121,2.3021597862243652,2.3021597862243652
20181127_sample_4,Sst,1.9195454379212915,1.905597448348999,1.905597448348999
20181127_sample_5,Sst,2.039488685043404,2.1403396129608154,2.1403396129608154
20181127_sample_7,Sst,2.833710139628017,1.8540033102035522,1.8540033102035522
20181129_sample_1,Sst,1.6983435480147564,1.5097620487213135,1.5097620487213135
20181129_sample_2,low quality,2.1697493459129142,2.6415281295776367,2.6415281295776367
20181129_sample_3,Sst,2.4559196450888185,2.100895881652832,2.100895881652832
20181129_sample_4,Sst,1.8226221803737608,2.272860050201416,2.272860050201416
20181129_sample_5,Sst,1.8592775493758984,1.69712233543396,1.69712233543396
20181129_sample_6,Sst,2.3989048073704717,2.1657633781433105,2.1657633781433105
20181203_sample_2,Sst,2.2161678117231274,2.4827637672424316,2.4827637672424316
20181203_sample_3,Sst,1.593449135068739,1.9099631309509277,1.9099631309509277
20181203_sample_4,Sst,1.5562455643931343,2.7675023078918457,2.7675023078918457
20181203_sample_5,Sst,2.010174598175212,2.2048306465148926,2.2048306465148926
20181203_sample_6,Pvalb,1.2471323800877527,1.707220435142517,1.707220435142517
20181203_sample_7,Sst,2.0715381806027726,2.5160574913024902,2.5160574913024902
20181203_sample_8,Sst,1.8075566827685916,1.7466533184051514,1.7466533184051514
20181203_sample_9,Sst,2.0816149308490544,2.161285161972046,2.161285161972046
20181203_sample_10,low quality,1.425145891386196,1.2787177562713623,1.2787177562713623
20181205_sample_1,Sst,2.097903699564456,1.925557255744934,1.925557255744934
20181205_sample_2,Sst,1.6222121260319071,1.7239954471588135,1.7239954471588135
20181207_sample_1,Pvalb,1.471270215540224,1.3587534427642822,1.3587534427642822
20181207_sample_2,Pvalb,1.345252203979119,1.4051841497421265,1.4051841497421265
20181207_sample_3,Pvalb,1.3697805350810932,1.9439939260482788,1.9439939260482788
20181207_sample_4,Pvalb,1.2292519322435185,1.320137619972229,1.320137619972229
20181207_sample_5,Pvalb,1.4450719731194577,1.2075555324554443,1.2075555324554443
20181207_sample_6,low quality,1.33297144003712,2.6895651817321777,2.6895651817321777
20181207_sample_7,Pvalb,1.1389625909106578,1.6991329193115234,1.6991329193115234
20181208_sample_1,low quality,2.074369808771639,3.280217409133911,3.280217409133911
20181208_sample_2,Sst,1.943363685480308,2.559494972229004,2.559494972229004
20181208_sample_3,Sst,2.0811417367487177,3.10090708732605,3.10090708732605
20181208_sample_4,Sst,2.252194319488955,1.7431014776229858,1.7431014776229858
20181208_sample_5,Sst,2.3938396803312085,2.557009696960449,2.557009696960449
20181208_sample_6,Sst,2.058282924716719,1.9761264324188232,1.9761264324188232
20181208_sample_7,Sst,1.7679399135092535,2.198537588119507,2.198537588119507
20181208_sample_8,Sst,1.7277431835877606,1.4395440816879272,1.4395440816879272
20181208_sample_9,Sst,2.0083522183920386,1.9291166067123413,1.9291166067123413
20181208_sample_10,Sst,2.323633409491309,1.7079508304595947,1.7079508304595947
20181211_sample_1,CT,3.2749808114730534,3.1909918785095215,3.1909918785095215
20181211_sample_2,Pvalb,1.7261262237759538,1.552642822265625,1.552642822265625
20181211_sample_4,Pvalb,1.1657481595619454,1.5341143608093262,1.5341143608093262
20181211_sample_5,low quality,1.2459629275085675,2.5948524475097656,2.5948524475097656
20181211_sample_6,Pvalb,1.308945185875824,0.9755114316940308,0.9755114316940308
20181211_sample_7,Pvalb,1.2958432017196329,1.7672369480133057,1.7672369480133057
20181211_sample_8,Pvalb,1.1483520589185434,1.622982144355774,1.622982144355774
20181211_sample_9,Pvalb,1.3212458757443206,1.664257526397705,1.664257526397705
20181213_sample_1,Sst,1.6490869669709018,2.008232831954956,2.008232831954956
20181213_sample_2,Sst,1.528434753266253,1.9060707092285156,1.9060707092285156
20181213_sample_3,Sst,2.0443521686018133,1.9220134019851685,1.9220134019851685
20181213_sample_4,Sst,2.3740489650805645,2.6114022731781006,2.6114022731781006
20181213_sample_5,IT,3.851194373705672,4.364933013916016,4.364933013916016
20181213_sample_6,Sst,1.801107976408252,1.3659708499908447,1.3659708499908447
20181213_sample_7,Sst,2.0232582579585063,2.3454532623291016,2.3454532623291016
20181214_sample_1,low quality,4.560280243520507,2.0815470218658447,2.0815470218658447
20181214_sample_2,Sst,1.9730863424878249,2.1032280921936035,2.1032280921936035
20190108_sample_1,Pvalb,1.3035802050057534,1.0130641460418701,1.0130641460418701
20190108_sample_2,Vip,2.4404827456889837,2.435807704925537,2.435807704925537
20190108_sample_3,IT,5.195586331246363,3.4195854663848877,3.4195854663848877
20190108_sample_5,Vip,2.8610512607567418,2.028221607208252,2.028221607208252
20190108_sample_6,Lamp5,3.8746692381636496,2.897763967514038,2.897763967514038
20190109_sample_2,Sst,1.577376591666044,1.5518953800201416,1.5518953800201416
20190110_sample_1,Sst,2.275996455433916,1.773514986038208,1.773514986038208
20190110_sample_3,Sst,1.8665360179641024,2.195333480834961,2.195333480834961
20190110_sample_4,Sst,1.2813504208415405,1.872575283050537,1.872575283050537
20190110_sample_6,IT,4.307294109455994,4.541969299316406,4.541969299316406
20190110_sample_7,IT,2.4704540223181604,4.192531108856201,4.192531108856201
20190117_sample_1,Vip,1.58200744158619,1.9704824686050415,1.9704824686050415
20190117_sample_2,IT,2.38648802798619,4.5268754959106445,4.5268754959106445
20190117_sample_3,Sst,2.072342114372654,2.252718687057495,2.252718687057495
20190117_sample_4,IT,3.5475514173833336,4.086615562438965,4.086615562438965
20190117_sample_5,Sst,1.6369369897301185,1.7391473054885864,1.7391473054885864
20190122_sample_1,Pvalb,1.034347356833165,1.255529761314392,1.255529761314392
20190122_sample_2,IT,3.766885088972413,4.6715545654296875,4.6715545654296875
20190122_sample_3,Pvalb,1.2231092491628788,1.5046265125274658,1.5046265125274658
20190122_sample_5,Pvalb,1.0570082580790272,1.30768883228302,1.30768883228302
20190122_sample_6,IT,3.815796624761812,4.786469459533691,4.786469459533691
20190122_sample_9,Pvalb,1.08286739771046,2.317547559738159,2.317547559738159
20190122_sample_10,Pvalb,1.1931267185022858,2.279996395111084,2.279996395111084
20190122_sample_11,low quality,1.171253645143398,2.518974781036377,2.518974781036377
20190122_sample_12,Pvalb,1.1105712605668756,1.7975393533706665,1.7975393533706665
20190122_sample_13,Pvalb,1.1348809874731258,0.9370987415313721,0.9370987415313721
20190122_sample_14,Pvalb,1.32278697752563,1.603145956993103,1.603145956993103
20190122_sample_16,Pvalb,1.3458828579237818,1.6996248960494995,1.6996248960494995
20190122_sample_17,Pvalb,1.1909215924950738,1.3902032375335693,1.3902032375335693
20190123_sample_5,Pvalb,1.009621823837776,1.3989177942276,1.3989177942276
20190123_sample_7,Pvalb,1.2131550830437836,1.7908614873886108,1.7908614873886108
20190123_sample_8,Pvalb,1.2326724244458112,1.2990407943725586,1.2990407943725586
20190124_sample_4,Pvalb,1.303444426803626,1.9602603912353516,1.9602603912353516
20190128_sample_2,Pvalb,1.054274298910692,1.129414677619934,1.129414677619934
20190128_sample_3,low quality,1.193269702558719,2.544147253036499,2.544147253036499
20190128_sample_4,Pvalb,1.218493577584057,1.5994133949279785,1.5994133949279785
20190128_sample_6,Lamp5,2.808068615242166,2.1922526359558105,2.1922526359558105
20190128_sample_7,Pvalb,1.0618037566348486,1.5278345346450806,1.5278345346450806
20190128_sample_11,Pvalb,1.542990590324103,2.1049108505249023,2.1049108505249023
20190128_sample_12,Pvalb,1.2750172204408683,0.934569239616394,0.934569239616394
20190130_sample_2,low quality,1.3326683643488866,2.8476288318634033,2.8476288318634033
20190130_sample_3,Lamp5,2.5262967748056417,2.1275014877319336,2.1275014877319336
20190130_sample_6,Pvalb,1.3824942219851488,1.4677714109420776,1.4677714109420776
20190130_sample_8,CT,3.02373783727164,3.959291934967041,3.959291934967041
20190130_sample_9,Sst,2.1218314086158547,1.7801859378814697,1.7801859378814697
20190130_sample_10,Sst,1.5573659870733478,2.3832828998565674,2.3832828998565674
20190130_sample_15,Pvalb,1.1203827432846163,1.0948039293289185,1.0948039293289185
20190130_sample_17,Sst,2.40490745092998,1.9293569326400757,1.9293569326400757
20190130_sample_18,Sst,1.904189744601606,1.8013005256652832,1.8013005256652832
20190131_sample_1,Sst,2.1451990899583584,2.2115118503570557,2.2115118503570557
20190131_sample_3,Pvalb,1.0362343990645535,2.0562853813171387,2.0562853813171387
20190131_sample_4,Sst,1.6943390490456425,1.7803456783294678,1.7803456783294678
20190131_sample_5,Sst,1.0705676861359652,1.2943034172058105,1.2943034172058105
20190131_sample_6,Sst,1.7176258880207471,1.5292115211486816,1.5292115211486816
20190131_sample_10,Sst,1.7241892327173542,1.8248448371887207,1.8248448371887207
20190201_sample_2,Pvalb,1.3389452222878786,1.0946643352508545,1.0946643352508545
20190201_sample_3,Pvalb,1.1971845056761032,1.3669155836105347,1.3669155836105347
20190201_sample_4,Pvalb,1.043985055595259,1.221956729888916,1.221956729888916
20190201_sample_7,Pvalb,1.4030543256209196,1.8792340755462646,1.8792340755462646
20190201_sample_8,Pvalb,1.335663748918687,1.4378036260604858,1.4378036260604858
20190201_sample_10,Pvalb,1.319820289509997,1.785941243171692,1.785941243171692
20190204_sample_1,Sst,1.8916721657212263,1.8522377014160156,1.8522377014160156
20190204_sample_2,CT,3.126239542885344,3.52003812789917,3.52003812789917
20190204_sample_4,Sst,1.9838092053010965,1.9430155754089355,1.9430155754089355
20190204_sample_5,Sst,2.037553157642604,1.7156692743301392,1.7156692743301392
20190204_sample_6,Sst,2.028566613423468,2.2531843185424805,2.2531843185424805
20190204_sample_7,Pvalb,1.1782681323172044,1.450386643409729,1.450386643409729
20190204_sample_8,Pvalb,1.209980070258559,1.5239558219909668,1.5239558219909668
20190204_sample_9,Pvalb,1.2493790818515809,1.2365927696228027,1.2365927696228027
20190204_sample_10,Pvalb,1.2877113369702682,1.4087376594543457,1.4087376594543457
20190204_sample_11,Sst,1.6731862836464932,1.8128467798233032,1.8128467798233032
20190204_sample_14,Sst,1.906176887886436,1.579801321029663,1.579801321029663
20190204_sample_15,Sst,1.7147461782305462,2.1121151447296143,2.1121151447296143
20190204_sample_16,Sst,1.4693790010940522,1.7300939559936523,1.7300939559936523
20190204_sample_17,Sst,1.4308216514112553,2.4366462230682373,2.4366462230682373
20190204_sample_18,Sst,1.9443559792605545,2.1102161407470703,2.1102161407470703
20190204_sample_19,low quality,1.332198572904462,2.5628890991210938,2.5628890991210938
20190204_sample_20,low quality,1.4034691541174962,2.563508987426758,2.563508987426758
20190204_sample_21,Pvalb,1.0996594374987785,1.369480848312378,1.369480848312378
20190204_sample_22,IT,3.7105751621636,4.15736198425293,4.15736198425293
20190204_sample_24,CT,3.880378211948976,3.9425792694091797,3.9425792694091797
20190205_sample_1,Pvalb,1.240388730815271,1.918530821800232,1.918530821800232
20190205_sample_2,Sst,2.386109891162853,1.8453452587127686,1.8453452587127686
20190205_sample_3,low quality,1.5615183238758723,2.042515754699707,2.042515754699707
20190205_sample_4,Sst,2.302847817312872,1.7610015869140625,1.7610015869140625
20190205_sample_5,Sst,1.7696288186610354,2.3739733695983887,2.3739733695983887
20190205_sample_6,Sst,1.332123436451527,1.6621191501617432,1.6621191501617432
20190205_sample_7,Pvalb,0.9963454983123792,1.3174264430999756,1.3174264430999756
20190211_sample_1,Pvalb,1.2102631473851049,1.3927819728851318,1.3927819728851318
20190211_sample_2,IT,3.283423153176737,4.682908535003662,4.682908535003662
20190211_sample_3,Pvalb,1.1213243222198768,1.3959399461746216,1.3959399461746216
20190211_sample_4,IT,4.119821133567738,4.123787879943848,4.123787879943848
20190211_sample_6,Pvalb,1.0134725510421778,1.0520446300506592,1.0520446300506592
20190211_sample_8,Pvalb,1.329280496647978,2.09635591506958,2.09635591506958
20190211_sample_9,Pvalb,1.360533541205403,1.3108969926834106,1.3108969926834106
20190211_sample_11,Pvalb,1.2201198881176938,1.8002469539642334,1.8002469539642334
20190211_sample_12,low quality,1.1761255573565463,2.3792762756347656,2.3792762756347656
20190212_sample_1,Sst,1.8344655562370853,1.6467342376708984,1.6467342376708984
20190212_sample_4,Sst,1.8529733534488944,2.730714797973633,2.730714797973633
20190212_sample_5,Sst,2.1011024881930966,2.3578293323516846,2.3578293323516846
20190212_sample_6,Sst,2.089811916444284,2.209359645843506,2.209359645843506
20190212_sample_7,Sst,1.910285461622886,1.923832893371582,1.923832893371582
20190212_sample_8,Sst,2.096277556880506,1.4634243249893188,1.4634243249893188
20190213_sample_1,Pvalb,1.2405578845786476,0.8921375274658203,0.8921375274658203
20190213_sample_4,Pvalb,1.1762587551016743,1.1628754138946533,1.1628754138946533
20190213_sample_7,Pvalb,1.2470575199063372,1.504984974861145,1.504984974861145
20190213_sample_8,Pvalb,1.3141486029931075,1.3620227575302124,1.3620227575302124
20190214_sample_1,Pvalb,1.1897255775086946,1.6916992664337158,1.6916992664337158
20190214_sample_2,Pvalb,1.0783179349991976,1.7585787773132324,1.7585787773132324
20190214_sample_3,Pvalb,1.17392824904022,1.3776798248291016,1.3776798248291016
20190214_sample_6,Pvalb,0.8891804480593378,2.1826977729797363,2.1826977729797363
20190214_sample_9,Pvalb,1.1277398560099006,1.4583631753921509,1.4583631753921509
20190218_sample_3,Sst,1.792534265195967,1.711665391921997,1.711665391921997
20190218_sample_4,Sst,2.12840375279482,1.9208236932754517,1.9208236932754517
20190218_sample_5,Sst,1.68963388072011,1.7044618129730225,1.7044618129730225
20190219_sample_1,Vip,2.3583411509262158,2.5133635997772217,2.5133635997772217
20190219_sample_3,Sncg,2.036717701362116,2.3661386966705322,2.3661386966705322
20190219_sample_4,Vip,2.986292890973706,2.517920970916748,2.517920970916748
20190219_sample_7,Vip,1.8617749053034296,2.5788516998291016,2.5788516998291016
20190219_sample_8,IT,3.82091422028704,3.3607983589172363,3.3607983589172363
20190221_sample_1,Sst,1.977570528061518,2.1162819862365723,2.1162819862365723
20190221_sample_2,Sst,1.6185953146910703,2.399524688720703,2.399524688720703
20190221_sample_4,Sst,1.3851869473246714,1.9224393367767334,1.9224393367767334
20190221_sample_10,Sst,1.761730247874361,1.8566713333129883,1.8566713333129883
20190221_sample_11,Pvalb,1.3685602337139573,1.3508052825927734,1.3508052825927734
20190222_sample_2,CT,2.9042636484697293,3.590825080871582,3.590825080871582
20190222_sample_3,IT,3.576026370992576,3.826043128967285,3.826043128967285
20190222_sample_4,CT,4.325669379582697,3.3195724487304688,3.3195724487304688
20190222_sample_5,CT,3.136182449044568,4.025852203369141,4.025852203369141
20190222_sample_7,Vip,2.0636363605373997,1.578275203704834,1.578275203704834
20190222_sample_8,IT,4.147861008539868,4.57118034362793,4.57118034362793
20190226_sample_1,Pvalb,1.3189190728576288,1.7063844203948975,1.7063844203948975
20190226_sample_2,Lamp5,2.825929510074576,2.87424898147583,2.87424898147583
20190226_sample_3,CT,4.171800073642619,3.4477787017822266,3.4477787017822266
20190226_sample_5,IT,3.987880741732994,4.390676498413086,4.390676498413086
20190226_sample_6,IT,4.371668793284406,3.9478206634521484,3.9478206634521484
20190226_sample_7,Lamp5,2.6904076830945964,2.7395668029785156,2.7395668029785156
20190226_sample_9,Pvalb,1.1392185139617412,1.8008077144622803,1.8008077144622803
20190227_sample_1,Sst,1.8533133680501448,1.8976085186004639,1.8976085186004639
20190227_sample_2,Sst,1.911882971019058,1.7085561752319336,1.7085561752319336
20190227_sample_3,Sst,1.836705793290561,1.6920044422149658,1.6920044422149658
20190227_sample_4,Sst,2.1117479030423003,2.0451440811157227,2.0451440811157227
20190227_sample_5,Sst,1.8113896575362165,1.9061123132705688,1.9061123132705688
20190227_sample_6,Sst,2.629039336235504,2.1074557304382324,2.1074557304382324
20190227_sample_7,Pvalb,1.0708337296571375,1.1649225950241089,1.1649225950241089
20190318_sample_3,Sst,1.9307536168762915,1.7512822151184082,1.7512822151184082
20190318_sample_4,Sst,1.4217639575791143,1.5986156463623047,1.5986156463623047
20190318_sample_5,Sst,2.0436647969404143,2.1308364868164062,2.1308364868164062
20190318_sample_6,Sst,2.2343432407573145,1.8075469732284546,1.8075469732284546
20190320_sample_4,IT,3.909176925898679,4.055553436279297,4.055553436279297
20190320_sample_5,CT,2.3393713142658465,4.140446662902832,4.140446662902832
20190320_sample_6,CT,2.705694104197203,3.891781806945801,3.891781806945801
20190320_sample_9,IT,3.57818283344005,3.7480125427246094,3.7480125427246094
20190321_sample_2,low quality,3.450576677115971,4.112313270568848,4.112313270568848
20190321_sample_4,IT,5.140495796146911,4.860840797424316,4.860840797424316
20190321_sample_6,CT,3.519084887314777,4.12717342376709,4.12717342376709
20190322_sample_1,IT,5.920795582540461,4.41315221786499,4.41315221786499
20190322_sample_2,IT,5.343425815693218,4.621712684631348,4.621712684631348
20190322_sample_3,CT,3.6983968691388034,3.756171226501465,3.756171226501465
20190322_sample_4,CT,3.3857025869110613,3.3530874252319336,3.3530874252319336
20190325_sample_1,Lamp5,3.4464867729432958,2.5812695026397705,2.5812695026397705
20190325_sample_2,low quality,1.0981475066291415,2.271040916442871,2.271040916442871
20190325_sample_3,IT,4.6484034845826185,4.795817852020264,4.795817852020264
20190325_sample_4,CT,2.682387175782341,3.5242481231689453,3.5242481231689453
20190325_sample_5,CT,3.426593734058378,4.2826457023620605,4.2826457023620605
20190325_sample_6,CT,3.536160803063737,3.9194016456604004,3.9194016456604004
20190325_sample_7,IT,4.394728351088144,4.456212997436523,4.456212997436523
20190325_sample_9,CT,3.037040046340469,3.462752342224121,3.462752342224121
20190326_sample_1,CT,3.0752303244525647,3.7720117568969727,3.7720117568969727
20190326_sample_2,Vip,2.500546739071696,2.425339460372925,2.425339460372925
20190326_sample_3,Vip,2.1309220698109885,2.828613042831421,2.828613042831421
20190326_sample_4,CT,2.6733151834267863,3.6425797939300537,3.6425797939300537
20190327_sample_1,CT,5.212198703926924,2.6755013465881348,2.6755013465881348
20190327_sample_2,IT,6.330771116152644,4.106472969055176,4.106472969055176
20190327_sample_4,CT,3.296260467198078,3.8081135749816895,3.8081135749816895
20190327_sample_7,Vip,1.3612657249013318,2.09686541557312,2.09686541557312
20190328_sample_1,CT,4.8227440004348034,3.3371756076812744,3.3371756076812744
20190328_sample_2,CT,3.1800027395650194,3.396003484725952,3.396003484725952
20190328_sample_3,CT,3.284326863585115,4.067378044128418,4.067378044128418
20190328_sample_4,CT,3.851041529516539,4.017098426818848,4.017098426818848
20190328_sample_5,CT,2.745803889363909,3.676936626434326,3.676936626434326
20190328_sample_6,CT,3.370048894552447,4.155841827392578,4.155841827392578
20190328_sample_8,IT,4.436108060707284,4.175322532653809,4.175322532653809
20190328_sample_9,CT,4.311914362448782,2.973386287689209,2.973386287689209
20190329_sample_3,CT,3.032312523975365,3.679612874984741,3.679612874984741
20190329_sample_4,CT,2.9537310235129297,4.315930366516113,4.315930366516113
20190329_sample_5,CT,2.8429540881557784,3.9427897930145264,3.9427897930145264
20190402_sample_2,CT,2.85406678597721,4.2780914306640625,4.2780914306640625
20190402_sample_3,IT,4.012505404766074,3.1967434883117676,3.1967434883117676
20190402_sample_5,low quality,3.1429473196451374,2.5932624340057373,2.5932624340057373
20190402_sample_6,Vip,2.60319446308718,2.4166793823242188,2.4166793823242188
20190403_sample_3,low quality,2.668536712981703,2.817107677459717,2.817107677459717
20190403_sample_5,IT,3.7956291841145418,4.284182548522949,4.284182548522949
20190403_sample_6,Sst,2.230184099637851,1.6926186084747314,1.6926186084747314
20190403_sample_7,Sst,1.792949137145352,2.0034255981445312,2.0034255981445312
20190408_sample_1,Pvalb,1.2132717498958754,0.8421139717102051,0.8421139717102051
20190408_sample_2,Sst,1.7792210372734174,2.1043193340301514,2.1043193340301514
20190408_sample_5,Sst,1.851901783951528,2.581132650375366,2.581132650375366
20190408_sample_6,Sst,2.0554212619822367,2.5026466846466064,2.5026466846466064
20190409_sample_2,low quality,1.927436351403743,2.8020310401916504,2.8020310401916504
20190409_sample_3,low quality,3.3087845681692363,2.6322202682495117,2.6322202682495117
20190409_sample_4,Sst,2.1279797619404954,2.155207633972168,2.155207633972168
20190409_sample_5,CT,3.188810948569294,3.327178716659546,3.327178716659546
20190409_sample_7,Sst,1.5906869814502735,2.4022669792175293,2.4022669792175293
20190409_sample_8,CT,3.8553550855328935,3.964111804962158,3.964111804962158
20190409_sample_9,IT,3.548831638877456,4.063436508178711,4.063436508178711
20190409_sample_10,CT,4.232686946449873,3.7985877990722656,3.7985877990722656
20190409_sample_11,IT,4.449496716300538,4.441921234130859,4.441921234130859
20190410_sample_3,CT,2.596984178647185,3.400373935699463,3.400373935699463
20190410_sample_4,Sst,2.612768884868516,2.2182161808013916,2.2182161808013916
20190410_sample_6,IT,5.276536366940562,4.616147041320801,4.616147041320801
20190410_sample_7,CT,3.791345273118705,2.07783579826355,2.07783579826355
20190410_sample_10,CT,5.257379652773906,3.1011810302734375,3.1011810302734375
20190411_sample_1,CT,2.960447558921709,3.9058432579040527,3.9058432579040527
20190411_sample_3,low quality,1.120043776353154,2.4661245346069336,2.4661245346069336
20190411_sample_5,CT,2.659988416117473,3.5285379886627197,3.5285379886627197
20190411_sample_6,Pvalb,1.5907692355143008,0.9705772399902344,0.9705772399902344
20190411_sample_8,CT,3.675296797920162,3.4617269039154053,3.4617269039154053
20190412_sample_1,Pvalb,1.1277288218043522,1.2951925992965698,1.2951925992965698
20190412_sample_3,IT,3.5316334190229863,3.5461585521698,3.5461585521698
20190412_sample_6,Pvalb,1.2950056746532477,1.8817402124404907,1.8817402124404907
20190415_sample_1,Pvalb,1.2780373604295223,1.1613199710845947,1.1613199710845947
20190415_sample_3,CT,3.627409369547269,4.1238508224487305,4.1238508224487305
20190415_sample_4,IT,5.267914154690378,4.206177711486816,4.206177711486816
20190415_sample_6,CT,3.281242474188442,3.942966938018799,3.942966938018799
20190415_sample_8,Sst,3.8359849288114174,1.8484814167022705,1.8484814167022705
20190415_sample_10,IT,4.767039805200567,4.328393459320068,4.328393459320068
20190416_sample_3,CT,3.148604670728915,4.333901405334473,4.333901405334473
20190416_sample_4,Pvalb,1.1946505609075644,1.611372470855713,1.611372470855713
20190416_sample_5,Sst,1.5579787616688026,2.257141351699829,2.257141351699829
20190416_sample_6,IT,4.290266443339646,3.8841211795806885,3.8841211795806885
20190416_sample_7,Sncg,2.239591392865318,2.150536298751831,2.150536298751831
20190416_sample_8,Pvalb,1.2049450272153592,1.065949559211731,1.065949559211731
20190416_sample_9,IT,4.367668496590984,4.77394962310791,4.77394962310791
20190416_sample_10,CT,4.2276843431857625,3.5564756393432617,3.5564756393432617
20190417_sample_2,CT,4.00128362666622,3.4946134090423584,3.4946134090423584
20190417_sample_3,CT,3.260116658538235,3.3408279418945312,3.3408279418945312
20190417_sample_4,Sst,2.3743449082799595,2.023928165435791,2.023928165435791
20190417_sample_5,Sst,1.2381598954073536,2.2283122539520264,2.2283122539520264
20190417_sample_9,CT,4.03015872419408,4.5658674240112305,4.5658674240112305
20190417_sample_10,Sst,2.3298238104597417,2.0982532501220703,2.0982532501220703
20190418_sample_2,Sst,1.9705624313410035,2.386375665664673,2.386375665664673
20190418_sample_4,CT,4.283534676757942,3.7429704666137695,3.7429704666137695
20190418_sample_5,IT,5.322649163344671,4.6306071281433105,4.6306071281433105
20190418_sample_7,CT,3.7289586357096542,3.660001039505005,3.660001039505005
20190418_sample_8,Pvalb,1.420592629623986,2.011165142059326,2.011165142059326
20190418_sample_9,CT,4.933932974971733,2.8445348739624023,2.8445348739624023
20190418_sample_10,CT,3.3782987409129426,3.3148560523986816,3.3148560523986816
20190422_sample_1,Pvalb,1.3592482237820047,1.4572758674621582,1.4572758674621582
20190422_sample_4,Pvalb,1.2672251541065396,2.31706166267395,2.31706166267395
20190422_sample_5,Pvalb,1.5818704892229325,1.6715290546417236,1.6715290546417236
20190422_sample_6,CT,3.6806069142010993,4.5481276512146,4.5481276512146
20190422_sample_7,IT,3.922999865858891,4.164069175720215,4.164069175720215
20190422_sample_8,Pvalb,1.2982744157272783,1.1609655618667603,1.1609655618667603
20190422_sample_10,CT,4.118053519703647,4.557664394378662,4.557664394378662
20190423_sample_1,IT,4.743251508248846,4.137297630310059,4.137297630310059
20190423_sample_3,CT,3.645175633944876,3.3361868858337402,3.3361868858337402
20190423_sample_5,CT,4.36317990702564,3.2109341621398926,3.2109341621398926
20190423_sample_7,CT,2.847746247727808,3.425065279006958,3.425065279006958
20190423_sample_8,Pvalb,1.1919025411360062,1.702012300491333,1.702012300491333
20190423_sample_10,Pvalb,1.2115981520422363,1.0662546157836914,1.0662546157836914
20190424_sample_1,CT,3.0982316368952905,4.002009868621826,4.002009868621826
20190424_sample_2,Pvalb,1.3518609931696492,1.1373646259307861,1.1373646259307861
20190424_sample_3,CT,3.1847223164359786,3.638547420501709,3.638547420501709
20190424_sample_4,CT,2.912790627050633,3.9185986518859863,3.9185986518859863
20190424_sample_5,CT,3.32520900612037,3.578850746154785,3.578850746154785
20190424_sample_6,IT,5.64108496880863,4.639019012451172,4.639019012451172
20190424_sample_7,Lamp5,2.563984134713919,2.600630283355713,2.600630283355713
20190425_sample_1,IT,4.249177962766354,4.173113822937012,4.173113822937012
20190425_sample_4,Lamp5,3.2397003885010505,2.422886610031128,2.422886610031128
20190425_sample_6,Sst,1.9513397598444515,1.5704047679901123,1.5704047679901123
20190425_sample_7,IT,3.2331766882309845,4.326086521148682,4.326086521148682
20190425_sample_8,CT,3.514933312837691,3.8291308879852295,3.8291308879852295
20190425_sample_9,CT,4.0126365057974605,2.381592035293579,2.381592035293579
20190425_sample_12,CT,3.206868819616031,4.219958305358887,4.219958305358887
20190425_sample_13,CT,3.581474476187088,4.894164085388184,4.894164085388184
20190425_sample_14,CT,3.3805184409510005,4.184889793395996,4.184889793395996
20190425_sample_16,IT,4.226497392127849,4.685024738311768,4.685024738311768
20190429_sample_1,Pvalb,1.0937042666589023,1.2082667350769043,1.2082667350769043
20190429_sample_4,Pvalb,1.24332142338378,1.3457238674163818,1.3457238674163818
20190429_sample_5,Pvalb,0.9482281019081904,1.4692816734313965,1.4692816734313965
20190429_sample_6,Pvalb,1.4001268971544698,1.7173500061035156,1.7173500061035156
20190429_sample_7,CT,2.954642995212999,4.545576572418213,4.545576572418213
20190430_sample_1,Vip,2.1077208428383143,1.952582836151123,1.952582836151123
20190430_sample_3,Vip,1.7276158431476625,2.2073066234588623,2.2073066234588623
20190430_sample_4,Vip,2.627677779359012,2.504459857940674,2.504459857940674
20190430_sample_5,Vip,2.151648611013391,2.5531017780303955,2.5531017780303955
20190430_sample_6,Vip,1.8070791828255264,2.090299606323242,2.090299606323242
20190430_sample_7,IT,3.6908804872702974,4.258048057556152,4.258048057556152
20190430_sample_8,Vip,3.0891788556525053,2.604229688644409,2.604229688644409
20190430_sample_9,IT,4.542999197395679,4.945968151092529,4.945968151092529
20190430_sample_10,IT,5.148036866303592,4.418070316314697,4.418070316314697
20190501_sample_1,Vip,1.8839325215403369,2.260127544403076,2.260127544403076
20190501_sample_3,Vip,1.8802396104606265,2.2297067642211914,2.2297067642211914
20190501_sample_4,Vip,1.5492486343083502,2.3304202556610107,2.3304202556610107
20190501_sample_5,CT,3.147055927307856,3.8247504234313965,3.8247504234313965
20190501_sample_6,Vip,2.883405208027778,2.9682679176330566,2.9682679176330566
20190501_sample_7,Pvalb,0.9719446637730288,1.2236292362213135,1.2236292362213135
20190501_sample_8,Vip,2.1371161179713343,2.313556432723999,2.313556432723999
20190501_sample_9,Pvalb,1.0620673380476404,1.4517545700073242,1.4517545700073242
20190501_sample_11,Pvalb,0.9296905749361886,1.7660703659057617,1.7660703659057617
20190501_sample_12,IT,4.07340571418086,4.226897239685059,4.226897239685059
20190501_sample_14,Pvalb,1.215954516617605,0.7352820634841919,0.7352820634841919
20190503_sample_1,Vip,2.164231065621393,2.114757537841797,2.114757537841797
20190503_sample_3,Vip,2.2358307076036232,2.2128419876098633,2.2128419876098633
20190506_sample_1,Vip,1.975348038222755,2.333620548248291,2.333620548248291
20190506_sample_2,Vip,1.7865786021598171,2.4549288749694824,2.4549288749694824
20190506_sample_3,Vip,1.6251803482789278,2.433725357055664,2.433725357055664
20190506_sample_4,CT,2.136146365105956,4.332625389099121,4.332625389099121
20190506_sample_5,Vip,1.6623161314758168,2.736880302429199,2.736880302429199
20190506_sample_6,CT,2.357790793318847,3.387120485305786,3.387120485305786
20190506_sample_7,Vip,1.1956065645791218,1.911618709564209,1.911618709564209
20190507_sample_2,Vip,1.7579549277809263,2.0165843963623047,2.0165843963623047
20190507_sample_3,CT,1.9649307708304224,4.011056423187256,4.011056423187256
20190507_sample_4,Vip,2.613593188845246,2.3727059364318848,2.3727059364318848
20190507_sample_5,Vip,2.027068251545494,2.3186779022216797,2.3186779022216797
20190507_sample_6,Vip,1.6505504428677495,2.057439088821411,2.057439088821411
20190508_sample_1,Lamp5,2.279819433338874,2.66324782371521,2.66324782371521
20190508_sample_2,Sst,2.0353413006940824,1.9067524671554565,1.9067524671554565
20190508_sample_3,Lamp5,2.802155280733732,2.9875333309173584,2.9875333309173584
20190508_sample_4,Sst,1.6957890811782064,2.2751119136810303,2.2751119136810303
20190508_sample_5,low quality,1.83902430020156,2.613009214401245,2.613009214401245
20190508_sample_6,Pvalb,1.2215039534626462,1.7268295288085938,1.7268295288085938
20190508_sample_7,Sst,2.0104801299436166,2.2732691764831543,2.2732691764831543
20190509_sample_2,Vip,3.2869024024875326,2.948456048965454,2.948456048965454
20190509_sample_3,Lamp5,2.104973913809544,2.30657958984375,2.30657958984375
20190509_sample_4,Vip,2.236879784668221,2.4760804176330566,2.4760804176330566
20190509_sample_5,Lamp5,2.2004470603748745,2.577054023742676,2.577054023742676
20190509_sample_9,Vip,2.68443398256584,2.2779946327209473,2.2779946327209473
20190513_sample_1,Lamp5,1.6735161890175936,2.3122565746307373,2.3122565746307373
20190513_sample_2,Vip,3.005340145447934,2.611283540725708,2.611283540725708
20190513_sample_3,Vip,1.2725834292589997,2.5392489433288574,2.5392489433288574
20190513_sample_4,Vip,1.7113271579281792,2.772108793258667,2.772108793258667
20190513_sample_5,Lamp5,1.449450757393937,2.47637939453125,2.47637939453125
20190514_sample_2,Pvalb,1.3765610258306655,1.025587797164917,1.025587797164917
20190514_sample_4,Lamp5,2.667694648081616,2.6191916465759277,2.6191916465759277
20190514_sample_7,Lamp5,3.221154599515902,2.1267330646514893,2.1267330646514893
20190514_sample_8,Pvalb,1.3516582259014946,0.8846389055252075,0.8846389055252075
20190515_sample_1,Lamp5,2.255186630782649,2.844395875930786,2.844395875930786
20190515_sample_2,low quality,2.278299767232487,2.3563761711120605,2.3563761711120605
20190515_sample_3,low quality,1.6264183250882935,3.230323076248169,3.230323076248169
20190515_sample_4,Vip,2.829099604651508,2.2736592292785645,2.2736592292785645
20190515_sample_5,Lamp5,2.123908713137129,2.426812171936035,2.426812171936035
20190515_sample_6,Vip,1.9185576121121168,2.4041061401367188,2.4041061401367188
20190515_sample_7,Lamp5,1.888634135637524,2.2738089561462402,2.2738089561462402
20190515_sample_8,Vip,2.804011638773255,2.8755526542663574,2.8755526542663574
20190515_sample_9,Lamp5,1.949780712329715,2.5700955390930176,2.5700955390930176
20190515_sample_10,Vip,2.745369209234192,3.3790714740753174,3.3790714740753174
20190515_sample_11,Lamp5,2.4793031954866613,2.6276330947875977,2.6276330947875977
20190515_sample_12,Vip,2.546978389035536,2.322368860244751,2.322368860244751
20190515_sample_13,Vip,1.594923601731471,2.144740581512451,2.144740581512451
20190515_sample_14,Vip,2.749495305554144,2.4196059703826904,2.4196059703826904
20190515_sample_15,Lamp5,3.4038712779532765,2.1320955753326416,2.1320955753326416
20190516_sample_2,Sst,2.52427040840536,2.526439666748047,2.526439666748047
20190516_sample_3,Lamp5,1.7625514677502163,2.3213014602661133,2.3213014602661133
20190516_sample_4,Sst,1.9101444630137048,2.0785651206970215,2.0785651206970215
20190516_sample_5,Lamp5,2.6351856577667747,2.4447920322418213,2.4447920322418213
20190516_sample_6,Sst,2.253689551821392,2.226210832595825,2.226210832595825
20190522_sample_1,Lamp5,2.8700493079313127,2.3800997734069824,2.3800997734069824
20190528_sample_2,Vip,2.9190634065602943,2.7562029361724854,2.7562029361724854
20190528_sample_4,Vip,1.5946424979132845,2.0809762477874756,2.0809762477874756
20190528_sample_6,Vip,2.368473613685754,2.6410343647003174,2.6410343647003174
20190528_sample_7,Lamp5,1.3775376786045523,2.608203172683716,2.608203172683716
20190528_sample_8,Vip,1.856922734354298,2.3434765338897705,2.3434765338897705
20190528_sample_9,Vip,2.534989934023053,3.0376524925231934,3.0376524925231934
20190529_sample_2,Vip,1.9070569643732431,2.2214131355285645,2.2214131355285645
20190529_sample_3,Sncg,2.871523865905084,2.2039523124694824,2.2039523124694824
20190529_sample_6,Vip,1.6295298080125729,2.4220845699310303,2.4220845699310303
20190603_sample_1,Lamp5,1.807432684873856,2.540747880935669,2.540747880935669
20190603_sample_2,Vip,2.870337610093191,2.4437830448150635,2.4437830448150635
20190603_sample_3,Vip,1.952504548193729,2.0929579734802246,2.0929579734802246
20190603_sample_4,Vip,2.640039181109324,2.6145405769348145,2.6145405769348145
20190603_sample_5,Lamp5,4.51440626985084,2.800095558166504,2.800095558166504
20190603_sample_6,Lamp5,4.387705314548717,2.3612163066864014,2.3612163066864014
20190603_sample_7,Lamp5,2.426748705588716,2.5275211334228516,2.5275211334228516
20190603_sample_9,Sncg,2.3682808080351427,2.187929391860962,2.187929391860962
20190603_sample_10,Vip,2.8893144348528743,2.815253973007202,2.815253973007202
20190604_sample_2,Pvalb,1.231846921243576,1.2528157234191895,1.2528157234191895
20190604_sample_4,Lamp5,2.8059047179153564,2.5724544525146484,2.5724544525146484
20190604_sample_6,Lamp5,4.704557975439842,2.6437227725982666,2.6437227725982666
20190604_sample_8,Pvalb,1.2175734697392202,1.5995911359786987,1.5995911359786987
20190604_sample_12,IT,4.621508466510461,4.787240982055664,4.787240982055664
20190605_sample_1,low quality,2.7242188600228263,2.779496431350708,2.779496431350708
20190605_sample_2,Vip,2.37653723302039,1.7624815702438354,1.7624815702438354
20190605_sample_4,Vip,2.5610806420734105,2.0828521251678467,2.0828521251678467
20190605_sample_5,Lamp5,2.671977560059534,3.214688539505005,3.214688539505005
20190605_sample_6,Vip,2.3490725146206124,1.6744005680084229,1.6744005680084229
20190606_sample_1,Pvalb,1.201608400174632,1.1167283058166504,1.1167283058166504
20190606_sample_2,Pvalb,1.2622604967477613,1.95393967628479,1.95393967628479
20190606_sample_3,Pvalb,1.2839040061607463,2.655388832092285,2.655388832092285
20190606_sample_5,Pvalb,1.351389151169682,2.054196834564209,2.054196834564209
20190606_sample_6,IT,5.296260728792995,4.88214111328125,4.88214111328125
20190606_sample_7,low quality,1.2668181795825462,2.460892915725708,2.460892915725708
20190606_sample_9,Sst,1.7280374763497897,2.089205265045166,2.089205265045166
20190607_sample_2,Sst,2.396962823801352,2.0354819297790527,2.0354819297790527
20190607_sample_3,Lamp5,2.5555706266998066,2.71067214012146,2.71067214012146
20190607_sample_5,low quality,1.168579852810271,2.292402744293213,2.292402744293213
20190610_sample_1,Sst,1.6808582575017832,1.6935596466064453,1.6935596466064453
20190610_sample_2,Pvalb,1.6177222084616176,2.1415390968322754,2.1415390968322754
20190610_sample_3,Lamp5,3.177208319159548,2.240607738494873,2.240607738494873
20190610_sample_4,Pvalb,1.6632071746569417,1.5184249877929688,1.5184249877929688
20190610_sample_5,low quality,1.2404726911413206,2.427643060684204,2.427643060684204
20190610_sample_7,low quality,2.684972259133097,2.361485719680786,2.361485719680786
20190610_sample_8,Pvalb,1.592812123484947,1.9302678108215332,1.9302678108215332
20190610_sample_9,Lamp5,3.159109330885616,2.3572585582733154,2.3572585582733154
20190610_sample_10,Pvalb,1.659447873885377,1.9951330423355103,1.9951330423355103
20190610_sample_12,Pvalb,1.4049512405934954,1.5853897333145142,1.5853897333145142
20190610_sample_16,Lamp5,3.168391927732946,2.2238428592681885,2.2238428592681885
20190610_sample_18,Vip,2.1404222965415007,2.6037180423736572,2.6037180423736572
20190611_sample_1,IT,3.079796257137469,3.1914281845092773,3.1914281845092773
20190611_sample_3,Lamp5,3.196957905585073,2.503854751586914,2.503854751586914
20190611_sample_4,Sst,1.5131871125446816,1.9780305624008179,1.9780305624008179
20190611_sample_5,low quality,1.9870977498183195,2.5821967124938965,2.5821967124938965
20190611_sample_7,Lamp5,2.661237507801608,2.933954954147339,2.933954954147339
20190611_sample_8,Sst,2.1696841827829623,2.134319305419922,2.134319305419922
20190611_sample_10,Sst,1.6920144151413046,1.7288589477539062,1.7288589477539062
20190611_sample_11,IT,0.9641663107650776,1.7337700128555298,1.7337700128555298
20190611_sample_14,Sncg,1.833177917236565,2.6420435905456543,2.6420435905456543
20190611_sample_15,Lamp5,2.665009900599914,2.394300699234009,2.394300699234009
20190612_sample_1,Lamp5,5.2015575340927205,2.373541831970215,2.373541831970215
20190612_sample_2,Pvalb,1.2902286851062803,1.4850356578826904,1.4850356578826904
20190612_sample_4,Vip,2.9393317339547385,2.3828353881835938,2.3828353881835938
20190612_sample_6,Pvalb,1.5325205483567923,1.5041524171829224,1.5041524171829224
20190612_sample_7,Lamp5,3.04764051780685,2.411165952682495,2.411165952682495
20190612_sample_8,Lamp5,3.454962862802512,2.5001814365386963,2.5001814365386963
20190613_sample_2,Sst,2.2941373515822674,2.002964973449707,2.002964973449707
20190613_sample_3,Sst,2.009674014981407,1.6334266662597656,1.6334266662597656
20190613_sample_4,Sst,1.965987427597668,2.0103702545166016,2.0103702545166016
20190613_sample_6,Pvalb,1.289522533288032,1.545398473739624,1.545398473739624
20190613_sample_7,Sst,2.305097239248368,1.5414289236068726,1.5414289236068726
20190613_sample_8,Pvalb,1.136996490694807,1.1071580648422241,1.1071580648422241
20190613_sample_9,Sst,1.5614303109736094,2.0816996097564697,2.0816996097564697
20190613_sample_10,Sst,2.302360968365167,1.6645777225494385,1.6645777225494385
20190614_sample_2,Vip,2.241501699309242,2.396285057067871,2.396285057067871
20190614_sample_3,Lamp5,2.184011005467875,2.5842790603637695,2.5842790603637695
20190614_sample_4,Vip,2.393373537646011,2.200068950653076,2.200068950653076
20190614_sample_6,Vip,2.704594258015702,2.749610662460327,2.749610662460327
20190614_sample_8,Vip,2.105294388175324,2.29248309135437,2.29248309135437
20190617_sample_1,Lamp5,4.040794888457831,2.507922649383545,2.507922649383545
20190617_sample_2,CT,3.5515716438268545,3.9497597217559814,3.9497597217559814
20190617_sample_3,Sst,1.2158309026794205,2.146690607070923,2.146690607070923
20190617_sample_4,Sst,1.969464527801748,1.90116286277771,1.90116286277771
20190617_sample_5,Sncg,2.4056494657118823,2.388322353363037,2.388322353363037
20190617_sample_6,Sst,1.931236844906656,2.08443021774292,2.08443021774292
20190618_sample_1,low quality,2.593991960717859,2.2690911293029785,2.2690911293029785
20190618_sample_2,Vip,2.668439218711564,2.6509766578674316,2.6509766578674316
20190618_sample_4,Vip,2.4559706120204265,2.4249095916748047,2.4249095916748047
20190618_sample_5,Vip,2.4442854394221296,2.21516752243042,2.21516752243042
20190618_sample_7,Lamp5,3.0991056440491485,2.270231246948242,2.270231246948242
20190618_sample_8,Lamp5,2.8932949408116397,2.7515971660614014,2.7515971660614014
20190619_sample_1,Lamp5,3.909208053538992,2.3491573333740234,2.3491573333740234
20190619_sample_3,Pvalb,1.333323066470051,1.2721447944641113,1.2721447944641113
20190619_sample_4,Pvalb,1.3663112940248523,3.0231523513793945,3.0231523513793945
20190619_sample_5,Pvalb,1.3685747461648663,1.3673515319824219,1.3673515319824219
20190619_sample_6,Lamp5,4.151259485980186,2.604687213897705,2.604687213897705
20190620_sample_1,Lamp5,3.5595129173455846,2.190208911895752,2.190208911895752
20190620_sample_2,Sst,2.1878133888933493,2.011976957321167,2.011976957321167
20190620_sample_5,Sst,2.081382456404808,2.1149966716766357,2.1149966716766357
20190620_sample_6,Sst,3.16545207263588,2.392758846282959,2.392758846282959
20190620_sample_8,Pvalb,1.193021169926987,1.3664519786834717,1.3664519786834717
20190624_sample_1,Sst,1.4767902043468497,1.7010200023651123,1.7010200023651123
20190624_sample_2,Sst,2.5617317185860347,2.319866180419922,2.319866180419922
20190624_sample_3,Sst,1.829494290015938,1.9458612203598022,1.9458612203598022
20190624_sample_4,Pvalb,1.4593941864245177,1.3193479776382446,1.3193479776382446
20190624_sample_5,Sst,1.5120195305732742,2.2079875469207764,2.2079875469207764
20190624_sample_6,Sst,2.102144712751944,2.0667288303375244,2.0667288303375244
20190625_sample_1,Vip,2.345776256547449,2.3022305965423584,2.3022305965423584
20190625_sample_2,low quality,2.6358253102933684,2.7551064491271973,2.7551064491271973
20190625_sample_3,Vip,2.3132519766737585,2.1181609630584717,2.1181609630584717
20190625_sample_4,Vip,2.344860166822704,2.703233480453491,2.703233480453491
20190625_sample_5,Vip,2.122231078026858,2.192518949508667,2.192518949508667
20190625_sample_6,Lamp5,3.5180378908195995,2.03533673286438,2.03533673286438
20190625_sample_7,Vip,2.028552745997938,2.0096917152404785,2.0096917152404785
20190625_sample_8,Vip,2.580042005284094,2.732952117919922,2.732952117919922
20190625_sample_10,Vip,2.0209076459536472,1.671270489692688,1.671270489692688
20190625_sample_11,Vip,2.1913323275083885,2.0916218757629395,2.0916218757629395
20190625_sample_12,Vip,2.512867576354413,2.7883784770965576,2.7883784770965576
20190625_sample_13,Vip,4.010853566566993,2.8075108528137207,2.8075108528137207
20190626_sample_1,Vip,2.369876926722365,2.5260095596313477,2.5260095596313477
20190626_sample_4,low quality,2.2000968055681698,2.497077703475952,2.497077703475952
20190626_sample_5,Vip,2.8296420207859345,2.719498872756958,2.719498872756958
20190627_sample_1,CT,3.411620471182785,3.7053160667419434,3.7053160667419434
20190627_sample_2,Lamp5,3.025283747785356,2.751063108444214,2.751063108444214
20190627_sample_4,NP,3.186570081676133,2.7200357913970947,2.7200357913970947
20190627_sample_6,Pvalb,1.1889536250688997,1.963435173034668,1.963435173034668
20190627_sample_8,IT,3.7944906698236887,3.778731346130371,3.778731346130371
20190628_sample_1,Sst,2.263600968802665,2.3308706283569336,2.3308706283569336
20190628_sample_2,Pvalb,1.2257738088204069,1.3573479652404785,1.3573479652404785
20190628_sample_3,Sst,1.9699407758739027,2.096677780151367,2.096677780151367
20190628_sample_4,Sst,2.3246524633369083,2.3376822471618652,2.3376822471618652
20190628_sample_5,Sst,2.50579223633755,2.419931650161743,2.419931650161743
20190628_sample_6,Pvalb,1.2122129050538442,1.5799921751022339,1.5799921751022339
20190628_sample_7,Sst,1.7082715399238422,1.916340708732605,1.916340708732605
20190703_sample_1,Pvalb,1.122747662012341,1.096766471862793,1.096766471862793
20190703_sample_2,Pvalb,1.1257816014929012,1.2366034984588623,1.2366034984588623
20190703_sample_3,Pvalb,1.0933379502714915,1.6786611080169678,1.6786611080169678
20190703_sample_5,Pvalb,1.1005917369320528,1.8440935611724854,1.8440935611724854
20190703_sample_6,Pvalb,1.1704603594425285,1.6055963039398193,1.6055963039398193
20190703_sample_8,Pvalb,1.2560132455611372,1.5237102508544922,1.5237102508544922
20190703_sample_10,Pvalb,1.1787932696802603,1.2110092639923096,1.2110092639923096
20190703_sample_12,Pvalb,1.374532176505311,1.3815616369247437,1.3815616369247437
20190703_sample_13,Sst,2.1139380843744204,1.966652512550354,1.966652512550354
20190703_sample_14,low quality,2.100856975147294,2.7937397956848145,2.7937397956848145
20190703_sample_15,Sst,1.7483232887946645,2.0819969177246094,2.0819969177246094
20190704_sample_2,Sst,1.4715579729042425,2.094999074935913,2.094999074935913
20190704_sample_12,Vip,2.472147253470112,2.1303093433380127,2.1303093433380127
20190704_sample_14,Vip,2.356164754684454,2.3472630977630615,2.3472630977630615
20190705_sample_1,Vip,2.3829173914361603,2.2311835289001465,2.2311835289001465
20190705_sample_3,Vip,2.6132325661870537,2.2995736598968506,2.2995736598968506
20190705_sample_4,Vip,2.1965276697648317,2.2721166610717773,2.2721166610717773
20190705_sample_5,Vip,2.374208822344257,2.963752269744873,2.963752269744873
20190705_sample_9,Vip,2.0409028353377594,2.4728665351867676,2.4728665351867676
20190708_sample_3,low quality,1.4665269723358785,3.126493453979492,3.126493453979492
20190708_sample_4,Pvalb,1.3186207822560387,1.3861891031265259,1.3861891031265259
20190708_sample_6,Vip,2.763374112952285,2.4037938117980957,2.4037938117980957
20190708_sample_7,Vip,2.7690564361859207,2.299884080886841,2.299884080886841
20190708_sample_8,IT,4.302194760468873,4.406861305236816,4.406861305236816
20190708_sample_12,Vip,2.2637971887273136,2.639334201812744,2.639334201812744
20190709_sample_1,Vip,2.3315891061971388,2.184924840927124,2.184924840927124
20190709_sample_2,Vip,2.926062090762231,2.400923252105713,2.400923252105713
20190709_sample_3,Vip,2.920797262956353,2.431938886642456,2.431938886642456
20190709_sample_8,Sncg,2.908565997719561,2.8439295291900635,2.8439295291900635
20190709_sample_10,Vip,2.759281920324504,2.7560133934020996,2.7560133934020996
20190709_sample_11,Vip,3.725568595304881,2.6760880947113037,2.6760880947113037
20190709_sample_12,Vip,2.4780703511697144,2.981039047241211,2.981039047241211
20190709_sample_13,Vip,2.6759483060614926,2.7168784141540527,2.7168784141540527
20190709_sample_14,Vip,2.195805188380011,2.493377447128296,2.493377447128296
20190710_sample_3,Sst,2.0487163820578718,1.8661787509918213,1.8661787509918213
20190710_sample_4,Sst,2.3408730984161505,2.5645453929901123,2.5645453929901123
20190710_sample_5,Sst,1.7955921567260642,1.540379524230957,1.540379524230957
20190710_sample_6,Sst,2.1994182344142543,2.192538261413574,2.192538261413574
20190710_sample_8,Vip,1.7614145687611291,2.374364137649536,2.374364137649536
20190710_sample_10,Vip,1.6209605803388087,2.325002908706665,2.325002908706665
20190712_sample_1,CT,5.332885997217535,4.2322187423706055,4.2322187423706055
20190712_sample_3,Sst,1.8122368990692816,1.9252667427062988,1.9252667427062988
20190712_sample_4,low quality,1.9509633180747776,2.0520823001861572,2.0520823001861572
20190712_sample_5,Lamp5,2.765457325534212,2.479956865310669,2.479956865310669
20190712_sample_6,Lamp5,3.5850145359109145,2.5143532752990723,2.5143532752990723
20190712_sample_7,Lamp5,3.2408147387464803,2.885505437850952,2.885505437850952
20190715_sample_1,Lamp5,4.10703951654883,2.972784996032715,2.972784996032715
20190715_sample_4,Lamp5,4.82919859148066,2.5023181438446045,2.5023181438446045
20190715_sample_5,Vip,2.1232401426296192,2.384246826171875,2.384246826171875
20190715_sample_6,Lamp5,4.873229104264636,2.9515020847320557,2.9515020847320557
20190715_sample_7,Vip,2.3988627090667207,1.8666926622390747,1.8666926622390747
20190715_sample_8,Lamp5,4.353889707001219,2.049118995666504,2.049118995666504
20190715_sample_9,Vip,2.3261237145321445,2.3165361881256104,2.3165361881256104
20190715_sample_10,Sncg,2.690365793055688,2.438502073287964,2.438502073287964
20190715_sample_11,Lamp5,3.47866676778777,2.3246092796325684,2.3246092796325684
20190716_sample_1,low quality,1.6792075372622883,2.211456775665283,2.211456775665283
20190716_sample_3,Sst,2.304740432023699,2.3056693077087402,2.3056693077087402
20190716_sample_5,Sst,1.7568567636963612,2.4461026191711426,2.4461026191711426
20190716_sample_7,Vip,2.229943930400737,2.2888898849487305,2.2888898849487305
20190716_sample_8,Lamp5,2.5597698990169198,2.225640296936035,2.225640296936035
20190716_sample_9,Vip,2.513915302923091,2.4314959049224854,2.4314959049224854
20190717_sample_1,Sst,2.0808088864148773,2.0471432209014893,2.0471432209014893
20190717_sample_2,Sst,2.106834845237251,1.8684744834899902,1.8684744834899902
20190717_sample_3,Sst,1.6723195709637964,1.9957116842269897,1.9957116842269897
20190718_sample_1,Vip,2.6805831932213637,3.0692226886749268,3.0692226886749268
20190718_sample_2,CT,4.116027243224136,3.3524532318115234,3.3524532318115234
20190718_sample_3,CT,5.839497222842361,3.349527359008789,3.349527359008789
20190718_sample_4,Vip,1.8733573807755568,2.6697609424591064,2.6697609424591064
20190718_sample_5,Vip,2.295000701569996,2.2619194984436035,2.2619194984436035
20190718_sample_6,Vip,2.137105778177854,2.37489914894104,2.37489914894104
20190718_sample_7,Vip,2.314973853494669,2.4541239738464355,2.4541239738464355
20190718_sample_8,Vip,2.659663689799423,2.1614372730255127,2.1614372730255127
20190718_sample_9,Vip,2.076386636054386,2.5242514610290527,2.5242514610290527
20190719_sample_1,CT,3.4039478270857657,3.460280179977417,3.460280179977417
20190719_sample_2,IT,4.328880994153711,4.087600231170654,4.087600231170654
20190719_sample_4,IT,5.141385217376466,4.038111686706543,4.038111686706543
20190719_sample_5,IT,5.22179250594506,3.999000310897827,3.999000310897827
20190719_sample_6,IT,4.535909446990023,3.993814468383789,3.993814468383789
20190719_sample_9,IT,4.636247662443691,4.5053181648254395,4.5053181648254395
20190719_sample_10,IT,4.8462917174701845,4.10182523727417,4.10182523727417
20190722_sample_1,CT,5.5958630469171,3.2733895778656006,3.2733895778656006
20190722_sample_6,CT,4.013657687552155,3.770542621612549,3.770542621612549
20190722_sample_7,low quality,4.577248055167791,3.0266191959381104,3.0266191959381104
20190722_sample_8,low quality,5.031193687052504,2.4323959350585938,2.4323959350585938
20190724_sample_1,Vip,2.7578622633208125,2.7718446254730225,2.7718446254730225
20190724_sample_2,CT,3.6685767374531086,3.5978615283966064,3.5978615283966064
20190724_sample_4,Vip,2.5483231432351574,2.526245594024658,2.526245594024658
20190724_sample_5,Vip,2.052337325882904,2.3098104000091553,2.3098104000091553
20190724_sample_6,IT,2.358416004208476,3.1614670753479004,3.1614670753479004
20190724_sample_9,Vip,2.1170898130883704,2.731245279312134,2.731245279312134
20190724_sample_10,Vip,2.2202775190753896,2.143155097961426,2.143155097961426
20190724_sample_12,Vip,2.5473427039585763,2.615370273590088,2.615370273590088
20190724_sample_16,low quality,3.8105837475720814,2.559110164642334,2.559110164642334
20190725_sample_1,Vip,2.011859408930293,2.1666202545166016,2.1666202545166016
20190725_sample_3,Vip,2.7860190222136545,2.8370471000671387,2.8370471000671387
20190725_sample_4,Sst,1.9693545246376685,2.0994198322296143,2.0994198322296143
20190725_sample_5,CT,5.230539482031575,3.6774868965148926,3.6774868965148926
20190725_sample_6,Vip,2.2612533297391133,2.6032257080078125,2.6032257080078125
20190725_sample_7,Vip,2.1527822997839148,2.306471347808838,2.306471347808838
20190725_sample_8,Vip,2.290525546041464,2.434906005859375,2.434906005859375
20190725_sample_9,Vip,2.0246363372276086,2.2243597507476807,2.2243597507476807
20190725_sample_10,low quality,2.5151669547165483,2.433074474334717,2.433074474334717
20190726_sample_1,Lamp5,4.642519059057326,2.825005054473877,2.825005054473877
20190726_sample_2,Pvalb,1.1904569655743509,1.474015235900879,1.474015235900879
20190726_sample_3,Lamp5,4.4682126585311055,2.4335625171661377,2.4335625171661377
20190726_sample_4,IT,3.698107796745141,4.119930744171143,4.119930744171143
20190726_sample_5,Lamp5,3.489037869492124,2.920299530029297,2.920299530029297
20190726_sample_6,Sst,1.5197641096089165,2.162191390991211,2.162191390991211
20190726_sample_7,Lamp5,3.738767188280175,2.736431360244751,2.736431360244751
20190729_sample_2,Sst,2.516762381959235,2.4251527786254883,2.4251527786254883
20190729_sample_3,Sst,1.947729383595656,2.032449722290039,2.032449722290039
20190729_sample_5,Pvalb,1.3265586616534082,1.877776861190796,1.877776861190796
20190730_sample_1,Vip,1.8180239851139204,2.240496873855591,2.240496873855591
20190730_sample_2,Vip,2.4278115251038384,2.5014312267303467,2.5014312267303467
20190730_sample_5,Vip,2.387614850039325,2.5171031951904297,2.5171031951904297
20190730_sample_6,Vip,2.141288648458349,2.5891470909118652,2.5891470909118652
20190730_sample_7,Vip,2.7937315457526464,2.528198719024658,2.528198719024658
20190730_sample_9,Lamp5,2.3929675559375814,2.2285091876983643,2.2285091876983643
20190731_sample_1,Pvalb,1.6572807996361258,1.2871379852294922,1.2871379852294922
20190731_sample_2,Lamp5,3.253150805203096,2.244464159011841,2.244464159011841
20190731_sample_3,low quality,2.317765557608775,2.7575650215148926,2.7575650215148926
20190731_sample_4,Vip,2.4267279797257832,2.15929913520813,2.15929913520813
20190731_sample_5,Pvalb,1.2435092282290994,1.8544327020645142,1.8544327020645142
20190731_sample_6,low quality,3.868858942264382,2.367774248123169,2.367774248123169
20190731_sample_8,Pvalb,1.2435092282290994,1.1492955684661865,1.1492955684661865
20190801_sample_1,IT,4.455610812975968,4.207332611083984,4.207332611083984
20190801_sample_2,Sst,2.0178344952907654,2.244182825088501,2.244182825088501
20190801_sample_3,Sst,1.4750632283898288,2.1719655990600586,2.1719655990600586
20190801_sample_4,Sst,2.350480528466448,2.18237042427063,2.18237042427063
20190801_sample_7,Sst,1.9002140306823283,1.9392541646957397,1.9392541646957397
20190801_sample_8,low quality,3.0499740957041124,2.685304641723633,2.685304641723633
20190820_sample_1,Sst,2.4047883543685837,2.015753984451294,2.015753984451294
20190820_sample_2,CT,4.249216981760372,4.159952640533447,4.159952640533447
20190820_sample_3,Pvalb,1.3751119342368012,1.7400474548339844,1.7400474548339844
20190820_sample_5,Sst,1.849692949157184,2.062044620513916,2.062044620513916
20190820_sample_6,CT,3.8974998930892073,4.244110584259033,4.244110584259033
20190821_sample_1,IT,4.846179216530551,3.2496519088745117,3.2496519088745117
20190821_sample_2,IT,4.812751363158129,4.3280930519104,4.3280930519104
20190821_sample_3,CT,4.087110135544315,3.9702959060668945,3.9702959060668945
20190821_sample_4,IT,4.733678802713952,4.087696075439453,4.087696075439453
20190821_sample_5,IT,5.695175655002678,3.8053016662597656,3.8053016662597656
20190821_sample_6,IT,4.177652680587535,4.467334747314453,4.467334747314453
20190821_sample_7,IT,4.29943908233174,4.210537433624268,4.210537433624268
20190823_sample_1,IT,4.582820257927909,4.193650245666504,4.193650245666504
20190823_sample_3,Pvalb,1.2849707767230794,1.6209285259246826,1.6209285259246826
20190823_sample_5,low quality,3.7433740916699656,2.853813648223877,2.853813648223877
20190823_sample_6,IT,5.664976810495534,4.110744476318359,4.110744476318359
20190823_sample_7,IT,4.308062847021492,4.308391094207764,4.308391094207764
20190827_sample_1,Sst,1.4951070453176698,1.9962577819824219,1.9962577819824219
20190827_sample_2,low quality,4.787353492502187,2.846440315246582,2.846440315246582
20190827_sample_3,Sst,2.696281366790476,2.195344924926758,2.195344924926758
20190827_sample_4,Sst,2.082778819152189,2.0005595684051514,2.0005595684051514
20190827_sample_5,CT,4.23550418255131,3.4615731239318848,3.4615731239318848
20190827_sample_6,Sst,1.8931300352421536,1.9756691455841064,1.9756691455841064
20190827_sample_7,Pvalb,2.216542346983299,1.7818818092346191,1.7818818092346191
20190827_sample_8,Sst,1.7886361713234034,2.184890031814575,2.184890031814575
20190827_sample_9,Sst,2.0194422292949668,2.5653793811798096,2.5653793811798096
20190828_sample_1,Vip,2.767467506735529,2.86088490486145,2.86088490486145
20190828_sample_3,Vip,2.1019329959224784,2.209156036376953,2.209156036376953
20190828_sample_4,Vip,2.544782568019246,2.3170924186706543,2.3170924186706543
20190828_sample_5,Vip,2.19938445581582,2.4796175956726074,2.4796175956726074
20190828_sample_6,Vip,2.7691679186914686,2.9167230129241943,2.9167230129241943
20190828_sample_7,Vip,1.6646401195221192,2.137943744659424,2.137943744659424
20190829_sample_1,low quality,3.783758539838552,2.568979263305664,2.568979263305664
20190829_sample_2,Lamp5,3.097225441061847,3.128474712371826,3.128474712371826
20190829_sample_3,IT,3.932535077416432,4.6132354736328125,4.6132354736328125
20190829_sample_4,Lamp5,4.018462198013989,1.7050807476043701,1.7050807476043701
20190829_sample_6,Lamp5,3.097225441061847,2.795203685760498,2.795203685760498
20190829_sample_9,Pvalb,1.2109252704312568,1.4978349208831787,1.4978349208831787
20190830_sample_1,IT,6.43217103569912,4.512355804443359,4.512355804443359
20190830_sample_2,IT,5.453874790783953,4.252103805541992,4.252103805541992
20190830_sample_3,low quality,5.004337902691009,3.9800500869750977,3.9800500869750977
20190830_sample_4,low quality,3.129764035792676,3.049318790435791,3.049318790435791
20190830_sample_6,IT,4.473076388816756,4.580108642578125,4.580108642578125
20190830_sample_8,IT,3.211113533952928,4.3427815437316895,4.3427815437316895
20190830_sample_9,NP,3.4418305954327684,2.4476206302642822,2.4476206302642822
20190904_sample_1,low quality,2.5144689837927725,2.253192186355591,2.253192186355591
20190904_sample_2,Vip,2.032714200328297,2.1986441612243652,2.1986441612243652
20190904_sample_3,Vip,2.253669227709593,2.634448766708374,2.634448766708374
20190904_sample_4,Vip,2.15910296980023,2.682537078857422,2.682537078857422
20190904_sample_5,Vip,2.234356101351162,2.472348690032959,2.472348690032959
20190904_sample_7,Vip,2.192603313507647,2.678445339202881,2.678445339202881
20190905_sample_1,low quality,1.951580358933884,2.499581813812256,2.499581813812256
20190905_sample_3,Sst,2.201899231417235,1.9350929260253906,1.9350929260253906
20190906_sample_1,Lamp5,3.870559818915687,2.5193793773651123,2.5193793773651123
20190906_sample_5,CT,3.6552482966130353,4.075986862182617,4.075986862182617
20190906_sample_6,Lamp5,2.9556385166615877,2.1491410732269287,2.1491410732269287
20190910_sample_1,Lamp5,3.8746907834693753,2.469064474105835,2.469064474105835
20190910_sample_2,Vip,3.087912350465524,2.6037468910217285,2.6037468910217285
20190910_sample_3,Vip,2.360137630611377,2.7953133583068848,2.7953133583068848
20190910_sample_4,Vip,2.7796189810404663,2.6131327152252197,2.6131327152252197
20190910_sample_6,Vip,2.541937783778085,2.11405873298645,2.11405873298645
20190911_sample_3,NP,3.704477121547301,3.0051798820495605,3.0051798820495605
20190911_sample_4,IT,4.255700033076045,3.987800121307373,3.987800121307373
20190911_sample_6,low quality,3.8734543313232,3.0792763233184814,3.0792763233184814
20190911_sample_7,low quality,5.288547723090425,3.200427532196045,3.200427532196045
20190911_sample_9,CT,2.653561349514263,4.354331970214844,4.354331970214844
20190912_sample_1,CT,3.0932390157820224,3.7750909328460693,3.7750909328460693
20190912_sample_2,CT,5.673871325419109,3.9191761016845703,3.9191761016845703
20190912_sample_3,CT,3.19029503988305,2.9281256198883057,2.9281256198883057
20190912_sample_4,Lamp5,3.0838344539732185,2.173933982849121,2.173933982849121
20190912_sample_6,NP,4.095296666936595,3.358419179916382,3.358419179916382
20190912_sample_8,CT,3.290479420986182,3.488147258758545,3.488147258758545
20190912_sample_10,Pvalb,1.314973142404296,2.5020532608032227,2.5020532608032227
20190917_sample_1,CT,4.334347645432308,3.8098955154418945,3.8098955154418945
20190917_sample_2,Lamp5,4.598195575376753,2.7766101360321045,2.7766101360321045
20190917_sample_3,IT,4.065700834054715,3.3882791996002197,3.3882791996002197
20190919_sample_1,low quality,2.9948046197161617,3.0945723056793213,3.0945723056793213
20190919_sample_4,Lamp5,2.350806727732846,2.6406826972961426,2.6406826972961426
20190919_sample_5,CT,5.144337936750892,4.035918235778809,4.035918235778809
20190924_sample_1,Sst,1.7422531893745457,2.1845130920410156,2.1845130920410156
20190924_sample_2,Sst,1.8052512241255032,2.388597011566162,2.388597011566162
20190924_sample_3,IT,4.053432912630886,4.283414363861084,4.283414363861084
20190924_sample_4,Sst,2.0134057803331107,2.1669116020202637,2.1669116020202637
20190924_sample_5,Sst,1.632325329118671,1.9560198783874512,1.9560198783874512
20190924_sample_6,Sst,1.6060405822122783,1.6132361888885498,1.6132361888885498
20190924_sample_7,Pvalb,1.5069948330692884,1.8850520849227905,1.8850520849227905
20190924_sample_8,CT,5.2444655657454495,3.570655107498169,3.570655107498169
20190925_sample_2,Pvalb,1.350595662835341,2.368380546569824,2.368380546569824
20190925_sample_3,Sst,1.9017569062392496,1.7711397409439087,1.7711397409439087
20190925_sample_4,CT,4.440993720774451,3.032120943069458,3.032120943069458
20190925_sample_5,Sst,1.4138137709963394,2.0927114486694336,2.0927114486694336
20190925_sample_6,Pvalb,1.0615672004493182,1.361901879310608,1.361901879310608
20190925_sample_7,Sst,2.042294204547694,2.018125295639038,2.018125295639038
20190926_sample_2,ET,5.054923978059944,3.7918829917907715,3.7918829917907715
20190926_sample_3,Sst,2.250480500776344,1.8096898794174194,1.8096898794174194
20190926_sample_4,ET,3.8802197853230735,2.542893409729004,2.542893409729004
20190926_sample_5,Pvalb,1.289735985973978,1.645028829574585,1.645028829574585
20190926_sample_6,Sst,1.686817125706474,1.8220990896224976,1.8220990896224976
20190927_sample_1,IT,5.664582846209807,4.118556976318359,4.118556976318359
20190927_sample_2,CT,3.8351824764404903,3.89628267288208,3.89628267288208
20190927_sample_3,Pvalb,1.3747614933863603,1.4376393556594849,1.4376393556594849
20190927_sample_4,IT,4.582032865297721,3.8964149951934814,3.8964149951934814
20190927_sample_5,Pvalb,1.1726382034647025,1.244405746459961,1.244405746459961
20190927_sample_6,Vip,2.3085949433736674,2.716071128845215,2.716071128845215
20190927_sample_7,CT,3.509251147411858,3.143226146697998,3.143226146697998
20191001_sample_1,Sst,2.239838192525899,2.004931926727295,2.004931926727295
20191001_sample_2,low quality,3.5901876070154866,2.915308952331543,2.915308952331543
20191001_sample_3,Sst,1.6519248122011625,2.3063156604766846,2.3063156604766846
20191001_sample_4,Pvalb,1.5089259457815063,2.1599535942077637,2.1599535942077637
20191001_sample_5,Sst,1.480981146152084,2.176908016204834,2.176908016204834
20191001_sample_6,Sst,1.885940972185324,2.0715837478637695,2.0715837478637695
20191003_sample_2,low quality,2.155034066793712,2.6297221183776855,2.6297221183776855
20191003_sample_3,Sst,2.0472354459686257,2.0814058780670166,2.0814058780670166
20191003_sample_4,Sst,1.942734858837807,1.9777132272720337,1.9777132272720337
20191003_sample_5,Sst,1.9871028372879749,2.039255380630493,2.039255380630493
20191003_sample_6,CT,4.532171625576612,2.5766215324401855,2.5766215324401855
20191010_sample_1,IT,4.245267421869288,3.6096625328063965,3.6096625328063965
20191010_sample_2,Sst,1.3437286630555971,1.3701504468917847,1.3701504468917847
20191010_sample_3,IT,4.385700513300284,4.101345539093018,4.101345539093018
20191010_sample_4,Pvalb,1.1017516087491992,1.6030977964401245,1.6030977964401245
20191010_sample_6,Pvalb,1.013044729887921,1.377074956893921,1.377074956893921
20191010_sample_7,ET,3.7907501048153143,2.8567612171173096,2.8567612171173096
20191028_sample_1,Sst,1.9440550622795203,2.056750774383545,2.056750774383545
20191028_sample_2,Sst,2.056318530933995,2.506009817123413,2.506009817123413
20191028_sample_3,Pvalb,1.027469019511393,2.0909762382507324,2.0909762382507324
20191028_sample_4,low quality,3.185917773803181,2.4679012298583984,2.4679012298583984
20191028_sample_5,low quality,1.4892752928585429,2.453028440475464,2.453028440475464
20191030_sample_2,Sst,2.058947102564223,2.2050251960754395,2.2050251960754395
20191030_sample_3,ET,3.461990934694952,3.115795612335205,3.115795612335205
20191030_sample_4,NP,3.3579658463789577,2.649113178253174,2.649113178253174
20191030_sample_5,Sst,2.65337219996732,1.7884124517440796,1.7884124517440796
20191101_sample_1,Lamp5,4.42402930829284,3.0217227935791016,3.0217227935791016
20191101_sample_2,CT,4.293200462051129,3.926525115966797,3.926525115966797
20191101_sample_3,Lamp5,2.4325802370875014,2.233124017715454,2.233124017715454
20191101_sample_4,CT,3.639531213462263,3.760024070739746,3.760024070739746
20191101_sample_5,CT,3.344802912858677,3.4995274543762207,3.4995274543762207
20191101_sample_6,CT,2.921114965158998,3.425342321395874,3.425342321395874
20191104_sample_1,Sst,2.061085301825357,2.086033344268799,2.086033344268799
20191104_sample_2,Lamp5,2.234657744097364,2.560091733932495,2.560091733932495
20191104_sample_3,low quality,2.9708699744029308,2.0831055641174316,2.0831055641174316
20191104_sample_4,Pvalb,1.3436730962841217,1.7269524335861206,1.7269524335861206
20191105_sample_1,Pvalb,1.153829783427138,1.836520791053772,1.836520791053772
20191105_sample_2,IT,3.488814458719631,3.0730974674224854,3.0730974674224854
20191105_sample_3,Sst,2.2848806031382924,1.7382373809814453,1.7382373809814453
20191105_sample_4,Pvalb,1.4658988844583796,2.2778372764587402,2.2778372764587402
20191105_sample_5,Sst,1.4473369014374922,1.5916463136672974,1.5916463136672974
20191106_sample_2,Lamp5,2.660322601224449,3.285032272338867,3.285032272338867
20191106_sample_3,IT,4.170393327183777,4.001302719116211,4.001302719116211
20191106_sample_5,Lamp5,2.6033417994801678,2.795665740966797,2.795665740966797
20191107_sample_1,low quality,4.291516886873431,2.962477922439575,2.962477922439575
20191107_sample_2,Sst,1.9525047500984196,2.1327898502349854,2.1327898502349854
20191107_sample_3,Sst,2.122716456997324,2.2767715454101562,2.2767715454101562
20191107_sample_4,Sst,2.167890862532552,2.029411792755127,2.029411792755127
20191108_sample_1,CT,3.103447250607492,3.271461009979248,3.271461009979248
20191108_sample_4,CT,4.775042500408527,3.7010064125061035,3.7010064125061035
20191108_sample_5,IT,4.030894430862826,3.8614234924316406,3.8614234924316406
20191114_sample_1,Lamp5,3.1454392818955443,2.5710504055023193,2.5710504055023193
20191114_sample_2,CT,4.015662402100348,3.272233486175537,3.272233486175537
20191114_sample_3,IT,4.560373284778692,3.749749183654785,3.749749183654785
20191114_sample_4,Sst,2.1284686588232837,2.011070728302002,2.011070728302002
20191114_sample_5,low quality,3.891665738519891,2.820218324661255,2.820218324661255
20191114_sample_7,IT,3.3039207550653398,3.2942826747894287,3.2942826747894287
20191114_sample_8,IT,4.085185665217242,4.011898517608643,4.011898517608643
20191114_sample_9,ET,3.5022823604558866,2.972811698913574,2.972811698913574
20200106_sample_1,Lamp5,2.7410163765779654,3.099590539932251,3.099590539932251
20200106_sample_4,IT,4.2568733837203485,4.200439453125,4.200439453125
20200106_sample_5,IT,3.220322922691168,3.865356683731079,3.865356683731079
20200106_sample_6,IT,4.0855343744,4.437445640563965,4.437445640563965
20200225_sample_2,IT,4.813190092991055,4.096112251281738,4.096112251281738
20200225_sample_5,Sncg,2.23394805104536,2.406602621078491,2.406602621078491
20200316_sample_1,ET,3.5610892705319834,4.0002312660217285,4.0002312660217285
20200316_sample_2,low quality,4.5355186539543695,2.651085376739502,2.651085376739502
20200316_sample_3,Pvalb,1.2045210259868466,1.1768401861190796,1.1768401861190796
